BSS_CS_RLTRN_ALL: UH_Thresh: 150.0, u_rad: 5.0, track_on: 220.0 min
Mode, Time, x1, y1, x2, y2, zs_surface, w500m, w1km, w3km, w5km,zvort_suf, zvort500m, zvort1km, zvort3km, zvort5km,UH_Max, UH_Area, UH_X, UH_Y, UHi, UHj,SX, SY, SXi, SYj, meanWnd, meanWnd_dir, rm, rm_dir, lm, lm_dir,shear1km, shear1km_dir, shear3km, shear3km_dir, shear6km, shear6km_dir,srh500m, srh1km, srh3km, sbcape, sbcin, mlcape, mlcin, mucape, mucin,3CAPE, LCL, LFC, LFC-LCL, EL,wA500m, wA1km, wA3km, wA5km, wA8km,zA500m, zA1km, zA3km, zA5km, zA8km,wzA500m, wzA1km, wzA3km, wzA5km, wzA8km, meso_depth, CP_Min, CP_area, dBZ_Area
bool, min, idx, idx, idx, idx, km,ms^-1, ms^-1, ms^-1, ms^-1,s^-1, s^-1, s^-1, s^-1, s^-1,m^2s^-2, m^2s^-2, km, km, idx, idx,km, km, idx, idx, ms^-1, deg, ms^-1, deg, ms^-1, deg,ms^-1, deg, ms^-1, deg, ms^-1, deg,m^2s^-2, m^2s^-2, m^2s^-2, Jkg^-1, Jkg^-1, Jkg^-1, Jkg^-1, Jkg^-1, Jkg^-1,Jkg^-1, hPa, hPa, hPa, hPa,km^2, km^2, km^2, km^2, km^2,km^2, km^2, km^2, km^2, km^2,km^2, km^2, km^2, km^2, km^2, km, K, km^2, km^2
0, 120.0, 1288, 987, 1648, 1347, 0.7680519409179688,0.2199692192551447, 0.31446216686483236, 1.6778589371277488, 0.08123583463951946,-0.0006233014587951402, 0.0003469123511081307, 0.0002661870472957162, 0.0004583395646000099, -0.00022781629390522084,16.317155838012695, 2.379678012550575, 344.6250305175781, 280.625, 1378, 1122,354.6250305175781, 250.62501525878906, 1418, 1002, 19.379167556762695, 230.30104676025297, 16.05511682294798, 252.27384186421511, 24.6137661422593, 216.17462926432083,12.148062542220016, 287.87098004870694, 17.243405150135295, 285.2428188787344, 23.697580087280215, 295.63850339927717,95.03304030249852, 127.33969517249622, 176.9549726001397, 1031.1662342546306, -23.267019948125387, 523.193079185597, -40.09789232198888, 1031.1662342546306, -23.267019948125387,37.59414333049003, 834.517208689393, 791.7032068589112, 42.81400183048174, 213.45211356071005,0.0, 0.0, 0.0, 0.0, 0.0,0.125, 0.0, 0.0, 0.3125, 0.625,0.0625, 0.0, 0.0, 0.0, 0.0, 0.0,-0.793426513671875, 0.0, 0.0
0, 125.0, 1425, 790, 1785, 1150, 0.011833529472351074,-0.02280394854955375, -0.1486964933069248, -0.49289593083536604, -0.32338593242573554,0.00010238933152777463, 0.00010781000407632746, -3.1550672461548855e-05, -5.556047093392635e-05, -3.325999659494982e-05,21.73696517944336, 0.23427795023521933, 378.8750305175781, 231.37501525878906, 1515, 925,388.8750305175781, 201.37501525878906, 1555, 805, 22.85177230834961, 233.11875934007168, 16.360010620881123, 244.26616949061366, 29.8204119129746, 227.03014445471192,10.597705312619116, 208.85108355863804, 18.907454330831907, 233.2099150447347, 23.856982096567478, 252.29160577429604,44.473400668798256, 98.85517761023915, 171.14580670101495, 1462.2558468804384, -1.235827775330124, 1338.301817586614, -7.550614864137081, 1462.2558468804384, -1.235827775330124,97.59881136804545, 895.4980321745545, 891.0310017916635, 4.467030382891039, 202.990351261212,0.0, 0.0, 0.0, 0.0, 0.0,2.0625, 1.5625, 3.5, 6.0, 6.3125,0.0, 0.0, 0.0, 0.0, 0.25, 0.0,-1.099517822265625, 1.125, 1.8125
0, 130.0, 1406, 779, 1766, 1139, 0.015795818328857424,0.047564777039806355, 0.0009790510541643016, -0.44993402088744916, -0.530051231719699,-0.0001565694427912945, -2.709440700300547e-05, -7.901474011760002e-05, -4.778644040470681e-05, -4.918555973382865e-05,138.775634765625, 0.9487546472483354, 374.1250305175781, 228.62501525878906, 1496, 914,384.1250305175781, 198.62501525878906, 1536, 794, 18.918001174926758, 232.35323173789666, 17.389225584372333, 255.7094293257386, 22.932431551538127, 214.85853050048357,10.478627380628032, 207.8574003174279, 18.731554416998772, 233.13131322776616, 23.532001722664496, 252.05701609706279,54.705116920556335, 129.92307655326823, 234.96319385339638, 1450.8875564423765, -1.1479802073847822, 1328.9724306356666, -7.44661477782791, 1450.8875564423765, -1.1479802073847822,96.33730734474565, 895.364528870157, 890.9873780629126, 4.377150807244334, 203.35041356417946,0.0, 0.0, 0.0, 0.0, 0.0,1.625, 0.9375, 4.3125, 9.0625, 11.8125,0.0, 0.0, 0.0, 0.0, 0.125, 1.3263157606124878,-1.5113525390625, 1.25, 5.875
0, 135.0, 1410, 779, 1770, 1139, 0.013256443977355958,0.035979677980649286, -0.033978734628180976, -0.46262008867157417, -0.6308664362598211,-0.0001376817214872972, 0.00015782869775648578, 0.0001573049207013355, 7.671268405026411e-05, -6.0633868564821113e-05,92.98490142822266, 0.9694472275045086, 375.1250305175781, 228.62501525878906, 1500, 914,385.1250305175781, 198.62501525878906, 1540, 794, 18.978952407836914, 232.63107017295442, 17.513878307893783, 255.90655264734826, 22.938293493062208, 215.07089584042717,10.700851287307527, 207.10162622538763, 18.95294836235367, 232.56794556464519, 23.696041808400626, 251.46220224300308,57.02079415990808, 134.27264870650134, 240.80020960013755, 1446.9097250073787, -1.0833473665510565, 1330.853849252352, -7.441303061872492, 1446.9097250073787, -1.0833473665510565,96.10390260175032, 895.2567223699505, 891.2094217590711, 4.047300610879347, 203.54303303652875,0.0, 0.0, 0.0, 0.0, 0.0,1.625, 1.0, 3.625, 7.1875, 10.4375,0.0, 0.0, 0.0, 0.0, 0.125, 1.2421056032180786,-1.38665771484375, 0.5, 9.75
0, 140.0, 523, 606, 883, 966, 0.0,2.2948909345950232, 3.514429067517631, 5.675950767472386, 0.9542243744782171,0.0012951621091178821, 3.0297162220449535e-05, -0.00029692996050016516, -0.00097813835138993, 4.812882119040296e-05,127.3772201538086, 7.178137729382141, 153.375, 185.37501525878906, 613, 741,163.37501525878906, 155.375, 653, 621, 18.963502883911133, 232.72600980241762, 17.55427355201739, 256.018880406045, 22.88179098130161, 215.06626071581684,37.5189941703918, 258.17049985708775, 60.458354987346986, 276.1469466780017, 54.63534165434142, 285.62122501913143,931.136058674627, 1290.854743769581, 1894.0990303691008, 445.7323756259944, -1.1061318657382453, 284.04120374889334, -20.2012507210555, 788.1064151881144, -0.7648939740217163,0, 814.3376193078084, 697.4014652027129, 116.93615410509551, 243.10617001094485,0.0, 0.3125, 1.6875, 4.25, 9.4375,20.3125, 35.1875, 55.5625, 71.375, 77.625,1.8125, 5.8125, 12.5, 19.625, 23.75, 0.6210523843765259,-0.45754683017730713, 0.0, 50.25
0, 145.0, 535, 619, 895, 979, 0.0,0.8125713899364929, 1.1965358946681954, 2.0667888717586176, -0.6870738352960324,-0.00013495451897597378, -0.0004534338424673479, 0.0004742126000564895, 8.253649077687442e-05, 0.00010797745228728672,973.567138671875, 37.56840216900569, 156.375, 188.62501525878906, 625, 754,166.37501525878906, 158.625, 665, 634, 25.96539306640625, 223.46727857111512, 18.510689236570254, 225.61839221641281, 33.440358554405925, 222.27674342258578,21.565688107098566, 275.3184720524358, 42.33862206035452, 300.11184017352866, 28.00947012285849, 305.30544771651466,302.71502924404086, 414.8869989538783, 858.8213671300091, 202.7149613674892, -80.1171310541783, 258.25987891415133, -133.39817587996, 620.357012570624, -29.795010050088635,10.135837950658708, 832.8318093270484, 456.63350274391735, 376.19830658313106, 227.84484150025258,0.0, 0.25, 2.9375, 13.875, 35.125,35.375, 53.6875, 73.375, 91.5625, 99.3125,2.125, 9.25, 18.8125, 24.0, 29.0, 1.7105261087417603,-0.98760986328125, 0.0, 159.8125
0, 150.0, 558, 628, 918, 988, 0.0,0.3987791379861301, 0.5454585334839067, 1.2943227468291298, -0.6576510595786386,-0.0002963852403345868, -0.000768400310216748, -0.000659936591382575, -0.0003039498770795035, -2.2223444759106352e-05,824.5259399414062, 43.7417570646142, 162.12501525878906, 190.87501525878906, 648, 763,172.12501525878906, 160.87501525878906, 688, 643, 26.89089012145996, 223.34828301539517, 19.396739198099468, 224.09124226427107, 34.38759148542003, 222.92921720285565,21.374488041925975, 228.36714699865556, 34.34416732291547, 271.4106066395697, 25.863095278070958, 259.0611838456141,61.63407616454036, 167.6175660362201, 491.97723718029795, 2199.0849109880683, -42.66108720097745, 1810.3419105910373, -67.77714456269595, 2199.0849109880683, -42.66108720097745,35.909259846804844, 903.8096755538774, 779.099362439609, 124.71031311426839, 178.53862969773937,0.0, 0.0625, 2.0625, 6.6875, 22.75,45.375, 70.9375, 98.0625, 110.125, 126.5625,1.1875, 7.0, 14.875, 24.625, 29.75, 2.3684210777282715,-1.580047607421875, 161.625, 233.0
0, 155.0, 527, 643, 887, 1003, 0.0,1.0215675981948151, 1.5474082623352294, 1.3917635392770171, -0.4870949731487781,0.0006817203688751761, 4.361559777862567e-05, -3.13265041268096e-05, 0.0007553621312899849, -9.011366967001777e-05,1438.8753662109375, 57.063856498242856, 154.375, 194.62501525878906, 617, 778,164.37501525878906, 164.62501525878906, 657, 658, 22.43404197692871, 219.2229990208692, 16.48194159434766, 232.85173269441773, 29.11044519930109, 211.55629361256382,19.338760919840432, 282.6444646542998, 29.321392459280677, 308.39549359892015, 32.835595543179075, 299.5935517589298,230.62475194197307, 339.14448521735056, 502.4240739687147, 389.83657423350115, -47.269047525276825, 559.4299104294124, -32.568652838680606, 827.4619781200508, -1.7451718626825776,0, 854.7093218178704, 622.1895945151213, 232.51972730274917, 249.5788985450264,0.0, 0.0, 0.4375, 1.5, 2.6875,55.1875, 69.75, 92.75, 107.0, 116.0625,0.4375, 4.0625, 10.125, 14.4375, 16.625, 5.305263519287109,-1.883331298828125, 35.5, 13.9375
0, 160.0, 654, 619, 1014, 979, 0.0,0.42380797676261867, 0.7156406583267381, 3.070502376453951, 3.7326227880897926,-0.00013433677120474385, 7.918872637446838e-06, -0.00011710940443748543, 0.0007025546435534125, 0.0004935225012468437,894.4750366210938, 62.93882124945001, 186.12501525878906, 188.62501525878906, 744, 754,196.12501525878906, 158.625, 784, 634, 21.829364776611328, 227.22479785997092, 15.4230906876539, 239.42583072684712, 28.769265776350757, 220.71921657406628,15.770705581664291, 238.63382290615516, 24.40007176992212, 267.11731000937414, 29.89660870578656, 266.08040533109613,135.30191021098824, 235.77445297754966, 348.784170195775, 1429.1949939232313, -93.35606509441472, 903.2785632604682, -160.35133404298634, 1429.1949939232313, -93.35606509441472,4.26514048048773, 902.1719025302134, 731.874940542224, 170.29696198798945, 197.621563099848,0.0, 0.0, 0.0, 0.0, 0.0,2.9375, 5.875, 10.1875, 15.0, 23.0625,0.0, 0.0, 0.125, 0.3125, 1.25, 5.826315879821777,-2.88873291015625, 338.3125, 740.5625
0, 165.0, 562, 723, 922, 1083, 0.0,0.805885855879169, 1.130523631433025, 1.1060792910051531, 0.7319643436477054,8.924672258672217e-05, -0.0005560699219495291, -0.0010042841235917877, -0.0004910063117040408, -0.00035232516455607765,1210.8155517578125, 23.14991551869226, 163.12501525878906, 214.62501525878906, 652, 858,173.12501525878906, 184.62501525878906, 692, 738, 21.244720458984375, 222.8399393562278, 15.317153827999627, 237.4743033710453, 27.938523396725497, 214.8780669726532,17.29972656910954, 287.14498558144794, 26.367024736595855, 318.6718683750412, 26.131635371911756, 308.2042619625381,200.41248085630065, 313.5483243382675, 448.7833432269978, 797.0135338127666, -165.5141965454088, 719.5469365275515, -162.64348456517152, 808.8928408811195, -152.48497940890476,0, 879.5727779159392, 671.6195685709723, 207.95320934496692, 224.5007282843529,0.0, 0.0, 0.0, 0.0, 0.1875,35.6875, 36.8125, 49.4375, 65.3125, 78.375,0.0, 0.3125, 1.0625, 1.3125, 0.6875, 3.484210729598999,-3.138092041015625, 258.6875, 116.625
0, 170.0, 678, 601, 1038, 961, 0.0,0.7691511067963439, 1.321666545274784, 3.6452981550805275, 4.048333427407779,-4.438762034055799e-06, 8.184311981608516e-05, 0.0002162443591362262, 0.0009871011097720838, 0.0015030186723137718,464.5133056640625, 40.43824626868096, 192.12501525878906, 184.12501525878906, 768, 736,202.12501525878906, 154.125, 808, 616, 23.815937042236328, 229.2711088749284, 16.37365926813097, 231.96596893551597, 31.285795242592958, 227.86110935950936,14.516440943175393, 233.97812008106433, 22.538921468219964, 260.14585886694715, 29.762059500531024, 272.3894820306593,108.96532303728628, 189.39992322406337, 286.6310157172078, 1166.741586737202, -49.76267036421262, 809.28616865799, -96.59548495360075, 1166.741586737202, -49.76267036421262,5.763072051119209, 897.6929085749933, 770.7876390118606, 126.90526956313272, 203.5026173122315,0.0, 0.0, 0.0, 0.0, 0.0,1.9375, 3.75, 6.9375, 7.375, 9.1875,0.0, 0.0, 0.1875, 0.375, 0.9375, 1.7473688125610352,-3.011962890625, 349.625, 509.1875
0, 175.0, 591, 712, 951, 1072, 0.0,0.27532932879577854, 0.7726186642126415, 1.5920973262144253, 1.1652044142445084,0.0001387592273727023, -0.0002810240459302804, -0.00012919768448227842, 0.0008497046742149905, 0.0006015804864662755,634.4392700195312, 33.9237972510757, 170.37501525878906, 211.87501525878906, 681, 847,180.37501525878906, 181.87501525878906, 721, 727, 21.72338104248047, 225.84683451567753, 16.147225791103892, 241.23693659898618, 28.205987262388536, 217.1081167582094,19.457701212698492, 207.99457783671843, 16.529291464012342, 260.288473216817, 24.171293567626392, 262.72156418409395,149.23324544969438, 254.13322555508216, 462.9163011751925, 1083.9677217985031, -76.66884062686435, 702.9718445305059, -71.03938368799612, 1083.9677217985031, -76.66884062686435,3.188543884365856, 901.8878767586758, 750.2043482540371, 151.68352850463873, 200.63971749912986,0.0, 0.0, 0.0, 0.0, 0.0,32.5625, 39.5625, 49.875, 58.9375, 62.4375,0.0, 1.0625, 2.375, 3.125, 3.75, 1.9210529327392578,-3.81927490234375, 455.3125, 233.9375
0, 180.0, 712, 660, 1072, 1020, 0.0,0.25127706198894884, 0.5206946021184559, 2.5491044763475657, 2.4385845544619955,-7.740720306316006e-05, 0.00030151787115300976, 0.00038853513893286615, 0.0007683245291264029, 0.0005778379617783002,673.9488525390625, 55.96567661425134, 200.62501525878906, 198.87501525878906, 802, 795,210.62501525878906, 168.87501525878906, 842, 675, 21.087820053100586, 229.51358059046385, 15.844234069049092, 246.3828374460429, 27.40168839805368, 219.8540276369423,17.772512391780758, 244.81638719944564, 27.070327670861577, 272.46117169618776, 32.809266783394, 275.8609666574533,192.5137712513869, 348.9281991352872, 534.332380109657, 1239.7158088117678, -107.46187652397292, 865.9785427546306, -161.2284031686458, 1239.7158088117678, -107.46187652397292,0, 894.6545553525654, 700.5163777338054, 194.13817761875998, 210.80222333486503,0.0, 0.0, 0.0, 0.0, 0.0,0.3125, 3.6875, 9.5, 15.625, 22.75,0.0, 0.0, 0.0, 0.0625, 0.9375, 2.24210524559021,-3.605926513671875, 760.9375, 771.125
0, 185.0, 740, 637, 1100, 997, 0.0,1.1294934152334464, 1.940537713689846, 5.227190955749247, 5.3751864193053915,2.6043953538987808e-05, 0.00019855088175972923, 0.0005268696918074056, 0.002419707415101584, 0.0016606067556062954,786.0292358398438, 106.00891712027797, 207.62501525878906, 193.12501525878906, 830, 772,217.62501525878906, 163.12501525878906, 870, 652, 22.560897827148438, 227.0382380729812, 17.053447800761685, 241.95125203864808, 28.977026520809087, 218.32690990232499,15.114474370978165, 234.35148554185392, 23.419054124872524, 259.3294600158339, 30.940457567642632, 269.732630423707,118.92813512273102, 228.72624167933998, 339.92567358478595, 1308.5043578804946, -44.449034549224926, 1023.3136175415248, -76.37500736734353, 1308.5043578804946, -44.449034549224926,10.986546109585927, 894.8124234755009, 772.7532325045394, 122.05919097096148, 192.4549006231706,0.0, 0.0, 0.0, 0.0, 0.0,0.125, 0.8125, 1.875, 5.75, 10.0,0.0, 0.0, 0.0, 0.0, 0.0, 5.147368431091309,-2.819976806640625, 500.875, 554.8125
0, 190.0, 757, 647, 1117, 1007, 0.0,1.1639885753102135, 2.1137355553382076, 7.097320222659036, 7.808709594749382,-5.1477664959094225e-05, -0.0005190118551922751, -0.00021229017998393828, 0.001958018148463907, 0.0021796188846428775,1030.800537109375, 145.4507550415607, 211.87501525878906, 195.62501525878906, 847, 782,221.87501525878906, 165.62501525878906, 887, 662, 20.92698097229004, 226.50545599696352, 16.19583043036204, 244.69307531004492, 26.945725710836957, 215.69230022546787,15.34473513815902, 234.37565075113744, 24.073124361661545, 259.6702591346608, 31.090095706795367, 268.1347213277609,117.31609255329776, 237.16074000927318, 367.6947804595036, 1272.0640022005086, -40.65390508438984, 1023.9091726008664, -71.0868045979339, 1272.0640022005086, -40.65390508438984,9.532045564770584, 893.9031209602172, 771.7807078608573, 122.12241309935985, 200.5634064687409,0.0, 0.0, 0.0, 0.0, 0.0,0.0, 0.375, 3.0625, 8.0625, 12.9375,0.0, 0.0, 0.0, 0.0, 0.5625, 5.484210014343262,-3.052154541015625, 506.1875, 480.1875
0, 195.0, 742, 636, 1102, 996, 0.0,0.9214891948201693, 1.6416404514381429, 3.292657122425735, 2.5137519981199876,-0.0003266341203034528, -0.0007989288204180412, -0.00023354493973329227, 0.001992335272220771, 0.0008981755543293702,1337.1490478515625, 89.07669671521887, 208.12501525878906, 192.87501525878906, 832, 771,218.12501525878906, 162.87501525878906, 872, 651, 20.91791343688965, 226.39815372510262, 16.369806621052657, 244.94410044188044, 26.82624989307219, 215.2066828395898,15.32951462129475, 234.57027016134776, 24.137388429869684, 260.33080672929276, 30.654386665642978, 268.5987643799715,120.24805933140203, 235.95562334668608, 361.597755012942, 1283.6291806402212, -38.10402287451, 1009.730255662985, -65.65411670680245, 1283.6291806402212, -38.10402287451,22.47265321589168, 894.1908405947756, 792.0215448510141, 102.1692957437615, 201.92020368682626,0.0, 0.0, 0.0, 0.0, 0.0,2.0625, 7.1875, 12.8125, 18.1875, 22.4375,0.0, 0.5625, 1.0, 2.0625, 2.6875, 2.989473342895508,-2.9869823455810547, 535.375, 239.125
1, 200.0, 796, 665, 1156, 1025, 0.029234640121459963,1.2318534951387845, 2.4334108402987478, 7.068281864016316, 9.466205723846796,-0.00038931736630075863, 0.00017874844234484045, 0.0007219036967148895, 0.0030405424443415542, 0.0028937209344348956,1268.039306640625, 201.63137824905564, 221.62501525878906, 200.12501525878906, 886, 800,231.62501525878906, 170.12501525878906, 926, 680, 21.035602569580078, 227.45882746169224, 16.423825322583017, 245.76833412462946, 26.97686367812642, 216.43260655437177,15.936501382492745, 230.96711314773427, 26.05063191296435, 256.06681525310216, 32.87744532223026, 263.06438503891525,113.49303215178853, 254.99433384146516, 413.4244172633837, 1173.7898956094423, -16.38515741891249, 993.5651518312985, -39.65432945803916, 1173.7898956094423, -16.38515741891249,24.66151035238492, 892.0877610704878, 790.2196999708339, 101.86806109965391, 199.97573386980687,0.0, 0.0, 0.0, 0.0, 0.0,6.9375, 14.0625, 20.375, 25.4375, 28.8125,0.0, 0.375, 2.875, 6.0, 7.5, 5.947368621826172,-3.2506103515625, 463.0625, 426.3125
1, 205.0, 811, 669, 1171, 1029, 0.03994874954223633,1.7524013062933215, 3.20712327821704, 7.203066880599939, 9.591028406559488,-0.0003297676796873361, -2.47232835226896e-05, 0.0012895556350486005, 0.0034512591764450915, 0.002954029373529465,3046.20361328125, 287.9696480386244, 225.37501525878906, 201.12501525878906, 901, 804,235.37501525878906, 171.12501525878906, 941, 684, 21.350597381591797, 225.05804328918944, 17.127924523326776, 243.71145030004513, 27.033870982727436, 213.36645251520088,15.895629772954928, 230.4090457114092, 25.94778831063293, 255.08522144672298, 33.06544316707495, 262.04944624900804,109.26538427451028, 245.02725244315528, 389.0374059775142, 1167.9928257665244, -14.266418499202048, 987.2221896775168, -36.94335162583671, 1167.9928257665244, -14.266418499202048,29.602022782658484, 891.8210431429511, 797.9222734140111, 93.89876972894001, 200.58670314340662,0.0, 0.0, 0.125, 0.4375, 2.4375,11.625, 15.0, 18.625, 23.75, 28.3125,0.1875, 0.9375, 2.6875, 5.6875, 7.125, 3.947368621826172,-3.4119873046875, 417.3125, 417.125
1, 210.0, 823, 675, 1183, 1035, 0.05566468048095703,1.4827889753656929, 2.8312540597748, 7.513368975024201, 10.486367984912357,0.0004423334076352603, -6.330720616460894e-05, 0.0017229257264170883, 0.004332898952786763, 0.0032603895298387877,4415.4814453125, 413.1044032214775, 228.37501525878906, 202.62501525878906, 913, 810,238.37501525878906, 172.62501525878906, 953, 690, 21.393754959106445, 224.89525256051135, 17.26846879241846, 243.65007581202218, 27.012692618382253, 213.03423002028995,15.998532739510969, 230.8244304959727, 25.8809660035441, 254.83251810781084, 33.39877919850871, 261.99455884883787,110.3192877064669, 245.8190739537459, 385.24573757485706, 1170.1844835631227, -12.88263012295501, 984.2276197350878, -35.28970770596457, 1170.1844835631227, -12.88263012295501,33.267561506024705, 891.5947228567375, 803.0986231663605, 88.49609969037692, 199.9906566771899,0.0, 0.0, 0.1875, 2.375, 8.4375,14.0, 18.625, 26.75, 32.8125, 40.8125,0.125, 1.4375, 3.3125, 6.125, 9.875, 7.726315975189209,-3.84820556640625, 413.625, 446.9375
1, 215.0, 837, 680, 1197, 1040, 0.09997803497314453,2.23788508625119, 3.8629692172328944, 7.93277134384145, 11.170389793692156,9.750222848822432e-05, 0.00017058895306035993, 0.0019196616712542892, 0.004812473940628478, 0.004787722392780724,5492.58251953125, 515.5639748032451, 231.87501525878906, 203.87501525878906, 927, 815,241.87501525878906, 173.87501525878906, 967, 695, 21.751663208007812, 224.33069644447477, 17.54192172994537, 242.61467516526486, 27.40530419378638, 212.74611583050762,16.35291271854383, 232.4176131010132, 25.83764697557982, 254.70170632482674, 33.86364828984198, 262.4687652225335,113.7949718534086, 250.6928342625189, 379.8034487586828, 1122.3056135948154, -11.384982418184721, 922.2532951619727, -34.78967417146879, 1122.3056135948154, -11.384982418184721,37.786997880319404, 891.3252992875346, 807.5026270741338, 83.82267221340078, 202.99161656830344,0.0, 0.0, 0.0, 1.625, 8.75,15.9375, 21.4375, 28.6875, 35.75, 40.9375,0.0, 0.875, 4.0, 9.0, 14.6875, 4.726316452026367,-3.859161376953125, 376.3125, 440.5
1, 220.0, 855, 684, 1215, 1044, 0.16171876525878906,2.799299715615342, 4.609687582554761, 9.254431601818652, 12.581381412111218,-0.00011701040577349886, 0.0004271560942743235, 0.002540837934066076, 0.004958118945216939, 0.004925117156365104,4079.083251953125, 553.8294480911945, 236.37501525878906, 204.87501525878906, 945, 819,246.37501525878906, 174.87501525878906, 985, 699, 21.898536682128906, 224.40174407222125, 17.80225624979476, 242.71068512183368, 27.471284185570124, 212.65576984011264,16.242219914172388, 234.0339363869617, 25.63664969699579, 254.82128927681535, 34.14786238595068, 261.79907883479206,109.84130464870059, 240.88491676848528, 360.9717022513111, 1118.4897138572703, -5.944528955872494, 914.6650163504711, -29.190916956131638, 1118.4897138572703, -5.944528955872494,46.28386595099028, 891.0482637384805, 820.63043423241, 70.41782950607046, 211.5235864933761,0.0, 0.0, 0.875, 3.3125, 7.5625,12.0625, 18.1875, 27.3125, 30.875, 36.1875,0.0, 1.375, 4.375, 8.875, 14.0625, 5.984210968017578,-4.16485595703125, 362.3125, 456.875
1, 225.0, 864, 691, 1224, 1051, 0.1251814956665039,1.6911559280613437, 3.0474055826663973, 8.620371013204567, 12.649341300069356,0.00026762977080124984, 0.000292107421100809, 0.0014544632919842116, 0.0027959588954536226, 0.004474339028629402,5921.716796875, 571.8355333148882, 238.62501525878906, 206.62501525878906, 954, 826,248.62501525878906, 176.62501525878906, 994, 706, 21.317270278930664, 225.1776808826914, 17.69763955783355, 244.64797419375157, 26.61100613057262, 212.3703617483206,16.224205643073745, 230.5920401396522, 25.656145456844904, 252.36283098696094, 34.59743759226502, 257.8682639863147,105.95644056199643, 234.22480173289193, 349.4401652828979, 1212.9292233997508, -5.863468413473853, 1055.631855556816, -25.07925272125264, 1212.9292233997508, -5.863468413473853,55.32956489664563, 890.5782610053475, 830.8233182444171, 59.75494276093036, 239.50623096188374,0.0, 0.0, 0.875, 2.375, 6.625,13.3125, 16.125, 24.1875, 31.3125, 32.6875,0.1875, 1.8125, 3.1875, 4.375, 8.1875, 9.13157844543457,-4.190673828125, 391.625, 455.9375
1, 230.0, 882, 694, 1242, 1054, 0.11695242309570313,2.134502523994306, 3.4513103283348023, 8.306282230401411, 10.25649467532523,0.00042653400462313586, 0.0008760654458183126, 0.00189338374404997, 0.0038453973591307997, 0.0035490027280934556,3911.11767578125, 458.23858501516486, 243.12501525878906, 207.37501525878906, 972, 829,253.12501525878906, 177.37501525878906, 1012, 709, 20.38336181640625, 226.15539514162202, 17.251024117338115, 247.09341468925743, 25.41387439577703, 212.11679507236215,16.042571366394213, 228.01066576549425, 24.96939232140195, 250.19906803903592, 34.10612489402406, 255.85558482283037,107.81775795453957, 234.58814467003367, 346.2757550023736, 1336.462024626503, -6.055038329107905, 1182.9192283125792, -24.761550248864268, 1336.462024626503, -6.055038329107905,55.83738503694659, 890.0109119095391, 831.0941145909109, 58.916797318628255, 228.13393263126147,0.0, 0.0, 0.75, 3.8125, 9.625,14.5, 18.3125, 23.6875, 27.1875, 29.8125,0.375, 2.0625, 2.6875, 5.3125, 9.5, 9.199999809265137,-4.733612060546875, 363.8125, 470.0
1, 235.0, 902, 705, 1262, 1065, 0.12122303771972656,1.201575146492105, 1.9759010380087423, 6.569163825800643, 9.356337525248527,0.000715743999960523, 0.001935378186487924, 0.0028205131341292144, 0.0026219921133360915, 0.0035398603610769896,2962.021240234375, 400.2827307920648, 248.12501525878906, 210.12501525878906, 992, 840,258.125, 180.12501525878906, 1032, 720, 20.17080307006836, 226.57502830384928, 17.185863269590765, 247.87076719335644, 25.11710093984137, 212.18626352806422,16.3787347648188, 231.30729754953592, 24.900863140751323, 251.23841792503677, 34.9909900437461, 256.03209057136183,124.01629776222336, 242.46917432116658, 346.485162722782, 1210.6864616884145, -13.486500498622487, 1034.9077670454747, -33.5495026827448, 1210.6864616884145, -13.486500498622487,47.135437075974714, 889.273721902578, 814.238806948015, 75.03491495456296, 240.5187106792683,0.0, 0.0, 0.0625, 2.625, 11.125,11.875, 20.625, 30.8125, 31.6875, 37.3125,0.4375, 1.375, 5.3125, 8.25, 17.0625, 5.721053123474121,-5.31585693359375, 263.0625, 490.9375
1, 240.0, 924, 709, 1284, 1069, 0.14902259826660155,1.5003442097827788, 2.948871011363808, 8.038603892768734, 11.076851122328081,0.0007700218388310984, 0.0002721817572319196, 0.0015803118066514798, 0.0034648138340435254, 0.004196514653533541,6407.7236328125, 500.3083290066132, 253.62501525878906, 211.12501525878906, 1014, 844,263.625, 181.12501525878906, 1054, 724, 19.956544876098633, 227.12442139992842, 17.15836196004318, 248.7988534818566, 24.7914892089257, 212.31424261376702,16.53327605799312, 230.33525234761638, 24.981302932476808, 250.1525407904098, 34.96360278446178, 254.16970289037445,102.36955184277184, 234.22118205994173, 333.0218715742296, 1364.880156147465, -6.743398248770495, 1199.9904153295097, -26.156215811288796, 1364.880156147465, -6.743398248770495,60.64469670462513, 889.7090013713193, 830.9531709177778, 58.755830453541535, 230.34947570620227,0.0, 0.0, 0.3125, 3.5625, 9.25,15.3125, 24.0, 27.5, 29.125, 32.3125,0.0625, 1.0625, 4.8125, 7.25, 11.625, 8.699999809265137,-5.6536865234375, 253.625, 462.875
1, 245.0, 948, 710, 1308, 1070, 0.27892156982421873,2.0209032819766435, 3.6423359794612056, 8.528102219225838, 10.931383351429249,0.0007279804871495798, 0.0013825111679670954, 0.003309993281500283, 0.004228559025723368, 0.00400744918383225,3552.533447265625, 380.7409260108352, 259.625, 211.37501525878906, 1038, 845,269.625, 181.37501525878906, 1078, 725, 19.158496856689453, 227.24266563483968, 16.689125189283804, 250.08551037823642, 23.83420087310064, 211.4696016855955,17.193338550279485, 230.57739621407168, 24.527176007758047, 249.34959741196144, 33.986998538655044, 253.79140603300414,134.1163256553337, 249.9191295298001, 341.2865335175909, 1429.0459779933276, -2.7480694170431343, 1228.1618180536743, -23.97198004615695, 1429.0459779933276, -2.7480694170431343,71.12286670766402, 888.325787258031, 839.3600842849316, 48.96570297309938, 233.82354203446155,0.0, 0.0, 0.0, 1.0, 5.375,19.5, 23.625, 29.1875, 33.8125, 37.6875,0.0625, 2.5625, 4.1875, 7.1875, 10.3125, 8.22631549835205,-4.962921142578125, 225.625, 424.4375
1, 250.0, 958, 701, 1318, 1061, 0.2486160125732422,2.499426895623328, 3.988223196586477, 5.634333739854628, 5.33393179731211,0.0010388420183744529, 0.0021180738482462404, 0.003574651596163676, 0.003313395078326378, 0.001992108671771291,2839.613525390625, 232.84866246237382, 262.125, 209.12501525878906, 1048, 836,272.125, 179.12501525878906, 1088, 716, 20.04351806640625, 227.0652036598244, 17.12269829065081, 248.55552824987828, 24.955929313993497, 212.50747941739382,16.69045354697032, 227.3043832241799, 23.909157448623493, 246.55229343738273, 33.44561888109537, 252.70500980400024,127.13953485720614, 230.5271568241354, 314.2449054560336, 1359.4210771969042, -5.102259627531545, 1150.4962885497969, -23.668954933725004, 1359.4210771969042, -5.102259627531545,67.11928776665174, 888.3518211721655, 840.1892771315945, 48.16254404057099, 228.37949787068558,0.0, 0.0, 0.0, 0.5625, 7.625,16.125, 22.625, 34.5625, 34.1875, 34.0,0.25, 1.4375, 3.5, 6.875, 10.3125, 7.226315975189209,-3.686004638671875, 197.9375, 341.1875
1, 255.0, 980, 726, 1340, 1086, 0.20402127075195312,0.7845950522646307, 1.2844751078583068, 4.351866701883264, 7.565138019155711,0.000972021237178069, 0.0020116833881434104, 0.002495982027867285, 0.002228421316144704, 0.0021252276477116538,3405.46044921875, 312.2756467354298, 267.625, 215.37501525878906, 1070, 861,277.625, 185.37501525878906, 1110, 741, 19.923274993896484, 228.3672699420606, 17.289127333410836, 250.1771887838352, 24.646701191706676, 213.26046601200255,15.437659602578327, 231.2502654699663, 21.91340732693217, 251.95338846697535, 30.99741414217329, 259.1775566086928,103.51152239179068, 224.70468434916575, 317.13740292045316, 1139.159218682564, -16.859710655086644, 941.8760815207567, -44.33614998951621, 1139.159218682564, -16.859710655086644,27.23157581931882, 888.7244392674651, 784.7382632238925, 103.98617604357253, 223.97800836586734,0.0, 0.0, 0.4375, 3.5, 10.25,21.4375, 28.625, 34.25, 40.3125, 43.4375,0.3125, 2.25, 5.4375, 8.8125, 14.4375, 8.43684196472168,-4.512237548828125, 186.9375, 404.5
1, 260.0, 993, 731, 1353, 1091, 0.2926969604492188,0.738353596366942, 1.3992865975762832, 4.041002235229826, 4.896309561011149,0.0012484199400660146, 0.0017100578271038102, 0.0017249672360048862, 0.0025622487993108224, 0.0020140145282812228,4864.1494140625, 264.0709413339429, 270.875, 216.62501525878906, 1083, 866,280.875, 186.62501525878906, 1123, 746, 20.454526901245117, 229.10997105202946, 17.49588757697732, 250.100425386364, 25.3607805409338, 214.8026028244406,16.549801009768075, 235.6974289593183, 22.672981737911215, 253.42155128944793, 31.618915071051596, 259.32004801515757,112.0249689614938, 228.76770919120872, 305.96726991075496, 1292.9252294465775, -8.52573017079484, 1049.7817669404494, -44.430990595181754, 1292.9252294465775, -8.52573017079484,39.781592903756454, 888.9563571881818, 802.8180021860127, 86.13835500216908, 216.47176969017883,0.1875, 0.3125, 1.6875, 5.75, 13.375,22.75, 31.3125, 38.25, 42.5625, 47.5625,0.6875, 2.5625, 7.0625, 14.25, 23.3125, 4.447368621826172,-4.29425048828125, 126.0625, 352.125
1, 265.0, 1011, 740, 1371, 1100, 0.22487228393554687,0.18573133215773852, 1.0264502821641508, 2.9561433529597707, 3.6650441760825925,-0.0005585706390365885, 0.0011645606168440281, 0.0020937189406413383, 0.002036264438186208, 0.0024324140501784087,4579.26953125, 193.017253006254, 275.375, 218.87501525878906, 1101, 875,285.375, 188.87501525878906, 1141, 755, 19.975330352783203, 230.23740305756678, 17.28968976190677, 251.9568509922417, 24.73043356218259, 215.24326681161318,17.033523478930384, 221.55095971644133, 24.285184799291752, 243.55076680662063, 32.86870823955686, 250.03962410305115,122.88496585323186, 250.40819605363825, 353.24239832749, 1367.783110578272, -0.9935377191365943, 1237.4021585278263, -14.085857504223632, 1367.783110578272, -0.9935377191365943,66.61455731333413, 887.1633121734262, 879.0047000034899, 8.158612169936305, 217.88893582446303,0.0, 0.3125, 1.5, 4.625, 8.4375,28.375, 29.5625, 39.75, 44.5625, 50.5,1.25, 3.0625, 6.125, 10.5625, 12.125, 5.131579399108887,-3.602264404296875, 67.875, 353.6875
1, 270.0, 1025, 749, 1385, 1109, 0.30393829345703127,0.6455204686324578, 1.5468002511863594, 3.2594104135979425, 2.2301523326773895,0.0009734383746763342, 0.00025109357093242577, 1.194126949940255e-05, 0.0028412850375525525, 1.3883216093404336e-05,3867.784423828125, 151.02381492102268, 278.875, 221.12501525878906, 1115, 884,288.875, 191.12501525878906, 1155, 764, 19.150056838989258, 230.25725158729483, 17.392489593559265, 253.30266285600047, 23.312027372723723, 213.27600882581964,17.857639376841156, 225.59003306326338, 25.31057234820037, 244.00994676414223, 34.38073894373848, 250.66610271410306,135.35597468872874, 261.54644034981806, 363.63743284790274, 1368.7745734227099, -2.1020461965676787, 1188.5332178156411, -22.547356255661228, 1368.7745734227099, -2.1020461965676787,89.80578249503928, 889.6414452866197, 881.237005972675, 8.40443931394475, 215.66139714364843,0.0625, 0.3125, 1.125, 3.0, 6.125,32.9375, 38.375, 45.4375, 45.875, 46.125,1.3125, 1.8125, 2.75, 5.875, 11.875, 2.6894733905792236,-2.588531494140625, 37.9375, 346.625
0, 275.0, 1048, 759, 1408, 1119, 0.47881109619140627,0.8023362333932892, 1.4671481224021408, 4.067519189224112, 2.6854125735280103,0.0011092002364148357, 0.0009622356550698896, 0.0012652638676399874, 0.002617129052068776, 0.0011298391955463672,1941.181396484375, 125.00451778644594, 284.625, 223.62501525878906, 1138, 894,294.625, 193.62501525878906, 1178, 774, 19.54924774169922, 229.5414204415208, 17.692029586353065, 252.07296083398927, 23.74527767167602, 212.95226858233855,18.733660310464956, 220.8625312896174, 25.50019227739216, 238.74858374458972, 33.85146894798293, 248.53705078754004,150.93201912866812, 281.8530201668985, 378.1804060281509, 1296.0220766692985, -2.0296854349549536, 1127.5387626600593, -15.41235072022143, 1296.0220766692985, -2.0296854349549536,114.86254081605048, 889.7616771593022, 863.0186531987606, 26.743023960541564, 216.53152828734704,0.0, 0.0, 0.125, 1.1875, 3.25,40.8125, 39.25, 44.5, 48.1875, 47.875,0.4375, 1.5625, 3.75, 7.625, 13.0, 3.978947401046753,-2.0050048828125, 12.6875, 376.25
0, 280.0, 1084, 774, 1444, 1134, 0.9546190185546876,-0.6023942542131409, -0.5139899313956267, 2.062182330535725, 4.187408102541231,-0.0007276933026605548, 0.00013047748589997354, 0.0010603990542574593, 0.0017732625426469895, 0.002922956739224674,1290.65234375, 78.25299381435619, 293.625, 227.37501525878906, 1174, 909,303.625, 197.37501525878906, 1214, 789, 20.374170303344727, 230.96403956260775, 18.723242753371636, 252.55342910576624, 24.33420920958064, 214.51810975259895,12.072487268305244, 238.29123427776565, 20.27099791879938, 250.89268740962908, 27.947224259566294, 263.3103674716841,85.29613660506928, 146.43666712888364, 237.7658240066289, 1240.5544473772272, -1.030909233215941, 950.5121871126476, -8.653744428920707, 1240.5544473772272, -1.030909233215941,156.42620884090576, 867.4875642508848, 829.6816023770839, 37.805961873800925, 223.41197783854065,0.0, 0.0, 0.125, 0.875, 2.4375,32.1875, 28.375, 37.6875, 45.0, 44.4375,0.75, 0.875, 3.0, 5.4375, 7.5625, 1.7473688125610352,-1.69329833984375, 9.8125, 459.8125
0, 285.0, 1075, 752, 1435, 1112, 0.41995388793945315,0.6477751974645071, 0.9641236222896259, 1.6120936778897885, 0.7409973191301106,-0.0008294281505959589, 0.0010939716197935923, 0.0011736942938455285, 0.00011769402430644507, -7.114646153951299e-05,1383.2559814453125, 43.474547109754695, 291.375, 221.87501525878906, 1165, 887,301.375, 191.87501525878906, 1205, 767, 23.937137603759766, 232.08539269978377, 19.76874013362138, 248.56425408854915, 29.456237782560773, 221.1109215398987,14.307059783339874, 225.87937353688346, 23.445864969582626, 243.1141128129817, 32.16412717555686, 251.19452712943027,131.52069709288654, 203.73239986842918, 296.0102898194451, 1356.8229619213516, -0.7080736817028509, 1188.7962382506707, -17.637879395379105, 1356.8229619213516, -0.7080736817028509,109.94481109770899, 888.4421093089179, 881.6772269210901, 6.764882387827811, 208.98638196371962,0.0, 0.0, 0.125, 2.4375, 4.4375,30.125, 29.8125, 36.1875, 36.75, 39.4375,0.3125, 1.25, 3.75, 5.5625, 9.0, 4.447368621826172,-1.70562744140625, 11.0625, 331.5
0, 290.0, 1097, 768, 1457, 1128, 0.41739065551757815,0.8563386422535405, 1.0523513519577683, 1.367289609159343, 1.5436739216116255,0.0009390709306262579, 0.001631280712535954, 0.0017832926533492355, 0.0006491048583075099, 0.00013777188708559153,1398.02294921875, 39.83922302588742, 296.875, 225.87501525878906, 1187, 903,306.875, 195.87501525878906, 1227, 783, 19.36134910583496, 231.6365673090439, 18.06071760024611, 254.4180870967316, 23.152411254808754, 214.05514721602538,12.435640578907954, 217.96572511920994, 19.08226507202697, 240.62256908678776, 27.397687071825175, 254.16635609768116,37.46894732252616, 154.40018852034393, 241.88391213352588, 1262.4230297856402, -1.8438707560417031, 1054.0691594853813, -23.63049793802565, 1264.002655744785, -0.6841198151669066,82.91798418759358, 888.2774285524092, 865.0209906950234, 23.256437857385777, 212.19564660397725,0.0, 0.0, 0.0625, 0.25, 0.5625,27.1875, 21.625, 25.6875, 33.0, 39.5,0.1875, 0.6875, 1.5625, 3.375, 6.125, 2.6526315212249756,-1.453826904296875, 2.9375, 347.9375
0, 295.0, 1231, 1232, 1591, 1592, 0.09085848236083985,0.11465621556388214, 0.6507309358683415, 4.5376870626513846, 7.295953021255557,-0.0008675703853555205, -0.0017406980687019312, -0.00184787057100948, -0.0015229108901985455, -0.0026369455367103,895.6444091796875, 47.99146557071116, 330.3750305175781, 341.8750305175781, 1321, 1367,340.3750305175781, 311.875, 1361, 1247, 20.566926956176758, 230.66219984280656, 18.151761718555193, 251.83808068912296, 25.08008186817381, 215.50652441626823,12.771403106588613, 300.68752949791235, 15.779778153000349, 275.04650758006426, 13.413838732857245, 269.40777296640283,3.065665206373197, 11.710256403759693, 37.071222204822334, 840.6678023048846, -118.17409505765474, 615.20030447822, -125.41809893174825, 840.6678023048846, -118.17409505765474,0, 822.0296403399534, 676.7968603083946, 145.23278003155883, 234.8008599525337,0.0, 0.0, 0.0, 0.0, 0.0,11.8125, 17.6875, 22.4375, 23.8125, 23.875,0.0, 0.0625, 0.625, 1.4375, 3.4375, 6.089474201202393,-6.171356201171875, 381.125, 518.25
0, 300.0, 1254, 1250, 1614, 1610, 0.112840087890625,0.03340733054908924, 0.5068230356113054, 4.733928073965944, 8.479704460278155,-0.0012707885582813106, -0.002045919660167783, -0.002228847551486979, -0.0012410360922217479, -0.002936650371905216,1504.993896484375, 58.63649876296463, 336.1250305175781, 346.3750305175781, 1344, 1385,346.1250305175781, 316.375, 1384, 1265, 18.40077781677246, 225.30408036347163, 13.052148718131681, 244.83642875968116, 24.88611431582025, 215.2049004320188,11.284162352266671, 301.5420954461077, 12.607034725419442, 262.2382326776672, 11.979842915357766, 266.29546066730313,15.468049883266634, 20.66803820872643, 29.132826079197415, 1055.3514592444326, -162.08715752087247, 385.70964566227605, -190.0909862293782, 1055.3514592444326, -162.08715752087247,0, 833.4933430231164, 681.9495770204882, 151.54376600262822, 211.28355110473294,0.0, 0.0, 0.0, 0.0, 0.0,10.1875, 14.3125, 17.0, 16.875, 16.125,0.0625, 0.0625, 0.25, 0.25, 1.0625, 4.6210527420043945,-5.109649658203125, 361.375, 560.375
0, 305.0, 1273, 1284, 1633, 1644, 0.06613963317871094,0.3848878935247194, 0.8573632101714611, 4.698140742816031, 6.692462610353251,-0.0011265483783563467, -0.0005807080815975496, -0.0007884471439865593, -0.00044003532367128175, -0.001709255753830803,1344.3564453125, 53.90570853578607, 340.8750305175781, 354.8750305175781, 1363, 1419,350.8750305175781, 324.8750305175781, 1403, 1299, 18.925769805908203, 224.71501752869304, 14.007421727673737, 244.74176747806237, 25.152767788763185, 213.7206066275164,5.69391399202718, 297.5630867828467, 14.654389057777935, 255.4425632837197, 11.444812955934745, 250.28474593198456,21.18390919234713, 28.073651278767787, 61.05275759888895, 977.4644847841594, -66.80706170646094, 707.2526116893747, -53.35727429063613, 977.4644847841594, -66.80706170646094,7.188125784342154, 831.267307461821, 760.5932223110434, 70.67408515077761, 220.30802635294233,0.0, 0.0, 0.0, 0.0, 0.0,13.375, 14.4375, 15.5, 16.25, 20.0,0.0, 0.0625, 0.4375, 0.9375, 1.1875, 3.268421173095703,-4.954559326171875, 414.6875, 476.9375
0, 310.0, 1295, 1300, 1655, 1660, 0.1003583984375,-0.3082692021899858, -0.07549876699573368, 3.5894760139612485, 7.273759509911761,-0.001171975443230622, -0.00021961004394597695, -0.0005120008892367878, -0.00045928608548820196, -0.0019291485468068002,959.08642578125, 48.28624355296755, 346.3750305175781, 358.8750305175781, 1385, 1435,356.3750305175781, 328.8750305175781, 1425, 1315, 17.933834075927734, 223.28991221874824, 13.590163235746976, 245.87507800502527, 23.896699586729692, 210.67396927524504,10.63184973539017, 304.33433142032226, 16.489723212875248, 262.09363757293806, 12.13345248527344, 262.5497712660898,16.183303254802816, 25.678353955204088, 49.513264038686025, 927.9340254406968, -90.530355996109, 593.2394341584647, -74.17738312261038, 927.9340254406968, -90.530355996109,0.7124316591428235, 831.5119989581701, 714.6868848687792, 116.82511408939092, 217.95789896799013,0.0, 0.0, 0.0, 0.0, 0.0,13.8125, 15.4375, 17.0625, 18.625, 20.1875,0.0, 0.0625, 0.1875, 0.5, 1.0, 3.3263163566589355,-4.1378173828125, 420.6875, 523.0625
0, 315.0, 1313, 1325, 1673, 1685, 0.05737416076660156,-0.8287960821867454, -0.6507675230526365, 2.4696620821626856, 4.931999545875006,-0.0005040637353840794, 0.0001439554855096503, 0.0005798491211476176, -0.0007833411342380714, -0.0021174167704612044,603.6998291015625, 38.103081077811616, 350.8750305175781, 365.1250305175781, 1403, 1460,360.8750305175781, 335.1250305175781, 1443, 1340, 18.091333389282227, 221.07421251237443, 13.021878685654823, 241.82026839251725, 24.444290523659326, 210.19713391936705,12.017838247256003, 303.1412476364828, 18.732105739824984, 259.75850517873744, 16.77919201719941, 271.07279914359924,25.733565674650592, 30.13686389683511, 55.91664255650404, 783.1285917641818, -114.8561737486029, 555.7545638200356, -85.61457023725018, 783.1285917641818, -114.8561737486029,0, 830.0562163879932, 693.0488559086778, 137.00736047931548, 239.057257110292,0.0, 0.0, 0.0, 0.0, 0.25,14.8125, 15.25, 20.75, 23.75, 22.9375,0.0, 0.125, 0.125, 0.375, 0.5625, 1.5789473056793213,-4.678497314453125, 441.4375, 455.5
0, 320.0, 1211, 870, 1571, 1230, 0.5308823852539063,-0.027529149010661058, 0.051686097612255254, 0.5363112844480201, 0.05709255102556199,1.2287302349704986e-05, -0.00017345554282883314, 0.0001074913557340551, 8.502461609964484e-05, -0.00013511161754635738,407.0067138671875, 10.085695297409996, 325.3750305175781, 251.37501525878906, 1301, 1005,335.3750305175781, 221.37501525878906, 1341, 885, 17.629575729370117, 220.55698960728606, 12.844962047388519, 242.68457881203435, 23.856043004224617, 208.8554741754192,9.133420587002853, 251.67710731504835, 14.541213399124638, 263.93881317721696, 21.99932068532018, 278.94679148295165,92.22325591473503, 118.6907086058442, 179.04681954178884, 798.4626354372077, -71.65970311605689, 365.50360155602266, -87.79341761630988, 798.4626354372077, -71.65970311605689,12.984350868810852, 851.9497995132177, 742.737612093241, 109.21218741997677, 221.1868281549343,0.0, 0.0, 0.0, 0.0, 0.0,3.5, 2.25, 3.4375, 4.75, 6.4375,0.0, 0.0, 0.0, 0.0, 0.0, 1.1526312828063965,-2.09466552734375, 95.375, 198.8125
0, 325.0, 1361, 1325, 1721, 1685, 0.211689453125,-1.2131990444182885, -1.6520517837675288, -0.697182247824967, 0.8810300340037793,-0.000771661565706836, -0.002014612934107163, -0.0018238860252040468, -0.0014700570610466457, 0.0007621198863193968,524.6029663085938, 16.373101573096193, 362.8750305175781, 365.1250305175781, 1451, 1460,372.8750305175781, 335.1250305175781, 1491, 1340, 22.964916229248047, 232.2216822944822, 17.219867750741848, 246.14697141551216, 29.50848754687319, 224.1485728917771,10.834117982971481, 325.06525328725326, 17.372358802907232, 275.2482167266331, 15.168340621663917, 292.9258801100283,0.0, 0.3478634873442896, 68.4581226087146, 497.5847291171363, -164.31399760169668, 415.11621084340214, -166.7789174459151, 497.5847291171363, -164.31399760169668,0, 803.7976999777436, 640.4384430393283, 163.35925693841534, 306.1927169639613,0.0, 0.0, 0.0, 1.0625, 1.625,13.125, 16.75, 23.8125, 30.75, 31.3125,0.0, 0.625, 1.4375, 2.125, 3.0625, 6.1210527420043945,-5.082122802734375, 434.6875, 519.125
0, 330.0, 1374, 1364, 1734, 1724, 0.18168991088867187,-1.1121754800528287, -1.4507729480101264, 0.12756460772361605, 2.541998304438312,-0.0005390433158663654, -0.001059159857204577, -0.0012283472259423433, -0.0010399811027218674, 0.00033377434947851726,461.4910583496094, 25.928969065723777, 366.1250305175781, 374.8750305175781, 1464, 1499,376.1250305175781, 344.8750305175781, 1504, 1379, 18.83865737915039, 227.11388924822825, 13.261395363056106, 245.3679638899137, 25.424897624938517, 217.71083220895582,15.63015514481725, 301.3978145300804, 22.239653354896195, 267.57576596684373, 17.510886575930446, 262.75895263961064,30.728393921871742, 52.59471458852845, 93.72592080786731, 636.1100863857569, -131.32015585407686, 468.83615669809296, -128.2994222220579, 637.5525128267959, -131.5046617514302,0, 832.214379235009, 659.1569033084995, 173.05747592650948, 260.66361805809504,0.0, 0.0, 0.0, 0.3125, 0.875,18.0, 19.125, 21.625, 26.5, 28.3125,0.0, 0.625, 1.9375, 2.875, 3.0, 1.9210529327392578,-4.39764404296875, 487.4375, 445.5625
0, 335.0, 1399, 1382, 1759, 1742, 0.2163260498046875,-1.202576711678412, -1.3039844359480777, -0.2894147283292841, 1.760147433166858,6.304355190650312e-05, -8.446245285995246e-05, -0.00019808979167464712, -0.0004759851379913016, 2.092809256282635e-05,438.4959716796875, 14.468278219103546, 372.3750305175781, 379.3750305175781, 1489, 1517,382.3750305175781, 349.3750305175781, 1529, 1397, 18.655153274536133, 221.7977071303972, 13.186999918238053, 240.6338569370978, 25.191913544579446, 212.06764726900795,13.808444350089013, 302.08493156058364, 23.39348356310759, 263.2034203696601, 18.396211120891746, 258.7451783134743,30.205448942472067, 33.20585088961737, 66.84746505265971, 652.0948296668329, -147.84431847483603, 444.06325599665206, -139.20495037314384, 652.0948296668329, -147.84431847483603,0, 831.8606377965483, 664.3867286237885, 167.47390917275982, 261.77827718054067,0.0, 0.0, 0.0, 0.0, 0.25,18.1875, 20.0625, 24.4375, 26.625, 28.6875,0.0, 1.25, 2.5, 2.625, 3.0625, 4.447368621826172,-4.043365478515625, 444.75, 474.875
0, 340.0, 1416, 1412, 1776, 1772, 0.17853741455078126,-1.1090996741119306, -1.3162236543698236, -0.017526661800220607, 2.5325790350897295,0.00042942082278841554, 0.00024331652515229506, 0.0004992668368413433, -0.0003200180466046731, -0.00020616842395838832,387.6921691894531, 19.46198580971708, 376.6250305175781, 386.8750305175781, 1506, 1547,386.6250305175781, 356.8750305175781, 1546, 1427, 19.283193588256836, 225.08242706452637, 14.28269547942938, 244.47310003550186, 25.53796752878528, 214.38147353398475,13.856524884989582, 299.24659180947145, 20.34766231905777, 262.4081951049738, 21.767277210674084, 256.17004673221777,27.130109795558603, 27.483443559007174, 90.10773325263587, 664.9846116872246, -166.41244935943791, 370.867688220176, -147.28449231635176, 664.9846116872246, -166.41244935943791,0, 838.672306184937, 650.3501603824812, 188.3221458024558, 237.29504342537228,0.0, 0.0, 0.0, 0.0, 0.0,20.125, 20.75, 23.75, 27.9375, 28.25,0.0625, 0.875, 1.0, 0.875, 0.875, 3.984210729598999,-4.405609130859375, 387.3125, 438.125
0, 345.0, 1462, 1434, 1822, 1794, 0.10066311645507812,-0.039888504383852705, -0.032959994495613425, 0.10033181565231644, 1.3356014875939581,9.95505685932585e-05, -0.00047804350875594535, -0.0004324168977291265, -0.0008805229234354783, -0.0008806661060907573,227.71434020996094, 7.98234629735198, 388.1250305175781, 392.3750305175781, 1552, 1569,398.1250305175781, 362.3750305175781, 1592, 1449, 19.15312385559082, 222.780489389692, 15.229909819697982, 244.35110866831405, 24.78374705310854, 209.7232716663749,16.136838242289244, 298.4867059435509, 22.946058146935624, 257.02931185056207, 22.152215674824102, 283.05624309898155,37.62806317978156, 38.016285662860824, 57.65622413429986, 518.4291023152377, -191.67086465198844, 332.96874443691775, -153.66245323645325, 518.4291023152377, -191.67086465198844,0, 828.7368521548212, 659.2087031357424, 169.5281490190788, 273.45577423206936,0.0, 0.0, 0.0, 0.0, 0.0,17.0625, 14.5625, 17.625, 17.375, 17.125,0.0, 0.0625, 0.1875, 0.125, 0.0, 0.40526318550109863,-4.0465087890625, 181.125, 389.4375
0, 350.0, 1464, 1454, 1824, 1814, 0.15361375427246093,-1.2137517806666436, -1.6574925210035873, -1.1336030548764393, 1.3546351273858452,-0.0005143673624286294, -0.0003119793790847325, 0.000271928839206339, -0.0003599458336339012, -0.0008851383198361873,288.8698425292969, 5.825845010573247, 388.6250305175781, 397.3750305175781, 1554, 1589,398.6250305175781, 367.3750305175781, 1594, 1469, 17.776378631591797, 225.35159115933826, 14.2326708176925, 249.33633111650752, 23.27939720682418, 210.96140596404166,14.14334574132441, 300.37107317328736, 21.85326788177506, 255.59590103058648, 23.379657512118737, 253.57503930047648,19.16579422374552, 23.323515977960035, 71.70423189945609, 448.4375296088842, -182.99845985981455, 319.7506652028766, -166.73749836526488, 448.4375296088842, -182.99845985981455,0, 821.9270856861513, 645.9378693197176, 175.98921636643365, 271.84453796044403,0.0, 0.0, 0.0, 0.0, 0.0,16.25, 13.0625, 11.75, 12.6875, 13.875,0.0, 0.375, 0.3125, 0.0625, 0.0625, 3.994737148284912,-4.388275146484375, 230.9375, 301.0
0, 355.0, 1490, 1470, 1850, 1830, 0.20419308471679687,-1.038794927423587, -1.5130039690854027, -0.9789173312659841, 0.6946472798401374,-0.00033164785581220714, 0.00017648629915584024, 0.000663480703822188, -0.0014035026588180698, -0.0008623356822499772,173.02108764648438, 5.287688957118462, 395.1250305175781, 401.3750305175781, 1580, 1605,405.1250305175781, 371.3750305175781, 1620, 1485, 19.102014541625977, 224.25168481615606, 15.596116304450048, 246.3981210740654, 24.475194051257994, 210.352348211143,12.318690311546138, 307.8286561997008, 20.983856444260553, 258.0344424888211, 19.78438591493723, 250.2031524921596,0.0, 3.5539101481169513, 82.83497634305381, 371.70485719399113, -201.14131747345598, 259.8216838618851, -181.23309205962005, 371.70485719399113, -201.14131747345598,0, 812.4191988636728, 641.7143834303012, 170.70481543337166, 312.78624839963703,0.0, 0.0, 0.0, 0.0, 0.0,13.25, 8.875, 7.9375, 7.4375, 10.125,0.0, 0.0625, 0.125, 0.1875, 0.1875, 1.3421056270599365,-3.316558837890625, 153.25, 195.625
0, 360.0, 1527, 1482, 1887, 1842, 0.27574777221679686,-0.6121463925018906, -1.0360479418525939, -0.9844405010709306, 0.2091273163992446,-0.0002474645416259591, -0.0004268200722185611, -7.671043374784858e-05, -0.001242252956055836, -0.0019088434258219423,38.72307205200195, 1.3827961108120521, 404.3750305175781, 404.3750305175781, 1617, 1617,414.3750305175781, 374.3750305175781, 1657, 1497, 19.254749298095703, 224.13738843058508, 16.05677708638321, 246.38293556270247, 24.41660598494002, 209.72149852024262,13.395949643056543, 304.3299737596318, 22.23055850541394, 259.0688199971062, 17.65906638855506, 278.02038560506617,7.118892439432969, 7.172925361046145, 78.5795647971139, 350.29875969148424, -210.15031584190586, 238.8390194563791, -179.90006399979262, 350.29875969148424, -210.15031584190586,0, 811.9130723135628, 625.8469157952612, 186.06615651830157, 329.03082109872264,0.0, 0.0, 0.0, 0.0, 0.0,7.8125, 6.125, 4.875, 5.0625, 5.0,0.0, 0.0, 0.0, 0.0625, 0.0, 1.5789473056793213,-3.3994140625, 91.0, 131.5625
0, 365.0, 1566, 1499, 1926, 1859, 0.3172909240722656,-0.12337998638948193, -0.4611086688085927, -0.6232689183147159, 0.22120133534714115,-0.00051445177375399, -0.0004176109044374243, -4.795017265905699e-05, -0.0003923826268678, -0.0019125138476238134,22.171916961669922, 0.5824786493079256, 414.1250305175781, 408.6250305175781, 1656, 1634,424.1250305175781, 378.6250305175781, 1696, 1514, 19.673736572265625, 225.90181753849612, 16.052569190205993, 247.19966868959494, 25.078412952595027, 212.45792132920678,13.44854611985645, 304.37177451735226, 21.53027679309025, 261.3502807648089, 16.956059744955382, 293.846548629011,26.76765774762405, 27.111706328110238, 79.72532516258939, 252.7184091039226, -202.05346246291154, 178.6250961344693, -188.38002849626963, 252.7184091039226, -202.05346246291154,0, 792.7967058258987, 608.5841494194718, 184.21255640642687, 350.0716668312214,0.0, 0.0, 0.0, 0.0, 0.0,7.8125, 4.75, 4.625, 4.375, 3.5625,0.0, 0.0, 0.0, 0.0, 0.0, 0.0,-2.76641845703125, 42.875, 94.6875
0, 370.0, 1588, 1512, 1948, 1872, 0.3122294921875,-0.28128463861095954, -0.6565648391912691, -0.4774048714534729, -0.068592401946662,-0.00029450847783323296, -8.251773826941644e-05, 0.0002814938041615278, -0.0009819817566670964, -0.0015657468738163515,14.671615600585938, 0.277858894925107, 419.6250305175781, 411.8750305175781, 1678, 1647,429.6250305175781, 381.8750305175781, 1718, 1527, 19.647878646850586, 227.15484306249164, 17.22865504771201, 249.40200272083652, 24.243591885376077, 211.5469044527749,10.398506258690183, 312.1168265455532, 21.035689513681916, 265.33046422060704, 13.747906245742287, 294.0449656243999,1.287137657854558, 3.7121757727104043, 87.11489356288932, 196.60539782028883, -185.60781486080177, 170.22223113466958, -180.8004011412919, 198.78229384955947, -185.21140788513483,0, 779.7418751460087, 605.5614790842194, 174.18039606178934, 363.9318918737801,0.0, 0.0, 0.0, 0.0, 0.0,6.0, 4.1875, 3.875, 2.875, 2.6875,0.0, 0.0, 0.0, 0.0, 0.0, 0.0,-2.23675537109375, 26.1875, 37.5
0, 375.0, 1595, 1465, 1955, 1825, 0.21521072387695314,0.1248002690562862, 0.16546227141385317, -0.33916125978459605, -0.13872848707746016,4.5991184981630796e-05, -2.0527333106201695e-05, -0.0002941821212903051, 4.9382940005671117e-05, 0.001554451900831282,17.471240997314453, 0.6328398261432358, 421.3750305175781, 400.1250305175781, 1685, 1600,431.3750305175781, 370.1250305175781, 1725, 1480, 20.271499633789062, 230.95397186377116, 16.55107327426951, 251.4328870005237, 25.698819328952908, 217.93194462077795,10.885700401797376, 291.92607701932184, 18.925333161144717, 281.51022978034916, 21.90221955697983, 286.6793579253498,93.94509020025889, 103.4586261100482, 146.97967815214787, 183.05694926672723, -201.47712100394224, 88.92005123289509, -202.03338476373796, 183.05694926672723, -201.47712100394224,0, 780.6263993120726, 601.3890031062084, 179.23739620586423, 350.22853851723465,0.0, 0.0, 0.0, 0.0, 0.0,3.4375, 3.5625, 4.375, 2.8125, 2.625,0.0, 0.0, 0.0, 0.0, 0.0, 0.0,-1.849151611328125, 20.0625, 1.625
0, 380.0, 1615, 1525, 1975, 1885, 0.31785711669921873,0.06918692390201614, -0.011712278294580755, 0.04857295529393014, -0.3123452516563702,-0.00020057223165110828, -5.715177869319632e-05, -2.7189694539515584e-05, -0.0017815624838704025, 0.0008481955599930302,26.50765609741211, 0.6913208336830683, 426.3750305175781, 415.1250305175781, 1705, 1660,436.3750305175781, 385.1250305175781, 1745, 1540, 19.701292037963867, 229.43163198080205, 14.070947686127255, 246.54549402995872, 26.282888205100264, 220.3673231489378,10.808443843154981, 304.20597850543936, 20.737215612132708, 270.91100562253996, 17.803335624121438, 273.48754422276556,38.32871991750558, 50.65544895778317, 97.16675947467874, 171.96147958058984, -214.04596358061156, 136.56828143949394, -211.40478915131473, 171.96147958058984, -214.04596358061156,0, 774.4001802380496, 574.2978677599513, 200.10231247809838, 367.75939652133,0.0, 0.0, 0.0, 0.0, 0.0,3.25, 1.9375, 1.625, 1.5, 1.3125,0.0, 0.0, 0.0, 0.0, 0.0, 0.8999999761581421,-1.4193115234375, 6.1875, 0.0
0, 385.0, 1604, 1531, 1964, 1891, 0.30634848022460937,0.3201449953424162, 0.3394953273254214, -0.315223861457489, -0.2500012858076661,-0.00018296032733530865, -0.000229911534652274, -0.00033613569719591395, -0.0012894842035802868, -0.00019464999418971729,13.62973690032959, 0.698620441396206, 423.6250305175781, 416.6250305175781, 1694, 1666,433.6250305175781, 386.6250305175781, 1734, 1546, 20.14653205871582, 227.63858438026864, 15.731038968879014, 247.2456986916071, 26.01537970397652, 215.9312582418654,7.037843450047684, 294.7212499748795, 19.979525487578748, 272.6031576686539, 19.920840978709432, 281.84037380407085,49.145791800317035, 56.00166741405644, 107.65323600831499, 161.6915356648307, -222.91104675956078, 135.09512243684085, -223.935353307652, 161.6915356648307, -222.91104675956078,0, 771.5926188591943, 593.7944500845614, 177.79816877463293, 376.2330092282623,0.0, 0.0, 0.0, 0.0, 0.0,4.1875, 2.125, 1.5625, 1.1875, 0.1875,0.0, 0.0, 0.0, 0.0, 0.0, 0.0,-1.5757343769073486, 14.625, 0.0
0, 390.0, 1690, 1490, 2050, 1850, 0.5110058288574219,0.07712503618124174, 0.1413707331603291, -0.2134566763328621, -0.09436194731970318,3.421080575662927e-05, 6.624080253459397e-05, -0.00011803894297827355, 3.9589787638760755e-05, 7.76209392819283e-05,29.463109970092773, 0.8582285461669873, 445.1250305175781, 406.3750305175781, 1780, 1625,455.1250305175781, 376.3750305175781, 1820, 1505, 20.585939407348633, 229.79132340287325, 15.309276903867714, 247.0582905258925, 26.938593601880978, 220.07988657216686,12.502148204896768, 297.49403357033793, 22.505445185245435, 283.50618864074534, 16.98162084527031, 288.34487223370076,92.3096406388789, 98.2460451469487, 164.38206576367816, 311.6661040090405, -257.28356814652267, 8.933108506023592, -318.69173843626766, 311.6661040090405, -257.28356814652267,0, 805.4551655287935, 595.343268285803, 210.1118972429905, 303.668218845238,0.0, 0.0, 0.0, 0.0, 0.0,0.5, 0.125, 0.6875, 1.125, 0.375,0.0, 0.0, 0.0, 0.0, 0.0, 0.0,0.964111328125, 0.0, 0.0
0, 395.0, 1745, 1485, 2105, 1845, 0.567252197265625,0.2485645016527269, 0.25016962105743007, -0.33097909757518207, -0.5485583842830966,-0.00012547920755878294, 8.429060108255726e-05, -0.00012341969116505425, 0.000414997906229928, -0.0011729885669251416,12.588780403137207, 0.5633276068094427, 458.8750305175781, 405.1250305175781, 1835, 1620,468.8750305175781, 375.1250305175781, 1875, 1500, 21.03866958618164, 232.8175753184308, 14.326126156621497, 243.87547698533666, 28.151613228943713, 227.2162548400989,11.552361901420436, 272.5482292873487, 24.482728472939414, 273.22385793966805, 18.217795781817447, 298.51602111546856,94.27494963929502, 102.61955127052383, 178.36216438808736, 239.77825605491904, -193.81522250998512, 94.18401481587821, -217.15043639984202, 239.77825605491904, -193.81522250998512,0, 799.4254718566154, 587.8506309653089, 211.5748408913065, 319.35202558942234,0.0, 0.0, 0.0, 0.0, 0.0,0.5, 0.375, 0.6875, 0.8125, 0.5,0.0, 0.0, 0.0, 0.0, 0.0, 0.0,0.9917717576026917, 0.0, 0.0
0, 400.0, 1766, 1498, 2126, 1858, 0.6258076782226563,0.23003313739813164, 0.13710016499244376, -0.3768319196973607, -0.6533804508298635,0.00010520515709686151, -6.958932687211927e-05, -0.00010653039128783349, 0.000456989096826419, -0.0009006384622966834,10.852197647094727, 0.4731199881645808, 464.1250305175781, 408.3750305175781, 1856, 1633,474.1250305175781, 378.3750305175781, 1896, 1513, 20.18544578552246, 232.39296977848778, 14.275792079116894, 248.02826657466213, 26.899930686360104, 224.16971098630617,12.684443297023147, 277.6549158429571, 23.344739049719315, 272.8252207789494, 16.685134138396442, 297.4719583989404,93.51434755233188, 122.2845263958027, 182.11590857325018, 293.0225850294011, -198.86558617591257, 28.23727227878388, -269.87896813389267, 293.0225850294011, -198.86558617591257,0, 808.7337867417319, 583.3995679578551, 225.33421878387685, 300.6631960419667,0.0, 0.0, 0.0, 0.0, 0.0,0.9375, 0.0625, 1.0625, 0.875, 0.5,0.0, 0.0, 0.0, 0.0, 0.0, 0.0,1.111567497253418, 0.0, 0.0
0, 405.0, 1990, 1417, 2350, 1777, 0.607135498046875,0.0005759127420606092, 0.22483260931971016, 0.6574548555503132, 0.9516686123388355,-7.756420671285014e-05, 8.571491683198929e-05, 8.741564314505013e-05, 0.00011015631654458957, 0.0008870368328007316,9.439924240112305, 1.9669768611263139, 520.125, 388.1250305175781, 2080, 1552,530.125, 358.1250305175781, 2120, 1432, 20.480730056762695, 233.9269073226676, 14.949530909115895, 250.57088756268857, 26.980218685861942, 224.79515239989703,11.571232121473592, 249.27404185936277, 24.397924301486015, 294.49529365675716, 14.217450208093332, 257.6186752136641,77.71766299974092, 166.77577160290704, 406.30803169406414, 140.8815370924711, -338.5065704418781, 86.56711583046983, -393.1300840623238, 160.4383127338457, -306.8935150830908,0, 837.8145943079766, 520.0558855172978, 317.7587087906787, 326.18515465952663,0.0, 0.0, 0.0, 0.0, 0.0,0.0, 0.0, 0.0, 0.0, 0.0,0.0, 0.0, 0.0, 0.0, 0.0, 0.0,-1.4628716707229614, 5.6875, 0.0
0, 410.0, 1959, 1447, 2319, 1807, 0.5298023071289063,-0.3276502339114086, -0.09976177385949996, 0.3400951255229302, 0.7641623033788347,-0.00019290902761554207, -0.00010403498853918336, -0.0003441149206656746, -0.00021801831664390646, -9.524089446131257e-05,10.457008361816406, 1.5147330371005479, 512.375, 395.6250305175781, 2049, 1582,522.375, 365.6250305175781, 2089, 1462, 22.969484329223633, 231.39293446134954, 17.861027846145127, 246.97420933117178, 29.132079236913665, 221.9141057592662,13.32923535089373, 255.1225689211046, 22.32209374047256, 274.85012598104805, 21.325154028722665, 273.02805007654206,124.27970440271784, 212.35888311751458, 330.50875925782054, 131.82618050285407, -404.70348414726544, 46.64044978746147, -449.3806282941751, 144.52427470219854, -380.4297348824602,0, 832.1515180039885, 558.3474830668976, 273.80403493709093, 359.38670080484303,0.0, 0.0, 0.0, 0.0, 0.0,0.0, 0.0, 0.0, 0.0, 0.0,0.0, 0.0, 0.0, 0.0, 0.0, 0.0,-1.496880292892456, 7.75, 0.0
0, 415.0, 2048, 1457, 2399, 1999, 0.17227777099609376,0.04129240034068061, 0.3177401051629567, 0.8290250935603398, 0.48025612343713875,-2.8999720939850703e-05, 1.7899511007044567e-05, 0.00018822609826514737, -8.48894713141135e-05, 0.0007343912510077644,11.297348022460938, 2.0030974573941527, 534.625, 398.1250305175781, 2138, 1592,544.625, 368.1250305175781, 2178, 1472, 23.446218490600586, 231.755166713792, 18.42678675696294, 247.16290649100998, 29.536482564144602, 222.21422595767612,10.334061292261152, 227.91818500413228, 19.848710463208423, 278.44413054117376, 16.52552553516922, 265.55494521786875,72.71465380217732, 153.8567392863677, 251.99207424608784, 130.8819836785603, -393.30662864061594, 125.53683309359292, -381.09352571091125, 151.70818580632425, -354.37237763254365,0, 834.3984535400449, 516.5754812940427, 317.8229722460022, 342.20085045482807,0.0, 0.0, 0.0, 0.0, 0.0,0.0, 0.0, 0.0, 0.0, 0.0,0.0, 0.0, 0.0, 0.0, 0.0, 0.0,-1.1722277402877808, 1.0625, 0.0
0, 420.0, 2035, 1481, 2395, 1841, 0.30952838134765626,0.3154193952306378, 0.47303123061661606, 0.5654970452192356, 0.6835301645699654,3.5082034190168085e-05, 0.00035934806572356586, 0.00040908813786984406, -0.00032158532346102217, 0.0006059158169148304,10.550668716430664, 1.8299064067427475, 531.375, 404.1250305175781, 2125, 1616,541.375, 374.1250305175781, 2165, 1496, 20.832233428955078, 230.40247506942765, 16.950371415810693, 250.0653747687897, 26.32771840433237, 217.89089043895706,11.631942307048778, 250.1930164914313, 22.176832027238916, 281.93717124498835, 20.341528632877903, 268.9990544464693,98.61247180999531, 174.58590828097803, 258.93267169407034, 107.38001610318483, -408.6401467759342, 73.44302108712299, -430.9653781448946, 123.46282631586222, -365.21907388690227,0, 829.9191957469608, 537.4157088652678, 292.503486881693, 361.36351154467,0.0, 0.0, 0.0, 0.0, 0.0,0.0, 0.0, 0.0, 0.0, 0.0,0.0, 0.0, 0.0, 0.0, 0.0, 0.0,-0.5123578310012817, 0.0, 0.0
0, 425.0, 1962, 1442, 2322, 1802, 0.5269238891601563,-0.2920442983866087, -0.1920548851368949, 0.5902817566567683, 0.8285365203773837,-0.00013298609745817202, -0.00027377773858063394, -0.0003123840213044104, -0.0005064645865297734, 0.0003551964303625254,6.660584449768066, 1.0383938360736198, 513.125, 394.3750305175781, 2052, 1577,523.125, 364.3750305175781, 2092, 1457, 21.74628448486328, 230.76215283112052, 16.906562179477092, 247.94707791954994, 27.79334398029926, 220.4084105088111,12.79942109934314, 255.18951843534907, 18.446600314482705, 272.5252935121158, 25.79756795187618, 278.4027805759385,101.44198516085639, 192.02166785784488, 302.17320854149267, 72.07536533027049, -429.015576573361, 29.167438826442616, -464.0708050990852, 94.34109641720987, -394.7260138088486,0, 830.7478883532978, 529.6044927598413, 301.1433955934565, 374.7566663974431,0.0, 0.0, 0.0, 0.0, 0.0,0.0, 0.0, 0.0, 0.0, 0.0,0.0, 0.0, 0.0, 0.0, 0.0, 0.0,-1.5146822929382324, 11.125, 0.0
0, 430.0, 2091, 1515, 2399, 1999, 0.252053466796875,0.1627939551055897, 0.3093018056756409, 0.5105315965530463, 0.36856271144177305,2.1306322796590394e-05, 4.773738635549307e-05, 0.0005091015413069044, -0.00023295329371194384, 0.000699538447672694,10.024249076843262, 1.4464451009737849, 545.375, 412.6250305175781, 2181, 1650,555.375, 382.6250305175781, 2221, 1530, 22.427040100097656, 231.46007522089076, 17.20441751180121, 247.2104527458921, 28.678428304737697, 222.0881255204066,11.914070734825406, 249.19325438185984, 21.219761367245226, 277.8583871783318, 17.089605971312178, 247.48746927816254,102.86540219214625, 175.5204274721099, 241.87157064498874, 121.6185179071708, -448.99390873864365, 101.57763076421686, -458.78027922178404, 158.57626335854852, -385.2554908751147,0, 836.8156843426123, 530.4805198659157, 306.3351644766966, 362.1168832037587,0.0, 0.0, 0.0, 0.0, 0.0,0.0, 0.0, 0.0, 0.0, 0.0,0.0, 0.0, 0.0, 0.0, 0.0, 0.0,-0.16560034453868866, 0.0, 0.0
0, 435.0, 2101, 1511, 2399, 1999, 0.2519068298339844,0.14249633424566127, 0.20051162039817427, 0.6268471320299432, 0.527764478593017,-6.319872299229701e-05, 0.00018082005172402659, 0.000581718330778358, -0.0003336618835459149, 0.0006696495992144946,8.069686889648438, 1.1929837100943224, 547.875, 411.6250305175781, 2191, 1646,557.875, 381.6250305175781, 2231, 1526, 20.970409393310547, 229.695536829953, 16.310475184368414, 247.979053756636, 26.944100342206927, 218.74808626597007,11.19878818197465, 243.2178633864742, 19.791836719567115, 282.639451295449, 23.908460617155587, 272.56654785470266,98.86915355719853, 165.45432674435153, 263.4189713480004, 107.75494764095566, -388.36493544066366, 102.88957674708244, -381.04691458859764, 164.68999593273043, -316.06464936513845,0, 840.2787418882174, 537.8472642557383, 302.4314776324791, 354.87317599402087,0.0, 0.0, 0.0, 0.0, 0.0,0.0, 0.0, 0.0, 0.0, 0.0,0.0, 0.0, 0.0, 0.0, 0.0, 0.0,-0.15427842736244202, 0.0, 0.0
0, 440.0, 2186, 1428, 2399, 1999, 0.010541691780090331,-0.08534289485462068, -0.07848227114231121, 0.16717995127473842, -0.2331542659160914,-1.883602570273979e-07, -7.190973149079127e-05, -4.6336805775979426e-05, -0.0001272156261723012, 0.00028248882715615765,5.8076677322387695, 0.32601076413077407, 569.125, 390.8750305175781, 2276, 1563,579.125, 360.8750305175781, 2316, 1443, 20.995071411132812, 228.68251049301338, 17.218683835716032, 248.3050675755435, 26.412175775110793, 216.03630183996066,12.502026306912732, 214.14310046718558, 22.061690393855134, 261.9490697889655, 20.655531907750582, 241.66571655796713,107.02644455785742, 179.01190559042516, 312.18374235556695, 36.71497882511804, -384.0365450652369, 66.15850714108142, -332.4656173303159, 95.27652569918784, -271.78297023893333,0, 841.3580829822157, 477.2085000053306, 364.1495829768851, 377.17826947419616,0.0, 0.0, 0.0, 0.0, 0.0,0.0, 0.0, 0.0, 0.0, 0.0,0.0, 0.0, 0.0, 0.0, 0.0, 0.0,-0.43755075335502625, 0.0, 0.0
0, 445.0, 2209, 1445, 2399, 1999, 0.0030182790756225586,-0.014518703884750725, -0.02006163058380479, 0.15824081261089304, -0.3764146904199151,2.861572503888965e-05, 8.059408563212855e-05, -8.714134734759682e-06, -6.042132082370699e-05, 0.00041876573817262397,5.612603187561035, 0.40296833846988256, 574.875, 395.1250305175781, 2299, 1580,584.875, 365.1250305175781, 2339, 1460, 18.65363311767578, 229.87948748467977, 16.368418849634455, 253.46866089750853, 23.248460434726702, 213.5148415925422,12.329901438313296, 219.87304178455764, 20.967422909438152, 269.3191171109761, 20.146065411653822, 243.43350611894985,107.12709698047776, 185.66142783679658, 328.5765046304353, 35.50768392145799, -386.23347222495613, 69.45843122555003, -322.6193669901289, 108.12566459599252, -269.59425975274496,0, 842.8153576033534, 478.01322246657224, 364.80213513678115, 379.58200810252305,0.0, 0.0, 0.0, 0.0, 0.0,0.0, 0.0, 0.0, 0.0, 0.0,0.0, 0.0, 0.0, 0.0, 0.0, 0.0,-0.5050662159919739, 0.0, 0.0
0, 450.0, 2239, 1449, 2399, 1999, 0.0,0.08687612106114101, 0.14408600864117033, 0.401727403528057, -0.23013120583014832,5.173595376447792e-05, 7.449789618419799e-05, 5.2144879781153014e-05, -2.6706351682719287e-05, 0.0003380214000048909,5.261026859283447, 0.35371065520175626, 582.375, 396.1250305175781, 2329, 1584,592.375, 366.1250305175781, 2369, 1464, 18.795333862304688, 229.7856133647271, 16.909387481372544, 253.27965906670207, 23.088997104905566, 212.8104639715308,12.773460330911202, 221.3351803801823, 20.771714042650302, 269.19779929093835, 19.812130560951857, 244.60471963706695,120.08338854379176, 194.5184956256552, 321.4221219805576, 31.963192777078664, -400.805217340709, 72.678736829725, -325.947111647676, 113.64106916895541, -272.0073697156242,0, 844.0879637813864, 472.7698844589724, 371.318079322414, 376.6568357907348,0.0, 0.0, 0.0, 0.0, 0.0,0.0, 0.0, 0.0, 0.0, 0.0,0.0, 0.0, 0.0, 0.0, 0.0, 0.0,-0.3339007496833801, 0.0, 0.0
0, 455.0, 2262, 1483, 2399, 1999, 0.0,0.01531562235682941, 0.008197688561631366, -0.027429341672104784, -0.4587710206006886,-5.508541937842892e-05, 2.400373627551744e-05, 1.6128507687085404e-05, -8.594191095170345e-06, 0.000493330709628026,8.84654426574707, 0.2369477953597141, 588.125, 404.6250305175781, 2352, 1618,598.125, 374.6250305175781, 2392, 1498, 18.67847442626953, 229.5558184802912, 16.590810187900775, 253.16846242125925, 23.130409737823182, 212.859169895521,12.323833465183004, 225.92271791735638, 21.75478502037602, 272.3269038374836, 19.910004663286234, 245.08303778464293,118.62988344465276, 193.93523602365096, 332.43575199110563, 29.323053169356257, -399.0541683346163, 72.77122550946235, -320.84852044651524, 124.33994741581385, -256.4330335405059,0, 845.8190587209001, 478.27175783957625, 367.54730088132385, 380.84702930356207,0.0, 0.0, 0.0, 0.0, 0.0,0.0, 0.0, 0.0, 0.0, 0.0,0.0, 0.0, 0.0, 0.0, 0.0, 0.0,0.05363079160451889, 0.0, 0.0