BSS_CS_CTL: UH_Thresh: 150.0, u_rad: 5.0, track_on: 100.0 min
Mode, Time, x1, y1, x2, y2, zs_surface, w500m, w1km, w3km, w5km,zvort_suf, zvort500m, zvort1km, zvort3km, zvort5km,UH_Max, UH_Area, UH_X, UH_Y, UHi, UHj,SX, SY, SXi, SYj, meanWnd, meanWnd_dir, rm, rm_dir, lm, lm_dir,shear1km, shear1km_dir, shear3km, shear3km_dir, shear6km, shear6km_dir,srh500m, srh1km, srh3km, sbcape, sbcin, mlcape, mlcin, mucape, mucin,3CAPE, LCL, LFC, LFC-LCL, EL,wA500m, wA1km, wA3km, wA5km, wA8km,zA500m, zA1km, zA3km, zA5km, zA8km,wzA500m, wzA1km, wzA3km, wzA5km, wzA8km, meso_depth, CP_Min, CP_area
bool, min, idx, idx, idx, idx, km,ms^-1, ms^-1, ms^-1, ms^-1,s^-1, s^-1, s^-1, s^-1, s^-1,m^2s^-2, m^2s^-2, km, km, idx, idx,km, km, idx, idx, ms^-1, deg, ms^-1, deg, ms^-1, deg,ms^-1, deg, ms^-1, deg, ms^-1, deg,m^2s^-2, m^2s^-2, m^2s^-2, Jkg^-1, Jkg^-1, Jkg^-1, Jkg^-1, Jkg^-1, Jkg^-1,Jkg^-1, hPa, hPa, hPa, hPa,km^2, km^2, km^2, km^2, km^2,km^2, km^2, km^2, km^2, km^2,km^2, km^2, km^2, km^2, km^2, km, K, km^2
0, 0.0, -90, -135, 270, 225, 0.04999999701976776,0.0, 0.0, 0.0, 0.0,0.0, 0.0, 0.0, 0.0, 0.0,0.0, 0.0, 0.125, 0.125, 0, 0,10.125000953674316, 370.1250305175781, 40, -120, 19.390684127807617, 230.43500043025526, 16.0638862961149, 252.3906313641091, 24.626180879999158, 216.31869919605842,12.021819952169913, 223.7749376120892, 18.66277498659784, 247.15434729196267, 24.648991390164845, 260.40886213112765,92.17714031142687, 158.3197809758656, 245.0483470288113, 1758.8913667982686, -6.9149529059007495, 1205.227956079591, -26.842075837205865, 1758.8913667982686, -6.9149529059007495,67.75510403406665, 906.1570915174048, 875.7034615265734, 30.45362999083136, 190.33294903025677,0.0, 0.0, 0.0, 0.0, 0.0,0.0, 0.0, 0.0, 0.0, 0.0,0.0, 0.0, 0.0, 0.0, 0.0, 0.0,0.0, 0.0
0, 5.0, 166, 497, 526, 857, 0.04999999701976776,1.8744052024930715, 3.216264040619135, 4.2121855193376545, 2.5614549550414085,-2.412174032194514e-05, -0.00017045092650192823, -0.00016604197515505349, 8.806063119436658e-05, 5.314613595643891e-05,3.6973366737365723, 1.8867293017008344, 64.125, 158.125, 256, 632,74.125, 128.125, 296, 512, 19.39069175720215, 230.43490480760687, 16.063874079078353, 252.3905083118198, 24.626201137460413, 216.31864569931702,12.670939194807023, 223.46834408062566, 33.63030643090248, 265.1995158338396, 38.046515173901916, 270.08766729922996,183.2442895491307, 303.63396416686464, 604.0930248790718, 1874.587250331662, -5.354467844486121, 1320.385836521479, -20.120499912983693, 1874.587250331662, -5.354467844486121,100.6857647722648, 906.065898548291, 888.2564224912742, 17.80947605701681, 189.95047527154222,0.0, 0.0, 0.0, 0.0, 0.0,0.0, 0.0, 0.0, 0.0, 0.0,0.0, 0.0, 0.0, 0.0, 0.0, 0.0,-0.050944603979587555, 0.0
0, 10.0, 190, 563, 550, 923, 0.04999999701976776,2.758870938140899, 3.781787117496133, 6.492865296630194, 2.182792642498389,0.0008275477598206748, 0.0006885806486866386, 0.0005091461032350253, 4.8252921517359936e-05, 3.1243177749900043e-05,13.794951438903809, 6.294055017679227, 70.125, 174.62501525878906, 280, 698,80.125, 144.625, 320, 578, 19.59827995300293, 220.72635097794569, 13.771224128488733, 237.25136009127067, 26.287611445763233, 212.1570539849489,41.29206337989301, 268.7341523896995, 48.39963973598827, 273.275480509415, 50.15589489717549, 276.3199143885431,325.9215274584658, 540.0938243049677, 680.4608198102516, 7.281733884954578, -233.6293416378832, 128.5060793612162, -219.2521104499429, 181.16434584364524, -210.8358875412084,0, 757.8542456012004, 532.413449405508, 225.44079619569243, 368.99692737834334,0.0, 0.0, 0.0, 0.9375, 10.0625,1.0625, 3.875, 11.1875, 13.375, 8.625,0.0, 0.0, 0.25, 2.1875, 6.5, 0.0,-0.31495437026023865, 0.0
0, 15.0, 251, 608, 611, 968, 0.04999999701976776,-1.2583473661669997, -1.50159490086604, -0.47235695304581893, 2.2630704558687285,-0.0008515092992985273, 2.0083969195638928e-06, 6.867623076232121e-06, 0.00026635137405094155, -1.8883264600333405e-06,43.87625503540039, 8.24064666731756, 85.37500762939453, 185.87501525878906, 341, 743,95.37500762939453, 155.875, 381, 623, 21.31827163696289, 223.59625986340166, 15.100848531291241, 237.02137316772226, 28.167388239997187, 216.44604277746095,12.610709328434732, 225.51212792559022, 22.120313597221223, 252.56392541650447, 26.07239495628396, 262.46881986404685,82.06060937069094, 132.93156479328195, 212.83639568491205, 1693.0652071647257, -27.961804287341547, 1135.4883276398436, -83.90062527583109, 1693.0652071647257, -27.961804287341547,10.96490423826452, 905.8292358156896, 756.3293295260736, 149.49990628961598, 192.71890634145439,0.0, 0.0, 0.8125, 4.375, 24.375,15.125, 26.5, 40.6875, 51.3125, 49.125,0.625, 3.25, 8.125, 11.875, 12.75, 0.0,-0.006947207264602184, 0.0
0, 20.0, 183, 612, 543, 972, 0.04999999701976776,2.545658950430224, 3.8495053932571293, 4.845050499337958, 0.8588288720883429,0.0004510732781017168, -0.0003672696222565719, -0.0002075606168102695, -0.0005598755832841107, -3.5476244642040913e-06,96.04794311523438, 4.6574062955493, 68.375, 186.87501525878906, 273, 747,78.375, 156.875, 313, 627, 19.37002944946289, 232.43591800798882, 15.82382291109872, 254.1943685573154, 24.748792942765768, 218.72555135789884,34.374660581131074, 265.00868034842944, 64.58264136975536, 275.1098644148053, 58.64549013765829, 285.74106751830845,513.0741817883579, 912.0090716874003, 1500.4957333604502, 883.144695599163, -12.84240910851348, 560.7835091404643, -51.81696742753751, 1075.37202101373, -0.09167589361664419,7.8517556219577775, 844.5244631891348, 681.2402732071854, 163.28418998194945, 222.69669529673905,0.0, 0.125, 1.8125, 7.375, 12.8125,21.4375, 34.0, 47.1875, 60.4375, 69.0,1.375, 5.1875, 13.5, 23.125, 29.625, 1.9789472818374634,-0.10909353196620941, 0.0
0, 25.0, 191, 537, 551, 897, 0.04999999701976776,0.7060712572338524, 0.9889763544965535, 1.0740187499672174, -1.5272404444462153,0.0016499067116183142, 0.00045583763484501104, 0.00010426080812521832, -0.0005523150200679083, 4.549326614778693e-05,246.40296936035156, 5.904795027289274, 70.375, 168.12501525878906, 281, 672,80.37500762939453, 138.125, 321, 552, 25.01607322692871, 222.36876558652364, 17.80376093207349, 227.95642040454635, 32.3594492928005, 219.29789550527158,27.50413139442161, 269.99570198977926, 38.04746221459594, 294.23129318495785, 31.87635664160451, 296.0417850886314,323.0557376761627, 485.660720211663, 799.6226901548703, 225.74721990604817, -198.26278218541097, 282.76069992570507, -204.67167523082736, 409.063517339643, -43.35377442813948,0, 825.8537713382251, 471.6421163996766, 354.2116549385485, 237.41583905563465,0.0, 0.125, 3.3125, 15.0625, 32.25,30.0625, 44.6875, 66.6875, 77.5, 83.1875,2.0625, 10.8125, 16.9375, 24.0625, 32.3125, 0.8999999761581421,-0.3132365643978119, 0.0
0, 30.0, 224, 640, 584, 1000, 0.04999999701976776,-0.026422601736849172, 0.033148357674945145, -0.720848245001398, -2.218348654601723,-0.000638089932147068, -0.001304035923240008, -0.00103117512560857, -0.000787938706521345, -0.0001692716261896976,935.6913452148438, 19.229175249106927, 78.625, 193.87501525878906, 314, 775,88.62500762939453, 163.87501525878906, 354, 655, 25.227224349975586, 221.41886385789329, 17.89668911426977, 225.6946808096992, 32.63486302086912, 219.07555656554982,19.293417280028226, 233.8525812041195, 31.87266475739212, 254.83191705116388, 24.41581987457967, 267.71556627877555,71.79810943663338, 151.74594926940264, 312.62395164388886, 2046.5404936215764, -25.872069348949314, 1795.6498499679535, -40.81660730758616, 2046.5404936215764, -25.872069348949314,50.764401213728554, 905.229950622024, 834.9240588196844, 70.3058918023396, 174.44203340719275,0.0, 0.125, 3.5, 10.25, 21.0,58.6875, 90.625, 122.625, 144.0625, 150.375,2.375, 14.0, 23.8125, 34.1875, 43.75, 1.7473688125610352,-1.0994873046875, 46.0625
0, 35.0, 187, 641, 547, 1001, 0.04999999701976776,0.9216884740954265, 1.1834068193635903, 1.4249791977251882, -0.5363801351049915,0.000684310067217666, 0.0006669817137117207, -0.0002538530873971467, -0.0006433500106913925, 0.00046849932908088476,1206.16845703125, 50.309387626541344, 69.375, 194.12501525878906, 277, 776,79.375, 164.12501525878906, 317, 656, 21.783672332763672, 224.07553423746143, 17.607882802754332, 242.37924563837774, 27.413851516374443, 212.43818054888374,27.15195493767798, 277.5611510060312, 31.919313641624488, 296.3141457119749, 35.94999927471894, 292.68723330042803,315.7367898355767, 458.22586960893534, 589.3880370952313, 381.4348362184148, -144.08056337327784, 387.4179625343388, -131.57649160565575, 437.51511844146415, -94.58290504110984,0, 891.3980697859646, 616.6281744158447, 274.7698953701199, 246.128906770082,0.0, 0.0, 0.3125, 1.5625, 4.375,68.375, 95.0625, 118.4375, 137.875, 153.4375,0.125, 4.25, 9.1875, 12.125, 17.25, 2.1157894134521484,-0.831817626953125, 0.0
0, 40.0, 200, 654, 560, 1014, 0.04999999701976776,0.7389829847728834, 0.8989157204586081, 0.7200795857049525, 0.17948712821118534,0.0008197083963614204, 0.00013698401091460254, 4.396328980874387e-05, 0.00032806353517116803, 8.962813109690168e-05,2260.904541015625, 48.392922780228645, 72.625, 197.37501525878906, 290, 789,82.62500762939453, 167.37501525878906, 330, 669, 23.545040130615234, 225.50811177435824, 16.270542935954932, 230.8532843617697, 30.927451661981667, 222.69903669413424,23.695283761140594, 287.6291640313318, 31.580733138107927, 307.5944353526827, 36.25944322724148, 300.2444414660753,196.7207176083823, 362.7048283571204, 502.7259131624113, 659.7055786575464, -36.371795469367065, 660.1549067267213, -33.394669068756, 715.1314620434556, -9.713884501940111,0.010034772596272723, 890.5447035291281, 646.013431200222, 244.53127232890608, 228.37251162126353,0.0, 0.0, 0.0, 0.0625, 0.9375,57.25, 73.9375, 95.125, 110.75, 116.125,0.0, 0.375, 2.6875, 4.5625, 6.0625, 2.984210729598999,-1.934844970703125, 66.8125
0, 45.0, 210, 757, 570, 1117, 0.04999999701976776,0.6211038335051853, 0.6821075389301404, -0.1648566143901553, -0.9487245422664273,-4.942931604659862e-05, -0.0008479972076111153, -0.0009525368480171892, -0.00014820268286257486, -7.724510708044363e-05,640.2684326171875, 15.80324884832369, 75.125, 223.12501525878906, 300, 892,85.12500762939453, 193.12501525878906, 340, 772, 23.990690231323242, 223.38752928236605, 16.80040238233099, 229.47784893492323, 31.32655248840895, 220.1256762107624,19.457658998083662, 267.04537445703556, 33.061960182740215, 292.8460761797659, 36.03144758846796, 287.2179183414053,319.77054818543434, 377.49222752604203, 484.96853399899186, 837.3108148665958, -109.01677714143372, 684.3929178744298, -64.0671478935628, 837.3108148665958, -109.01677714143372,25.848226730210627, 882.0853544786668, 776.591222502956, 105.49413197571073, 226.21282121717329,0.0, 0.0, 0.0, 0.0, 0.0,30.8125, 31.3125, 43.5, 56.8125, 68.0625,0.0, 0.1875, 0.0625, 0.0, 0.375, 4.5,-2.186676025390625, 94.125
0, 50.0, 364, 633, 724, 993, 0.04999999701976776,0.06121947903789988, 0.18575992481724823, 2.3996268547407817, 2.315770998229273,-6.728619748855636e-05, -0.00011261897370104634, -0.00025917132133599806, 0.00023027721629659937, 0.00010836039472451375,459.43328857421875, 35.25562459822638, 113.62500762939453, 192.12501525878906, 454, 768,123.62500762939453, 162.12501525878906, 494, 648, 21.436744689941406, 221.8494799643059, 14.11197541896427, 227.1608061628012, 28.851693341315954, 219.25441570897001,15.866836946455717, 241.25862362305602, 21.81183799375914, 269.0572749789545, 35.459016070274885, 279.63049341886995,140.45115650918484, 247.4364683068221, 383.0325466520118, 1097.0682308410494, -135.35382281697466, 401.7698379068393, -216.4337524352108, 1097.0682308410494, -135.35382281697466,4.23224109622965, 904.7097975175883, 738.7176723944292, 165.9921251231591, 192.04132744434838,0.0, 0.0, 0.0, 0.0, 0.0,2.4375, 3.625, 6.6875, 9.3125, 12.75,0.0, 0.125, 0.5, 0.5, 0.3125, 3.1578948497772217,-2.8267805576324463, 544.3125
0, 55.0, 397, 644, 757, 1004, 0.04999999701976776,-0.1489922366706014, -0.21807166780461557, 1.9558083406870719, 3.4221851878665626,2.3285489555746607e-06, 2.5482366560254377e-05, -2.3051158409543858e-05, 0.00010334727184272197, 0.0006969078878205437,373.4848937988281, 34.65551526118842, 121.87500762939453, 194.87501525878906, 487, 779,131.875, 164.87501525878906, 527, 659, 22.453039169311523, 225.48383728204803, 16.497943406163973, 239.08841397024935, 29.130666471600893, 217.82841595911555,15.186611664318548, 235.61216087771984, 25.377041505955834, 267.27305198282875, 34.894394112839684, 274.0953490966266,152.60723884302087, 258.74435240958013, 432.74620481490257, 1741.6596113908008, -90.91736462092776, 1087.2968044227785, -167.76970608891935, 1741.6596113908008, -90.91736462092776,4.273203161773992, 905.1200883347498, 731.6142124209125, 173.50587591383726, 180.616653449943,0.0, 0.0, 0.0, 0.0, 0.0,1.5625, 1.875, 3.625, 6.0, 7.75,0.0, 0.0, 0.125, 0.25, 0.375, 6.236842155456543,-2.475830078125, 545.1875
0, 60.0, 371, 565, 731, 925, 0.04999999701976776,0.7016288957558572, 1.0885551307856804, 1.5380000466946513, 1.1456923515745439,6.52235296522008e-05, 0.00037040651748156963, 0.00034493032333102744, 0.0008668630692227452, 0.00040581506549642655,484.6961364746094, 23.615767227458807, 115.37500762939453, 175.12501525878906, 461, 700,125.37500762939453, 145.125, 501, 580, 21.856143951416016, 225.12992420001464, 16.500268402263988, 241.02121480194873, 28.206792612486492, 215.91294255135062,14.010352619716112, 235.42465852462468, 22.073492736597775, 261.27971125030433, 28.036994008791908, 275.05787301484315,125.42050214688211, 211.28442970306824, 320.22171584069656, 1459.7089836500195, -44.64172253678285, 831.9712070736581, -92.27709675703511, 1459.7089836500195, -44.64172253678285,24.366494221819014, 905.0705519342041, 799.9447910645938, 105.1257608696103, 193.15351113187225,0.0, 0.0, 0.0, 0.0, 0.0,0.25, 1.125, 3.6875, 8.0, 12.5,0.0, 0.0, 0.0, 0.0, 0.0, 3.763157844543457,-2.46795654296875, 395.1875
0, 65.0, 387, 677, 747, 1037, 0.04999999701976776,0.21429522770267795, 0.4950971593207214, 1.5065721312689129, 0.9154905495338607,3.818036182678952e-05, 0.0002705230575429596, -0.0004849112784995668, 3.593601667489565e-05, 0.0004462508695701217,436.982666015625, 20.79010083578047, 119.37500762939453, 203.12501525878906, 477, 812,129.375, 173.12501525878906, 517, 692, 21.82123565673828, 227.96575044151226, 16.287307711320942, 243.3972918977636, 28.27642598618212, 219.14947031198767,14.023510030525424, 221.5268218279145, 28.67881465903441, 250.70366875453814, 30.664195778862588, 263.0970196827696,121.93647055435532, 212.57968179361836, 447.53199561404585, 1589.019277622698, -7.017574568947246, 1144.8857913258328, -30.710207540296405, 1589.019277622698, -7.017574568947246,71.22186607706057, 903.9073225621831, 841.9402665242488, 61.9670560379343, 194.60562143673513,0.0, 0.0, 0.0, 0.0, 0.0,2.5, 3.1875, 10.25, 14.625, 21.8125,0.0, 0.0, 0.0, 0.0, 0.0, 2.6894733905792236,-2.590606689453125, 1046.6875
0, 70.0, 393, 605, 753, 965, 0.04999999701976776,0.015113734406040748, 0.11196649478399195, 0.9809255258896156, 0.22324171238753476,-0.00012507089906677038, -0.0003960638948024098, -0.0006199115342406003, 0.000946089373844643, 4.686439014278676e-05,517.4367065429688, 20.646759069995927, 120.87500762939453, 185.12501525878906, 483, 740,130.875, 155.125, 523, 620, 22.339473724365234, 229.97558824630187, 18.34042262717774, 248.00990261465117, 27.82504253099743, 218.20117063738084,15.138728950320582, 241.99872926114028, 22.958932196093386, 266.22292405831763, 29.155139807899168, 273.07683128759436,166.52922556474127, 265.94813627046426, 365.82466557451903, 1661.7700060896047, -60.578126169155475, 978.0888790297957, -110.75039054742811, 1661.7700060896047, -60.578126169155475,18.868234611586097, 904.3642014392503, 787.8055092923851, 116.55869214686527, 189.7486813092214,0.0, 0.0, 0.0, 0.0, 0.0,1.0, 0.9375, 2.8125, 5.9375, 9.375,0.0, 0.0, 0.0, 0.0, 0.0625, 2.24210524559021,-2.362884521484375, 685.0
0, 75.0, 431, 721, 791, 1081, 0.04999999701976776,-0.2811306060341303, -0.18812162142101443, 1.712857609333005, 2.765543379927985,-4.3991170137474e-05, 0.0006812404614788647, 0.0001549040936970414, -0.00018990853942113973, 0.000487500329196564,541.2214965820312, 22.935652014404603, 130.375, 214.12501525878906, 521, 856,140.375, 184.12501525878906, 561, 736, 21.76290512084961, 228.80699752082603, 16.499818411375376, 245.0167491454326, 28.06250413115173, 219.36009375432414,14.580905706059148, 200.73245433378327, 28.609492750575036, 229.20556637965296, 33.19930763416511, 246.53148868117086,125.71841981006418, 226.15574726883824, 473.39764246134973, 1745.7799348533592, -2.431111287058016, 1452.7692141640916, -7.940624190955609, 1745.7799348533592, -2.431111287058016,96.86186765035167, 904.3990578389536, 895.6032439073259, 8.795813931627663, 184.71287864282175,0.0, 0.0, 0.0, 0.0, 0.0,0.125, 0.1875, 2.1875, 6.1875, 10.9375,0.0, 0.0, 0.0, 0.0, 0.0, 1.9210529327392578,-2.438140869140625, 1072.4375
0, 80.0, 450, 738, 810, 1098, 0.04999999701976776,-0.3194876816030592, -0.3125717819231795, 1.2449216737761162, 2.0422705893707462,-0.00012738686730074278, 0.00015791542928582204, 0.00025209054680999546, -0.00037592898539060113, 0.0008009591537324923,510.026611328125, 21.1200669099748, 135.125, 218.37501525878906, 540, 873,145.125, 188.37501525878906, 580, 753, 22.071292877197266, 228.66637758619382, 18.224851603534386, 247.13979993634547, 27.470688019537768, 216.5312893097455,15.07319867244971, 196.90297900202137, 30.55170353396005, 220.1968473927296, 39.72586924076016, 252.68271606654932,140.57304167227102, 274.87776941963176, 573.7132268929189, 1614.1134067972046, -2.394786298892308, 1396.5052836516088, -9.348871808789905, 1614.1134067972046, -2.394786298892308,113.52565344957101, 905.4858975702788, 897.9369166234775, 7.548980946801294, 189.01186501107986,0.0, 0.0, 0.0, 0.0, 0.0,0.25, 1.6875, 3.75, 8.5625, 10.75,0.0, 0.0, 0.0, 0.0, 0.3125, 3.1210529804229736,-2.397674560546875, 1004.0625
0, 85.0, 477, 757, 837, 1117, 0.04999999701976776,-0.3148864236258669, -0.4783080658095423, 0.967653789985925, 1.6034039105474949,-0.00011873859781701413, 0.000376121836980019, 0.0004040032501382029, -0.0006396199666346547, 0.00037127292810737347,462.6343688964844, 16.350389873142415, 141.875, 223.12501525878906, 567, 892,151.875, 193.12501525878906, 607, 772, 21.356447219848633, 226.58994543699657, 18.05046778669473, 246.3328889955692, 26.43626966956931, 213.2547415846293,14.97924681180439, 194.84791168454794, 31.429224470259143, 222.32115916800865, 41.93965448005158, 242.65547927059367,159.7378765578693, 278.92277781750914, 605.9175394051136, 1622.6479545152326, -3.1067810605574886, 1342.6085155541987, -9.04980697762583, 1622.6479545152326, -3.1067810605574886,118.9618391879151, 904.5847126303361, 895.686417400168, 8.89829523016806, 185.0059984331125,0.0, 0.0, 0.0, 0.0, 0.0,0.5, 2.75, 5.75, 8.1875, 9.125,0.0, 0.0, 0.0, 0.0, 0.0, 6.1210527420043945,-2.660247802734375, 843.9375
0, 90.0, 472, 635, 832, 995, 0.04999999701976776,0.7615115189598873, 1.3020623100089141, 1.6847731478069907, 0.29841525726951657,-6.545040144146696e-05, -0.0005578633619325046, -0.0005983965001064462, 0.0011329614116857556, 0.00018219142071927762,881.4655151367188, 55.21649348439016, 140.625, 192.62501525878906, 562, 770,150.625, 162.62501525878906, 602, 650, 22.531116485595703, 220.19048165642317, 18.824549411939653, 238.40644110383397, 27.810767318119726, 207.97479554296376,14.120830364523314, 238.58931739352334, 22.008702015080353, 265.1433716788621, 28.058921625220197, 269.5328747112408,113.49980778048855, 180.2507081933134, 250.45923557749848, 1488.3693346273444, -42.44473656575582, 995.8930515887466, -78.96285099017143, 1488.3693346273444, -42.44473656575582,25.978473660107475, 901.034575576301, 794.270753189544, 106.76382238675694, 193.82114428093155,0.0, 0.0, 0.0, 0.0, 0.0,0.125, 0.5625, 0.4375, 0.5625, 0.6875,0.0, 0.0, 0.0, 0.0, 0.0, 2.989473342895508,-3.39190673828125, 637.3125
0, 95.0, 489, 648, 849, 1008, 0.04999999701976776,0.6750076588481897, 1.3084166317764903, 3.0827146995370276, 1.9003958232566946,-0.00011251332534811809, -0.0006537394285828669, -0.0010556154109872295, 0.001297063560115248, -4.478082526702565e-05,1213.2852783203125, 80.87116102483925, 144.875, 195.87501525878906, 579, 783,154.875, 165.87501525878906, 619, 663, 21.286287307739258, 229.71781690702556, 16.71045058683631, 247.84585667776867, 27.193251835646016, 218.69505947746845,14.235509560189263, 237.17661570711127, 21.964960825878578, 263.17385931093224, 28.606160234056077, 267.3472824787284,130.58347897274086, 218.70853897964201, 323.46141037280347, 1490.4019189774626, -40.582211947528705, 1027.490528894815, -73.53689458368399, 1490.4019189774626, -40.582211947528705,32.67120608919402, 900.188025425496, 796.9400543784898, 103.24797104700622, 192.81662846576376,0.0, 0.0, 0.0, 0.0, 0.0,1.0625, 1.1875, 3.0, 6.1875, 10.0625,0.0, 0.0, 0.0, 0.1875, 0.3125, 3.6473686695098877,-4.135833740234375, 656.8125
0, 100.0, 501, 644, 861, 1004, 0.04999999701976776,0.8596783808991313, 1.5402310862159356, 2.8683612451283262, 2.161783231184236,-0.00016431484753297808, -0.0003969454616060375, -0.0002799607822089456, 0.0015947772710683244, 0.0009533797487654284,754.3843994140625, 63.309174476670435, 147.875, 194.87501525878906, 591, 779,157.875, 164.87501525878906, 631, 659, 21.424821853637695, 229.40118299748212, 16.95506051755928, 247.58224019333514, 27.259344696046057, 218.21054379617675,13.930263095390186, 235.83563100698433, 21.475564047391448, 261.8549771029594, 28.162761142823193, 267.20987273300614,123.81407044575157, 208.96667142053707, 307.7472980009129, 1448.467809509347, -36.195850543318784, 1015.8096825022308, -67.66279895946101, 1448.467809509347, -36.195850543318784,31.85407636846573, 899.6638629884608, 797.9098090553465, 101.75405393311428, 194.35020027591696,0.0, 0.0, 0.0, 0.0, 0.0,1.125, 5.0625, 11.375, 14.625, 13.8125,0.0, 0.0, 0.125, 0.1875, 0.25, 3.947368621826172,-4.719573974609375, 577.6875
0, 105.0, 545, 671, 905, 1031, 0.04999999701976776,1.6853042122183248, 2.8454318596870873, 4.650014375830069, 5.583645297405311,-0.00031575588495400095, 0.0004377277004914504, 0.001487825329959378, 0.0020771245951198124, 0.001004501575434915,1244.330810546875, 128.56873083582582, 158.875, 201.62501525878906, 635, 806,168.87501525878906, 171.62501525878906, 675, 686, 21.29775047302246, 229.33946540814188, 16.89323959947452, 247.75527687455173, 27.098094877888418, 217.9812661149968,14.85841775830663, 233.37113482990367, 22.644592239938728, 259.0977663388087, 29.21882405611789, 266.0897763506374,132.6119289767498, 231.94667999687786, 348.13658550206543, 1435.9012052241944, -28.714689267867183, 1035.070913117704, -59.853815839081776, 1435.9012052241944, -28.714689267867183,30.347020439493733, 899.7907137263364, 798.1242888724566, 101.66642485387979, 190.7852025433807,0.0, 0.0, 0.0, 0.0, 0.0,1.875, 4.0625, 10.125, 12.625, 15.875,0.0, 0.0, 0.0, 0.125, 0.0625, 6.726315975189209,-4.536407470703125, 557.25
1, 110.0, 561, 677, 921, 1037, 0.04999999701976776,1.8537180932669437, 3.155420245566639, 6.28456493856851, 6.929587838905864,-0.00027549170122000534, 0.0008489172586405402, 0.0019899353150140088, 0.0029881928436839207, 0.0021171687186301827,3318.441650390625, 231.6330306795779, 162.87501525878906, 203.12501525878906, 651, 812,172.87501525878906, 173.12501525878906, 691, 692, 21.669815063476562, 228.1969250241605, 17.2738687283836, 246.26724346071322, 27.44586084868562, 216.93914878726946,14.623880771254038, 233.5769830711095, 22.48436184712976, 258.90229998514127, 29.23408095269083, 266.80581240208653,130.0493575140979, 224.2522377074072, 333.2487323491689, 1403.78546415411, -28.936182327321376, 1009.160127589252, -58.77298106257927, 1403.78546415411, -28.936182327321376,31.515691000699093, 899.2303414094421, 798.7213999204408, 100.50894148900124, 192.08969153605108,0.0, 0.0, 0.0, 0.0, 0.0,2.0, 4.0625, 7.3125, 9.0625, 11.1875,0.0, 0.0, 0.0, 0.0, 0.0, 5.947368621826172,-4.818389892578125, 539.4375
1, 115.0, 581, 685, 941, 1045, 0.04999999701976776,2.1518257872015236, 3.596602125638164, 7.212065787990578, 8.069605611620936,-0.0006038078847313955, 0.0009200451898777829, 0.002408497329615784, 0.00351243284093357, 0.0035481777959932973,2399.6416015625, 217.96460074106622, 167.87501525878906, 205.12501525878906, 671, 820,177.87501525878906, 175.12501525878906, 711, 700, 21.879329681396484, 228.01817897358126, 17.370188226292726, 245.7022621059151, 27.71617976879246, 217.04341258908167,14.397470617018174, 233.28271120090866, 22.3675246207451, 258.23037329535214, 29.44085911116589, 266.85042719774503,128.63324727045477, 219.64547059620364, 327.1478684987749, 1402.2607580424053, -29.678591296982418, 1006.4014535679612, -58.85359084341485, 1402.2607580424053, -29.678591296982418,33.00900109505957, 898.9562127308204, 798.4588640954856, 100.49734863533479, 192.26139124813915,0.0, 0.0, 0.0, 0.0, 0.0,3.4375, 4.3125, 9.125, 9.875, 10.875,0.0, 0.0, 0.0, 0.0, 0.0, 6.447368144989014,-4.656890869140625, 509.75
1, 120.0, 582, 674, 942, 1034, 0.04999999701976776,1.4275336977746338, 2.516860100054182, 6.073277225287166, 7.9939865337715315,-0.0010920494438079226, -7.168972340423351e-05, 0.0007713844388456436, 0.002739504041429655, 0.001697550375570813,1653.765869140625, 214.61986903372727, 168.12501525878906, 202.37501525878906, 672, 809,178.12501525878906, 172.37501525878906, 712, 689, 22.027889251708984, 227.4285424029124, 17.4494544621049, 244.85600054072538, 27.901115897506337, 216.6328797725941,14.430370060142918, 233.4049715870519, 22.28324423975521, 258.1277701936402, 29.0734961818749, 267.2093126574942,119.20536455875748, 211.586260376193, 314.79124865973665, 1372.076639832769, -23.54073873134717, 1012.1066007310337, -52.02866775930035, 1372.076639832769, -23.54073873134717,33.32149571456511, 898.8397991958467, 803.6698532923842, 95.16994590346246, 195.62625233982868,0.0, 0.0, 0.0, 0.0, 0.0,3.5625, 6.0, 10.375, 12.375, 13.8125,0.0, 0.0, 0.0, 0.0, 0.0, 7.647368431091309,-4.2880859375, 467.4375
1, 125.0, 607, 682, 967, 1042, 0.04999999701976776,1.9526906080089976, 3.2257104229182003, 5.1713632320973595, 6.377693844938183,-0.0008052499754614927, 0.0009989201228518142, 0.00247711330983293, 0.0026906326894288674, 0.002541396156672136,1338.64013671875, 205.0189076707193, 174.37501525878906, 204.37501525878906, 697, 817,184.37501525878906, 174.37501525878906, 737, 697, 21.937105178833008, 228.01715444520576, 17.407863225225285, 245.61344607699803, 27.783798727532222, 217.09878134388126,14.301394172448072, 232.58282171665746, 22.240747649927084, 257.09012785493184, 29.30863407300556, 266.6175860489393,121.45260217199184, 214.84751670458476, 322.7956092605657, 1366.4276404102693, -22.986350956336697, 1002.6598805381489, -50.924959780402276, 1366.4276404102693, -22.986350956336697,33.71655112499097, 898.8156214004661, 804.171883600757, 94.64373779970902, 194.26176032229435,0.0, 0.0, 0.0, 0.5625, 4.375,4.0625, 9.375, 14.1875, 15.625, 21.375,0.0, 0.0, 1.125, 2.75, 6.1875, 5.221053123474121,-3.8897705078125, 418.4375
1, 130.0, 631, 694, 991, 1054, 0.04999999701976776,2.3361789292315365, 3.518659610658214, 4.882112650920752, 5.987840437237172,0.0002577155515268714, 0.00294246807295849, 0.003954643306637991, 0.0033712726604119346, 0.0024176943020370345,2125.966064453125, 234.28278979591826, 180.37501525878906, 207.37501525878906, 721, 829,190.37501525878906, 177.37501525878906, 761, 709, 21.978229522705078, 227.422982628928, 17.509685377158036, 245.08556993135323, 27.78481754362921, 216.39979253948076,14.278815952651119, 231.5875265508032, 22.394948855258264, 255.63241522188937, 29.789354509341194, 264.77347595417086,119.40941699633234, 211.81081703999467, 319.55728062298004, 1336.0462998473852, -20.172906898136482, 985.0726261989911, -46.89382946597769, 1336.0462998473852, -20.172906898136482,36.51964236575879, 898.6798340684591, 807.7185783788294, 90.96125568962964, 194.91297664966604,0.0, 0.0, 0.6875, 2.625, 6.0,4.6875, 7.6875, 12.1875, 17.0, 25.0,0.125, 1.25, 2.75, 4.3125, 7.625, 4.231579303741455,-3.918212890625, 390.3125
1, 135.0, 647, 699, 1007, 1059, 0.04999999701976776,2.215500853725244, 3.5653904163165135, 4.723590388139708, 4.381279674845283,0.0005601231952391572, 0.0025596986634855057, 0.003331326018396794, 0.0032166673544651286, 0.0020400708056291703,2203.66552734375, 201.15806324630154, 184.37501525878906, 208.62501525878906, 737, 834,194.37501525878906, 178.62501525878906, 777, 714, 21.675334930419922, 227.40934957134468, 17.65633226009813, 246.03722060313808, 27.210184853838527, 215.44707243152152,14.211542666559062, 229.57573531191096, 22.563117424644663, 253.78577795712803, 30.212413445706463, 261.55211285478276,116.06389124593963, 207.64472071339134, 313.604842134642, 1358.0732614468013, -14.908609540555924, 1036.2521305662613, -38.351845846033314, 1358.0732614468013, -14.908609540555924,44.01558096057023, 898.3917582750042, 818.1754372789361, 80.21632099606813, 197.0866556169813,0.0, 0.0, 0.0, 0.0, 0.0625,7.125, 10.0625, 12.375, 14.8125, 19.625,0.0, 0.5625, 1.0625, 0.75, 1.1875, 8.721052169799805,-3.77154541015625, 365.4375
1, 140.0, 653, 726, 1013, 1086, 0.04999999701976776,1.1054901389259613, 1.9240118319669273, 6.2230861743167045, 6.306165094659663,1.9967233743045653e-06, 0.0016770868978699127, 0.0025565480308796396, 0.0028153634098134713, 0.0011123780602167697,1445.4283447265625, 220.11934884653508, 185.87501525878906, 215.37501525878906, 743, 861,195.87501525878906, 185.37501525878906, 783, 741, 20.952836990356445, 228.10697143279143, 17.675459034287886, 248.29587592594308, 26.04075397134436, 214.55946311971047,14.54381949625324, 225.12726042623834, 23.430177941183853, 250.36303356025127, 31.982789778730492, 255.19699066230106,114.46303393354725, 210.4431630939876, 316.31376473460716, 1523.0436185849692, -7.2907680889514905, 1279.599420648664, -24.10158288732473, 1523.0436185849692, -7.2907680889514905,69.87022912042558, 897.5943348749402, 848.6551194220824, 48.93921545285775, 217.13740117030682,0.0, 0.0, 0.375, 0.5625, 2.1875,6.5625, 9.5625, 14.4375, 17.8125, 25.5,0.0, 0.375, 1.0, 2.0625, 3.5, 2.6210529804229736,-3.69561767578125, 479.375
1, 145.0, 684, 725, 1044, 1085, 0.04999999701976776,1.9844856198460912, 3.350392169979752, 7.466088100664785, 8.449713564515115,0.00018489920410218023, 0.0010640057649493428, 0.0021884379159257603, 0.004569921832771796, 0.003936143397814931,1933.30712890625, 297.2661561446938, 193.62501525878906, 215.12501525878906, 774, 860,203.62501525878906, 185.12501525878906, 814, 740, 20.377410888671875, 228.79385623686292, 17.547384397127704, 249.95903037432495, 25.20053629351472, 214.2329909208255,14.172579152963186, 224.63007729617476, 22.765654771283195, 249.65056286754887, 31.33840939461799, 254.94559871970958,118.23310585724023, 210.34818898199427, 318.2684813684162, 1528.6086388756507, -9.334244839395339, 1254.0629656983022, -27.21862831139141, 1528.6086388756507, -9.334244839395339,64.8051819327742, 898.1682518371358, 844.0440890348332, 54.124162802302635, 216.48816899207657,0.0, 0.0, 0.0, 0.0, 5.0625,9.125, 13.3125, 17.6875, 19.625, 22.625,0.0, 0.375, 0.8125, 1.4375, 5.375, 3.5315792560577393,-5.64288330078125, 358.625
1, 150.0, 702, 736, 1062, 1096, 0.04999999701976776,1.229517025974783, 2.2401840095198717, 6.968003426101059, 8.583068216159008,0.0002982226025392265, 0.0009399958793321161, 0.0013164414899756594, 0.0037450110815188966, 0.004042896956063941,1962.96337890625, 277.7001523016329, 198.12501525878906, 217.87501525878906, 792, 871,208.12501525878906, 187.87501525878906, 832, 751, 20.89654541015625, 228.0974091679534, 17.71032288593762, 248.42533907321268, 25.92635085770313, 214.36989475361668,14.35173022464446, 227.60790317051692, 22.517497142905395, 250.84032717945175, 31.081453566387978, 259.6865696263988,122.30854585126329, 216.9403663928612, 322.4825549058555, 1376.7825425713738, -15.814212064771452, 1077.4692873427352, -38.35950920245808, 1376.7825425713738, -15.814212064771452,48.08546676889633, 898.1024369339973, 820.793991169403, 77.30844576459435, 212.34180753119804,0.0, 0.0, 0.0, 0.0, 0.6875,6.6875, 9.875, 14.5625, 16.0625, 21.3125,0.0, 0.0, 0.125, 0.5625, 2.5, 3.763157844543457,-5.164031982421875, 358.125
1, 155.0, 716, 722, 1076, 1082, 0.04999999701976776,2.121911524199823, 3.398641038115893, 4.198937332440402, 2.5396372420497935,0.00027891855837822274, 0.0011961464924178245, 0.0022397980497817116, 0.0025859799774590898, 0.0005467644892137003,2392.736328125, 168.80352453727005, 201.62501525878906, 214.37501525878906, 806, 857,211.62501525878906, 184.37501525878906, 846, 737, 21.247333526611328, 228.32247756148368, 17.709822958509687, 247.95196993837456, 26.490762173845837, 215.34412455196514,13.81102640958977, 228.02405293626748, 21.76658479875268, 251.6400603689902, 30.14272676428474, 259.1881024207713,114.18269597824336, 199.3508983932623, 295.02111907729574, 1408.8947749227684, -15.777036688915802, 1101.7501874503278, -37.3275148849198, 1408.8947749227684, -15.777036688915802,48.09393004213783, 897.9416680981049, 823.9517713231802, 73.98989677492466, 208.14370657726067,0.0, 0.0, 0.0, 0.0, 1.3125,5.625, 8.0, 12.5625, 20.75, 23.375,0.0, 0.0625, 0.8125, 1.875, 3.9375, 5.700000286102295,-5.602935791015625, 352.6875
1, 160.0, 742, 735, 1102, 1095, 0.04999999701976776,2.2115554649994, 3.587226231277891, 6.390415098218648, 5.5914504385157455,0.0004820128019923686, 0.0018723585997167903, 0.0025510429522228152, 0.003549642481154933, 0.0014879104348801775,1733.9775390625, 253.32128380364242, 208.12501525878906, 217.62501525878906, 832, 870,218.12501525878906, 187.62501525878906, 872, 750, 20.809982299804688, 228.81233872875697, 17.516886882520467, 249.14025189242017, 25.91851363645923, 215.23348093529026,13.860520719856376, 227.61302581239445, 21.550517829361528, 251.21530456488546, 29.762288724384316, 259.2012163839777,114.47468729856786, 201.85748185834768, 298.792145273131, 1489.7474517810876, -15.960445898726874, 1176.6009812251957, -38.21889260549502, 1489.7474517810876, -15.960445898726874,46.91696202783708, 898.1276391645438, 822.4473055540722, 75.68033361047162, 200.4773233142212,0.0, 0.0, 0.0, 0.0, 3.875,8.1875, 14.5625, 17.9375, 20.0, 19.5,0.0, 0.125, 1.25, 2.8125, 6.75, 4.447368621826172,-4.614593505859375, 320.25
1, 165.0, 761, 747, 1121, 1107, 0.04999999701976776,2.0365016790799557, 3.4264808101035307, 7.180272118889259, 7.374283036184497,3.79142565913071e-05, 0.0016505137962610661, 0.00263507619183656, 0.004054936904687025, 0.0033751531626921858,2184.891845703125, 301.7553679903088, 212.87501525878906, 220.62501525878906, 851, 882,222.87501525878906, 190.62501525878906, 891, 762, 20.779489517211914, 228.9179334533254, 17.533731383678898, 249.32096407207126, 25.85812419009968, 215.24427371454905,13.979863651822363, 225.98865656360368, 21.77143693128094, 249.686161813503, 30.103854390527918, 257.46727724052164,113.46561188178067, 203.25614251363143, 302.74376785836256, 1435.6391824003035, -12.567351294233317, 1161.145391328753, -33.21449495249523, 1435.6391824003035, -12.567351294233317,52.88268837061876, 898.1821089516039, 830.9326580903469, 67.24945086125706, 216.84340332339548,0.0, 0.0, 0.0, 0.0, 2.3125,8.375, 12.875, 16.125, 18.4375, 19.8125,0.0, 0.25, 0.5625, 1.375, 1.9375, 3.978947401046753,-4.51251220703125, 323.4375
1, 170.0, 782, 751, 1142, 1111, 0.04999999701976776,2.253092280720302, 3.755748043720958, 7.672475791755133, 6.499196548117325,0.0001823066109454885, 0.0020326242043392996, 0.003064332573494539, 0.0042021479174889, 0.003106180775137091,2729.187744140625, 305.49652586751125, 218.12501525878906, 221.62501525878906, 872, 886,228.12501525878906, 191.62501525878906, 912, 766, 20.908933639526367, 228.7649098951604, 17.793888024145172, 249.13791040066667, 25.889081761840686, 214.92119146770804,13.941886401177925, 225.2263528107169, 21.81889876631764, 248.8347104315692, 30.200936891237603, 256.66699763584955,114.19700893276857, 203.68699851638183, 302.5185784091884, 1500.2082874408256, -11.213465325931365, 1213.781820642902, -30.865643551328894, 1500.2082874408256, -11.213465325931365,54.94864131957064, 898.1021451521286, 835.4121849009716, 62.689960251157004, 206.21212644693034,0.0, 0.0, 0.0, 0.0, 1.5625,7.5625, 12.6875, 18.3125, 18.625, 19.6875,0.0, 0.25, 1.6875, 3.25, 3.625, 3.763157844543457,-4.156768798828125, 342.1875
1, 175.0, 803, 764, 1163, 1124, 0.04999999701976776,1.2316340596444206, 2.5798310032323934, 7.593243942940609, 8.27080257721711,0.000546213548917649, 0.0007557897428205251, 0.0014014146641591198, 0.0037249807994123763, 0.003182129609726871,2194.204345703125, 294.04818451734684, 223.37501525878906, 224.87501525878906, 893, 899,233.37501525878906, 194.87501525878906, 933, 779, 20.726926803588867, 228.71828702388592, 17.778268174329366, 249.41368505979946, 25.605550800877865, 214.51457868377491,14.089752207958895, 224.48467622912355, 21.787545458224713, 248.09274698203072, 30.114604563528015, 256.0712958571977,112.92472346927316, 205.52595636541673, 304.5247425484325, 1525.8886396991109, -10.064526621185816, 1241.004181779193, -29.95053026151981, 1525.8886396991109, -10.064526621185816,54.83130245911237, 898.2237797459896, 836.3765467552711, 61.84723299071857, 201.21064916886974,0.0, 0.0, 0.0, 0.0, 0.9375,7.4375, 9.3125, 12.1875, 15.875, 16.5625,0.0, 0.0625, 0.25, 0.0625, 0.1875, 6.484210968017578,-4.54022216796875, 378.625
1, 180.0, 824, 769, 1184, 1129, 0.04999999701976776,1.135126687749289, 2.429932810850442, 7.106533841011114, 9.637626968601253,0.000535058938464772, 0.000829325707713906, 0.0015764703466720675, 0.003499194081689438, 0.003390746389809465,2352.992919921875, 315.7882244875481, 228.62501525878906, 226.12501525878906, 914, 904,238.62501525878906, 196.12501525878906, 954, 784, 20.642841339111328, 228.8690976007598, 17.78697359250036, 249.7203257167132, 25.463255309095334, 214.47214569078304,13.901487364296685, 224.8603912749876, 21.179022754032168, 248.5087738043762, 29.30077080572015, 256.3664966331256,110.19490168396761, 200.49419662688302, 294.2923394820183, 1519.560374264866, -11.716505201871687, 1237.337502865769, -32.69103136616712, 1519.560374264866, -11.716505201871687,50.17794241788142, 898.0652376904212, 830.3541691674288, 67.71106852299238, 204.04499596439356,0.0, 0.0, 0.0, 0.5, 3.9375,9.4375, 13.8125, 17.375, 19.8125, 22.0625,0.0, 0.125, 1.0625, 1.9375, 4.4375, 8.93684196472168,-5.32452392578125, 382.25
1, 185.0, 847, 769, 1207, 1129, 0.04999999701976776,1.8024603794602443, 2.956361342896999, 6.5223152666213, 9.54161098001874,0.0009639018905477315, 0.0020795061035778417, 0.0028856947480767306, 0.003788990396953976, 0.004104045759249857,1945.4888916015625, 269.0408769856585, 234.37501525878906, 226.12501525878906, 937, 904,244.37501525878906, 196.12501525878906, 977, 784, 20.752946853637695, 228.8457520141767, 17.779065910741505, 249.4947029200917, 25.647112281759025, 214.69597209735025,13.691337938457181, 225.3656476886501, 20.905964851711357, 249.3377402035623, 28.714335740860346, 256.89829516190287,107.55983797255357, 196.12612785029262, 288.5835893865715, 1421.6147667088633, -16.512069973714038, 1153.1697874217953, -37.839835489065905, 1421.6147667088633, -16.512069973714038,40.58678088330569, 895.8186642265479, 817.7563684033473, 78.06229582320054, 207.90417297268095,0.0, 0.0, 0.0, 0.5625, 2.5625,9.9375, 12.3125, 14.5625, 16.8125, 19.6875,0.0, 1.1875, 2.9375, 4.5, 6.5, 4.984210968017578,-4.487465858459473, 347.0
1, 190.0, 861, 767, 1221, 1127, 0.04999999701976776,1.9363053124319418, 3.113036342883714, 5.4877458881970975, 4.551474234577035,0.0011838787317242348, 0.002373537632101943, 0.0030648582236324274, 0.0036520510498650083, 0.0017527659938087938,1203.1507568359375, 204.82270084736618, 237.87501525878906, 225.62501525878906, 951, 902,247.87501525878906, 195.62501525878906, 991, 782, 20.869766235351562, 228.63198075353364, 17.75821655393715, 249.04981247209702, 25.850340118685622, 214.7657276797956,13.520046962932318, 226.1953790690233, 20.73982479460662, 250.21279671926766, 28.508399087435357, 257.5945919666506,105.69482627647008, 192.9205114610525, 283.6128365539485, 1315.061848771844, -22.050983924851447, 1053.380915169128, -43.938735535952574, 1315.061848771844, -22.050983924851447,33.26340286548082, 893.6229584137991, 807.0200728897445, 86.60288552405461, 208.37092717918952,0.0, 0.0, 0.125, 0.0625, 1.875,10.75, 16.0625, 22.375, 24.0625, 23.25,0.0, 0.875, 2.0, 4.0, 5.6875, 7.43684196472168,-4.246391773223877, 298.25
1, 195.0, 879, 785, 1239, 1145, 0.04999999701976776,0.8601498998788885, 1.4402883653063328, 4.839032673262992, 5.758421168434434,0.0008401745403483572, 0.0019234914601156561, 0.002135057266345939, 0.002843827913166023, 0.0027900923167720744,1475.6055908203125, 223.74509339674333, 242.37501525878906, 230.12501525878906, 969, 920,252.37501525878906, 200.12501525878906, 1009, 800, 20.871156692504883, 228.86419352493573, 17.72571502412718, 249.25316420940908, 25.87488048775143, 215.0562923840261,13.758305691423187, 227.33343884890914, 21.166990285514604, 251.25257007699705, 28.672824836676266, 258.95147734716534,110.44430775676622, 201.16811796445413, 297.8979375241551, 1212.6583163373346, -28.77640939670827, 959.0372554077069, -51.583154504581366, 1212.6583163373346, -28.77640939670827,24.891714672716226, 891.1411152306961, 792.9911836648304, 98.1499315658657, 210.5795797450452,0.0, 0.0, 0.0, 1.125, 3.6875,8.3125, 15.125, 20.25, 23.125, 24.25,0.1875, 0.625, 2.375, 4.5625, 8.875, 4.721053123474121,-3.5401611328125, 338.3125
1, 200.0, 893, 787, 1253, 1147, 0.04999999701976776,1.3155738683691016, 2.51141062247334, 5.664902369261254, 4.77023956776713,0.0006607287943177199, 0.0012752049511573205, 0.0016097882911299166, 0.0033103204048626367, 0.002803280851602494,3455.921142578125, 250.4896517556649, 245.87501525878906, 230.62501525878906, 983, 922,255.87501525878906, 200.62501525878906, 1023, 802, 20.730722427368164, 229.54152972454753, 17.707179958223772, 250.17816835142517, 25.6608953346109, 215.46606666449196,13.597694594689829, 227.0063684103139, 21.142585017659613, 251.43955333571532, 28.704759275131575, 257.94810889771213,109.3238405147606, 198.06734299964722, 292.95201163571267, 1169.8984444929667, -33.03096279704723, 933.164648959605, -54.9096689343314, 1169.8984444929667, -33.03096279704723,21.821432036118964, 888.3714809568286, 786.5813476401985, 101.79013331663009, 213.15319824394558,0.0, 0.0, 0.0, 0.75, 3.9375,9.1875, 13.875, 19.6875, 22.625, 27.4375,0.1875, 0.5, 1.0625, 3.25, 7.625, 5.131579399108887,-3.52813720703125, 322.0625
1, 205.0, 914, 793, 1274, 1153, 0.04999999701976776,1.6846362588944606, 2.872768871573498, 6.1553805054683455, 6.454069660835957,0.0005579444447403148, 0.001294136619192159, 0.0017848348856500705, 0.003257779123080126, 0.002744900485126891,4600.20458984375, 279.10294363957706, 251.12501525878906, 232.12501525878906, 1004, 928,261.125, 202.12501525878906, 1044, 808, 20.38441276550293, 229.91561918538915, 17.562172797421308, 251.07786308537447, 25.201561138014544, 215.3447913535919,13.512884077608797, 224.9446894697239, 21.3946758745337, 250.2288203430605, 28.98488703513607, 255.7362067765169,106.9292923844107, 197.27897556300758, 295.7138814446161, 1130.8126827602134, -33.701605111115796, 920.613279305771, -53.646172604404114, 1130.8126827602134, -33.701605111115796,21.125425305835325, 885.6113414190553, 785.1656564988022, 100.44568492025314, 216.83709123512304,0.0, 0.0, 0.0, 0.75, 2.3125,9.4375, 13.1875, 17.0, 20.4375, 23.125,0.25, 0.6875, 1.1875, 1.625, 2.5625, 5.436842441558838,-3.408843994140625, 353.6875
1, 210.0, 929, 793, 1289, 1153, 0.04999999701976776,1.663887738515623, 2.6943718453636394, 4.795388370404252, 4.93972396286088,0.00034228921247375865, 0.0005790550435426666, 0.0013962081056024544, 0.0024354355755019695, 0.001879486867470632,2046.0028076171875, 217.03393399136957, 254.87501525878906, 232.12501525878906, 1019, 928,264.875, 202.12501525878906, 1059, 808, 20.33016586303711, 229.415198545659, 17.593138454081586, 250.69192172535045, 25.092084912944312, 214.67564327530744,13.456878223564871, 224.26126074137244, 21.47553374435307, 249.79567706665497, 29.10976489275667, 255.0764924649637,105.09075044004024, 195.9219794860836, 293.92837049126183, 1025.4568700521322, -37.6040503249227, 834.8944566101467, -57.13584102606683, 1025.4568700521322, -37.6040503249227,17.397115502915327, 883.1287027971654, 777.6424141961323, 105.48628860103304, 221.5041260052226,0.0, 0.0, 0.0, 0.0625, 0.375,14.0, 17.75, 21.5625, 23.5625, 23.3125,0.0, 0.3125, 1.8125, 2.9375, 5.75, 2.6526315212249756,-4.192840576171875, 361.875
1, 215.0, 958, 805, 1318, 1165, 0.04999999701976776,1.4817346580862065, 2.5958609933889236, 5.501862054793162, 6.572185577694325,0.0008762880462404608, 0.001214299881230545, 0.002200451681319464, 0.0028567791349786344, 0.002575153969994517,1866.5699462890625, 215.2750203273073, 262.125, 235.12501525878906, 1048, 940,272.125, 205.12501525878906, 1088, 820, 20.35368537902832, 229.14405369598782, 17.609957506694247, 250.38996553619967, 25.11840733728434, 214.42671811279365,13.595526875622161, 222.40452845701782, 21.798424647140145, 248.30643628040374, 29.401012371795588, 253.60440911390754,103.69224169883607, 199.96188661774625, 304.4683428445717, 907.7286427867126, -38.71623663383347, 739.8984855667505, -57.80357252591243, 907.7286427867126, -38.71623663383347,14.30093324335344, 881.3871655772808, 771.8111626401985, 109.57600293708231, 232.84600331061995,0.0, 0.0, 0.0, 0.25, 1.0625,18.0625, 20.5625, 23.9375, 27.1875, 31.1875,0.0, 0.5625, 1.9375, 4.3125, 6.25, 5.700000286102295,-4.777862548828125, 338.4375
0, 220.0, 959, 806, 1319, 1166, 0.04999999701976776,0.42285439858125756, 0.963502937159501, 2.625551685320388, 1.9873453029617667,0.0013223012327148352, 0.00026762270048720895, 0.0001993540440491872, 0.0013308420839661039, 0.00011148279545977857,1115.9256591796875, 72.98315808420338, 262.375, 235.37501525878906, 1049, 941,272.375, 205.37501525878906, 1089, 821, 20.26689338684082, 228.71570521237965, 17.730754828953167, 250.17421501932617, 24.89205277187633, 213.61115090252127,13.466071030668664, 223.10249182792307, 21.74980010463513, 249.2549036693084, 29.15688077956473, 254.44840192926767,101.88413753774117, 196.51229449812837, 296.3067094988681, 830.423419944855, -45.89838862712054, 674.1283174928888, -64.79130096647417, 830.423419944855, -45.89838862712054,11.330267804420838, 878.6413899808837, 763.1428204126864, 115.49856956819724, 234.32972608247889,0.0, 0.0, 0.1875, 0.75, 1.5,24.375, 26.5, 30.75, 32.375, 32.8125,0.0, 2.9375, 4.125, 4.5625, 5.8125, 4.815789699554443,-3.80859375, 278.5625
0, 225.0, 992, 821, 1352, 1181, 0.04999999701976776,-0.39637046764866674, -0.24995268376893365, 1.5543867591454181, 2.3531375813588964,0.0016690270570343558, 0.0013097420107010293, 0.0006983528505998038, 0.002092084535287313, 0.0011705408140346664,1018.4326171875, 95.37150876130646, 270.625, 239.12501525878906, 1082, 956,280.625, 209.12501525878906, 1122, 836, 20.02832794189453, 229.37320654264175, 17.5773267330792, 251.14914304348153, 24.613113363348123, 214.0102922520678,13.027580165031795, 225.5018826418352, 20.723674387189998, 251.21279105527088, 28.09603064929287, 255.43188086785779,120.61137181475166, 196.46170515601446, 287.9172189923642, 939.0979387782489, -65.62955062601901, 618.3915748450173, -90.90630880737503, 939.0979387782489, -65.62955062601901,7.5907065386730865, 883.040793765712, 751.6243881686239, 131.4164055970881, 217.78054941895354,0.0, 0.0, 0.0, 0.0, 0.375,17.875, 28.0, 33.9375, 36.5625, 34.875,0.0, 1.6875, 2.375, 3.1875, 3.8125, 3.75789475440979,-3.3839111328125, 254.0
0, 230.0, 1007, 830, 1367, 1190, 0.04999999701976776,-0.4267805252620019, -0.2728073396394029, 1.0132334579335294, 0.5362656276777852,0.001072189860796584, 0.0012508723456539884, 0.0007308797598579986, 0.0018042905618779058, 1.5179684138786324e-05,565.7979736328125, 49.497685849250324, 274.375, 241.37501525878906, 1097, 965,284.375, 211.37501525878906, 1137, 845, 20.095272064208984, 229.51773334547923, 17.274793471267312, 251.0143563176856, 24.93434149372477, 214.81061859337,12.928821328470027, 225.748425150116, 20.80530429713824, 251.99577662096445, 27.977555846513045, 255.68088224423977,118.11800674458271, 191.7093140716844, 284.70931720811365, 933.347796262791, -68.96911277327546, 584.1126853417758, -95.14552371964207, 933.347796262791, -68.96911277327546,6.799401469234381, 883.18228796703, 748.9969859406887, 134.18530202634133, 218.05827926861406,0.0, 0.0, 0.0, 0.125, 0.625,22.75, 25.25, 32.625, 32.8125, 31.8125,0.0625, 1.625, 2.5, 4.125, 6.875, 1.4105260372161865,-3.22821044921875, 251.5
0, 235.0, 1020, 840, 1380, 1200, 0.04999999701976776,-0.16882819267280866, -0.004124589909333736, 0.34024225286033466, -0.4016636456413835,0.0006613097405761438, 0.0008638507337400369, 0.0009542067485108418, 0.0013371831623777552, -0.00030406252517536816,386.6823425292969, 22.083685752648858, 277.625, 243.87501525878906, 1110, 975,287.625, 213.87501525878906, 1150, 855, 20.081026077270508, 229.824176612781, 17.183208316124514, 251.2862976444783, 24.974638116980625, 215.2437250626091,12.919441929070485, 224.32263682125415, 20.86436680257606, 251.40644057861908, 27.94808153792979, 254.68241787061064,119.14997844275155, 190.91396337686476, 284.5349142480701, 884.0284537164913, -73.67560380521367, 537.2626664322099, -98.85211512509885, 884.0284537164913, -73.67560380521367,6.255919006285928, 882.4978274264452, 746.9488712661791, 135.54895616026602, 222.8239230620886,0.0, 0.0, 0.0, 0.0625, 0.5,16.875, 20.25, 24.875, 28.3125, 29.75,0.0, 1.125, 2.375, 4.5, 7.125, 1.026315689086914,-2.631011962890625, 258.25
0, 240.0, 1064, 859, 1424, 1219, 0.04999999701976776,-0.2654785208321118, -0.3568383416449069, 0.15316454815794714, 1.1510376695467859,-1.0635354738042224e-05, 0.00010939306751993172, -0.0001145306366549903, 0.001244640050852013, 0.0008097507281897265,440.534423828125, 24.920884176431585, 288.625, 248.62501525878906, 1154, 994,298.625, 218.62501525878906, 1194, 874, 19.877452850341797, 230.03449179770405, 17.147649642966808, 251.84506893606545, 24.671530046787982, 215.06920521998472,12.481642617793318, 223.053997484816, 20.67171879204773, 250.86561253975913, 27.159798558759043, 252.90617253543547,112.93543324302766, 182.60451628220028, 278.8122451274636, 888.3769524710837, -78.39049160130322, 527.467684083799, -105.42204347505621, 888.3769524710837, -78.39049160130322,4.2101645551461555, 881.8917175876073, 740.4567399099714, 141.43497767763597, 227.6127338994995,0.0, 0.0, 0.0, 0.0, 0.125,9.0625, 10.1875, 15.1875, 20.9375, 23.3125,0.0, 0.0, 0.6875, 1.4375, 3.3125, 1.6631577014923096,-2.22265625, 222.75
0, 245.0, 1090, 874, 1450, 1234, 0.04999999701976776,-0.11571395648876205, -0.1605679037189111, 0.14272296675713733, 1.100964648775407,-2.0117968457498136e-05, -9.670317193922528e-05, -0.00010858618674319586, 0.001532064404996163, 0.0005731994925064043,335.9430236816406, 20.54270715555171, 295.125, 252.37501525878906, 1180, 1009,305.125, 222.37501525878906, 1220, 889, 19.697208404541016, 229.87399601258707, 17.119817892694172, 251.98667087716012, 24.400241843500794, 214.5598044896157,12.550808122542659, 222.92296713577846, 20.948162242946534, 251.11868470888643, 26.768057770657833, 254.32916048673758,115.1987395858944, 186.4763846682323, 290.33849896817554, 808.9957282521543, -88.91132642979376, 465.7380484995133, -116.21739913534596, 808.9957282521543, -88.91132642979376,1.4835366436466475, 879.6277865553275, 727.3584447361688, 152.26934181915863, 229.55493896731764,0.0, 0.0, 0.0, 0.0, 0.125,5.375, 8.0, 10.375, 11.375, 11.75,0.0, 0.0, 0.375, 0.75, 1.3125, 0.8315792083740234,-2.1477534770965576, 153.875
0, 250.0, 1108, 887, 1468, 1247, 0.04999999701976776,-0.12217109855089803, -0.13372014127642615, -0.1156471216767386, 0.41672690898820297,-5.3617914963126624e-05, -0.0002514703805189811, -0.00021784540347880466, 0.0012746727985199868, 0.00029630194627401353,136.40512084960938, 8.263231917408113, 299.625, 255.62501525878906, 1198, 1022,309.625, 225.62501525878906, 1238, 902, 20.011871337890625, 229.72722890770186, 17.01160768540038, 251.1978125908207, 24.981096942330115, 215.29383998118345,12.157031969191355, 227.18213649841502, 20.145339902092854, 254.59239597734987, 25.273007581736923, 259.33122220463974,111.41484243244601, 180.20379285082984, 279.8715113444222, 705.8593987752901, -122.51365609062748, 358.2551241206762, -157.58016948955625, 705.8593987752901, -122.51365609062748,0, 876.6968950672714, 698.2865085712361, 178.41038649603524, 228.66433990318978,0.0, 0.0, 0.0, 0.0, 0.0,3.75, 3.25, 5.5, 10.5, 9.6875,0.0, 0.0, 0.0, 0.1875, 1.125, 1.215789556503296,-1.9454857110977173, 100.5625
0, 255.0, 1143, 915, 1503, 1275, 0.04999999701976776,0.036858973802591205, 0.003377901513595134, -0.42130271551664916, 0.1124401373823639,-1.3187858921241968e-05, 0.00020652191056001358, -1.4278134123202336e-05, 0.0014523195767242214, 0.0002699213653457377,38.4889030456543, 2.9761516673217003, 308.375, 262.625, 1233, 1050,318.375, 232.62501525878906, 1273, 930, 20.247337341308594, 230.13889806935686, 16.86087372028758, 251.00554136436702, 25.458207569271874, 216.49387557444018,12.41045490335281, 219.12188490039634, 21.885108957377753, 248.15303023164526, 26.239175788686097, 252.37292600655422,112.46361071689135, 178.13040976973704, 291.39596223814493, 708.2073477571288, -89.85829411938113, 402.05474227623483, -111.8212560214884, 708.2073477571288, -89.85829411938113,1.2273197181603948, 876.1843432846532, 726.4513694122605, 149.73297387239268, 230.34729864726566,0.0, 0.0, 0.0, 0.0, 0.0,0.375, 0.25, 0.1875, 0.0, 0.3125,0.0, 0.0, 0.0, 0.0, 0.0, 0.0,-1.9696044921875, 46.0625
0, 260.0, 1151, 909, 1511, 1269, 0.04999999701976776,0.041079544189851734, 0.07517818055930547, -0.08888971746375318, 0.1690146542096045,-1.6521729284093567e-05, 0.00010315960810800107, 9.662516669095567e-05, 0.0006735455298030502, -9.156905136364912e-07,34.69710922241211, 1.2128796380705806, 310.375, 261.125, 1241, 1044,320.375, 231.12501525878906, 1281, 924, 19.775766372680664, 229.739127097236, 16.98603655402074, 251.63594082167066, 24.61983920497644, 214.82915176297445,12.414963234651196, 221.0329035282742, 21.384408201122795, 250.33401891665704, 25.888220791244866, 254.56574457920848,115.99858697911576, 183.22910430981275, 292.9043751150796, 629.936644604807, -110.11156465134523, 322.0181704009029, -137.64008530123022, 629.936644604807, -110.11156465134523,0, 874.5720477438189, 706.977202418942, 167.59484532487681, 245.61131353781613,0.0, 0.0, 0.0, 0.0, 0.0,0.25, 0.0, 0.0, 0.1875, 0.0,0.0, 0.0, 0.0, 0.0, 0.0, 0.0,-1.9022216796875, 40.8125
0, 265.0, 1183, 923, 1543, 1283, 0.04999999701976776,0.06773490632534958, 0.1471407994644687, -0.16614173876238056, 0.10931913851673017,-1.358127386119179e-05, -1.538880212706317e-05, 8.311411127465363e-05, 0.0010423808617781559, 9.296120870047275e-05,13.467432022094727, 0.8463874619411376, 318.375, 264.625, 1273, 1058,328.3750305175781, 234.62501525878906, 1313, 938, 19.831737518310547, 229.90520997709405, 16.742784998704714, 251.5226705249307, 24.875184570257026, 215.54808172046552,12.15098708645777, 221.05758783193463, 21.585098998386062, 249.97177300383623, 25.559157213931023, 256.8429296484907,114.596900143684, 180.9421821498943, 298.88650244267177, 502.53307229440924, -126.74030116203248, 232.797841224889, -159.04411545162722, 502.53307229440924, -126.74030116203248,0, 871.6286091008886, 685.1032944755584, 186.52531462533022, 237.94492152267392,0.0, 0.0, 0.0, 0.0, 0.0,0.0, 0.0, 0.0, 0.1875, 0.0,0.0, 0.0, 0.0, 0.0, 0.0, 0.0,-1.2156339883804321, 13.625
0, 270.0, 1228, 945, 1588, 1305, 0.04999999701976776,-0.012214817469648552, -0.02069105172442505, 0.13037030241277534, 0.1088354368135333,-9.05081871517055e-06, -3.464400589272998e-05, -0.00017787846333135347, 0.0011830743404307499, 0.0006774580937803876,13.04095458984375, 1.2852396434295765, 329.6250305175781, 270.125, 1318, 1080,339.6250305175781, 240.12501525878906, 1358, 960, 20.135461807250977, 229.5595750843347, 16.71279723736265, 250.5197133509917, 25.378260397925338, 215.93407778845304,11.841123705127734, 227.28585975115084, 20.47702140289997, 254.7027445135806, 24.44518381848411, 261.2816783447853,108.34356653917206, 174.27529055079717, 273.01262519937023, 506.54433373311974, -166.69099207740913, 226.04491160685342, -205.14945532076612, 506.54433373311974, -166.69099207740913,0, 868.0748801696473, 659.3429978231571, 208.73188234649012, 240.8741138057109,0.0, 0.0, 0.0, 0.0, 0.0,0.0, 0.0, 0.0, 0.0, 0.0,0.0, 0.0, 0.0, 0.0, 0.0, 0.0,-0.7968871593475342, 0.0
0, 275.0, 1265, 1001, 1625, 1361, 0.04999999701976776,0.06251027000922477, 0.07178767497956869, 0.11257282770879101, -0.13563175594841595,-1.922196014803035e-06, 8.1409050902721e-05, 4.559830428263467e-05, 0.0006385573029024272, -0.00013836755521310807,8.327953338623047, 0.5368507956601037, 338.8750305175781, 284.125, 1355, 1136,348.8750305175781, 254.12501525878906, 1395, 1016, 20.16840362548828, 229.9660123210855, 16.458539799004573, 250.57527442421696, 25.595810762456004, 216.88446579942456,10.779934286844396, 232.21631376579458, 19.937300116806068, 256.73875560326974, 24.496337611038708, 263.0778541719585,102.82177460647883, 157.93542494625103, 252.0751727932252, 411.3737213267828, -187.84620257113517, 151.9013000412236, -224.96792935318564, 411.3737213267828, -187.84620257113517,0, 865.9811974210998, 651.0140660905206, 214.96713133057915, 262.5263263199949,0.0, 0.0, 0.0, 0.0, 0.0,0.0, 0.0, 0.0, 0.0, 0.0,0.0, 0.0, 0.0, 0.0, 0.0, 0.0,-0.4364898204803467, 0.0
0, 280.0, 1291, 972, 1651, 1332, 0.04999999701976776,-0.05232396364895976, -0.04299509852426127, 0.16163876046150108, 0.07032897725162911,1.4902688662488118e-06, -0.00010006560393605923, -5.730703650172586e-05, 0.0008541943063028156, 0.0013100898758580115,9.02772331237793, 0.9588804007070189, 345.3750305175781, 276.875, 1381, 1107,355.3750305175781, 246.87501525878906, 1421, 987, 20.72954559326172, 229.94090454569653, 16.664316081318898, 249.46465135206196, 26.3482203762496, 217.73836863588969,11.540964536139807, 226.58806030478564, 21.036038796739266, 254.5931609585369, 24.394453950792094, 261.7630700774878,106.33276606842158, 168.97393366858, 273.5139961010538, 336.0883994424592, -189.2326235500983, 104.89521887843966, -227.57953339153352, 336.0883994424592, -189.2326235500983,0, 863.0974685235578, 628.4382379863982, 234.6592305371596, 253.83303516796892,0.0, 0.0, 0.0, 0.0, 0.0,0.0, 0.0, 0.0, 0.0, 0.0,0.0, 0.0, 0.0, 0.0, 0.0, 0.0,-0.32289692759513855, 0.0
0, 285.0, 1313, 1000, 1673, 1360, 0.04999999701976776,0.058554473876720296, 0.06092438720734208, 0.1724227154784603, 0.09066462400165619,-3.8285403158866416e-06, 4.282621000200493e-05, -3.857691632894955e-05, 0.0009924589072443269, 0.0004598604548368712,9.209380149841309, 1.0836605191015574, 350.8750305175781, 283.875, 1403, 1135,360.8750305175781, 253.87501525878906, 1443, 1015, 20.392906188964844, 229.5818141802723, 16.552593538534104, 249.77639964395192, 25.889243497478446, 216.83085983905966,10.955257211803803, 231.2388590540524, 20.354218403425264, 258.1496131386059, 24.29230573311025, 263.49998718342204,105.38828535952416, 161.98599447774973, 259.0355360673862, 288.7661087762957, -215.0043053660701, 75.55722250119351, -250.3650567999782, 288.7661087762957, -215.0043053660701,0, 861.7877914412982, 620.603823262701, 241.18396817859718, 274.26543860627265,0.0, 0.0, 0.0, 0.0, 0.0,0.0, 0.0, 0.0, 0.0, 0.0,0.0, 0.0, 0.0, 0.0, 0.0, 0.0,-0.20668165385723114, 0.0
0, 290.0, 1336, 1011, 1696, 1371, 0.04999999701976776,0.04689288827794371, 0.037807869564421705, 0.09644543529837392, 0.05028323721751803,3.8200862881865306e-08, 4.7835291723998804e-05, -1.1748331823326908e-05, 0.0011169064974353659, 3.057491055642458e-05,3.813659429550171, 0.6085022437751741, 356.6250305175781, 286.625, 1426, 1146,366.6250305175781, 256.625, 1466, 1026, 20.653512954711914, 229.9068082413598, 16.543824179932212, 249.44770899132592, 26.304696254348972, 217.76308980915127,11.200627934830827, 233.1346736808378, 20.336975674378397, 259.823091447529, 24.028126389476878, 264.483220235202,109.15449280767001, 167.8991104253799, 262.93665800001276, 247.71526857335022, -246.98147939013333, 50.56252764057885, -283.2202953139692, 247.71526857335022, -246.98147939013333,0, 859.5096350120377, 605.6692637862873, 253.84037122575046, 284.34100315382665,0.0, 0.0, 0.0, 0.0, 0.0,0.0, 0.0, 0.0, 0.0, 0.0,0.0, 0.0, 0.0, 0.0, 0.0, 0.0,-0.14341957867145538, 0.0
0, 295.0, 1380, 1015, 1740, 1375, 0.04999999701976776,0.03503717201192558, 0.02216555055863864, 0.0691378748693387, -0.0027666017937735842,1.399457399742232e-07, 4.590670623528581e-05, 3.870422915497329e-09, 0.0005759107544699304, 0.0016093194148561452,4.53455924987793, 0.4629489325764317, 367.6250305175781, 287.625, 1470, 1150,377.6250305175781, 257.625, 1510, 1030, 20.70071792602539, 229.92977133734942, 16.61018569021296, 249.447966203993, 26.337067630496666, 217.7656230621031,11.257580937070028, 232.89192875773557, 20.41597065337571, 260.7540189106451, 24.10257603616011, 265.78842840445645,110.31635529955082, 171.85194428683909, 274.2015101640391, 202.29192800202057, -281.24623011593985, 11.451440562091582, -320.9547885809096, 202.29192800202057, -281.24623011593985,0, 857.8227476272431, 592.0188834374, 265.8038641898431, 282.1672836993116,0.0, 0.0, 0.0, 0.0, 0.0,0.0, 0.0, 0.0, 0.0, 0.0,0.0, 0.0, 0.0, 0.0, 0.0, 0.0,-0.10671530663967133, 0.0
0, 300.0, 1404, 1030, 1764, 1390, 0.04999999701976776,0.02153810387433623, 0.015807315039637615, 0.04901226096022584, 0.023842473718250403,-1.2850586104207196e-06, 3.356792622938087e-05, 2.1087582903334125e-05, 0.0005709953641741094, 0.0014682741726028325,4.639143466949463, 0.40520008448067374, 373.6250305175781, 291.375, 1494, 1165,383.6250305175781, 261.375, 1534, 1045, 20.786592483520508, 230.09108674516676, 16.42157436313541, 249.0916766936875, 26.589409923340515, 218.49117079895078,11.411839110303884, 230.95996876986243, 20.804585891824605, 259.9538895701348, 24.186679686754932, 263.477570502566,111.07562848821372, 173.1221424749291, 277.89171238723975, 171.613172402063, -272.9610046389564, 18.7254360107213, -307.8353155313147, 171.613172402063, -272.9610046389564,0, 856.4733344735577, 595.2616636592905, 261.2116708142671, 298.7917415897326,0.0, 0.0, 0.0, 0.0, 0.0,0.0, 0.0, 0.0, 0.0, 0.0,0.0, 0.0, 0.0, 0.0, 0.0, 0.0,-0.07820350676774979, 0.0
0, 305.0, 1420, 1049, 1780, 1409, 0.04999999701976776,0.03276705780124758, 0.03763666657881913, 0.05616549456266511, 0.007305182671843795,-1.3981539595420145e-07, 3.647846145284461e-05, 4.222207372578168e-05, 0.000901254679986323, 0.0003588262089181171,2.278773069381714, 0.36745841656739814, 377.6250305175781, 296.125, 1510, 1184,387.6250305175781, 266.125, 1550, 1064, 20.659055709838867, 229.87156446524256, 16.570833503460427, 249.43775413720513, 26.296401089660797, 217.6884642508424,11.636710284060918, 233.9922995537813, 20.448167566640723, 261.6026835753975, 23.536671886731387, 264.6162449994772,113.34379591942036, 178.77694157650072, 275.320313604162, 170.961384895139, -291.2580049780605, 16.44636736603822, -318.6869231792866, 170.961384895139, -291.2580049780605,0, 857.927518095406, 594.6264935766415, 263.3010245187645, 297.49889969755117,0.0, 0.0, 0.0, 0.0, 0.0,0.0, 0.0, 0.0, 0.0, 0.0,0.0, 0.0, 0.0, 0.0, 0.0, 0.0,-0.0739617794752121, 0.0
0, 310.0, 1456, 1060, 1816, 1420, 0.04999999701976776,0.03418041615303082, 0.04690088611745522, 0.04505638821181492, 0.08015886689667241,2.777054860061412e-06, 2.5697039611856097e-05, 5.303599046783347e-05, 0.0005685365919293873, 0.0012288444068400395,1.920867919921875, 0.33646440829671936, 386.6250305175781, 298.875, 1546, 1195,396.6250305175781, 268.875, 1586, 1075, 20.633865356445312, 229.74504204105725, 16.524233847024707, 249.30715304561033, 26.286166066040906, 217.5943932816217,12.06122583328691, 229.48836353204817, 20.776645025362047, 259.9117199821991, 23.881979252113116, 262.88328940326153,116.43333279214033, 185.4818888918452, 293.91479829061655, 165.50543753608696, -288.5905765270557, 35.41748554581025, -309.19943665612664, 165.50543753608696, -288.5905765270557,0, 858.9101040529847, 592.9274374754344, 265.9826665775503, 301.1465424168303,0.0, 0.0, 0.0, 0.0, 0.0,0.0, 0.0, 0.0, 0.0, 0.0,0.0, 0.0, 0.0, 0.0, 0.0, 0.0,-0.04042733460664749, 0.0
0, 315.0, 1490, 1081, 1850, 1441, 0.04999999701976776,0.019858043373096733, 0.02607970913104509, 0.03539276573501411, 0.04831700998925953,7.061997387580732e-07, 2.3328038783247963e-05, 2.900746567149781e-05, 0.00034869014204673486, 0.001560850417560005,1.9180727005004883, 0.2853410879913826, 395.1250305175781, 304.125, 1580, 1216,405.1250305175781, 274.125, 1620, 1096, 20.624038696289062, 229.5789591611992, 16.502072637480794, 249.13352055680267, 26.284663858759945, 217.4487174034423,12.012669718189327, 231.07508477813383, 20.59634306352572, 260.2309493636272, 23.756998407971214, 263.3992555535426,117.03578397119725, 185.17179675311115, 292.8550817673853, 148.1162116447441, -304.7249039482805, 31.8212690737047, -318.7000186229555, 148.1162116447441, -304.7249039482805,0, 860.5311014670827, 590.0688488177024, 270.4622526493804, 307.36711845596597,0.0, 0.0, 0.0, 0.0, 0.0,0.0, 0.0, 0.0, 0.0, 0.0,0.0, 0.0, 0.0, 0.0, 0.0, 0.0,-0.06890107691287994, 0.0
0, 320.0, 1517, 1084, 1877, 1444, 0.04999999701976776,0.019020874590078167, 0.02869437012650451, 0.047883020694134755, 0.09775376997160493,1.4353674829159501e-06, 1.7473255435902502e-05, 3.6371495668845454e-05, 0.00019117944157528654, 0.0013746160896590707,2.362157106399536, 0.25421905298737485, 401.8750305175781, 304.875, 1607, 1219,411.8750305175781, 274.875, 1647, 1099, 20.569791793823242, 229.27067174282152, 16.477812462226783, 248.92779134558052, 26.21477319601747, 217.06363071042455,12.023858060897402, 230.8952185765307, 20.585152756739898, 260.0746063335256, 23.495360394592343, 262.7803721128478,116.98162055230429, 184.1149725809364, 290.0516556693402, 141.75160459009354, -302.3860340875423, 39.961375090221296, -308.9597345318762, 141.75160459009354, -302.3860340875423,0, 862.4865692447872, 590.7575307766062, 271.729038468181, 307.70485192872786,0.0, 0.0, 0.0, 0.0, 0.0,0.0, 0.0, 0.0, 0.0, 0.0,0.0, 0.0, 0.0, 0.0, 0.0, 0.0,-0.06781494617462158, 0.0
0, 325.0, 1546, 1109, 1906, 1469, 0.04999999701976776,-0.014542827843561097, -0.0046036973809532354, 0.07057734680391149, 0.06323438116232864,-1.119472924386855e-06, -2.4739940599829424e-05, -1.1155421396011888e-05, 0.000199691677148337, 0.0015076358512686736,3.776607036590576, 0.31089945532061053, 409.1250305175781, 311.125, 1636, 1244,419.1250305175781, 281.125, 1676, 1124, 20.498071670532227, 229.09352395650808, 16.4676822050624, 248.91703819854527, 26.10856700588646, 216.74260717527514,12.015140023869767, 230.6522824081317, 20.71947235816281, 258.8182886583501, 23.681374807056354, 262.81541098328995,115.35321315747532, 182.1276436909538, 283.1917532502244, 132.16798090036883, -292.7957781479537, 49.14038634240992, -291.9584521577328, 132.16798090036883, -292.7957781479537,0, 864.3907939053901, 593.6002485284885, 270.7905453769016, 315.016082225981,0.0, 0.0, 0.0, 0.0, 0.0,0.0, 0.0, 0.0, 0.0, 0.0,0.0, 0.0, 0.0, 0.0, 0.0, 0.0,-0.041551440954208374, 0.0
0, 330.0, 1572, 1124, 1932, 1484, 0.04999999701976776,-0.0028215860963246085, 0.015852478136293938, 0.10026001814658228, 0.04640151708619669,-8.551303559123368e-07, -2.2847551640836627e-05, -1.6037005520956883e-05, 0.00018654981237943956, 0.0013728924571125845,3.0370359420776367, 0.3268006138106846, 415.6250305175781, 314.875, 1662, 1259,425.6250305175781, 284.875, 1702, 1139, 20.41504669189453, 228.80799472844487, 16.3461248031493, 248.66794016292653, 26.054798266402603, 216.501970058057,12.183705545011094, 229.8738594088037, 20.769662079051532, 258.2956425830607, 23.725475535979136, 263.8056244884017,114.94371543757484, 183.2620512613791, 284.079833237113, 132.31197124013892, -292.07605357860524, 60.79428549401555, -284.2125388478537, 132.31197124013892, -292.07605357860524,0, 866.1164458075233, 593.4253858199339, 272.69105998758937, 315.78168459672264,0.0, 0.0, 0.0, 0.0, 0.0,0.0, 0.0, 0.0, 0.0, 0.0,0.0, 0.0, 0.0, 0.0, 0.0, 0.0,-0.033547867089509964, 0.0
0, 335.0, 1598, 1143, 1958, 1503, 0.04999999701976776,-0.010629718303025584, -0.004519559071559343, 0.06541144204922603, 0.05864182043413166,-7.973486070866898e-07, -3.372336396331832e-05, -4.023729232557116e-05, 0.00017468702345524892, 0.0011327442924732622,1.5976948738098145, 0.26845987253015663, 422.1250305175781, 319.625, 1688, 1278,432.1250305175781, 289.625, 1728, 1158, 20.332172393798828, 228.70080173961068, 16.220239178088537, 248.58980576531317, 26.0038134424906, 216.44926382276674,12.042420022687459, 230.86244732889298, 20.572599874107773, 258.6360455509158, 23.731679489218003, 264.1974724410853,114.56486081264325, 179.50695019772414, 276.37207480963224, 120.19531821338884, -291.1604656245147, 63.51738689565105, -274.9386146827674, 120.19531821338884, -291.1604656245147,0, 866.9068731175157, 596.0795247902665, 270.8273483272492, 322.8375906068493,0.0, 0.0, 0.0, 0.0, 0.0,0.0, 0.0, 0.0, 0.0, 0.0,0.0, 0.0, 0.0, 0.0, 0.0, 0.0,-0.0816742554306984, 0.0
0, 340.0, 1621, 1151, 1981, 1511, 0.04999999701976776,-0.007351399859126103, 0.0001419749997512554, 0.06014705759684148, 0.06583532626042142,-2.7881958822106867e-06, -2.936740739130528e-05, -2.5740292184082136e-05, 0.00022418416972726617, 0.0006757648681340811,1.5833979845046997, 0.25301539456134653, 427.8750305175781, 321.6250305175781, 1711, 1286,437.8750305175781, 291.625, 1751, 1166, 20.269882202148438, 228.65120090585805, 16.033326499717045, 248.4186036460283, 26.022465971204756, 216.62387574542026,12.23704014642301, 230.07942078206437, 20.604968263064322, 258.3832875704903, 23.62735275670544, 263.3629462679148,115.33748968754557, 181.38547932963746, 278.8504910730043, 114.41407171473843, -289.3115743669891, 73.45802338242663, -266.64167440375957, 114.41407171473843, -289.3115743669891,0, 868.700661283029, 598.7305485242692, 269.9701127587598, 324.668969702976,0.0, 0.0, 0.0, 0.0, 0.0,0.0, 0.0, 0.0, 0.0, 0.0,0.0, 0.0, 0.0, 0.0, 0.0, 0.0,-0.08540525287389755, 0.0
0, 345.0, 1645, 1172, 2005, 1532, 0.04999999701976776,0.029900398053778185, 0.04024973676438094, 0.03124568237151834, 0.03846717434294988,2.5204891048247193e-06, 2.0616937262367683e-05, 2.302180233627382e-05, 0.0002329400218883393, 0.0005539684671305167,1.4490306377410889, 0.1927323750394155, 433.8750305175781, 326.8750305175781, 1735, 1307,443.8750305175781, 296.875, 1775, 1187, 20.21341896057129, 228.5070975747491, 15.993483549767541, 248.36395753268252, 25.959066272876665, 216.4273455809524,12.575620960398638, 231.76386837479458, 20.75752834477278, 259.30469374990344, 23.7784103642386, 263.2219575030675,121.73193755883705, 189.1259554513472, 284.92703388943, 114.00613405195186, -299.3471851987157, 80.1518524443386, -271.6277750026397, 114.00613405195186, -299.3471851987157,0, 870.0699432548246, 600.4837232311653, 269.5862200236593, 333.85345776256605,0.0, 0.0, 0.0, 0.0, 0.0,0.0, 0.0, 0.0, 0.0, 0.0,0.0, 0.0, 0.0, 0.0, 0.0, 0.0,-0.14306151866912842, 0.0
0, 350.0, 1668, 1194, 2028, 1554, 0.04999999701976776,0.04383219707055105, 0.05250215783145905, -0.0030614088094444015, 0.012041158191423165,-2.7953174681982773e-06, 3.014944310677947e-05, 5.405657530161534e-05, 0.00021507130151007914, 0.00039641607425011216,1.5488015413284302, 0.1540713968133564, 439.6250305175781, 332.3750305175781, 1758, 1329,449.6250305175781, 302.375, 1798, 1209, 20.16171646118164, 228.4075680581637, 15.853904433205408, 248.18077399068116, 25.964269467308995, 216.4863679283746,13.001227906112755, 230.82175306181804, 20.943567324832546, 259.29011812621457, 23.837144051646035, 262.0700324391665,120.7756253588777, 195.6867311201635, 293.1330242479434, 117.75170184382362, -300.40880982937614, 96.3486367689883, -266.9900811102098, 117.75170184382362, -300.40880982937614,0, 873.0234699948388, 605.2429528744653, 267.7805171203735, 337.76351389110863,0.0, 0.0, 0.0, 0.0, 0.0,0.0, 0.0, 0.0, 0.0, 0.0,0.0, 0.0, 0.0, 0.0, 0.0, 0.0,-0.15218965709209442, 0.0
0, 355.0, 1694, 1204, 2054, 1564, 0.04999999701976776,0.03479800106323637, 0.03954665796889458, 0.006987654117901912, 0.03526334762849728,-1.7946742819852091e-06, 2.558311524225587e-05, 4.542996588696724e-05, 0.000228623379401256, 0.00023828863881249164,1.0838494300842285, 0.1610751732230801, 446.1250305175781, 334.8750305175781, 1784, 1339,456.1250305175781, 304.875, 1824, 1219, 20.14826011657715, 228.25193536773577, 15.930218774901062, 248.18524660702823, 25.896580302739064, 216.14599261909774,12.936748226705689, 231.01273881138994, 20.860207510876773, 259.6661610211588, 23.80629032553601, 262.0203496431438,122.35579692718385, 194.46462817015188, 291.75629138471356, 118.6036385482798, -301.97376846592334, 113.06768653269971, -261.4656696170285, 125.98001892460634, -228.99269047399417,0, 873.9980495272679, 605.4044259740281, 268.5936235532398, 341.1328920342573,0.0, 0.0, 0.0, 0.0, 0.0,0.0, 0.0, 0.0, 0.0, 0.0,0.0, 0.0, 0.0, 0.0, 0.0, 0.0,-0.16027498245239258, 0.0
0, 360.0, 1724, 1226, 2084, 1586, 0.04999999701976776,0.046826744076170136, 0.050928099588800256, -0.02956783981207991, 0.06863867735053646,3.2692185209981515e-06, 6.074751261728296e-05, 3.344543629090424e-05, 0.0001141479397671219, 0.0005694055644011087,2.2252631187438965, 0.15527288559086447, 453.6250305175781, 340.3750305175781, 1814, 1361,463.6250305175781, 310.375, 1854, 1241, 20.063627243041992, 228.07216478878104, 15.87067674563396, 248.14113042092453, 25.801547366983492, 215.88685769145312,12.853778357588244, 230.6707102585124, 20.84382314980112, 259.5252542185815, 24.07178365758644, 260.92380375303327,123.85028568352337, 192.93883554624884, 295.0580137589921, 115.96149226604417, -309.04611270169084, 128.77670980256423, -260.3708791077944, 145.3694244241176, -226.2227710131187,0, 875.201614386304, 604.2042804968739, 270.99733388943, 357.69073253013175,0.0, 0.0, 0.0, 0.0, 0.0,0.0, 0.0, 0.0, 0.0, 0.0,0.0, 0.0, 0.0, 0.0, 0.0, 0.0,-0.1706714779138565, 0.0