BSS_NC_CTL: UH_Thresh: 150.0, u_rad: 5.0, track_on: 100.0 min
Mode, Time, x1, y1, x2, y2, zs_surface, w500m, w1km, w3km, w5km,zvort_suf, zvort500m, zvort1km, zvort3km, zvort5km,UH_Max, UH_Area, UH_X, UH_Y, UHi, UHj,SX, SY, SXi, SYj, meanWnd, meanWnd_dir, rm, rm_dir, lm, lm_dir,shear1km, shear1km_dir, shear3km, shear3km_dir, shear6km, shear6km_dir,srh500m, srh1km, srh3km, sbcape, sbcin, mlcape, mlcin, mucape, mucin,3CAPE, LCL, LFC, LFC-LCL, EL,wA500m, wA1km, wA3km, wA5km, wA8km,zA500m, zA1km, zA3km, zA5km, zA8km,wzA500m, wzA1km, wzA3km, wzA5km, wzA8km, meso_depth, CP_Min, CP_area, dBZ_Area
bool, min, idx, idx, idx, idx, km,ms^-1, ms^-1, ms^-1, ms^-1,s^-1, s^-1, s^-1, s^-1, s^-1,m^2s^-2, m^2s^-2, km, km, idx, idx,km, km, idx, idx, ms^-1, deg, ms^-1, deg, ms^-1, deg,ms^-1, deg, ms^-1, deg, ms^-1, deg,m^2s^-2, m^2s^-2, m^2s^-2, Jkg^-1, Jkg^-1, Jkg^-1, Jkg^-1, Jkg^-1, Jkg^-1,Jkg^-1, hPa, hPa, hPa, hPa,km^2, km^2, km^2, km^2, km^2,km^2, km^2, km^2, km^2, km^2,km^2, km^2, km^2, km^2, km^2, km, K, km^2, km^2
0, 0.0, -90, -135, 270, 225, 0.04999999701976776,0.0, 0.0, 0.0, 0.0,0.0, 0.0, 0.0, 0.0, 0.0,0.0, 0.0, 0.125, 0.125, 0, 0,10.125000953674316, 370.1250305175781, 40, -120, 14.27422046661377, 239.7179515123546, 12.719258548439216, 271.31552175478237, 18.926890417307263, 219.10183579421616,8.23253792673326, 222.96042389318683, 15.72444081378443, 255.12963133670638, 23.088186776407937, 260.7053469826196,61.6663099461031, 101.97581978158104, 186.36239195617708, 1330.144199615202, -3.986416688047849, 906.4484135882863, -15.121223708116524, 1330.144199615202, -3.986416688047849,105.62500814013582, 900.2205023981514, 880.5134324883086, 19.707069909842858, 225.49105336216405,0.0, 0.0, 0.0, 0.0, 0.0,0.0, 0.0, 0.0, 0.0, 0.0,0.0, 0.0, 0.0, 0.0, 0.0, 0.0,0.0, 0.0, 0.0
0, 5.0, 167, 481, 527, 841, 0.04999999701976776,1.8479667727649212, 3.1537925212085245, 4.151844807639718, 2.278237959444523,-1.2667031980839739e-05, -7.799482839914155e-05, -6.255124121395283e-05, 0.0001380360106918488, 3.646410772432773e-05,3.8473007678985596, 1.8244920579181063, 64.375, 154.125, 257, 616,74.375, 124.12500762939453, 297, 496, 14.274210929870605, 239.71792419159792, 12.719245617569287, 271.3155169885307, 18.926885288729178, 219.1018094613864,8.657120687261894, 222.96684427100664, 30.196213149579172, 270.10814420636166, 35.19709789467782, 270.50333895173856,124.03898381426191, 194.34998898096225, 454.1806691200042, 1391.8909663830511, -3.58266640259264, 970.4466210048014, -13.365375428438856, 1391.8909663830511, -3.58266640259264,118.64826401413828, 899.8979605443725, 882.4747027484126, 17.4232577959599, 225.3318298300456,0.0, 0.0, 0.0, 0.0, 0.0,0.0, 0.0, 0.0, 0.0, 0.25,0.0, 0.0, 0.0, 0.0, 0.0, 0.0,-0.05812712758779526, 0.0, 0.0
0, 10.0, 188, 545, 548, 905, 0.04999999701976776,2.8021768860891463, 3.993167231604457, 7.386271809437313, 3.088841178091243,0.0004576311245560305, 0.0004153662834301031, 0.000263519017555609, 7.96043896974652e-05, -3.7815798431211076e-05,13.863679885864258, 6.891669057122202, 69.625, 170.12501525878906, 278, 680,79.625, 140.125, 318, 560, 14.116522789001465, 228.04022682422206, 9.503623795846536, 257.6205698016464, 20.511790576576967, 214.81866378308894,33.01655658162734, 269.5875845264926, 44.202144696015566, 276.3476176358167, 45.89117030678857, 275.4051061718683,145.4724081965139, 389.14595941628306, 545.7104271342449, 13.585406896536359, -208.36490406204194, 0, 0, 13.585406896536359, -208.36490406204194,0, 780.8188268165427, 560.5701011669668, 220.24872564957593, 462.0642416939288,0.0, 0.0, 0.0, 2.25, 13.875,0.0, 0.75, 8.625, 14.5, 14.375,0.0, 0.0, 0.5, 2.875, 8.0625, 0.0,-0.9314070343971252, 0.0, 0.0
0, 15.0, 190, 552, 550, 912, 0.04999999701976776,2.9208168638107606, 4.040592024268117, 7.630250480137765, 3.4731055990909225,0.000525158990296859, 0.0007322422046922839, 0.0005020180332257951, 0.0003585606312484657, 0.0003128453887771343,37.47832489013672, 13.217597394129262, 70.125, 171.87501525878906, 280, 687,80.125, 141.875, 320, 567, 14.623149871826172, 231.2988964168568, 10.242281521228735, 260.10119930553736, 20.863093734167045, 217.61743311798102,26.16811464617056, 260.31670921884586, 37.65398659374314, 274.07681196321926, 35.070253043231176, 268.417955612263,158.843928167339, 303.15806129321555, 508.72434789406935, 0, 0, 0, 0, 0, 0,0, 714.2175144801399, nan, nan, nan,0.0, 0.0, 0.125, 8.3125, 21.6875,8.0625, 17.6875, 28.75, 32.625, 32.5625,0.125, 1.3125, 3.0, 5.875, 9.6875, 1.215789556503296,-0.17201338708400726, 0.0, 0.0
0, 20.0, 182, 598, 542, 958, 0.04999999701976776,3.016493670635391, 4.374567633541301, 5.404509124532342, 0.21409985986538232,0.000670416213762337, -0.0002529072895868012, -4.49635432642026e-05, -0.000716994020438051, 6.85435202401763e-05,285.86358642578125, 7.5117075644237055, 68.125, 183.37501525878906, 272, 733,78.125, 153.375, 312, 613, 18.78911781311035, 227.49609297380383, 12.549155003620713, 243.06952953916633, 25.711487842537938, 219.96667547568896,28.26275220320227, 255.45414728455205, 53.57591419771376, 267.08710691286433, 54.00114385277219, 282.8676752363758,430.55829133569875, 680.7310056318004, 1065.5619453015383, 422.47367857418675, 0, 318.7553524876368, -82.4437103165792, 754.0771183478982, -1.0269760735467663,3.004467039351221, 797.131883121256, 582.3470135226822, 214.78486959857378, 297.5135200948671,0.0, 0.125, 2.375, 8.875, 16.125,11.25, 20.75, 35.25, 49.0625, 59.125,0.75, 4.125, 10.875, 16.1875, 22.75, 1.6105263233184814,-0.246734619140625, 0.0, 171.8125
0, 25.0, 191, 510, 551, 870, 0.04999999701976776,1.3668947971845045, 1.8920567036094145, 2.5041898239124567, -0.6388249661790906,0.0004270180114346545, 0.0003847626762853906, -6.94566421861964e-05, -0.0004540215478891696, 0.0003342692979819617,430.0141906738281, 20.651846799580234, 70.375, 161.37501525878906, 281, 645,80.37500762939453, 131.375, 321, 525, 19.146724700927734, 220.65494818036237, 12.31121883359296, 232.19243219326344, 26.346308279145447, 215.29219218150223,22.6969396653936, 251.99857699852416, 33.23158562924125, 290.16454391161886, 25.666101757888228, 277.26477543756596,305.296055823424, 414.5833475726705, 743.4744291900207, 36.34689415382619, -279.02707126680144, 42.379198486004015, -295.26833192068335, 243.2197407460531, -160.23457245489632,0, 815.6367113091366, 439.7567351207652, 375.87997618837136, 311.1860212264968,0.0, 0.4375, 2.625, 14.625, 32.625,22.5, 39.875, 60.6875, 76.9375, 87.1875,2.0, 8.5, 16.5625, 24.5, 32.0625, 1.605263352394104,-1.416259765625, 21.1875, 200.4375
0, 30.0, 186, 520, 546, 880, 0.04999999701976776,1.6484015364118387, 2.1469313699193298, -0.3316044214973226, -0.2642264841683209,0.00024220697699092853, 0.00026557821031019557, -1.2973072034583311e-05, 0.0005539740519316183, 3.18053800762641e-05,1262.5743408203125, 43.453745693647306, 69.125, 163.87501525878906, 276, 655,79.125, 133.875, 316, 535, 17.786903381347656, 229.19726086962223, 12.469591179911678, 249.6546323557094, 24.284917165729194, 218.85875252018414,24.136334460845333, 232.15108545922095, 32.489094477955646, 264.3172056572357, 30.66177496243548, 266.6670775996652,346.47677622681795, 509.30837373717463, 817.7694231930622, 94.77460467951657, 0, -9.335442551609912, -8.741149656251125, 403.31786558271796, -0.052348803021149644,4.921178796873314, 853.9841478977426, 490.16429320359754, 363.819854694145, 298.16260090391023,0.0, 0.5625, 5.6875, 12.4375, 24.0,31.875, 50.75, 67.875, 80.5625, 90.3125,2.0, 8.8125, 20.5, 32.1875, 39.0625, 1.8157892227172852,-1.86822509765625, 129.1875, 60.4375
0, 35.0, 190, 562, 550, 922, 0.04999999701976776,0.8373017514753154, 1.1381997802958357, 0.8715201959694969, -0.23112358547863557,0.0012253626949677709, 0.000423812624430866, 0.0001231650695171993, -7.994868356036023e-06, 9.381406820921256e-05,1265.1185302734375, 44.70802950371246, 70.125, 174.37501525878906, 280, 697,80.125, 144.375, 320, 577, 18.11605453491211, 232.95204808281002, 12.850467715238018, 253.11137284088863, 24.5712909346111, 222.5684249641631,23.266586419288224, 239.81203053798237, 25.917936597719812, 275.1486872100477, 30.46179064383556, 269.9000656810207,367.9194133787826, 480.59931967005303, 675.6302907773827, 343.21349868247756, -16.188974998687662, 179.47617340538258, -24.44627101883354, 343.21349868247756, -16.188974998687662,18.707197089140262, 892.4442472974106, 653.9276396671625, 238.51660763024813, 277.5654007701252,0.0, 0.0, 0.5, 4.375, 9.4375,41.0625, 56.0625, 76.375, 93.4375, 108.625,0.5625, 5.75, 13.0, 21.125, 26.25, 5.131579399108887,-2.44342041015625, 232.75, 14.1875
0, 40.0, 211, 610, 571, 970, 0.04999999701976776,0.9023138019954786, 1.3566097515728324, 1.8497483223536983, 1.618807494272478,-7.272098193539023e-05, 0.00018513494235776308, 0.00039559087274938066, 0.00022786174544307868, 0.0006530404673185331,1133.594970703125, 47.80776199131557, 75.375, 186.37501525878906, 301, 745,85.37500762939453, 156.375, 341, 625, 17.126705169677734, 231.6274558366911, 11.245754255527283, 250.93475744478587, 23.93075647744555, 222.68892044722162,14.20904120440931, 241.92664344463998, 18.391676222035056, 278.86234302405364, 23.953946520361352, 274.37716270178134,152.4228486962608, 272.8906561946431, 348.98472825640494, 916.0837519504806, -71.51720539377344, 548.4256399082578, -53.41967319283501, 916.0837519504806, -71.51720539377344,25.740850729318932, 908.0436150887231, 796.9396796954206, 111.10393539330244, 240.866108018003,0.0, 0.0, 0.1875, 0.25, 0.125,46.75, 67.75, 94.375, 119.6875, 127.3125,0.0625, 2.3125, 6.125, 8.625, 11.6875, 2.494736909866333,-2.758697509765625, 488.5, 54.125
0, 45.0, 273, 445, 633, 805, 0.04999999701976776,0.24970154812326656, 0.49156227414263415, 1.4963486411306075, 0.7534155252607888,-0.0003398393379711706, -0.0007527371802689231, -0.0007826929332804866, 0.002217711511514153, 0.0005780706943405889,626.4552612304688, 32.890674622603086, 90.87500762939453, 145.125, 363, 580,100.87500762939453, 115.12500762939453, 403, 460, 17.13568115234375, 233.9637357026723, 11.032492320010931, 252.20521566631064, 24.0426143511962, 225.7053579087474,10.309620860493972, 232.59821696304667, 18.770341289254905, 263.5570875648833, 26.867783990365325, 268.3757587035706,73.00599533600631, 124.01922570899684, 199.48271873805155, 994.5240307667108, -34.036188161364386, 710.128774646677, -57.38241525907148, 994.5240307667108, -34.036188161364386,52.90415997234192, 892.8987839616543, 806.3052016757293, 86.59358228592498, 240.70720949593792,0.0, 0.0, 0.0, 0.0, 0.0,8.125, 14.0, 19.5, 23.625, 24.625,0.0, 0.3125, 1.5625, 1.75, 1.25, 1.5789473056793213,-2.168701171875, 112.0625, 290.875
0, 50.0, 292, 472, 652, 832, 0.04999999701976776,-0.1096765794523526, -0.02129250901401974, 0.623285235373769, 0.44113699549256125,-5.813233187950573e-05, -0.0007119161938680918, -0.0012938142360007987, 0.001187249326899291, 0.0007215813984180386,340.31280517578125, 18.331141279786788, 95.62500762939453, 151.875, 382, 607,105.62500762939453, 121.87500762939453, 422, 487, 15.364479064941406, 234.80790610295085, 11.657307338487362, 263.0037559546531, 21.183522914907524, 219.73724539459297,11.180061245238942, 239.924264206424, 19.379107789644927, 267.2487091886268, 28.23269399776579, 273.90962259271566,97.13099205404585, 175.5979294592094, 271.60051756093145, 949.7352571480255, -48.91977865010807, 630.0768189062284, -81.07278132901185, 949.7352571480255, -48.91977865010807,28.42782592591192, 892.7342162735201, 793.14150460353, 99.59271166999008, 239.57730033500135,0.0, 0.0, 0.0, 0.0, 0.0,5.25, 8.0625, 13.4375, 15.9375, 19.75,0.0, 0.0625, 0.625, 0.8125, 0.4375, 0.8315792083740234,-2.42822265625, 317.9375, 398.8125
0, 55.0, 388, 606, 748, 966, 0.04999999701976776,-0.04197673168644542, -0.12178698841482401, 0.5722356823808513, 2.9774214469559954,5.402921994210885e-06, 3.1742546798341206e-05, 2.243701393183528e-05, 0.00042657793963599036, 4.432783044649113e-05,384.9116516113281, 22.80807170495456, 119.62500762939453, 185.37501525878906, 478, 741,129.625, 155.375, 518, 621, 16.378385543823242, 233.92641554904736, 11.650936851444053, 258.2587039367668, 22.655213276234146, 221.69303365246384,9.750116666672566, 220.03289553189262, 24.643487707909152, 258.50284320172227, 33.35083153849987, 266.5180292115972,81.30087675256888, 145.91032374999324, 323.6749935249855, 980.6743792880729, -11.763102436635645, 777.7600970234412, -37.093531721427084, 980.6743792880729, -11.763102436635645,8.695748554503874, 892.8580218638805, 795.3349457237971, 97.52307614008339, 223.1735605321316,0.0, 0.0, 0.0, 0.0, 0.0,0.0, 0.125, 0.3125, 0.375, 1.75,0.0, 0.0, 0.0, 0.0, 0.0, 1.7473688125610352,-3.12799072265625, 414.75, 1018.125
0, 60.0, 384, 622, 744, 982, 0.04999999701976776,0.22635141923557967, 0.3216022812051233, 1.224749897995498, 1.8373048672976438,7.647735464502149e-06, 0.00030454496026095513, 0.00021596919634475853, 0.0006428352169859864, 0.00040557294835139143,851.0751953125, 28.00528986450074, 118.62500762939453, 189.37501525878906, 474, 757,128.625, 159.375, 514, 637, 14.565804481506348, 228.36621809292842, 11.106131861482961, 258.69558390953057, 20.3341874683206, 212.35622949785648,9.753560415322198, 216.87640556924129, 21.791737342422774, 249.80219306712317, 26.427632505711056, 262.82862056914473,73.24250100819908, 132.18191879055757, 293.4098752596708, 927.80001327845, -8.915538250393642, 728.65581322424, -22.35468924600803, 927.80001327845, -8.915538250393642,41.73828267234478, 892.6695829389485, 847.5669372669652, 45.10264567198328, 231.11258421120687,0.0, 0.0, 0.0, 0.0, 0.0,0.0, 0.0, 0.5625, 2.8125, 8.3125,0.0, 0.0, 0.0, 0.0, 0.0, 2.026315450668335,-3.2574462890625, 629.625, 928.5625
0, 65.0, 351, 529, 711, 889, 0.04999999701976776,0.260534378568118, 0.42633150047098756, 1.2891644891817122, -0.20375540391542019,-6.362168254128165e-06, 0.00013371072772770277, -0.00025978170257076274, 0.00021465903469561454, 0.0002063500020142328,601.7091674804688, 22.20966307779822, 110.37500762939453, 166.12501525878906, 441, 664,120.37500762939453, 136.125, 481, 544, 14.971083641052246, 227.51310014483715, 13.729831934437566, 257.4104237188511, 19.29399984747025, 206.73799540081438,11.491947390994078, 243.42932604317778, 23.563356249125096, 278.47621876989444, 27.787189785903507, 279.919109892438,111.55533904458467, 193.0295275541984, 348.4554285177034, 836.7616799754614, -66.63581544700318, 510.6016906415881, -113.21743923562575, 836.7616799754614, -66.63581544700318,3.543768440747231, 892.29169057273, 728.2448225017724, 164.04686807095754, 239.42414565012552,0.0, 0.0, 0.0, 0.0, 0.0,0.3125, 1.4375, 3.25, 5.5625, 9.625,0.0, 0.0, 0.0, 0.0, 0.0, 2.3684210777282715,-3.5947265625, 693.125, 593.1875
0, 70.0, 363, 584, 723, 944, 0.04999999701976776,-0.16083246254740519, -0.007347937645681668, 1.353900946932845, 0.7949550622052629,-6.670672574728087e-05, -0.0003703134373006378, -0.0007494839115088325, -0.00036333554111479317, -0.00015351002999750563,719.4468383789062, 20.876275111104313, 113.37500762939453, 179.87501525878906, 453, 719,123.37500762939453, 149.875, 493, 599, 17.507171630859375, 236.42320486052384, 12.646089715855018, 258.553164831012, 23.78189475457581, 224.8677721846347,10.950861511931617, 214.8688763683911, 23.898671472647994, 246.0055641150799, 30.81716368674141, 269.51993833295285,72.35853296050549, 162.19869461395058, 368.102075351832, 929.9535866602712, -3.1892580977256673, 816.071465751386, -11.00569472690181, 929.9535866602712, -3.1892580977256673,62.60166573310264, 892.310134283696, 875.9167351558042, 16.393399127891826, 246.68240530173026,0.0, 0.0, 0.0, 0.0, 0.0,2.3125, 4.8125, 10.8125, 17.5, 21.0625,0.0, 0.0, 0.0, 0.0, 0.0, 2.6894733905792236,-3.975494384765625, 916.8125, 580.125
0, 75.0, 378, 544, 738, 904, 0.04999999701976776,0.5085937559843297, 0.8604598203179196, 1.8950478294101776, 0.11655786149669439,-0.00018373786135555292, 0.00028896637477146217, 0.0004980964563196721, 0.0007391691985094439, 0.0003499560683894742,650.7599487304688, 26.586768653039556, 117.12500762939453, 169.87501525878906, 468, 679,127.12500762939453, 139.875, 508, 559, 15.648221015930176, 234.1996367762262, 12.135396554795802, 262.0237338162757, 21.32992784563522, 218.79961602324695,10.888574548089963, 238.14942589021786, 23.7072899217149, 272.4128276172423, 26.60768369863248, 276.2951344622343,94.21242715946653, 169.66517442065697, 353.48900080222757, 914.5670690414415, -41.32122408103199, 619.5325518402917, -65.824533583929, 914.5670690414415, -41.32122408103199,40.12715924481834, 892.162890024126, 799.6960748107058, 92.4668152134202, 239.7415880085746,0.0, 0.0, 0.0, 0.0, 0.0,0.25, 0.125, 1.125, 1.0625, 2.0625,0.0, 0.0, 0.0, 0.0, 0.0, 2.989473342895508,-4.3111572265625, 735.9375, 586.75
0, 80.0, 388, 496, 748, 856, 0.04999999701976776,0.6831369156678557, 1.1527373592738877, 1.9124857670697382, 0.1657480838010087,-3.375303644190808e-06, 0.00016252588944325907, 0.00037528315428289713, 0.000527126087108627, 8.141789929652532e-05,916.3772583007812, 34.22137736394288, 119.62500762939453, 157.875, 478, 631,129.625, 127.87500762939453, 518, 511, 17.28803253173828, 237.73365861506085, 13.316371794051772, 261.9377790102964, 23.085198541785257, 224.0538259407998,10.131495051314046, 237.2300414467991, 20.226630048193346, 273.11867302644987, 25.28995968079818, 276.2049896255685,82.03544819236818, 148.27412168650932, 268.4833516960521, 963.2199525949486, -29.613833079905397, 711.499521329673, -51.30197327406723, 963.2199525949486, -29.613833079905397,31.561123791526065, 892.3256082582129, 798.7791222301069, 93.54648602810607, 239.43913456983515,0.0, 0.0, 0.0, 0.0, 0.0,0.0625, 0.75, 1.125, 1.0, 0.625,0.0, 0.0, 0.0, 0.0, 0.0, 2.8368425369262695,-4.1585693359375, 452.4375, 320.8125
0, 85.0, 398, 503, 758, 863, 0.04999999701976776,0.6750827760176615, 1.1741105079979754, 2.4039551356923763, 1.126486173790181,7.404773028270029e-06, 0.00010458950402835399, 0.00024938703960060595, 0.0008166006754936462, 0.00047303204074069074,567.771728515625, 45.10485766392002, 122.12500762939453, 159.625, 488, 638,132.125, 129.625, 528, 518, 16.173076629638672, 238.54758493769458, 12.375362887599538, 264.9737326128933, 21.965590876327784, 224.02646935107683,10.20274445671674, 237.71428819857468, 20.181759497203583, 273.3706387049316, 25.16835238714917, 275.07489384625484,80.27000721364361, 148.83112079932644, 278.97122330121925, 989.5142879065993, -27.50330428314331, 740.7512068311828, -48.14255285306823, 989.5142879065993, -27.50330428314331,38.96943265804432, 892.2374329682633, 802.1377388260521, 90.0996941422112, 239.46961856260594,0.0, 0.0, 0.0, 0.0, 0.0,0.1875, 0.5625, 0.875, 2.4375, 2.8125,0.0, 0.0, 0.0, 0.0, 0.0, 1.1526312828063965,-4.31842041015625, 522.8125, 291.5
0, 90.0, 419, 563, 779, 923, 0.04999999701976776,0.4039516471131355, 0.779186127828434, 2.50288094994612, 1.3858351793112522,6.81643915648067e-05, 0.00041817423217366923, 0.0005758951029065429, 0.0014523657051029202, 4.345310890329303e-05,1049.3828125, 40.020752315600575, 127.37500762939453, 174.62501525878906, 509, 698,137.375, 144.625, 549, 578, 16.17521858215332, 238.8309968071151, 12.529819689901197, 265.4489900587979, 21.881019494330967, 223.96478753765317,11.420150477457264, 227.07251196223632, 23.561075164444254, 264.4121316263205, 28.062861320112404, 271.5759791797541,77.0221153448332, 177.61488704894697, 394.8224710413, 977.2070254943075, -11.707365090198591, 817.5256940547573, -28.62771724669905, 977.2070254943075, -11.707365090198591,58.352267432016575, 892.0662478651149, 809.801178225331, 82.26506963978386, 237.35905854990133,0.0, 0.0, 0.0, 0.0, 0.0,0.625, 2.6875, 4.6875, 6.4375, 10.375,0.0, 0.0, 0.0, 0.0, 0.0, 2.6894733905792236,-4.126373291015625, 863.4375, 533.625
0, 95.0, 428, 564, 788, 924, 0.04999999701976776,0.3045658765133703, 0.6806385125173255, 2.506020595296868, 1.332856042496278,0.0001942080388963064, 0.00013219138817362362, 0.0003447385371123346, 0.0010055812582527323, -0.00010617260175763477,620.4405517578125, 50.027586066980746, 129.625, 174.87501525878906, 518, 699,139.625, 144.875, 558, 579, 16.952770233154297, 237.72449250119467, 13.306610948061362, 262.92943025428156, 22.58820433449588, 223.19546048391845,11.351778918973027, 228.93962613412933, 23.479033808352543, 266.9056561073737, 28.023455430571822, 273.50785720535714,79.9193135837134, 176.68553985308364, 372.6793041772956, 956.2467975807431, -13.02729716519574, 782.6930235098685, -29.655864865501016, 956.2467975807431, -13.02729716519574,59.61685596573725, 891.9989027222005, 814.645055925841, 77.35384679635945, 237.04586201306984,0.0, 0.0, 0.0, 0.0, 0.0,1.0, 1.9375, 5.5625, 9.125, 11.0625,0.0, 0.0, 0.0, 0.0, 0.75, 2.542105197906494,-4.323769569396973, 903.0, 484.375
0, 100.0, 426, 501, 786, 861, 0.04999999701976776,0.8428541591018438, 1.498100749416044, 3.666739221576136, 3.0670832115260422,-0.00011359045212316232, -0.0001499251892539632, -0.00016647668150767452, 0.001639614200144024, 0.0007830847865744772,1022.7523803710938, 75.13303296362473, 129.125, 159.125, 516, 636,139.125, 129.125, 556, 516, 17.100242614746094, 237.99588323767597, 13.157556619014535, 262.5536263701099, 22.89574984987294, 224.1778250509081,9.960523671280528, 237.28431412994405, 19.178916383490474, 272.71268658218423, 24.910575308676982, 273.7568039402258,72.52804445629909, 137.01727487154338, 238.25009949724605, 964.9366476160505, -21.92163114832947, 741.1477467408126, -41.02767749322007, 964.9366476160505, -21.92163114832947,42.001135943505226, 892.0337210224843, 805.7214764908897, 86.31224453159462, 240.8805668816928,0.0, 0.0, 0.0, 0.0, 0.0,0.6875, 1.0625, 0.875, 1.1875, 2.0625,0.0, 0.0, 0.0, 0.0, 0.25, 1.5789473056793213,-3.3669917583465576, 525.1875, 203.125
0, 105.0, 461, 508, 821, 868, 0.04999999701976776,1.5894051632186164, 2.559084796980024, 4.965044442196377, 6.333525784819505,0.00011957927928108348, 0.0008783455247362326, 0.0018556469435566216, 0.002081118967978455, 0.0010838501273201474,1367.577880859375, 132.28465167043845, 137.875, 160.87501525878906, 551, 643,147.875, 130.875, 591, 523, 16.10972023010254, 239.09671848658527, 12.658356428264806, 266.0613115606534, 21.70972470434833, 223.76610270807012,9.818750111216723, 235.80652074074175, 19.465380328383848, 270.95624879560216, 25.500131811214217, 272.679491862818,72.68427666282702, 139.9880358121315, 260.526414196933, 956.7102708951186, -19.36364455610528, 740.524651620345, -37.701848135405896, 956.7102708951186, -19.36364455610528,43.80301080416222, 892.0037778973779, 807.8971302073701, 84.10664769000778, 241.09751627190929,0.0, 0.0, 0.0, 0.0, 0.0,1.5, 2.0625, 3.125, 3.8125, 4.8125,0.0, 0.0, 0.0625, 0.0, 0.4375, 3.268421173095703,-3.1279296875, 418.25, 274.5625
1, 110.0, 476, 509, 836, 869, 0.04999999701976776,1.4834190641483296, 2.3826653963857103, 4.784286308027803, 6.873310129537711,9.815346306083938e-05, 0.0011002095275853207, 0.0018532792582345795, 0.002038352638169272, 0.0016184460951467374,1494.7049560546875, 152.5480479383835, 141.625, 161.12501525878906, 566, 644,151.625, 131.125, 606, 524, 16.23738670349121, 238.13385305891023, 12.704526242035604, 264.7646674746217, 21.87236876435874, 223.04246862614625,9.818724974248148, 235.48324788732504, 19.473493765628287, 270.45653849554566, 25.72970899487162, 272.92517376726335,71.4418041644697, 138.7359877723788, 258.2774631626746, 933.0480483624173, -17.83871561707312, 722.2075248354178, -35.72750035623922, 933.0480483624173, -17.83871561707312,43.59465993869869, 892.0064542539787, 809.7730595410553, 82.23339471292343, 241.64035769321373,0.0, 0.0, 0.0, 0.0, 0.0,2.3125, 3.0625, 3.5625, 4.25, 6.6875,0.0, 0.0, 0.1875, 0.375, 1.25, 3.268421173095703,-3.3561618328094482, 403.5625, 308.875
1, 115.0, 492, 510, 852, 870, 0.04999999701976776,1.1714483853118145, 1.972713774204567, 4.869365241806953, 6.696167097757568,0.0004699221600907321, 0.0010627671192997923, 0.001688519312506287, 0.001940370196501817, 0.0020741562752118626,1739.2327880859375, 175.87040424307904, 145.625, 161.37501525878906, 582, 645,155.625, 131.375, 622, 525, 16.40460968017578, 237.67444087495682, 12.714957076470133, 263.8046618115606, 22.11452698419879, 223.00633519924318,9.864400674638372, 235.34481361322722, 19.6168735661672, 269.9533548169252, 26.05180507371998, 273.69993578519626,71.18252058848367, 139.61189854638087, 261.36967694845487, 900.4330314298923, -16.69312967175669, 693.1160380096204, -34.38863894321436, 900.4330314298923, -16.69312967175669,42.88639077513333, 892.0264412435661, 810.8464910139694, 81.17995022959667, 241.88962340563535,0.0, 0.0, 0.0, 0.0, 0.0625,3.125, 4.75, 7.1875, 10.3125, 11.6875,0.0, 0.4375, 2.6875, 3.4375, 3.6875, 7.447368144989014,-3.99420166015625, 394.5625, 353.0625
1, 120.0, 508, 512, 868, 872, 0.04999999701976776,1.3074276454895155, 2.3246331700275187, 5.38734714369581, 6.269651395368857,0.0005503939121092572, 0.0005532480014676367, 0.0011627429378995658, 0.0026014808148033803, 0.002323170229283846,1735.9193115234375, 223.27450745586856, 149.625, 161.87501525878906, 598, 647,159.625, 131.875, 638, 527, 16.622468948364258, 237.22149004995825, 12.763131228898116, 262.7282368723924, 22.410162253289542, 223.02504733023792,9.946920185775733, 235.27440802326274, 19.916703077757905, 269.3644422463083, 26.48618273611408, 274.5837212826609,71.36651399081192, 141.42674802797586, 267.02088466295527, 867.841103943528, -15.530489871615345, 664.203951985021, -32.92654435514551, 867.841103943528, -15.530489871615345,42.519095074882365, 892.0403609508195, 812.4495919757096, 79.59076897510988, 241.87676384279123,0.0, 0.0, 0.0, 0.8125, 2.4375,7.375, 8.9375, 11.875, 12.9375, 13.5,0.0, 0.5625, 1.6875, 3.25, 3.875, 5.226316452026367,-3.899261474609375, 388.6875, 364.75
1, 125.0, 525, 512, 885, 872, 0.04999999701976776,1.9124770765588621, 3.1882240473147236, 6.331474079510661, 6.005361678582848,0.00036943516315588457, 0.0003384799120249227, 0.0010408453363703529, 0.0029863422057161406, 0.0030452788168315688,2106.246826171875, 263.21094354017185, 153.875, 161.87501525878906, 615, 647,163.87501525878906, 131.875, 655, 527, 16.74749183654785, 237.17188921620564, 12.868168599830529, 262.42787331014154, 22.535908415204094, 223.07113568665642,9.97659358939845, 234.53647438533454, 20.148482448261824, 268.4009757619863, 26.753784160897723, 274.4244139504595,70.38479888371295, 141.6626125506901, 270.3969650487308, 865.8103076545669, -13.347860147264955, 669.1467268792074, -29.805324922403255, 865.8103076545669, -13.347860147264955,44.25224183390838, 892.0587653349122, 818.9300784475363, 73.12868688737592, 241.3370018420512,0.0, 0.0, 0.0, 0.3125, 1.0625,7.375, 10.3125, 11.9375, 13.375, 13.5625,0.0, 0.375, 0.875, 1.375, 1.75, 3.736842632293701,-4.9140625, 389.9375, 392.375
1, 130.0, 536, 515, 896, 875, 0.04999999701976776,1.994292915801052, 3.4021194790012665, 7.387664696294815, 7.2812128669908285,9.2282326215809e-06, 0.0006230330609287194, 0.0012397623847027717, 0.003544650882924998, 0.002751840937158931,2179.454833984375, 278.3091327174871, 156.625, 162.62501525878906, 626, 650,166.62501525878906, 132.625, 666, 530, 16.596445083618164, 237.5292447135807, 12.971786612014734, 263.387886880872, 22.251218873275867, 222.7992947393922,10.004082217798674, 233.86891901661417, 20.35088575451785, 267.74410280912787, 26.779925103725255, 273.4805774298121,68.76418755942018, 141.5498073333536, 272.4155198219854, 896.1460144177993, -11.15878269012515, 708.3333153761979, -26.009230463142472, 896.1460144177993, -11.15878269012515,49.53548534835178, 892.0442568337746, 834.1055813841392, 57.93867544963541, 240.78813860637644,0.0, 0.0, 0.0, 0.125, 0.8125,9.25, 11.75, 14.8125, 16.125, 14.8125,0.125, 0.6875, 1.8125, 2.875, 3.625, 5.631579399108887,-5.65618896484375, 418.0625, 387.6875
1, 135.0, 559, 515, 919, 875, 0.04999999701976776,1.7722011207207105, 3.080938119343483, 7.911986226290463, 8.568270183876159,6.337051958098527e-06, 0.0007300334397473307, 0.0014822623148029379, 0.0032884111467865297, 0.003022946126416173,2045.641845703125, 278.35807631629217, 162.37501525878906, 162.62501525878906, 649, 650,172.37501525878906, 132.625, 689, 530, 16.42448616027832, 238.09833607522617, 13.118160719433543, 264.61131091880185, 21.907563085660083, 222.59451456805712,9.951175454886357, 231.5734290403563, 20.409960979305577, 265.35090014660375, 26.982831248500066, 270.8292482581749,66.78368976710402, 140.54647794116227, 272.9674163499094, 931.9675669022695, -8.784583761571868, 756.606069504094, -20.79637207778128, 931.9675669022695, -8.784583761571868,58.3418922237247, 892.0723792758673, 850.3438053400828, 41.72857393578454, 241.3837918425337,0.0, 0.0, 0.0, 0.0, 0.9375,10.875, 12.125, 14.0, 14.0, 15.75,0.0, 0.625, 1.1875, 1.25, 1.875, 3.736842632293701,-5.80792236328125, 356.6875, 417.25
1, 140.0, 577, 514, 937, 874, 0.04999999701976776,1.7470011235645506, 2.990554094885011, 7.726041915384122, 8.127119013229384,0.0006079951639890169, 0.001234579025349376, 0.001894535403730515, 0.003946720008907505, 0.0035519275234287303,1706.651123046875, 252.3942904041069, 166.87501525878906, 162.37501525878906, 667, 649,176.87501525878906, 132.375, 707, 529, 16.35146141052246, 237.5470578469361, 13.28963797746111, 264.40312239437276, 21.693919789527193, 221.48123664677902,9.925908001750528, 230.17933278924335, 20.44946869455959, 263.7908029779028, 27.219386454020473, 269.1362183053815,65.023987617788, 139.39260309329853, 271.33864159557544, 932.9352127468518, -7.546814013801498, 767.9334869367685, -18.145393929200527, 932.9352127468518, -7.546814013801498,64.3321585525148, 892.0736989352132, 857.0693960586261, 35.004302876587076, 243.36291134524888,0.0, 0.0, 0.0, 0.0, 0.8125,11.0625, 14.0625, 15.25, 18.5, 19.4375,0.0, 0.0, 0.125, 0.3125, 0.8125, 4.726316452026367,-5.86126708984375, 352.125, 418.5
1, 145.0, 593, 512, 953, 872, 0.04999999701976776,1.9564372822843143, 3.429737977179466, 8.385135222016832, 8.61629707356449,0.0007104487156038886, 0.0009838371570049275, 0.001728414139497545, 0.003934623676723276, 0.0034813239315985814,1851.61962890625, 242.10500452899345, 170.87501525878906, 161.87501525878906, 683, 647,180.87501525878906, 131.875, 723, 527, 16.423688888549805, 237.14257404428793, 13.415307826813658, 263.9041182939445, 21.725666973447275, 220.9992518299662,9.921199958506, 229.44971832172422, 20.50542319187193, 262.87752472360205, 27.454449190091502, 268.59910588943,63.84426212993749, 139.02166414314433, 271.8349086877055, 915.055149934668, -6.846374164667572, 757.101079731319, -16.8733167237555, 915.055149934668, -6.846374164667572,67.35057494902156, 892.061702932905, 860.5853332885113, 31.476369644393685, 244.56002439996044,0.0, 0.0, 0.375, 1.6875, 3.6875,9.4375, 14.9375, 18.375, 21.625, 24.5625,0.0, 1.0, 1.8125, 2.375, 2.375, 5.210526466369629,-5.51129150390625, 372.3125, 385.8125
1, 150.0, 611, 511, 971, 871, 0.04999999701976776,2.0661858503910477, 3.5961919907366973, 8.64660740574589, 9.074277435203548,0.0005492079987607213, 0.0012285943787901487, 0.0019454452929289802, 0.0038533756051174354, 0.004262316620872752,2091.489501953125, 296.51374864127604, 175.37501525878906, 161.62501525878906, 701, 646,185.37501525878906, 131.625, 741, 526, 16.479089736938477, 237.17661570711127, 13.512215059965348, 263.8657006158638, 21.749502138537874, 220.97366283309483,9.919245057145256, 228.70577411732646, 20.58768111457469, 261.88337702952833, 27.67467602148107, 268.2451928073966,62.87653173902657, 139.06127856866692, 273.99376243165636, 907.3196173489945, -6.342662176800409, 754.8525810182762, -15.955745728092255, 907.3196173489945, -6.342662176800409,70.1190899908076, 892.0451290385062, 863.0931132722278, 28.95201576627835, 244.2378078589728,0.0, 0.0, 0.5, 1.625, 3.875,14.9375, 22.8125, 26.25, 26.625, 25.125,0.0, 1.75, 2.875, 3.5, 4.0625, 6.200000286102295,-6.04833984375, 363.75, 369.625
0, 155.0, 602, 571, 962, 931, 0.04999999701976776,0.6534503707970725, 1.311232353185187, 3.069847241110692, 2.186139815085334,-0.000981294002313575, 0.0006312519736957256, 0.001573572756287831, 0.002295998162194337, 0.0011566092736828182,1878.4556884765625, 74.97402447940873, 173.12501525878906, 176.62501525878906, 692, 706,183.12501525878906, 146.625, 732, 586, 16.423603057861328, 237.37615285352402, 13.593558798774898, 264.25553033205165, 21.614455341038322, 220.85680796873984,11.279604214773986, 230.23980728415464, 24.425292464884134, 262.2907295116279, 30.370045740369683, 274.7722891452666,72.63124640208964, 173.06229091086266, 369.4037148473513, 886.5928161671272, -4.848119075686789, 750.5750702379967, -14.016401235904084, 886.5928161671272, -4.848119075686789,85.73038245241648, 891.8966989877159, 867.7518064888457, 24.144892498870263, 242.51233828459002,0.0, 0.0, 1.0, 2.375, 4.5625,20.3125, 25.4375, 36.6875, 38.5, 38.9375,0.375, 2.5, 3.875, 4.9375, 6.875, 2.989473342895508,-5.39324951171875, 780.5, 590.5
1, 160.0, 648, 513, 1008, 873, 0.04999999701976776,1.9152189075629578, 3.2485067513551606, 7.694086571695514, 8.929475117262916,0.0017071070810027325, 0.001437373270189255, 0.002148404218310134, 0.00430251352198411, 0.004134055762601748,1408.90869140625, 262.58616448309556, 184.62501525878906, 162.12501525878906, 738, 648,194.62501525878906, 132.125, 778, 528, 18.010211944580078, 240.27338249566003, 14.47122982907208, 263.9087335596465, 23.49082719680797, 225.97460553239415,9.921110268403956, 227.1921358953599, 20.742750641456787, 259.9610339480066, 27.89428521541779, 267.2322484327271,63.35488226137104, 142.46238512286664, 274.6523403676169, 947.0362426130205, -5.465041301804288, 802.5491052499287, -14.396149569776284, 947.0362426130205, -5.465041301804288,77.67103730234582, 891.9942721010342, 866.7589986372216, 25.235273463812632, 240.46608537406757,0.0, 0.0, 0.375, 2.3125, 4.5,18.8125, 27.0, 35.875, 40.1875, 37.625,0.125, 3.1875, 5.4375, 7.1875, 10.125, 6.947368144989014,-5.06396484375, 303.9375, 398.125
1, 165.0, 664, 517, 1024, 877, 0.04999999701976776,1.444312979821698, 2.574115604411345, 6.95845365609508, 8.82822398416698,0.0019349887185563823, 0.0020333692980216253, 0.0019559876561993407, 0.003649524907111754, 0.003020201913795972,2121.614013671875, 273.0890189225753, 188.62501525878906, 163.12501525878906, 754, 652,198.62501525878906, 133.125, 794, 532, 16.460317611694336, 237.4916650127673, 13.745786329267045, 264.3685774728542, 21.573999115688594, 220.7511340354582,9.963257579393117, 227.1717546108766, 20.930353038929812, 259.74310993234815, 28.021318633210015, 267.5989339685084,61.29437690504087, 139.8386912293504, 280.52040415470776, 941.471592422635, -5.3633186675647275, 797.5785822381904, -14.246411419213409, 941.471592422635, -5.3633186675647275,78.63910956851699, 891.9573143711125, 867.0261360359606, 24.931178335151913, 240.1392818898556,0.0, 0.0, 1.4375, 4.5625, 7.875,23.75, 33.5625, 37.9375, 37.9375, 37.1875,0.375, 3.1875, 5.125, 8.6875, 12.0625, 7.48421049118042,-5.181640625, 309.5625, 431.0625
1, 170.0, 663, 520, 1023, 880, 0.04999999701976776,-0.2385249005095102, 0.4698353506322019, 3.9043863660993523, 4.898957877594512,0.0016323020613117478, 0.0012581235382640443, 0.0007033518859543619, 0.0009327136021283877, 0.0013801335123446278,2476.729736328125, 154.38192684275225, 188.37501525878906, 163.87501525878906, 753, 655,198.37501525878906, 133.875, 793, 535, 16.502500534057617, 237.9003698723225, 13.849122130708336, 264.7313816469083, 21.572363377000208, 221.05639537200722,9.985476094477546, 228.33967597781376, 21.001089484526126, 261.38852982416097, 27.624968236312053, 268.5648320001749,59.91550328994818, 138.3831819598044, 277.3100868996045, 946.2690325281171, -5.311839559419563, 804.8309733668656, -14.198539516372856, 946.2690325281171, -5.311839559419563,79.03051179430389, 891.907104247509, 867.0927364924426, 24.814367755066428, 240.43135795146222,0.0, 0.1875, 2.375, 4.9375, 7.125,30.0625, 32.875, 40.625, 40.75, 40.125,0.75, 3.625, 6.9375, 10.125, 12.4375, 3.484210729598999,-5.579620361328125, 406.125, 377.1875
1, 175.0, 696, 524, 1056, 884, 0.04999999701976776,0.8288252561981789, 1.608660129206255, 6.3854133487027145, 8.24531862087082,0.0012610763242162193, 0.0019074581889299224, 0.0019898245656236216, 0.0016958416521151776, 0.0025907727387698286,3775.70654296875, 234.1046452492474, 196.62501525878906, 164.87501525878906, 786, 659,206.62501525878906, 134.875, 826, 539, 16.334749221801758, 239.49276017541928, 13.895151506826382, 266.7201379410757, 21.285506573228343, 222.1150032357402,9.9824910286508, 225.8630357243888, 21.09655335125552, 258.22275080423833, 28.18881487408432, 265.64888763971305,60.173388744181516, 140.66675839886273, 284.57036519557397, 991.6318794813864, -4.739523323485495, 857.2398378231394, -13.132010370977383, 991.6318794813864, -4.739523323485495,86.92710205110443, 891.8755455435102, 869.3265299193757, 22.549015624134427, 240.17291293443841,0.0, 0.0, 0.9375, 4.3125, 5.6875,25.3125, 33.3125, 42.1875, 51.0, 50.3125,0.1875, 4.5625, 8.625, 14.0, 15.875, 7.700000286102295,-5.178253173828125, 363.5, 439.6875
1, 180.0, 724, 511, 1084, 871, 0.04999999701976776,2.374620974719437, 3.74184915911028, 6.9384982536663315, 6.526144922577082,0.003323084768247777, 0.0027462235956045335, 0.0028625036846869987, 0.0036344092057584, 0.0033587825164522658,2351.94287109375, 202.1442650452661, 203.62501525878906, 161.62501525878906, 814, 646,213.62501525878906, 131.625, 854, 526, 16.144939422607422, 238.87348058375255, 14.034730001989418, 266.5352989832139, 20.900825859055892, 220.70927247396764,9.79887896523766, 224.96007105573477, 20.53327889658035, 256.856439762669, 27.886031887679152, 263.7863633549423,58.19424180234404, 135.32259209062596, 267.2897900731929, 1000.3963379298687, -4.792026183553678, 866.7292545022376, -13.156853537404446, 1000.3963379298687, -4.792026183553678,86.69785557919863, 891.8648961982079, 869.2209226030561, 22.643973595151806, 240.93358412732755,0.0, 0.0, 0.5625, 1.5, 2.4375,23.875, 30.1875, 36.75, 40.0, 39.0625,0.125, 2.8125, 5.9375, 8.5625, 11.9375, 4.484210968017578,-4.549591064453125, 290.375, 371.9375
1, 185.0, 720, 516, 1080, 876, 0.04999999701976776,0.8380614600912668, 1.819279489398468, 7.241052523017861, 7.571431113756262,0.0017544305858655208, 0.0009354041224924004, 0.0005373818831276366, 0.0031540145728513377, 0.0038104539547816787,2932.2783203125, 235.80893425193688, 202.62501525878906, 162.87501525878906, 810, 651,212.62501525878906, 132.875, 850, 531, 15.882294654846191, 238.65924487024594, 14.019827634517473, 266.8378900175513, 20.504608806863235, 219.8222134866106,9.963933324810805, 225.70162469392307, 20.873473080354707, 257.7002549931107, 27.90057312032839, 264.2584660303736,57.54320088140525, 136.37116744589179, 270.580577747941, 955.2991403661524, -5.485217269703417, 833.6049535300242, -13.384870793904973, 955.2991403661524, -5.485217269703417,85.08605497113707, 890.9788774237811, 867.2031164254105, 23.77576099837063, 244.84151307397318,0.0, 0.0, 0.8125, 1.5, 2.375,24.5, 33.0, 39.25, 40.0, 38.625,0.1875, 2.4375, 3.6875, 7.0, 8.75, 4.484210968017578,-4.693267822265625, 360.9375, 327.75
1, 190.0, 759, 519, 1119, 879, 0.04999999701976776,1.8083036629192066, 3.1000172594777538, 8.761641677275765, 9.114845589497126,0.00231915174211963, 0.001531723153502753, 0.001402561973209231, 0.003801677183785158, 0.0032356154712556424,1403.5430908203125, 203.8440418788295, 212.37501525878906, 163.62501525878906, 849, 654,222.37501525878906, 133.625, 889, 534, 15.949082374572754, 239.61175573113925, 14.066619687272764, 267.6620290400543, 20.576118412760334, 220.8594077764211,10.012558660117836, 223.48446332706686, 20.958714704448212, 253.9934703494098, 28.73112590131586, 261.5660191199329,58.82996061476371, 139.0086014789519, 276.5850139555963, 916.2563219484723, -6.545741862936955, 801.8625285591764, -13.87734316063703, 916.2563219484723, -6.545741862936955,84.35833552711772, 890.1315070714402, 864.4088319329816, 25.722675138458612, 249.08631045813394,0.0, 0.0625, 1.375, 3.375, 4.125,17.6875, 24.3125, 32.25, 35.375, 34.125,0.8125, 4.125, 6.3125, 7.4375, 7.1875, 3.1210529804229736,-4.800323486328125, 358.875, 377.1875
1, 195.0, 771, 518, 1131, 878, 0.04999999701976776,2.0643151284416668, 3.4686277569376402, 9.539075214603217, 9.499696091797379,0.0019148066152558845, 0.001069443338342353, 0.001348768751834086, 0.003992012236604411, 0.0042294705657724314,1649.208740234375, 247.2628473854813, 215.37501525878906, 163.37501525878906, 861, 653,225.37501525878906, 133.375, 901, 533, 15.859845161437988, 238.11321222723845, 14.114914387586554, 266.33008377503836, 20.40437591641867, 219.02212996334893,10.096400274066367, 223.4467880036051, 21.068476984416968, 253.7607794647658, 28.77598742648267, 261.68889422310144,58.291098759340365, 137.9671128696263, 272.11450449744416, 881.3656295952611, -7.551958031224901, 774.0900618, -14.441542769699142, 882.2503722272496, -7.087450455650092,81.28106508599083, 889.2910701312514, 861.3286496318125, 27.962420499438963, 251.2967669663574,0.0, 0.0, 0.1875, 1.375, 2.6875,21.1875, 29.25, 39.375, 38.6875, 39.125,0.0, 1.8125, 4.125, 5.75, 8.0625, 3.984210729598999,-5.96759033203125, 406.125, 360.8125
1, 200.0, 786, 520, 1146, 880, 0.04999999701976776,1.734565151541028, 2.975006650892319, 9.296829632150475, 11.2831416303874,0.0014214618875388388, 0.0010468722768155203, 0.0013119717938843679, 0.0032824143207017186, 0.004398943106511979,2398.1220703125, 269.1953244231749, 219.12501525878906, 163.87501525878906, 876, 655,229.12501525878906, 133.875, 916, 535, 15.883770942687988, 238.21261880041882, 14.062269897634726, 266.38752376662603, 20.477815826430287, 219.29314462989717,10.20189621757874, 223.4522521549411, 21.25157683824472, 253.43771151702418, 28.983261095420815, 262.2305692054184,59.171082658296925, 140.03138813353985, 277.48079289044483, 835.8654246111438, -8.85842011579481, 733.1422144041856, -15.35147379398132, 837.608992288266, -8.230065610621184,77.09291689016875, 888.4578366663928, 857.532034423494, 30.92580224289884, 253.41174292845164,0.0, 0.0, 0.0, 0.5625, 5.5,21.1875, 29.625, 38.625, 44.4375, 45.875,0.0, 1.0625, 3.375, 6.125, 10.4375, 4.484210968017578,-7.700439453125, 445.1875, 358.875
1, 205.0, 812, 522, 1172, 882, 0.04999999701976776,1.8353768776642392, 3.3308067594189197, 9.08317519120872, 11.184392215488472,0.0016060233536200031, 0.0023634594458326317, 0.0031214272053784954, 0.00323103164715576, 0.003938707526717735,2468.012451171875, 306.6455638172812, 225.62501525878906, 164.37501525878906, 902, 657,235.62501525878906, 134.375, 942, 537, 16.00532341003418, 238.1628267213694, 14.017804241830861, 266.1018731482636, 20.696421701318442, 219.66071934708026,10.25953672775909, 223.28554089767943, 21.299580877936513, 252.51138760140873, 29.323402538823725, 262.47215299636184,60.7729221691621, 141.44771920307875, 279.7456544838982, 785.6385673687344, -10.939357694735973, 682.7434827430706, -17.136836330515685, 788.1964504106483, -10.106264660593835,70.36299909703352, 887.6420770681908, 851.8617907869569, 35.780286281233884, 255.6255777070749,0.0, 0.0, 0.25, 1.375, 3.0625,15.75, 28.0625, 33.75, 37.25, 37.0,0.125, 1.5625, 3.625, 5.5625, 8.0, 6.647368431091309,-7.84210205078125, 442.4375, 410.625
1, 210.0, 821, 517, 1181, 877, 0.04999999701976776,0.9769215982267633, 2.1742784227570517, 7.531317364058924, 10.39060837322846,0.002115360447187413, 0.001931827886114661, 0.001051246675733637, 0.0030591190693826324, 0.004462506632914938,4444.82958984375, 274.138018439194, 227.87501525878906, 163.12501525878906, 911, 652,237.87501525878906, 133.125, 951, 532, 15.97173023223877, 237.89479643795977, 13.972989991225056, 265.8973048094066, 20.674813278727093, 219.394062113292,10.303781967482216, 224.06788442559102, 21.248147368816415, 253.3492195861375, 28.93325759882712, 263.3609518526772,60.27813425605941, 139.8805023813328, 275.0886630654861, 762.6317618649567, -12.602076057552157, 663.087797641743, -18.4424289780137, 766.0694706466421, -11.570498250476982,65.15757574671113, 886.8318553165985, 847.4502359843173, 39.381619332281275, 256.66320904158533,0.0, 0.0, 0.25, 1.5, 3.375,20.6875, 31.3125, 41.5625, 43.0625, 45.1875,0.1875, 1.9375, 3.25, 4.625, 5.3125, 6.726315975189209,-7.709716796875, 483.875, 362.5
1, 215.0, 843, 520, 1203, 880, 0.04999999701976776,1.1483587038679979, 2.2136473263894736, 8.092779157869515, 11.059171482704114,0.002191319325911536, 0.001681275165574334, 0.001748813258645896, 0.0039831834376013835, 0.004258423204030351,2730.513427734375, 268.60759285549733, 233.37501525878906, 163.87501525878906, 933, 655,243.37501525878906, 133.875, 973, 535, 15.823293685913086, 238.72484200703474, 13.925220559692752, 267.01808592005887, 20.47782961080077, 219.9217710560069,10.314454691690432, 224.1497510729828, 21.141266198649667, 253.0626248485638, 28.94175946973093, 263.35194966335115,61.8730008847586, 141.02666799548052, 276.8225374521608, 758.0792782513955, -15.26863526300552, 657.8816544796306, -20.734499668456976, 762.3283491047914, -13.978696462833346,60.10112686434489, 886.0175275841689, 841.3619695940669, 44.65555799010201, 258.12358646404454,0.0, 0.0, 0.1875, 0.3125, 1.625,25.1875, 36.75, 46.5625, 50.75, 51.1875,0.0625, 2.4375, 4.4375, 6.75, 9.1875, 4.6315789222717285,-7.751708984375, 494.375, 385.3125
1, 220.0, 867, 523, 1227, 883, 0.04999999701976776,1.1205792567518074, 1.847000847237068, 6.057140866334084, 8.987922730373684,0.0015931460385695574, 0.002097696762184569, 0.002400480866213002, 0.002967722777516428, 0.0035555079596610996,1613.4759521484375, 202.0914513021394, 239.37501525878906, 164.62501525878906, 957, 658,249.37501525878906, 134.625, 997, 538, 15.813370704650879, 238.89552843439336, 13.953228042474063, 267.2078721659328, 20.443404957986683, 220.00815802465894,10.228176986126087, 224.95108252678705, 20.795779428906933, 253.3281962638722, 28.75424124229437, 263.44725812302954,63.76541462287849, 139.29964822027677, 269.63390183321206, 738.1790150070004, -19.57967535001588, 631.6923351795903, -24.900731733304465, 743.0285051351104, -17.938638048335743,53.0278916721331, 885.1939605709717, 829.476941581704, 55.717018989267785, 261.89843104415644,0.0, 0.0, 0.0, 0.0, 0.0,23.0, 37.4375, 47.1875, 45.875, 43.375,0.0, 0.625, 3.1875, 3.8125, 3.6875, 5.147368431091309,-7.57061767578125, 455.125, 429.25
1, 225.0, 878, 524, 1238, 884, 0.04999999701976776,0.4772573079174618, 1.201965706788469, 4.720284804491093, 5.170254086265341,0.0018057883078381562, 0.001679419326706011, 0.0016587349819474184, 0.002522015579741037, 0.001840626890400472,1905.73291015625, 152.39253269892177, 242.12501525878906, 164.87501525878906, 968, 659,252.12501525878906, 134.875, 1008, 539, 15.816078186035156, 239.04549206781016, 14.059989338569224, 267.347854400159, 20.374331598603135, 219.9474471075362,10.191476422530643, 225.61527744243574, 20.594208079210908, 253.89510196498327, 28.318283268824352, 263.2521059580639,63.600029239570105, 136.72997285987668, 261.929346279234, 722.4065914498274, -22.78595334568316, 618.3711921953297, -27.503358041097638, 728.0195179357673, -20.821378293182626,49.85171637933667, 884.3708102602583, 822.9774416527291, 61.39336860752917, 266.1925940394458,0.0, 0.0, 0.0, 0.125, 0.125,27.625, 39.9375, 48.125, 49.4375, 45.9375,0.0, 1.4375, 2.875, 3.6875, 5.0625, 4.742105007171631,-8.36431884765625, 508.6875, 434.375
1, 230.0, 910, 513, 1270, 873, 0.04999999701976776,1.8697240060675544, 2.8577665088395596, 6.554518574740505, 4.82090505551314,0.002153134614568443, 0.001381049313749827, 0.002069210825547998, 0.0036883772840280928, 0.0021537495213078727,1569.568603515625, 167.65933495820929, 250.12501525878906, 162.12501525878906, 1000, 648,260.125, 132.125, 1040, 528, 15.520791053771973, 240.21210203842668, 14.186306514872431, 269.0118022699347, 19.825200830481876, 220.04709629954894,10.047822140931057, 225.0725779317432, 20.052128790375633, 252.74969290155047, 27.900134555304327, 261.4134053731181,63.26042868336303, 135.57388822515222, 255.98563075623017, 737.6182618433623, -25.12407309392022, 637.2014628659618, -29.207294343376503, 744.6120766180206, -22.87464756205758,47.42311002950472, 883.5786348300143, 818.9718166998249, 64.60681813018937, 266.48596899170565,0.0, 0.0, 0.0, 0.0, 0.125,26.5, 35.5, 44.875, 40.0, 36.375,0.0, 1.0, 2.4375, 2.5625, 3.25, 2.542105197906494,-6.472930908203125, 379.125, 371.875
1, 235.0, 919, 517, 1279, 877, 0.04999999701976776,1.2833273081597873, 2.293675544528087, 6.866646382410544, 5.560407745455159,0.0016715137061714814, 0.0016748935546320354, 0.0016396200069380027, 0.0036382442284030956, 0.0028382544733341316,2091.4541015625, 181.85221059912635, 252.37501525878906, 163.12501525878906, 1009, 652,262.375, 133.125, 1049, 532, 15.259403228759766, 239.96136579399553, 14.182102206008919, 269.18507948507795, 19.418207323555624, 219.07150561402997,9.983468069256169, 225.01674796546754, 19.785269514653574, 252.53204209345884, 27.557337192580988, 259.58208139247597,61.39588244861714, 130.18538205346607, 242.76247272978406, 758.471351158116, -27.294941675308152, 663.1358132352041, -30.21480061074877, 766.3350514503322, -24.724943026011754,48.737284153762936, 882.7568638869841, 817.676351797534, 65.08051208945005, 269.8777899920136,0.0, 0.0, 0.0, 0.0625, 0.3125,26.0625, 39.25, 46.25, 42.875, 39.9375,0.0, 1.0625, 2.3125, 3.3125, 4.5, 2.24210524559021,-5.636444091796875, 446.9375, 393.4375
0, 240.0, 915, 537, 1275, 897, 0.04999999701976776,-0.9673194564803269, -1.1061455879127606, 1.162370188968198, 2.129119276891579,-0.00042034162958486825, -9.871879057300247e-05, -0.00025984356336493874, -0.0001740569181151841, 0.0002910381328041467,1475.7156982421875, 62.11318126074693, 251.37501525878906, 168.12501525878906, 1005, 672,261.375, 138.125, 1045, 552, 15.20328140258789, 240.4457218287978, 14.355027193237646, 269.6625593515818, 19.201893947955792, 219.04381157198327,9.861526671005794, 226.2019087298698, 19.48266369392952, 253.32613354674285, 27.40017204638242, 258.73683182230855,61.35132488950824, 125.47429403803982, 231.2900901014446, 727.2745289009462, -30.455839037174012, 632.129908799436, -31.802211012437358, 735.2028834562317, -27.487589635892334,52.11915847103473, 881.9162402839056, 816.0457728925211, 65.87046739138452, 277.32405782743,0.0, 0.0, 0.0, 0.0625, 0.25,19.3125, 24.875, 32.0, 39.6875, 37.25,0.0, 0.0625, 1.1875, 1.625, 1.375, 2.494736909866333,-5.466705322265625, 730.25, 362.875
1, 245.0, 962, 525, 1322, 885, 0.04999999701976776,1.0149730094871485, 2.0162631895253433, 6.693518591206519, 6.889099257434719,0.0006594305453802462, 0.0010742362318296728, 0.00160103347504446, 0.0034500899213742286, 0.003228236375164215,1350.850830078125, 164.6631956686033, 263.125, 165.12501525878906, 1052, 660,273.125, 135.125, 1092, 540, 15.41006851196289, 241.57774372145738, 14.675177877265435, 270.3157669336439, 19.289364685444625, 220.12136697756392,9.897329147213693, 225.32514466687195, 19.352097631831167, 251.17726041120847, 27.618293418897974, 257.0339427188193,63.91097532965933, 130.90075883550213, 237.89658567684472, 691.7779076795579, -33.79269805058418, 602.307013658859, -35.03147773926482, 701.1701837975678, -30.535626767719144,45.40950421831471, 881.1508172370276, 807.885018221877, 73.2657990151506, 281.6997093603703,0.0, 0.0, 0.0, 0.0, 0.0,14.25, 17.125, 24.125, 24.875, 24.375,0.0, 0.25, 1.4375, 2.4375, 3.375, 3.457894802093506,-5.743865966796875, 490.625, 408.5
1, 250.0, 975, 515, 1335, 875, 0.04999999701976776,1.4808990057220217, 2.606466140341945, 6.45392944421852, 5.401923656341387,0.0013923652514597506, 0.0006609889988840223, 0.0012342462255946884, 0.0035206557979495304, 0.0028881167331746838,1998.5325927734375, 200.00890678749977, 266.375, 162.62501525878906, 1065, 650,276.375, 132.625, 1105, 530, 15.299275398254395, 239.8617679755184, 14.600541643667706, 268.7948902172919, 19.16924256117656, 218.2395762332954,9.936756669025824, 225.0812386116108, 19.301914910288, 250.85835887886057, 27.209209787427458, 256.9316947869442,61.36219350426345, 127.05750417905189, 228.98831346957223, 668.0438140427882, -35.213975298228235, 586.4284787917476, -35.66927176347536, 678.7088541923993, -31.65227788397033,43.04240921226752, 880.3327084654929, 805.214934316837, 75.11777414865594, 282.6571729827411,0.0, 0.0, 0.0, 0.3125, 1.6875,16.75, 19.5, 24.4375, 25.1875, 26.4375,0.0, 0.3125, 1.0, 2.1875, 3.125, 1.9210529327392578,-6.0150146484375, 495.4375, 301.9375
1, 255.0, 987, 516, 1347, 876, 0.04999999701976776,1.364295975161367, 2.401259220968932, 6.438652169031265, 6.166309323350724,0.0007432773478171839, 0.00038950462687353137, 0.0010427446062931268, 0.0034928228163141747, 0.0028153674114111027,1711.87548828125, 207.93916518653347, 269.375, 162.87501525878906, 1077, 651,279.375, 132.875, 1117, 531, 15.122039794921875, 240.15026150568139, 14.5385297709192, 269.35902455537865, 18.933655249526495, 218.14364326331597,10.021297322347474, 224.5945876332474, 19.356702470621986, 249.9960884772815, 27.24321575103146, 256.1493239382759,60.73417221041187, 127.12398754740259, 229.48962846507354, 654.3558152973164, -36.189106816320425, 580.4626914559028, -35.68558353170233, 665.924811342709, -32.39341066264684,43.29011770755934, 879.5468501174909, 804.799963810014, 74.74688630747687, 284.1099655524187,0.0, 0.0, 0.0, 0.4375, 1.3125,16.1875, 19.875, 22.6875, 26.125, 24.9375,0.0, 0.1875, 1.4375, 2.375, 3.125, 1.3421056270599365,-5.89628791809082, 535.5625, 291.25
1, 260.0, 1018, 525, 1378, 885, 0.04999999701976776,1.675786947131856, 2.7942929502890896, 7.724443681114354, 8.736134870855603,0.0008711737953865396, 0.0012444381556178997, 0.0018578224505120036, 0.004141564770634431, 0.003918170087474664,1656.9073486328125, 217.04349708337762, 277.125, 165.12501525878906, 1108, 660,287.125, 135.125, 1148, 540, 15.094429969787598, 240.318215857372, 14.567152357053798, 269.54156700676634, 18.86747687656387, 218.17394684157028,10.185991398413261, 223.64848348979555, 19.520996847856892, 248.2773806556745, 27.750648153386276, 255.57429031205257,62.63560560478699, 130.85836827006682, 235.6686904006331, 613.2158083819053, -38.51945395600336, 545.1556584556519, -37.497179063346024, 625.4133318334868, -34.541019297391976,41.29404478658928, 878.8167004690996, 800.7516807758976, 78.06501969320198, 287.20568177771,0.0, 0.0, 0.0, 0.0625, 0.5,15.0, 17.3125, 17.5, 18.625, 21.5625,0.0625, 0.5, 1.3125, 1.6875, 1.875, 4.3263163566589355,-5.009893417358398, 443.8125, 371.0
1, 265.0, 1037, 523, 1397, 883, 0.04999999701976776,1.7776204660939396, 2.892453520861453, 7.464674275417345, 8.869426496063824,0.0009879140121182672, 0.00164081783939082, 0.002434098766769921, 0.0041323180258405045, 0.004292527873355993,1391.1741943359375, 207.41158091535806, 281.875, 164.62501525878906, 1127, 658,291.875, 134.625, 1167, 538, 15.344781875610352, 239.39368145131908, 14.518491711567549, 268.3145489423498, 19.30383496372852, 218.0649494489218,10.179569063642482, 224.3286200669671, 19.404434575915293, 248.64920249371164, 27.482339934136853, 256.76666375621835,62.61059281192089, 128.77821679931895, 230.00006130365477, 568.9021484932728, -43.36542138321477, 501.1512900516881, -41.47002632477032, 582.0545876426172, -38.91094642090509,36.40577214997492, 877.9826328592463, 792.6177378413375, 85.3648950179088, 288.44431007227075,0.0, 0.0, 0.0, 0.0, 0.0,12.5, 15.875, 20.0, 20.625, 22.0,0.0, 0.0625, 0.25, 0.375, 0.4375, 3.984210729598999,-3.8781864643096924, 341.5, 371.75
1, 270.0, 1057, 524, 1417, 884, 0.04999999701976776,1.6082624350729755, 2.4392938559211323, 5.782662211332934, 6.708029219696763,0.0011432403059063747, 0.0015244506127567088, 0.0019612356304139667, 0.00318163087218636, 0.004015517111726012,1255.45263671875, 156.33173695839793, 286.875, 164.87501525878906, 1147, 659,296.875, 134.875, 1187, 539, 15.414497375488281, 239.25364891295547, 14.394163054423828, 268.13904756754573, 19.5069611550316, 218.3713826687723,10.158655685196123, 225.37992278401546, 19.246101416452305, 249.3492695628813, 27.316203569068925, 258.2648930714173,63.598085161104436, 128.14000349837704, 227.9429614982799, 534.6072759177001, -49.696648627851054, 464.42249599492874, -46.68614870632936, 548.362486119024, -44.73388166595344,31.385106980471413, 877.1365468910433, 785.8730134143518, 91.26353347669146, 288.5864663782254,0.0, 0.0, 0.0, 0.0, 0.0,11.1875, 14.3125, 18.0, 18.9375, 19.5,0.0, 0.0625, 0.6875, 1.125, 1.8125, 3.8263163566589355,-4.66015625, 344.625, 359.5
1, 275.0, 1066, 523, 1426, 883, 0.04999999701976776,1.0875520252611022, 1.935336166104535, 5.423418347393161, 6.022994103950913,0.0014379194641310276, 0.0013589769848249488, 0.001714759530414085, 0.00384547322215667, 0.0033224487364736884,1348.80322265625, 157.18861195181987, 289.125, 164.62501525878906, 1156, 658,299.125, 134.625, 1196, 538, 15.4262056350708, 239.3811275636246, 14.254772380343915, 268.3101596811339, 19.62745833050401, 218.81340164738037,10.162476243365111, 226.45638791796614, 19.164592684047534, 250.30126132939765, 27.03224644577293, 259.7977651060866,63.597451194718815, 126.86003535448653, 225.78776658104053, 516.182901214837, -54.44043916773167, 446.1621053886151, -50.11600123434325, 530.7238781237346, -48.98807775296352,28.36774400598838, 876.2853807562827, 781.9989346884199, 94.28644606786281, 288.04465986113456,0.0, 0.0, 0.0, 0.0, 0.0,15.8125, 19.625, 25.5625, 25.5625, 22.125,0.0, 0.375, 0.8125, 0.875, 0.875, 4.294736862182617,-5.01995849609375, 428.6875, 362.9375
0, 280.0, 1091, 519, 1451, 879, 0.04999999701976776,1.3791757208347557, 2.1934025570511584, 4.7057034056971325, 5.008687715566484,0.0016265236721653771, 0.0017999840554506358, 0.0019534732199826977, 0.00306178888033628, 0.002995528560729781,1192.0244140625, 138.35844942386314, 295.375, 163.62501525878906, 1181, 654,305.375, 133.625, 1221, 534, 15.392233848571777, 240.20348233969412, 14.191718037217662, 269.2121596509679, 19.61980728856647, 219.66869493546872,10.099212701046829, 227.21508533097116, 18.912283527517342, 250.64576241075477, 26.81095125474989, 259.92013477525654,64.20927651200137, 126.1686611890257, 223.6899989361673, 501.4292291426198, -60.65265051489763, 430.5636794084574, -54.99455488284564, 516.7837426588235, -54.64661653347312,24.471554281153217, 875.4301509995009, 777.0609155812692, 98.36923541823171, 288.93255108214987,0.0, 0.0, 0.0, 0.0, 0.1875,12.1875, 18.5, 22.75, 24.0625, 21.125,0.0, 0.125, 0.6875, 1.375, 2.625, 5.484210968017578,-6.02203369140625, 419.375, 337.8125
0, 285.0, 1107, 524, 1467, 884, 0.04999999701976776,0.8974520385981304, 1.6133950919015474, 4.379997077360748, 5.087225829820381,0.001414400624695985, 0.0008391056888922321, 0.0012904309483519683, 0.002663364959804539, 0.0029884332900132903,1303.4813232421875, 141.5188333259844, 299.375, 164.87501525878906, 1197, 659,309.375, 134.875, 1237, 539, 15.286548614501953, 240.52260243809548, 14.207273362561969, 269.692185785775, 19.442492303478037, 219.65826111243848,10.085237887393626, 228.30500593758677, 18.71813546506102, 251.45947016733507, 26.563138078962762, 260.60237505069244,64.98567738566855, 124.79651007065618, 218.81101975846016, 504.5389875645187, -66.85782878719509, 432.61427842315715, -59.70550334523007, 520.3949889030636, -60.35309242087522,21.876244759433348, 874.5925224535757, 773.0799114021092, 101.51261105146648, 290.6790826424412,0.0, 0.0, 0.0, 0.25, 2.25,13.1875, 17.3125, 27.5625, 32.0, 31.1875,0.0, 0.75, 1.5625, 3.0, 3.75, 4.294736862182617,-6.64837646484375, 507.5, 359.25
0, 290.0, 1122, 527, 1482, 887, 0.04999999701976776,0.3538942615198903, 0.784605907141813, 3.8688261703937314, 4.34609455058351,0.0009833842164744056, 0.0005017847842327683, 0.000711288067800524, 0.0017448413976660505, 0.0026751451145185,1276.687744140625, 137.17369332904292, 303.125, 165.62501525878906, 1212, 662,313.125, 135.625, 1252, 542, 15.15511417388916, 241.39149812316947, 14.2401982676371, 270.74435402217614, 19.211239496640307, 220.0855858853893,10.15282419963557, 228.27674261480126, 18.63137357366515, 251.17806637353053, 26.425857843386066, 259.704614986186,65.16599104204482, 124.81311882845552, 216.8105490425023, 514.8229392329878, -69.64890916993053, 448.821306078103, -61.23977110946554, 531.7819149953465, -62.792428751003605,21.51710183872315, 873.7985123355342, 771.8389459915261, 101.95956634400807, 295.0415220898022,0.0, 0.0, 0.0, 0.5, 2.125,14.875, 21.5, 30.875, 34.6875, 31.1875,0.0, 1.25, 2.5625, 3.5625, 6.375, 6.957895278930664,-4.703277587890625, 557.0625, 363.375
0, 295.0, 1139, 533, 1499, 893, 0.04999999701976776,-0.14101183549471893, 0.1547380767914001, 2.6933376186678646, 3.8884844574466113,0.0005846884807641573, 0.0009979385182464285, 0.0010771939427149846, 0.0008378694395400998, 0.0020145945661352014,1487.4375, 102.70261446090203, 307.375, 167.12501525878906, 1229, 668,317.375, 137.125, 1269, 548, 15.059212684631348, 241.89562072542978, 14.31328088256068, 271.34288692059556, 19.004993000268577, 220.16416875570465,10.380620866326401, 227.4568330464546, 18.79159081755897, 249.95577670080007, 26.572455714978982, 258.7677315981137,66.03815819388693, 127.88882144092096, 220.54214372015122, 493.2507793824314, -70.67740571315379, 437.92241921291276, -61.70135367269765, 510.5768777115892, -63.737249730032545,21.53119060075946, 873.0708004341384, 771.1909270497031, 101.87987338443531, 305.89135836256565,0.0, 0.0, 0.0, 0.0, 0.5,16.125, 26.5, 34.75, 35.8125, 27.0625,0.0, 0.5, 2.125, 4.0, 5.3125, 6.147368431091309,-4.364227294921875, 465.8125, 369.25
0, 300.0, 1158, 522, 1518, 882, 0.04999999701976776,0.6885859854496084, 1.1259802709275393, 2.901884097337024, 1.3182252000740844,0.0012142708828292827, 0.0010441896203747091, 0.0012159605538158758, 0.0029241110119079395, 0.0014133672343882608,1321.0767822265625, 88.36852838610088, 312.125, 164.37501525878906, 1248, 657,322.1250305175781, 134.375, 1288, 537, 15.096421241760254, 242.02171967788655, 14.425543696389774, 271.34319484144225, 18.97913477410643, 220.16941440585617,10.353557454442427, 227.40702730702685, 18.6419686481917, 249.6488553202564, 26.235880034013515, 258.0188559971351,65.75873973859368, 127.15379843056466, 218.09852560466135, 459.8286945177498, -74.46290794576154, 408.05417892550025, -64.06707403582541, 478.27975543172454, -66.97663756050306,19.21568850390591, 872.2398267981235, 768.5060414711037, 103.73378532701986, 307.1525690217079,0.0, 0.0, 0.0, 0.0, 0.0,20.0625, 24.0625, 27.875, 30.375, 26.125,0.0, 1.25, 2.125, 2.3125, 2.0, 4.447368621826172,-4.606231689453125, 348.625, 322.125
0, 305.0, 1165, 539, 1525, 899, 0.04999999701976776,-0.26700554604205534, -0.036711165744636676, 2.2521064205141736, 2.7124759836017622,0.00022675410497868142, 0.00024027704219861334, 0.00026034203866402093, 0.001403237441084002, 0.0019509988704399463,834.0128784179688, 88.0798869885458, 313.875, 168.62501525878906, 1255, 674,323.8750305175781, 138.625, 1295, 554, 14.898641586303711, 242.01039522424267, 14.403459395799619, 271.6088042602605, 18.680990496617284, 219.62581529411884,10.755040387984376, 224.16029688506129, 19.118000278068447, 245.87018976573023, 26.741939868669682, 256.1576977501984,63.96446432701009, 130.1641423152962, 222.50817648488587, 425.2865357714735, -68.59923210177934, 406.1607136817782, -58.13745583781521, 449.6522720183767, -54.71066944843057,23.237066003779862, 874.2281999257758, 772.7579734926857, 101.47022643309015, 323.7426093882037,0.0, 0.0, 0.0, 0.0, 0.0,14.75, 21.6875, 31.25, 32.0625, 20.6875,0.0625, 0.375, 1.25, 1.75, 0.625, 0.8315792083740234,-3.686920166015625, 366.875, 296.8125
0, 310.0, 1181, 545, 1541, 905, 0.04999999701976776,-0.649361912043605, -0.6825385319441558, 1.6884326703962869, 2.4635571349400562,0.00027022635341268143, 0.00024874134936681003, 0.0006461932575211903, 0.0008575173267195168, 0.0013450496125707904,1140.3033447265625, 78.9879247922082, 317.875, 170.12501525878906, 1271, 680,327.8750305175781, 140.125, 1311, 560, 14.501022338867188, 242.83030479258935, 14.549458642298744, 272.7528661663749, 17.926866777554768, 218.94856892990882,10.878053162491154, 221.02234405581737, 19.228688339824963, 242.48667797544599, 27.112468600975422, 253.48936140752784,62.85647997299763, 133.82171773492178, 228.26813068035403, 413.5711175608073, -64.68207226816705, 419.2865382327175, -53.59890646789767, 451.42358234700714, -49.68287229415583,26.07861605531258, 876.1026995593064, 776.217651082948, 99.8850484763584, 329.4019011225127,0.0, 0.0, 0.0, 0.0, 0.0,9.9375, 18.0625, 25.5625, 26.125, 20.0,0.0, 0.125, 0.5625, 0.5, 0.5, 3.6210529804229736,-4.266448974609375, 363.125, 285.625
0, 315.0, 1196, 542, 1556, 902, 0.04999999701976776,-0.44970406883046965, -0.3744718769332394, 1.7038338697049766, 1.5917114079403107,0.00024150309732874577, 0.0003391548453654991, 0.0005893835341976228, 0.000978120331960497, 0.0011313972163975452,915.332763671875, 68.2013111616154, 321.6250305175781, 169.37501525878906, 1286, 677,331.6250305175781, 139.375, 1326, 557, 14.321663856506348, 242.76177067445744, 14.469001549382705, 272.9557973039835, 17.702206644009717, 218.48952550242112,10.767195840359582, 220.96975159920825, 18.910505813483994, 242.0481525099745, 26.79969933473312, 253.6927644410108,61.91059287435665, 131.9554310850448, 223.71238561943022, 374.68399363622973, -69.79687856769458, 394.9937482230791, -56.24615518904631, 424.7646072095244, -46.02683093801712,23.162362461755215, 877.8843752445781, 772.3993572701953, 105.4850179743828, 335.8678744600518,0.0, 0.0, 0.0, 0.0, 0.0,10.125, 9.5, 11.9375, 13.3125, 12.0625,0.0, 0.0625, 0.3125, 0.1875, 0.0, 2.3684210777282715,-3.7188720703125, 355.375, 268.125
0, 320.0, 1224, 539, 1584, 899, 0.04999999701976776,0.18198663041664984, 0.2788783882383723, 1.9064311338472173, 1.6593691354070321,0.00041680679130081446, 0.00015248555786456563, 0.0007723766045774028, 0.0019834698846803176, 0.000866046787479604,765.2692260742188, 49.52038878914743, 328.6250305175781, 168.62501525878906, 1314, 674,338.6250305175781, 138.625, 1354, 554, 14.300281524658203, 242.7364989745284, 14.289072584935969, 273.1538330590156, 17.813436835228075, 218.77485971167812,10.5889516510032, 221.83696705774645, 18.411550807324414, 242.57866696318771, 26.3979619151295, 254.72763372291612,61.270828522859716, 129.3163651598549, 217.73256557353838, 332.3916174228401, -79.9043408508972, 363.28459088839145, -63.18050918861834, 394.6970090647067, -52.40261493299407,17.73607794733125, 879.6451483134181, 764.3308423731262, 115.31430594029189, 340.71039003342423,0.0, 0.0, 0.0, 0.0, 0.0,6.5, 7.5625, 9.125, 10.375, 8.0625,0.0, 0.0, 0.0, 0.0, 0.0, 2.3947367668151855,-3.646240234375, 311.875, 235.0
0, 325.0, 1239, 546, 1599, 906, 0.04999999701976776,-0.17967787011788458, -0.2129247155005578, 1.5461157883593115, 1.733291577823111,0.00012055864227356493, -8.777124616926813e-05, 0.00024281688040559858, 0.001192461122379882, 0.0008047352734627109,960.7255249023438, 53.06850007585764, 332.3750305175781, 170.37501525878906, 1329, 681,342.3750305175781, 140.375, 1369, 561, 14.304606437683105, 242.58536054857433, 14.117791702920846, 273.1767054146874, 17.956377278985162, 218.99967706039484,10.425009670824542, 224.18491288683003, 17.883367628342864, 244.22244760959967, 25.946624892327826, 257.2727124718246,60.84720731877075, 125.70143168817329, 208.13452175914338, 309.29595500373233, -90.75639175931676, 351.0936218987743, -70.43289856883409, 386.893793658152, -59.19597781377275,13.94058351149445, 881.3582359834503, 757.0304602978138, 124.32777568563654, 338.18426304017623,0.0, 0.0, 0.0, 0.0, 0.0,5.5, 4.9375, 4.6875, 3.3125, 2.875,0.0, 0.0, 0.0, 0.0, 0.0, 2.8210530281066895,-3.121673583984375, 326.5625, 210.1875
0, 330.0, 1253, 551, 1613, 911, 0.04999999701976776,-0.25139668756368333, -0.27225956941314505, 1.459110637183767, 0.9680454891850241,7.478108482132484e-05, -2.7985606675429153e-05, 0.0004587024522061256, 0.0010403382429018393, 0.0007308194631872311,1033.6982421875, 55.25601311824196, 335.8750305175781, 171.62501525878906, 1343, 686,345.8750305175781, 141.625, 1383, 566, 14.36033821105957, 243.00040382367933, 13.84096913086909, 273.7761055667402, 18.258319310952245, 220.1774454505214,10.353761415123586, 226.61023109883152, 17.53764948076056, 245.75825662561206, 25.725873732691547, 259.1178744157252,60.814984383286905, 123.64762630208563, 202.54257991119454, 288.3676204431718, -100.70998036221302, 340.55442870824527, -76.9021642609236, 378.7748336855734, -65.13056509281921,10.915771035081061, 883.0658539284543, 750.4260915204268, 132.63976240802754, 341.87002759221593,0.0, 0.0, 0.0, 0.0, 0.0,3.875, 2.1875, 1.25, 2.1875, 3.3125,0.0, 0.0, 0.0, 0.0, 0.0, 3.457894802093506,-3.172271728515625, 324.6875, 182.375
0, 335.0, 1269, 554, 1629, 914, 0.04999999701976776,-0.2875737042808032, -0.4069801849673968, 1.6652033926782317, 1.429875741676078,7.616980204545598e-05, -3.332774809280181e-05, 0.0005284682113676809, 0.0010399291098809726, 0.0006566951085306982,1293.205078125, 54.42186055253222, 339.8750305175781, 172.37501525878906, 1359, 689,349.8750305175781, 142.375, 1399, 569, 14.360686302185059, 243.33053418702272, 13.784697753345116, 274.1526500180703, 18.301385902168473, 220.6294770078714,10.332275008177369, 227.4049236087625, 17.28790481749819, 245.99910275612504, 25.603261280979996, 259.0758141108163,60.22347684274484, 123.01439308824463, 199.0648883924539, 259.07597758119937, -107.49648863842084, 321.18052259551627, -80.93471148333512, 355.20374924662696, -57.07685971207388,8.892613708738612, 884.8483560735316, 745.6684860582739, 139.17987001525773, 361.4191875923311,0.0, 0.0, 0.0, 0.0, 0.0,2.375, 0.5, 0.4375, 1.5, 2.25,0.0, 0.0, 0.0, 0.0, 0.0625, 4.147368431091309,-3.013350009918213, 283.875, 162.625
0, 340.0, 1286, 557, 1646, 917, 0.04999999701976776,-0.4073756854343809, -0.6294588416989427, 1.31254069601011, 1.5705459884842277,1.3588508028874458e-05, 0.00016941403362238816, 0.0004854131490401414, 0.0007611785870335553, 0.0010639144544768442,1132.5460205078125, 40.445879428785666, 344.1250305175781, 173.12501525878906, 1376, 692,354.1250305175781, 143.125, 1416, 572, 14.258057594299316, 243.4748287634284, 13.852803241362103, 274.3797462688877, 18.088235763229356, 220.31172641831066,10.235019077204829, 227.7596972946313, 16.896687740529796, 246.06781445917537, 25.334429992014428, 258.37753655120923,59.15695172283694, 121.81778702155046, 194.11316571817736, 245.49094885122682, -112.76534184129945, 316.5322620476901, -83.57161583060362, 352.7014561974461, -58.5378483313334,7.679569636158947, 886.6311277831177, 742.0943996800253, 144.5367281030924, 378.6101890724352,0.0, 0.0, 0.0, 0.0, 0.0,1.5, 1.5, 2.0625, 3.4375, 4.9375,0.0, 0.0, 0.125, 0.1875, 0.3125, 4.647368431091309,-3.0210678577423096, 197.5625, 142.75
0, 345.0, 1302, 559, 1662, 919, 0.04999999701976776,-0.5575045131737714, -0.7829514187120367, 0.7100076499016723, 1.0275718808651435,0.000115333253825014, 0.00018809643660176788, 0.00031133852367247526, 0.000651678742057129, 0.0005854652108138225,419.0892333984375, 21.904006856841875, 348.1250305175781, 173.62501525878906, 1392, 694,358.1250305175781, 143.625, 1432, 574, 14.230987548828125, 243.5885377527308, 13.835591411963943, 274.5455199780345, 18.058749434218175, 220.37869206444537,10.098620925762718, 229.0251674232946, 16.494997669712376, 246.81178598432984, 24.914736642748945, 258.69932042338684,58.9516049523986, 119.9453620034545, 188.65467856162962, 222.45937904428536, -121.8448009717644, 300.47402274537757, -88.8485124314806, 338.4600535688295, -62.16510955967695,5.73883052226662, 888.388022967336, 736.4007748236401, 151.98724814369598, 392.0693505520698,0.0, 0.0, 0.0, 0.0, 0.0,1.3125, 1.875, 3.0, 3.75, 4.875,0.0, 0.0, 0.0, 0.25, 0.9375, 2.542105197906494,-3.1839005947113037, 124.125, 140.5
0, 350.0, 1318, 563, 1678, 923, 0.04999999701976776,-0.5146829821186838, -0.7829094908144906, 0.2392790036794031, 0.4319639169570291,-1.3469820545566336e-05, 0.0001491465609547049, 0.0007096866738049813, 0.0005097544554001842, 0.00021880164013509784,322.705078125, 14.560086588448215, 352.1250305175781, 174.62501525878906, 1408, 698,362.1250305175781, 144.625, 1448, 578, 14.313897132873535, 243.68118243863285, 13.804686318021924, 274.5524570828518, 18.212796213109513, 220.7938209861347,10.021374094550012, 230.43530095857872, 16.173101504778685, 247.58242256800403, 24.517286785112933, 258.9666950086362,59.31340231017986, 118.81275790441593, 184.34446930348668, 193.30543200412455, -132.8580000229956, 276.8396048826657, -95.56056843684642, 316.9146079706958, -66.96225299843265,3.6968603762658625, 890.1724365031305, 729.6886507725451, 160.4837857305854, 402.97806443885503,0.0, 0.0, 0.0, 0.0, 0.0,1.3125, 0.625, 1.5, 4.6875, 6.9375,0.0, 0.0, 0.0, 0.1875, 1.125, 1.8157892227172852,-2.512219190597534, 85.125, 95.9375
0, 355.0, 1337, 565, 1697, 925, 0.04999999701976776,-0.34970353452503333, -0.5913025254895911, 0.20178448642778676, 0.2622384096111637,-2.1887315909339123e-05, 0.0002362471534945598, 0.0005159961336681818, 0.0005619365958619937, 0.0001520030442418374,238.0715789794922, 7.960394133171275, 356.8750305175781, 175.12501525878906, 1427, 700,366.8750305175781, 145.125, 1467, 580, 14.2275972366333, 244.0946137890937, 13.89233288907366, 275.0029105608427, 18.009778600384514, 220.75192721911992,10.076664695468509, 230.28708585358945, 16.01298065355201, 247.29630594367222, 24.407565032580262, 257.8085681329688,59.39145839231799, 119.85291054682234, 183.1750638544126, 182.7653515380658, -139.14146864864387, 274.91425939159626, -98.85057121855546, 318.0521524036319, -68.8276436531024,2.6723841453270527, 892.1019016261779, 725.3829195109982, 166.71898211517964, 410.9136604766495,0.0, 0.0, 0.0, 0.0, 0.0,0.3125, 1.125, 2.625, 4.9375, 7.25,0.0, 0.0, 0.0625, 0.3125, 0.4375, 1.494736909866333,-2.2332510948181152, 32.5625, 72.5625
0, 360.0, 1365, 573, 1725, 933, 0.04999999701976776,-0.1273781297381356, -0.3597532578963728, 0.01189082966709975, 0.011294627332245,-5.019665143635166e-06, 2.473189919385277e-05, 1.7529588558602426e-05, 0.0008682046879414429, 0.00020571922702288247,67.34131622314453, 3.6270565919259297, 363.8750305175781, 177.12501525878906, 1455, 708,373.8750305175781, 147.125, 1495, 588, 14.100166320800781, 244.33533697620163, 14.06520572878228, 275.2215882922841, 17.671994484389895, 220.22057667667025,10.385465878460408, 228.36087688499748, 16.0939036369168, 245.56031774346508, 24.590996793292955, 254.88098513016124,58.38896794443287, 124.55997625976421, 186.9775947157291, 171.09562433357843, -140.91050109668367, 269.301046737667, -99.99939310371217, 315.67046776046203, -68.86293247538288,1.957596153206852, 894.1066468521432, 721.8148579116126, 172.29178894053052, 425.3672333946798,0.0, 0.0, 0.0, 0.0, 0.0,0.375, 1.0, 1.875, 4.0625, 5.75,0.0, 0.0, 0.1875, 0.4375, 0.8125, 0.0,-1.588050365447998, 4.8125, 67.8125