BSS_NC_TRN: UH_Thresh: 150.0, u_rad: 5.0, track_on: 100.0 min
Mode, Time, x1, y1, x2, y2, zs_surface, w500m, w1km, w3km, w5km,zvort_suf, zvort500m, zvort1km, zvort3km, zvort5km,UH_Max, UH_Area, UH_X, UH_Y, UHi, UHj,SX, SY, SXi, SYj, meanWnd, meanWnd_dir, rm, rm_dir, lm, lm_dir,shear1km, shear1km_dir, shear3km, shear3km_dir, shear6km, shear6km_dir,srh500m, srh1km, srh3km, sbcape, sbcin, mlcape, mlcin, mucape, mucin,3CAPE, LCL, LFC, LFC-LCL, EL,wA500m, wA1km, wA3km, wA5km, wA8km,zA500m, zA1km, zA3km, zA5km, zA8km,wzA500m, wzA1km, wzA3km, wzA5km, wzA8km, meso_depth, CP_Min, CP_area, dBZ_Area
bool, min, idx, idx, idx, idx, km,ms^-1, ms^-1, ms^-1, ms^-1,s^-1, s^-1, s^-1, s^-1, s^-1,m^2s^-2, m^2s^-2, km, km, idx, idx,km, km, idx, idx, ms^-1, deg, ms^-1, deg, ms^-1, deg,ms^-1, deg, ms^-1, deg, ms^-1, deg,m^2s^-2, m^2s^-2, m^2s^-2, Jkg^-1, Jkg^-1, Jkg^-1, Jkg^-1, Jkg^-1, Jkg^-1,Jkg^-1, hPa, hPa, hPa, hPa,km^2, km^2, km^2, km^2, km^2,km^2, km^2, km^2, km^2, km^2,km^2, km^2, km^2, km^2, km^2, km, K, km^2, km^2
0, 0.0, -90, -135, 270, 225, 0.015876375198364257,0.0, 0.0, 0.0, 0.0,6.069759066473779e-08, -1.3872131454650826e-08, -9.6438670729726e-09, 6.184959244759369e-09, 5.223101412488162e-09,0.0, 0.0, 0.125, 0.125, 0, 0,10.125000953674316, 370.1250305175781, 40, -120, 14.372714042663574, 239.74173423104457, 12.735030632512228, 271.12874591814443, 19.064858279219568, 219.38299242385256,8.128767704913459, 223.92929988733147, 15.64297350261152, 255.80633915891457, 23.027981194390076, 261.1406759195595,60.62508056791214, 100.46788366932476, 183.67554802377532, 1283.546470748058, -4.49618714725343, 892.5745556119981, -15.235284589414707, 1283.546470748058, -4.49618714725343,102.15207427967067, 898.9434847421938, 877.8408055620062, 21.102679180187693, 227.74916978086125,0.0, 0.0, 0.0, 0.0, 0.0,0.0, 0.0, 0.0, 0.0, 0.0,0.0, 0.0, 0.0, 0.0, 0.0, 0.0,0.0, 0.0, 0.0
0, 5.0, 165, 490, 525, 850, 0.023790170669555664,1.8890127667039633, 3.2294138252735136, 4.138071834444999, 2.359789079427719,-1.7582486904359485e-05, -0.00011066332980448126, -9.089643624065501e-05, 0.00015273689244366996, 3.796260743342828e-05,3.835455894470215, 1.8282628410542383, 63.875003814697266, 156.375, 255, 625,73.875, 126.37500762939453, 295, 505, 14.341120719909668, 239.73209000393652, 12.729127501050028, 271.1871396260784, 19.021167429509962, 219.29292987673594,8.537000156037452, 224.13316737367802, 31.158236521012682, 271.3244779541359, 36.060042556783095, 271.52991638399146,123.4010248005984, 196.75324635039644, 470.24263934011566, 1361.9955045621557, -3.6417944244890292, 991.3997079256554, -13.203875209463025, 1361.9955045621557, -3.6417944244890292,123.97228289296316, 898.1359900533206, 880.0555898478232, 18.080400205497426, 228.13751279384437,0.0, 0.0, 0.0, 0.0, 0.0,0.0, 0.0, 0.0, 0.0, 0.8125,0.0, 0.0, 0.0, 0.0, 0.0, 0.0,-0.08048389106988907, 0.0, 0.0
0, 10.0, 188, 552, 548, 912, 0.02477856254577637,2.9518356599099933, 4.117361836358905, 7.364041457064452, 3.091192005146295,0.00045295788476465757, 0.00042822408649499264, 0.0002556720469863194, 5.434716739216583e-05, -3.141621699370489e-05,12.80838394165039, 6.382680311758428, 69.625, 171.87501525878906, 278, 687,79.625, 141.875, 318, 567, 14.138970375061035, 226.89556908159796, 9.307678432744058, 255.85435783923808, 20.632210289471164, 214.27901503488079,34.904417730434034, 267.73911677103376, 47.02126432815424, 275.2707017093808, 48.399115643936064, 274.38824126861516,139.84136434573654, 392.2818640658769, 592.7801029611012, 0, 0, 0, 0, 8.656245200226877, -184.4210317850682,0, 749.0358184451778, nan, nan, nan,0.0, 0.0, 0.0, 4.0625, 18.125,0.1875, 1.3125, 11.3125, 16.0625, 15.8125,0.0, 0.0, 0.5, 3.125, 7.625, 0.0,-0.8288280963897705, 0.0, 0.0
0, 15.0, 189, 574, 549, 934, 0.024822906494140626,3.1990588664298407, 4.287045968337917, 7.617299170307815, 3.321251688745105,0.0003273789562746288, 0.0016172026721324073, 0.001465727342460923, 6.51322871829052e-05, 0.0001926175367042049,34.464988708496094, 11.301004652408883, 69.875, 177.37501525878906, 279, 709,79.875, 147.375, 319, 589, 14.460648536682129, 231.73527720292893, 10.573813024118786, 261.7996498005483, 20.46741768521775, 216.73575965386195,33.09863092171702, 261.3752655967928, 56.41464562317365, 275.14807249302237, 46.856508363631534, 271.481244455966,259.06552496495726, 518.105793745712, 955.9998634535768, 0, 0, 2.62540624386484, 0, 164.1324232396076, -0.20445025755149263,0, 706.7138948772373, nan, nan, nan,0.0, 0.0, 0.875, 9.0, 23.25,7.0, 19.5, 29.9375, 37.6875, 36.0625,0.0625, 2.0625, 4.8125, 8.0625, 10.6875, 0.0,-0.11242421716451645, 0.0, 0.0
0, 20.0, 259, 468, 619, 828, 0.0282453727722168,0.15117121338029393, 0.2099750377354212, 1.5094084290228784, 2.8744270458118995,-0.00036297251200437605, -0.0007567757042198766, -0.0007890320857597998, -0.0006289500992633631, -0.00031192529222209944,194.60525512695312, 13.942637562433083, 87.37500762939453, 150.875, 349, 603,97.37500762939453, 120.87500762939453, 389, 483, 18.426477432250977, 223.56437654035602, 12.316753534975312, 240.16593353568334, 25.295607812789026, 215.56757073495152,8.392806916693273, 225.5624527593949, 17.831446748861314, 260.1853373603498, 24.098511155678246, 263.8340107545923,44.12316807017524, 65.02657305192494, 100.19683351387991, 1080.431443943391, -8.679201990940388, 810.6728117022759, -21.534277695550937, 1080.431443943391, -8.679201990940388,56.59923616088722, 894.7922070389212, 858.969483550266, 35.82272348865524, 235.34654843039684,0.0, 0.0, 0.0, 0.0, 0.25,1.1875, 2.125, 9.9375, 22.5625, 25.5625,0.0, 0.0, 0.25, 1.8125, 4.75, 0.0,-0.44332632422447205, 0.0, 46.25
0, 25.0, 193, 524, 553, 884, 0.025001476287841797,1.1126384768553546, 1.4858255325234497, 0.6297899535868782, -1.271160982202273,0.0004397153220747896, 0.0017453052981727523, 0.001518891429204814, 6.851293077261289e-06, -7.585084475181247e-06,454.82733154296875, 16.79984404002317, 70.875, 164.87501525878906, 283, 659,80.87500762939453, 134.875, 323, 539, 14.160326957702637, 238.03716490101954, 11.98011656509532, 270.0185933134196, 19.23555393953502, 218.77638658860462,17.906237755361968, 255.02448740462322, 32.85116154720106, 297.90638575090986, 23.414186528994772, 284.7844312231565,328.69653915468615, 482.26666701266464, 931.9548158756368, 24.325389306425354, -239.08941610441624, 34.32127112809144, -282.3871403774813, 221.71034521974624, -71.01074035279963,0, 799.088977064449, 425.4011079925867, 373.6878690718623, 316.0410567521977,0.0, 0.25, 2.25, 19.5625, 41.4375,18.9375, 36.1875, 54.3125, 69.6875, 81.9375,2.5, 10.5, 19.1875, 26.3125, 34.25, 0.7052633762359619,-1.27520751953125, 16.5625, 210.6875
0, 30.0, 172, 600, 532, 960, 0.02408470344543457,2.975260127824731, 3.916693136023823, 3.3492268933821476, 2.419256851435057,0.00020424430253115133, 0.00042310729264272596, -0.00035323878122653693, 4.8701050544650645e-05, -2.703091567880732e-05,1267.338623046875, 58.730911597305784, 65.625, 183.87501525878906, 262, 735,75.625, 153.875, 302, 615, 17.62346076965332, 230.24141920879876, 12.861776285398603, 252.4316045978143, 23.83794226881962, 218.48340380093975,32.19076631355258, 271.10145861735657, 27.568449361504253, 292.19201726484545, 37.753442588559494, 284.7712762788151,536.9358415963475, 720.566795767068, 788.857795884013, 218.29739390768523, -121.17919916242084, 157.9175006439011, -81.01334215169422, 218.29739390768523, -121.17919916242084,21.033311165305957, 878.6944604469472, 777.7346145395828, 100.95984590736441, 322.83909993477414,0.0, 0.5625, 5.125, 14.9375, 28.8125,28.0, 60.375, 87.8125, 99.125, 114.4375,2.6875, 9.875, 19.5625, 29.0625, 39.75, 2.6894733905792236,-1.948883056640625, 75.0625, 0.0
0, 35.0, 200, 605, 560, 965, 0.025318592071533204,0.12165353983466048, 0.29682518381858247, -0.03341780205722898, 0.1152568323770538,-0.0008564339496433603, 8.605845071542717e-05, -7.70126506449742e-05, -6.91054561002602e-05, -0.0005010901042828663,1534.6287841796875, 56.70711373539552, 72.625, 185.12501525878906, 290, 740,82.62500762939453, 155.125, 330, 620, 19.553390502929688, 238.2571926149423, 13.152907591411537, 252.25944986669845, 26.53622371611166, 231.36915630823023,13.138424566663295, 235.91853584312994, 12.976618136132052, 283.9243738028685, 25.010923925858727, 280.1586992681437,197.5707334345184, 257.75455332801863, 349.05444235336006, 541.9412204949595, -22.148619168052225, 225.74916196408486, -48.54448371702662, 541.9412204949595, -22.148619168052225,43.4817320930626, 895.6241794440506, 825.892930050572, 69.7312493934786, 270.5102215097666,0.0, 0.0, 1.5625, 7.4375, 17.4375,47.0625, 66.0625, 89.4375, 111.875, 129.0625,0.9375, 6.75, 14.3125, 21.125, 29.6875, 4.147368431091309,-2.430755615234375, 372.1875, 8.5625
0, 40.0, 204, 651, 564, 1011, 0.025502485275268556,0.8176731311983894, 1.18229054069845, 2.0870766318397362, 1.1033689197013155,-0.0007869080523596494, -0.00025556626467732713, 0.0001043094427586766, -7.337908529734704e-05, -0.0006942551510155681,918.4982299804688, 66.69251157660236, 73.625, 196.62501525878906, 294, 786,83.62500762939453, 166.62501525878906, 334, 666, 16.48484230041504, 230.2519786812556, 9.749462861460291, 245.20505935416313, 23.684340193653654, 224.15479377074143,25.776301665171808, 233.5364390681963, 21.507424025625948, 259.9568402118562, 27.934851841696606, 260.2515082330289,300.7833384338094, 527.1519907803026, 650.2731577508887, 532.2704063455376, -146.29497222308345, 324.97577932099347, -168.16557666596088, 532.2704063455376, -146.29497222308345,1.2393401643954678, 898.8227513134884, 727.1644016732176, 171.65834964027079, 278.68961231443654,0.0, 0.0, 0.0, 0.25, 0.6875,40.75, 54.3125, 74.75, 99.1875, 114.0625,0.0, 0.9375, 3.0625, 5.125, 8.4375, 7.700000286102295,-2.977142333984375, 411.1875, 43.125
0, 45.0, 273, 447, 633, 807, 0.029013286590576174,0.20231844464491588, 0.44540004528593274, 1.1670722216024296, 0.8524820369464577,-0.00036434992494264405, -0.0007481645141388071, -0.0004930727835926518, 0.0015811856996833739, 0.0007798467634344775,504.00244140625, 34.11092266536757, 90.87500762939453, 145.625, 363, 582,100.87500762939453, 115.62500762939453, 403, 462, 18.86311912536621, 229.36341205137194, 11.976449369016963, 240.70539005465383, 26.0902117049828, 224.1838806257756,10.170878783073139, 234.58667627573413, 18.658053276271236, 264.43697985452104, 26.819350008728804, 268.85791541746016,64.40834082084075, 101.18213730385318, 148.79961613910228, 992.2715945867465, -34.261733178099526, 681.9782630781405, -58.62780520072216, 992.2715945867465, -34.261733178099526,54.80205752019205, 892.937366302415, 805.7455155109218, 87.19185079149315, 241.09061911944545,0.0, 0.0, 0.0, 0.0, 0.0,6.75, 9.25, 14.4375, 16.1875, 17.75,0.0, 0.3125, 1.4375, 1.4375, 1.25, 1.9210529327392578,-2.158172607421875, 100.9375, 330.25
0, 50.0, 301, 501, 661, 861, 0.03064473533630371,-0.010750424471334554, 0.16539275771880058, 1.3142430499207693, 0.3877911234111525,-8.299773751758721e-05, -0.0002841904718547994, -0.0005714049432879165, 0.0009621762768938424, 0.0004612325532076511,509.536865234375, 15.431806514928617, 97.87500762939453, 159.125, 391, 636,107.87500762939453, 129.125, 431, 516, 15.351263046264648, 234.61985733472207, 11.550526852632625, 262.7208927618842, 21.222814536761454, 219.76584222998903,12.650134645972958, 247.99439225798253, 19.781705922170797, 274.3598003609112, 29.816157123554785, 280.3329783750057,113.92215857049135, 219.12465550359389, 313.15222850021576, 924.835237126196, -82.62253772537115, 548.7974789938999, -138.04321261060554, 924.835237126196, -82.62253772537115,4.479425035506259, 892.2535319577628, 733.4361095998854, 158.81742235787738, 238.22348662464316,0.0, 0.0, 0.0, 0.0, 0.0,3.3125, 2.25, 3.375, 5.4375, 9.375,0.0, 0.0, 0.0, 0.0, 0.0625, 2.3684210777282715,-2.769622802734375, 445.1875, 528.9375
0, 55.0, 385, 673, 745, 1033, 0.03644203948974609,0.05969720032895566, -0.039816256068879737, 0.7508273341273889, 3.042328065962065,2.1290629564134634e-05, 0.0003504228970709277, 0.0003701726405745376, 7.336021614491984e-05, 0.0008371561791318527,571.9340209960938, 23.484855516827682, 118.87500762939453, 202.12501525878906, 475, 808,128.875, 172.12501525878906, 515, 688, 17.08349609375, 232.0282376768091, 11.422403117636284, 252.31214088689967, 23.784878099965496, 222.4447108051074,8.18488481625886, 221.35046634354478, 15.842233316493834, 251.155868258728, 33.71095135399506, 254.30678478701662,58.01867644532208, 90.60553052501413, 127.08810796167634, 868.4556361185021, -10.228913509300494, 651.7005946907942, -23.07923490033721, 868.4556361185021, -10.228913509300494,69.27867536475013, 893.0097411709783, 847.7190409031701, 45.29070026780812, 234.6812944970616,0.0, 0.0, 0.0, 0.0, 0.0,0.4375, 0.1875, 0.25, 1.3125, 1.75,0.0, 0.0, 0.0, 0.0, 0.0, 1.6631577014923096,-2.908905029296875, 444.0, 972.25
0, 60.0, 330, 535, 690, 895, 0.032481597900390624,-0.0700797611536109, 0.1070474050831399, 1.7323936720355415, 0.5760454178543296,-0.00010600648419114123, -0.00021238018971871496, -0.0005855574734505353, 0.0002786827787463153, 0.0001317283033847616,453.0350036621094, 22.32577606919012, 105.12500762939453, 167.62501525878906, 420, 670,115.12500762939453, 137.625, 460, 550, 14.125332832336426, 230.92273057850753, 13.208754781999666, 262.54641676169183, 18.359707957406417, 208.76044821267914,12.344263957719411, 247.6930852929366, 20.553449876336323, 278.7824024900078, 29.19441523730395, 283.3507471956142,117.97089313602967, 220.84157543595978, 352.65984085941074, 871.794768669757, -106.02946987767369, 530.4950746855505, -157.26330348555854, 871.794768669757, -106.02946987767369,1.8340860904908574, 891.334090865614, 715.830036984211, 175.50405388140302, 240.64102485478344,0.0, 0.0, 0.0, 0.0, 0.0,1.0625, 2.75, 4.4375, 9.8125, 8.875,0.0, 0.0, 0.0, 0.0, 0.0, 1.9210529327392578,-3.093292236328125, 776.6875, 551.75
0, 65.0, 337, 545, 697, 905, 0.03294932937622071,-0.14552710679228767, 0.02972972834511893, 1.368182269379613, 0.7689729991497005,-0.00011108829299530498, -0.00015402714338961233, -0.00017008953349431977, 0.0005526700609902946, 0.000379554896717309,519.9988403320312, 22.451883053500854, 106.87500762939453, 170.12501525878906, 427, 680,116.87500762939453, 140.125, 467, 560, 17.909067153930664, 233.17744432542042, 12.167678399349857, 251.9916908698303, 24.615380597679305, 224.00442692705698,11.439359679434977, 241.25926566083803, 20.527128205391197, 264.3207573556041, 29.110012623720955, 283.5678789093289,86.91059174344484, 163.72413520450675, 284.8144707710724, 1082.0036499243988, -65.7890386124718, 802.2198106885024, -100.86641720937415, 1082.0036499243988, -65.7890386124718,17.780120471185583, 891.0813119430926, 747.1136547192677, 143.96765722382486, 240.92526545710805,0.0, 0.0, 0.0, 0.0, 0.0,0.75, 2.375, 7.4375, 12.125, 12.8125,0.0, 0.0, 0.0, 0.0, 0.0, 1.3263157606124878,-3.02545166015625, 871.8125, 463.0
0, 70.0, 347, 780, 707, 1140, 0.03363496780395508,0.21518671835830902, 0.421195849571377, 1.834864896280924, 2.134812639838783,-2.4745718249050697e-05, 0.0002258720036820705, 0.0003412303172126485, -0.00039029064535498034, -0.0009000694216979354,620.1851806640625, 18.336096447194215, 109.37500762939453, 228.87501525878906, 437, 915,119.37500762939453, 198.87501525878906, 477, 795, 17.857074737548828, 235.95520029859458, 12.782373170369677, 257.0167787535346, 24.225218906328408, 225.02451218805106,5.660517629698915, 227.19388442378744, 20.294801880657808, 258.2453450700128, 19.43717837968552, 268.86415821036155,22.967386408160763, 55.38888544518282, 171.165954497163, 1007.4468584753289, -9.707862482608677, 522.0265797821841, -37.06553857640836, 1007.4468584753289, -9.707862482608677,97.22581990299382, 925.3979430048175, 855.0385636690504, 70.35937933576713, 226.62069917787406,0.0, 0.0, 0.0, 0.0, 0.0,1.1875, 0.6875, 0.6875, 2.0625, 6.3125,0.0, 0.0, 0.0, 0.0, 0.0, 3.268421173095703,-3.306182861328125, 596.1875, 348.75
0, 75.0, 375, 521, 735, 881, 0.03567076110839844,0.3939558154306725, 0.6445619284996065, 1.8171782382484525, 0.7742350586387328,4.5545126728541166e-05, 0.00032181643266255834, 0.0005373364562387906, 0.0007971816610984206, 2.0721167857118417e-06,1063.4366455078125, 37.05032325799048, 116.37500762939453, 164.12501525878906, 465, 656,126.37500762939453, 134.125, 505, 536, 13.906217575073242, 230.51433990765412, 12.45686113729741, 262.98090869171745, 18.5497279866992, 209.38422796855548,10.864593439828342, 243.32217403547864, 21.189953542478236, 276.4979091183136, 26.77936329514873, 278.9789206928074,95.11347710890202, 171.43028759955524, 310.88272592527926, 946.3999338954615, -44.31971507245681, 649.6450259243654, -76.34351379258638, 946.3999338954615, -44.31971507245681,21.292589091648637, 891.2212128999818, 787.4476117162449, 103.7736011837369, 240.4271351559832,0.0, 0.0, 0.0, 0.0, 0.0,0.1875, 0.0, 0.875, 2.75, 4.875,0.0, 0.0, 0.0, 0.0, 0.0, 3.457894802093506,-2.874420166015625, 617.75, 466.9375
0, 80.0, 388, 569, 748, 929, 0.03667822647094727,-0.018958971267275047, 0.22709565696772188, 2.096551033529686, 1.8714198790775844,-2.8435578916514713e-05, 9.39848364168938e-06, -5.685422106580518e-06, 0.000982504718515429, 0.00038293665308628986,884.4369506835938, 39.715114937472336, 119.62500762939453, 176.12501525878906, 478, 704,129.625, 146.125, 518, 584, 16.871612548828125, 237.7155586137603, 12.564799423853106, 262.06096905330753, 22.889483433929033, 224.63679184620813,10.870142510091357, 225.89949527417832, 23.993810206594382, 262.7417132421455, 27.579410688389554, 272.06652336594436,75.90053382031645, 162.11821389748278, 379.1771129291891, 872.5014713357419, -10.455752845707655, 701.6098623289697, -26.617828887217033, 872.5014713357419, -10.455752845707655,67.29247463297257, 891.0442900979058, 823.4112194766369, 67.63307062126887, 238.4152683235484,0.0, 0.0, 0.0, 0.0, 0.0,0.0, 0.0625, 1.875, 5.0, 7.0625,0.0, 0.0, 0.0, 0.0, 0.0, 3.526315689086914,-3.106719732284546, 895.6875, 515.9375
0, 85.0, 401, 534, 761, 894, 0.03772821426391602,0.3395134911561035, 0.605591885067115, 2.1542746911681028, 1.5178247214155272,-4.7276963334752505e-06, 0.00023006394299500245, 0.00010480596866273117, 0.0009092985918323393, 0.0004902387818140142,964.5599365234375, 45.401353504477484, 122.87500762939453, 167.37501525878906, 491, 669,132.875, 137.375, 531, 549, 16.76061248779297, 237.102521814995, 12.872039442436153, 262.32221786178377, 22.553200286937276, 223.02779906555335,10.760902830096144, 242.88004223012535, 20.41832210542064, 275.05309188242416, 26.121031131146058, 276.2550002706713,88.10798575630642, 160.35229125140015, 283.1067602950935, 964.9061322726428, -37.330772575317056, 686.7362590336932, -62.2308324991717, 964.9061322726428, -37.330772575317056,36.336597041869375, 891.0602765386673, 795.5936844501629, 95.4665920885044, 241.7097223375469,0.0, 0.0, 0.0, 0.0, 0.0,0.4375, 0.0625, 2.375, 4.625, 5.625,0.0, 0.0, 0.0, 0.25, 0.8125, 2.989473342895508,-2.971588134765625, 681.4375, 449.4375
0, 90.0, 413, 542, 773, 902, 0.038737220764160155,0.2840968431776855, 0.5141018511961738, 1.8544650586618807, 1.0281334647367475,-0.00010973700951296905, 0.00027262607149282304, 0.0002761638120614407, 0.0004896305077954821, 0.0006374032434308674,1276.0045166015625, 46.59450567185142, 125.87500762939453, 169.37501525878906, 503, 677,135.875, 139.375, 543, 557, 16.79909896850586, 238.43608892968328, 12.727570808585897, 263.3114188680918, 22.69203282294566, 224.78948568023807,10.771522937715472, 240.93795990190227, 20.63329895292171, 273.8164041709233, 26.414741274974837, 274.9599964040369,85.45565439607405, 159.9374711792791, 288.56159017212894, 949.5098857373974, -32.48157950971878, 694.3213275574758, -56.08359087253493, 949.5098857373974, -32.48157950971878,43.43904977924451, 890.9603809885004, 795.2563564389827, 95.70402454951773, 241.86844627553043,0.0, 0.0, 0.0, 0.0, 0.0,0.5, 0.4375, 1.5625, 4.0625, 9.5,0.0, 0.0, 0.0, 0.125, 0.1875, 2.026315450668335,-3.034604549407959, 724.5625, 455.3125
0, 95.0, 424, 548, 784, 908, 0.03969745254516602,0.3344391010561958, 0.5862475109763909, 2.2730847249414365, 1.4642977204540513,-0.00010832128507615835, 0.00016695637864700075, 0.00023582381689720932, 0.00022300214051540476, 0.0005329279292698174,980.261474609375, 45.159540754204315, 128.625, 170.87501525878906, 514, 683,138.625, 140.875, 554, 563, 16.7419490814209, 238.38700719030757, 12.852521627790233, 263.63838375113687, 22.536600688955073, 224.3066524778678,10.880085993889294, 239.2997663502314, 21.079207943275705, 272.63021887814557, 26.603269078933682, 274.59817396294466,84.92281102982477, 162.77790908172915, 294.651348631974, 955.5259714143021, -26.988329371148982, 717.1452991866796, -48.98554436585699, 955.5259714143021, -26.988329371148982,51.284025104769114, 890.8628191023407, 800.2362137423727, 90.62660535996804, 241.0067680792704,0.0, 0.0, 0.0, 0.0, 0.0,1.75, 3.625, 5.875, 7.6875, 10.25,0.0, 0.0, 0.3125, 0.5, 0.625, 2.026315450668335,-2.930908203125, 759.875, 439.875
0, 100.0, 436, 501, 796, 861, 0.040785472869873045,1.3228553448482854, 2.2469869178456428, 3.926534323322704, 2.010891284145473,7.127359987038062e-05, 0.00016457518657603032, 0.0005916615275629056, 0.0027247158438268573, 0.001424756790838444,695.3230590820312, 80.93249992962406, 131.625, 159.125, 526, 636,141.625, 129.125, 566, 516, 16.741220474243164, 238.21365698917265, 12.877660372621007, 263.50296835249645, 22.521162466317843, 224.07507280227392,9.507618159351786, 237.63684751376508, 19.0795718675015, 272.36571297234764, 24.862156445048527, 273.44568882353167,70.37773878054291, 130.26497319389802, 236.64320153907235, 948.5098699738107, -19.03933643058451, 725.9842741893248, -37.29575359241477, 948.5098699738107, -19.03933643058451,44.393892274385884, 890.9475655481391, 807.3134649999366, 83.63410054820247, 243.04840156693902,0.0, 0.0, 0.0, 0.0, 0.0,1.3125, 1.0, 2.1875, 3.6875, 4.1875,0.0, 0.0, 0.0, 0.0, 0.0, 1.4105260372161865,-2.969970703125, 413.75, 258.75
0, 105.0, 450, 507, 810, 867, 0.04211117553710938,1.5534163670707495, 2.6206754693132828, 5.060478495492717, 3.9694564175390403,6.129344809551185e-05, 0.000405890069397401, 0.0007010032146672529, 0.002691686248296037, 0.0017937467666193638,1561.3035888671875, 137.99670011006197, 135.125, 160.625, 540, 642,145.125, 130.625, 580, 522, 15.973153114318848, 238.55968803290384, 12.513356983328682, 265.78269045264796, 21.591644824142417, 223.18582005206844,9.557148904835106, 238.00459855905692, 19.146470126916167, 272.33999047993336, 25.175835055000256, 273.45719086209397,71.51563224908892, 134.30239166569524, 247.98817236361668, 942.528276989871, -18.611638699372634, 721.4971943890737, -36.740756193971755, 942.528276989871, -18.611638699372634,45.93270145420824, 890.8546720480019, 807.7308200325347, 83.12385201546726, 243.17385493761665,0.0, 0.0, 0.0, 0.0, 0.0,1.4375, 2.5, 3.75, 5.3125, 5.4375,0.0, 0.0, 0.0, 0.0, 0.25, 1.9210529327392578,-2.9814453125, 434.0625, 285.375
1, 110.0, 476, 514, 836, 874, 0.04474699783325196,1.7519176210183651, 2.921618230032036, 5.662462944949512, 6.625597558184526,0.00017659260488926522, 0.0006178335869230977, 0.0014403598964622686, 0.0024226410386222596, 0.0011316521106728317,1430.4462890625, 173.2147818277782, 141.625, 162.37501525878906, 566, 649,151.625, 132.375, 606, 529, 16.042213439941406, 238.25403706754577, 12.511504103674682, 265.2639258962618, 21.694873280105544, 223.0708295788805,9.617014508046278, 237.1812602357469, 19.445259178073265, 270.9293378502723, 25.806418951607892, 273.07980925007246,71.27672299780053, 135.83279934056338, 253.55796758069332, 912.2804843093911, -16.993364128770903, 701.0241686996089, -34.809217544662815, 912.2804843093911, -16.993364128770903,46.989589154150835, 890.7345433950211, 808.9991948341042, 81.73534856091692, 244.2668809647748,0.0, 0.0, 0.0, 0.0, 0.125,2.5625, 3.625, 6.125, 6.625, 8.1875,0.0, 0.125, 1.25, 2.625, 3.375, 3.457894802093506,-3.763763427734375, 391.8125, 347.75
1, 115.0, 491, 515, 851, 875, 0.046379249572753904,1.9287598443590104, 3.1209549912018706, 6.001383029271383, 6.829049894998316,-0.00020186663545473493, 0.0007325950294034555, 0.0014749122696503037, 0.0028420995535543623, 0.0017992457387833833,1984.91259765625, 208.56534396411752, 145.375, 162.62501525878906, 581, 650,155.375, 132.625, 621, 530, 16.208106994628906, 237.58410479299422, 12.562129716582822, 264.1383968163783, 21.911146628891316, 222.7334090183366,9.615069001405416, 236.8469634570098, 19.50359624707893, 270.3830046789413, 26.02103696354342, 273.42506165223824,70.00435248127339, 134.6591447412551, 251.94157081825108, 891.3667494381111, -15.305618777573265, 685.6292727036212, -32.59197280946991, 891.3667494381111, -15.305618777573265,47.385480141497425, 890.6416191587318, 811.4193441635231, 79.22227499520875, 244.7334588390416,0.0, 0.0, 0.0, 0.0625, 0.75,3.0, 4.5, 5.625, 7.6875, 10.5,0.0, 0.3125, 0.75, 1.3125, 2.0, 3.1578948497772217,-3.866851806640625, 396.75, 313.3125
1, 120.0, 508, 516, 868, 876, 0.04833688735961914,1.7854120790166783, 2.9758396391768467, 6.0305004571605245, 6.721222675398458,-2.608653500260516e-05, 0.0008367789757608079, 0.0013293340710993106, 0.0032647180696312706, 0.0029087106657425476,1713.671630859375, 213.88372954927482, 149.625, 162.87501525878906, 598, 651,159.625, 132.875, 638, 531, 16.327194213867188, 237.03900105571387, 12.5803319992516, 263.24039379220756, 22.076907511245242, 222.46673459011413,9.628373302178966, 236.25568764094012, 19.663315270447292, 269.45507885659435, 26.36607540235797, 273.5621435488804,69.17330124192105, 134.86157828235912, 254.24955099222788, 869.4389406606283, -13.51754818175519, 670.5964520448634, -30.06084730049858, 869.4389406606283, -13.51754818175519,48.40574327265441, 890.5533332122131, 818.2648762155046, 72.28845699670853, 245.22695291962387,0.0, 0.0, 0.125, 0.4375, 1.25,5.0, 5.8125, 5.875, 7.6875, 9.9375,0.0, 0.6875, 1.125, 1.5625, 1.875, 3.1578948497772217,-3.576629638671875, 386.375, 345.625
1, 125.0, 528, 519, 888, 879, 0.05079889678955078,1.5905318128282673, 2.741001835559727, 5.802641422753513, 7.026788160506403,0.0005395877585763741, 0.0007679369945049074, 0.0012541495676623526, 0.003046601295754954, 0.00356213904483127,1585.0726318359375, 224.63626685227234, 154.625, 163.62501525878906, 618, 654,164.62501525878906, 133.625, 658, 534, 16.521821975708008, 236.39343889612093, 12.65129662919088, 262.0664856698753, 22.324558260065867, 222.1812301756123,9.706180250545676, 235.60852721708142, 19.98653388256919, 268.2422285052969, 27.00152231156293, 273.81988756740003,69.34638162989712, 136.90167266934128, 260.78783652495747, 833.8994692637482, -11.952302777546986, 641.9283689010156, -27.707676000564586, 833.8994692637482, -11.952302777546986,49.34175396848869, 890.4682940678039, 825.9408233247016, 64.5274707431023, 246.0417088060354,0.0, 0.0, 0.0, 0.0, 2.0,3.4375, 7.6875, 10.9375, 12.625, 15.6875,0.125, 0.3125, 1.1875, 2.0, 3.0, 3.994737148284912,-4.373291015625, 364.375, 392.1875
1, 130.0, 530, 517, 890, 877, 0.051055137634277346,1.8912724178441567, 3.058969986902666, 6.154345274335937, 5.297861650016857,7.850477601209605e-05, 0.000566350844696899, 0.000928429699181379, 0.0037825880055908103, 0.002549129741104821,1792.76806640625, 218.07503653694275, 155.125, 163.12501525878906, 620, 652,165.12501525878906, 133.125, 660, 532, 16.746252059936523, 235.8238421004769, 12.768111495244318, 260.93716992289694, 22.59090945319597, 221.9448794631617,9.717264166953983, 236.867180816953, 20.065884228783265, 269.55290082588726, 26.85959510375669, 275.2623825389717,68.29629405839077, 135.63086797507714, 258.9522469808351, 810.3696659553261, -12.259960121666888, 617.2815726414658, -28.269753742687335, 810.3696659553261, -12.259960121666888,47.553569319869084, 890.4328297493121, 823.9225198691498, 66.51030988016225, 245.97674195992076,0.0, 0.0, 0.125, 0.8125, 2.125,8.625, 10.5625, 14.25, 14.9375, 15.4375,0.0, 0.8125, 1.75, 2.1875, 3.25, 1.6631577014923096,-4.62554931640625, 400.625, 386.0625
1, 135.0, 560, 520, 920, 880, 0.055136924743652345,2.2443128662731033, 3.7935795558302177, 7.8690861612022855, 7.290623468519191,0.0009833187454601953, 0.0008978299737600537, 0.0015201270893663832, 0.00439250726737896, 0.0037848844547681893,2344.9873046875, 290.29250275765486, 162.62501525878906, 163.87501525878906, 650, 655,172.62501525878906, 133.875, 690, 535, 16.749588012695312, 237.01266384627428, 12.878906575796885, 262.2771818946361, 22.532891509509625, 222.8934228026752,9.699230711637451, 234.95773313258425, 20.3512616045227, 267.1023518950918, 27.383861419294316, 273.85959828723446,68.07656666226973, 137.49765901682466, 268.07956665059, 824.2750050587447, -9.943930759594407, 639.6147836266005, -23.79025180939215, 824.2750050587447, -9.943930759594407,53.30167319354079, 890.3669237803246, 840.119081802333, 50.247841977991584, 245.2434072567971,0.0, 0.0, 0.25, 0.875, 2.8125,11.125, 12.25, 18.5625, 18.875, 21.75,0.0625, 1.0625, 2.375, 3.3125, 4.625, 4.231579303741455,-4.5609130859375, 344.1875, 449.8125
1, 140.0, 571, 514, 931, 874, 0.05675358581542969,2.105546104299137, 3.4256922620642567, 6.484455994592282, 4.351263377437135,0.0008750641070696476, 0.0004465393043244603, 0.001284488831176418, 0.0041287376209629655, 0.002174298728677968,1776.802978515625, 236.0787142976223, 165.37501525878906, 162.37501525878906, 661, 649,175.37501525878906, 132.375, 701, 529, 16.41583251953125, 237.01699418620808, 13.00465610245836, 263.4430854368011, 21.9621965339844, 221.73754909071917,9.553372833197795, 234.0178034801421, 20.130340046163017, 266.7505561717011, 27.005564584552975, 272.3814633885737,64.49375953677625, 133.13359964074516, 260.5480941672911, 883.3416706333437, -8.447440021838089, 706.4776440829235, -20.201386263981867, 883.3416706333437, -8.447440021838089,59.651900948429976, 890.3422995470847, 849.9749272681084, 40.36737227897629, 243.67598357487879,0.0, 0.0, 0.1875, 1.625, 3.375,13.3125, 20.625, 24.375, 23.75, 22.125,0.0625, 1.375, 2.1875, 3.4375, 4.0625, 3.457894802093506,-5.203033447265625, 359.375, 374.5625
1, 145.0, 592, 517, 952, 877, 0.06003794097900391,2.2449028456164526, 3.7608161294832825, 7.846413951576689, 5.491286067344771,0.0006485443722533547, 0.001284014672125977, 0.002027902315278425, 0.004286900049853557, 0.0028237654548746603,2048.96826171875, 239.19717547483597, 170.62501525878906, 163.12501525878906, 682, 652,180.62501525878906, 133.125, 722, 532, 16.15904426574707, 237.6929233668509, 13.076873159898037, 264.897502768631, 21.534270275459964, 221.57473046865448,9.517774106006753, 231.87309676000143, 20.257860493420903, 264.30823078866626, 27.263934238033627, 269.44378172370716,61.93006300759896, 132.08445627993217, 261.5051518086313, 937.2014926930872, -6.778885515174905, 774.5091106697614, -16.63193889846634, 937.2014926930872, -6.778885515174905,71.72668237931738, 890.3281934651881, 859.9262374500811, 30.401956015106975, 244.5274502610155,0.0, 0.0, 0.0, 0.625, 2.5625,13.125, 17.4375, 23.625, 27.3125, 25.625,0.0, 0.0625, 1.3125, 3.125, 5.125, 6.700000286102295,-5.294708251953125, 349.25, 423.1875
1, 150.0, 609, 519, 969, 879, 0.06290349960327149,2.1656720338272866, 3.7127071483759213, 8.386059955670499, 7.491356199171859,0.001457248152556757, 0.0013905076043920417, 0.0018317034411302303, 0.004431892713532761, 0.0031970011372055743,1817.82373046875, 261.4195734276178, 174.87501525878906, 163.62501525878906, 699, 654,184.87501525878906, 133.625, 739, 534, 16.056928634643555, 237.51412267475828, 13.278354165994422, 265.11544057691015, 21.256417181236326, 220.69075504553084,9.515935405340322, 230.48230632044675, 20.395114697673897, 262.6315013096982, 27.56600226120659, 267.70849020279536,60.00849898412935, 131.7603677072984, 262.09988993944194, 946.9776824323823, -5.724386442935808, 796.2151748655048, -14.811348610100126, 946.9776824323823, -5.724386442935808,79.9846585524046, 890.2902615565262, 863.4043243909307, 26.885937165595465, 246.44795613688856,0.0, 0.0, 0.0, 0.1875, 1.875,13.5, 20.625, 25.75, 24.875, 24.3125,0.0, 0.875, 1.9375, 2.5625, 3.5625, 2.8210530281066895,-6.03515625, 331.5625, 414.875
1, 155.0, 620, 528, 980, 888, 0.0648648681640625,0.8835084869153798, 2.0983774906676262, 7.894844587976112, 7.700160675474909,0.001977075086908826, 0.0009232794918989384, 0.0008407835252569383, 0.003973751576238555, 0.002797849025296273,1895.0511474609375, 231.3605571727218, 177.62501525878906, 165.87501525878906, 710, 663,187.62501525878906, 135.875, 750, 543, 16.12664794921875, 237.31879292487426, 13.45768622869193, 264.84255100617975, 21.249192983785328, 220.30086454523968,9.638628838007, 229.48218904103848, 20.869149540444507, 261.41277699571447, 28.112964692789497, 267.0379432112186,59.31837104442792, 134.37206615506543, 270.90633325747086, 925.7865666607642, -4.861829393318691, 785.989939116546, -13.51878896599423, 925.7865666607642, -4.861829393318691,87.02785044110988, 890.2465887790021, 866.2020849026832, 24.044503876318913, 247.95698794183014,0.0, 0.0, 0.3125, 1.1875, 3.375,19.0625, 27.0625, 28.8125, 32.1875, 35.125,0.0, 2.0, 4.0, 5.375, 5.5, 3.8263163566589355,-6.00006103515625, 397.4375, 437.1875
1, 160.0, 645, 523, 1005, 883, 0.06966618347167969,2.059981312262826, 3.59456296170596, 8.709134736518171, 7.635155915300128,0.002012053578042696, 0.0009458797327260982, 0.001572682826717937, 0.004828574450355063, 0.0034701112862244084,2271.0576171875, 255.56128508829477, 183.87501525878906, 164.62501525878906, 735, 658,193.87501525878906, 134.625, 775, 538, 16.263166427612305, 237.29379443251202, 13.617831131467248, 264.5702357486888, 21.35499698916533, 220.30153109610663,9.50896751145361, 228.6931929088753, 20.661035600435582, 260.21111449427747, 28.146676093951573, 266.36743720077675,58.67707639193784, 132.27953693797087, 265.5579326097541, 933.6730627948278, -4.625737116991689, 794.1970912349121, -13.066510746725372, 933.6730627948278, -4.625737116991689,90.04748240344473, 890.2120622383425, 867.1129398653104, 23.09912237303206, 247.30758611954548,0.0, 0.0, 0.3125, 1.25, 3.0,17.25, 28.4375, 34.5, 35.9375, 36.5625,0.0625, 2.5625, 3.875, 4.375, 6.75, 3.736842632293701,-5.57611083984375, 355.5, 385.5625
1, 165.0, 651, 527, 1011, 887, 0.07089499664306641,0.14008982627652586, 1.3477150668471587, 7.678148985165172, 6.618340200474485,0.0018209323468818183, 0.0004689175727162365, 4.890253555458912e-05, 0.004053984167779845, 0.002829811531273663,2870.201904296875, 235.6644272678896, 185.37501525878906, 165.62501525878906, 741, 662,195.37501525878906, 135.625, 781, 542, 16.188344955444336, 237.0058063363476, 13.6059489264044, 264.45159739954124, 21.248604392197873, 219.84044966116318,9.555973974822145, 229.1705684903458, 20.83350363358989, 260.9865731915057, 28.101595312832128, 267.3328571192014,57.9428117315824, 132.33528537101068, 268.00655697763443, 937.1491439136433, -4.4259102517111275, 798.7421399036547, -12.804030063166813, 937.1491439136433, -4.4259102517111275,91.61445050267567, 890.1799861566423, 867.7277427623267, 22.452243394315587, 245.69337550542716,0.0, 0.0, 2.3125, 6.3125, 8.9375,27.125, 34.5, 40.25, 45.0625, 45.8125,0.75, 5.4375, 7.25, 9.3125, 10.625, 3.457894802093506,-6.10626220703125, 434.5625, 361.5
1, 170.0, 681, 534, 1041, 894, 0.07753521728515625,0.9915338105824776, 2.2682253258349374, 9.065913426259067, 11.024189999043012,0.0031163228866603267, 0.0010360891821892437, 0.000553350723330368, 0.0038703995104287965, 0.003959193638818306,2537.46923828125, 312.53976251074704, 192.87501525878906, 167.37501525878906, 771, 669,202.87501525878906, 137.375, 811, 549, 16.248727798461914, 237.90607991046863, 13.62625877527326, 265.2202616303851, 21.32761879458561, 220.8580844684143,9.517627507780787, 229.08139354054214, 20.959115758103763, 260.1893125304468, 28.424028652730716, 268.0936309097141,60.91210695025863, 134.95334803066655, 276.70889420404745, 938.0842921695014, -4.884088898971313, 788.6523817180017, -13.370402788576323, 938.0842921695014, -4.884088898971313,89.94313998754603, 890.1352826337247, 866.2134057466513, 23.92187688707338, 242.67722907941842,0.0, 0.0, 1.4375, 3.75, 7.375,30.125, 41.5, 46.6875, 49.8125, 50.125,1.1875, 4.6875, 8.3125, 10.6875, 16.25, 8.699999809265137,-5.382049560546875, 388.8125, 430.625
1, 175.0, 701, 543, 1061, 903, 0.08247172546386719,0.6953059949068119, 1.6517314194585195, 8.339189434114378, 12.415826555993409,0.003588458521526263, 0.0023253844345458674, 0.0017743332452414505, 0.002177509470238874, 0.0034203488410821594,3423.3544921875, 316.30799865112795, 197.87501525878906, 169.62501525878906, 791, 678,207.87501525878906, 139.625, 831, 558, 16.436782836914062, 237.54722177147616, 13.615485347892989, 264.40757344617384, 21.6206895330991, 221.01651187723886,9.49020505850695, 230.54168798509085, 20.987547413925732, 261.3304595558375, 28.417581806273546, 269.7419331413566,63.71636772152257, 133.88665604168204, 273.5189591433796, 950.3121060252985, -6.013382839255279, 782.502885609591, -14.925146869318809, 950.3121060252985, -6.013382839255279,84.44971850855549, 890.126649749254, 862.7062980985354, 27.420351650718658, 241.91441516034917,0.0, 0.0, 2.0625, 4.6875, 8.5,26.5625, 39.25, 50.6875, 49.375, 46.5,1.0625, 4.8125, 7.25, 9.9375, 11.8125, 6.6210527420043945,-5.517913818359375, 413.375, 457.375
1, 180.0, 711, 531, 1071, 891, 0.08511096954345704,-0.6007837199466303, 0.3283950244146399, 7.448752135396934, 9.562125403921819,0.0025216629266810744, 0.0015448182508680476, 0.0006070882809035539, 0.0032601876956186967, 0.003781109081077147,2428.1708984375, 233.23377479711124, 200.37501525878906, 166.62501525878906, 801, 666,210.37501525878906, 136.625, 841, 546, 16.622352600097656, 237.6956554425189, 13.582758544611279, 264.07252968067536, 21.92290696535905, 221.71824032304485,9.367938710287683, 230.90374265261488, 20.601915143652192, 261.9628804314673, 27.860747380771866, 269.401270626313,60.25635523523948, 127.89718571789918, 258.6077771713727, 941.6112161697489, -5.724929913591037, 778.2841026522918, -14.484144802302522, 941.6112161697489, -5.724929913591037,84.66791716514791, 890.0960302485627, 863.5660991341862, 26.529931114376495, 243.12619971373195,0.0, 0.125, 2.8125, 6.8125, 9.75,27.6875, 40.6875, 52.0, 50.8125, 51.875,1.0, 3.6875, 6.375, 8.5625, 10.25, 7.131579399108887,-4.860076904296875, 406.0625, 331.0625
1, 185.0, 746, 535, 1106, 895, 0.09536647033691406,1.8771198844246102, 3.0415779963415117, 8.136670463953632, 9.545518708054443,0.0027977567715902307, 0.0026852974256280507, 0.002607607861118595, 0.003947070236310992, 0.0037917544401261695,3324.377197265625, 268.38062396893014, 209.12501525878906, 167.62501525878906, 836, 670,219.12501525878906, 137.625, 876, 550, 16.412391662597656, 238.25499329402956, 13.545051728635482, 265.1322322754723, 21.627869149811374, 221.80802718638793,9.307030415673205, 231.42388887866804, 20.479534134544938, 260.9215497906072, 28.257396528737722, 268.6875021976683,64.13694189538658, 129.07383662145537, 260.50507064444895, 911.7540040118771, -7.710845882845939, 738.3140668448523, -16.520551879553842, 911.7540040118771, -7.710845882845939,78.42396987021942, 889.2366592849248, 857.9338104473095, 31.30284883761533, 247.20216843927852,0.0, 0.375, 3.125, 8.0625, 11.625,30.9375, 49.625, 58.5625, 59.875, 52.5,2.3125, 8.375, 12.8125, 17.1875, 18.9375, 8.089473724365234,-6.197509765625, 313.375, 378.6875
1, 190.0, 769, 536, 1129, 896, 0.10309242248535157,1.924137782126672, 2.95007641065633, 7.326222942830063, 8.600668032597751,0.0020490098568330954, 0.0025676457321731055, 0.0024211115207890543, 0.0032533270415797235, 0.004566795253788314,1789.9990234375, 193.61675329677922, 214.87501525878906, 167.87501525878906, 859, 671,224.87501525878906, 137.875, 899, 551, 16.414670944213867, 237.45069753812555, 13.567779768922422, 264.3363396877962, 21.61707999947409, 220.961966360645,9.29168567763375, 231.72150754156218, 20.412157891827214, 260.2239689102954, 28.479521885150593, 267.8518012319606,64.94439594908036, 126.34581563974724, 252.0648962404844, 876.2301280769653, -9.395053128014101, 701.7247966342505, -18.010310845002326, 876.2301280769653, -9.395053128014101,74.42867912494367, 888.417668974836, 852.8155634082079, 35.6021055666281, 251.13033458273677,0.0, 0.125, 1.5625, 3.0625, 6.3125,35.375, 47.1875, 52.875, 51.5625, 48.0625,1.3125, 5.4375, 9.25, 12.3125, 17.0, 7.221052646636963,-7.641265869140625, 317.75, 411.8125
1, 195.0, 785, 545, 1145, 905, 0.1090017318725586,1.5611183201754466, 2.222597622971516, 5.697268245634622, 8.821721467948516,0.0024149693605841098, 0.0027584927236921426, 0.002226784515187319, 0.0027264922613676385, 0.002819560495845508,2966.72607421875, 172.55575234377756, 218.87501525878906, 170.12501525878906, 875, 680,228.87501525878906, 140.125, 915, 560, 16.302343368530273, 237.2705171478206, 13.597290367364918, 264.44422919780084, 21.42770402739449, 220.42455339871373,9.355375882433243, 231.44216646488698, 20.62617262923543, 259.0891193193195, 29.02094275897527, 266.56894144167046,66.18394964264613, 126.43412152781791, 252.4068431296478, 850.6241684209226, -10.571679640157694, 680.3738212720108, -18.4602328175879, 850.6241684209226, -10.571679640157694,76.17167526252865, 887.6640689845088, 849.9874441903005, 37.67662479420835, 255.9864464018007,0.0, 0.0625, 0.375, 1.125, 1.9375,31.3125, 41.25, 47.4375, 48.0, 44.25,0.375, 4.0625, 6.6875, 9.1875, 12.3125, 6.226316452026367,-6.50445556640625, 363.625, 518.375
1, 200.0, 798, 522, 1158, 882, 0.11416220855712891,1.2867904055159305, 1.9489224631219986, 5.1920664650015524, 5.940622539655305,0.0011921824314924836, 0.0002898882124077318, 0.0005707176546820847, 0.002892165604947363, 0.0032846584763598233,1446.9088134765625, 158.46572151998708, 222.12501525878906, 164.37501525878906, 888, 657,232.12501525878906, 134.375, 928, 537, 16.299983978271484, 237.1077810606559, 13.769934797209293, 264.36577835549787, 21.31355998380127, 219.89648474603587,9.264106261142265, 232.3404866049054, 20.121328586990572, 260.2315504202742, 27.93428532363769, 267.2794723606486,63.797293799841306, 122.48449584433159, 239.86156454783935, 823.1633835296614, -11.752114041774536, 657.0975297982834, -19.455807891165737, 823.1633835296614, -11.752114041774536,68.9994340203675, 886.8125271186761, 845.6474565559827, 41.16507056269347, 256.0723342759984,0.0, 0.0, 0.125, 0.3125, 0.5625,31.75, 40.5625, 48.125, 51.0, 48.5625,0.0, 1.125, 2.25, 3.8125, 6.625, 5.957895278930664,-5.945465087890625, 272.875, 356.875
1, 205.0, 808, 541, 1168, 901, 0.11836935424804687,1.0606753616943023, 1.8887088596774269, 7.113513631825335, 9.176770780752411,0.0018485247980515845, 0.001014046719410544, 0.000418907094926908, 0.0026156859348816395, 0.0021618870325255555,1451.915771484375, 178.8706801776204, 224.62501525878906, 169.12501525878906, 898, 676,234.62501525878906, 139.125, 938, 556, 16.0226993560791, 237.89771975892455, 13.576148003362936, 265.7121154956683, 21.015279234487448, 220.35387820232287,9.442120750166563, 231.51367854549702, 20.675886402564117, 258.6099952094214, 28.76196822819462, 265.8182353499943,65.84927238404835, 125.82237182566864, 252.04173604844004, 796.1354001377499, -12.57334086684463, 640.302742171213, -18.967622436764184, 796.1354001377499, -12.57334086684463,74.55662820717708, 885.9548706783106, 845.2464598257291, 40.70841085258155, 262.24735480265383,0.0, 0.0, 0.0, 0.4375, 1.1875,24.625, 33.25, 44.375, 46.6875, 50.625,0.0625, 1.5625, 3.1875, 6.5, 8.8125, 6.700000286102295,-5.516754150390625, 373.4375, 473.0
0, 210.0, 833, 525, 1193, 885, 0.1298875732421875,1.6556878576964662, 2.4401537628569354, 5.345276748999241, 5.287555802790448,0.0008075724442062438, 0.00048645326172106705, 0.000764582394869535, 0.0023554956540874626, 0.0029200703655942557,1406.3636474609375, 142.0526701477825, 230.87501525878906, 165.12501525878906, 923, 660,240.87501525878906, 135.125, 963, 540, 16.034814834594727, 237.9977683698869, 13.783985564842132, 265.84306759569444, 20.89814161249352, 220.05420313733887,9.253863272508672, 231.8457077014297, 20.072723279165626, 258.38035058914727, 28.092931534214877, 265.2344864023901,63.7106539802553, 121.07914428015951, 237.94840571808606, 775.2782044426945, -14.270908350171474, 623.2915884014891, -20.164859251816186, 775.2782044426945, -14.270908350171474,69.01314095703465, 885.0655991910949, 840.2614989752309, 44.80410021586397, 263.93733535707327,0.0, 0.0, 0.125, 0.5, 1.25,22.5, 27.625, 32.3125, 36.375, 40.25,0.0, 1.5, 2.875, 2.75, 4.0625, 7.700000286102295,-4.71063232421875, 327.25, 391.25
0, 215.0, 809, 508, 1169, 868, 0.11880199432373047,0.62408081812202, 0.9206779045567964, 1.0675531944501562, 0.029581626355066,-0.0009598900469575257, -0.0006147660341730443, -1.6856576716009003e-05, 0.0002845296350801618, -4.62043607434737e-05,1336.4715576171875, 47.77485828634833, 224.87501525878906, 160.87501525878906, 899, 643,234.87501525878906, 130.875, 939, 523, 15.834400177001953, 237.96574844305786, 13.720961338393575, 266.2233394751953, 20.63229694724084, 219.61421054765765,9.355248060964081, 233.98842000633272, 19.831256450644215, 261.50072251146753, 26.796253672613883, 266.9335915810791,62.409658269336575, 120.16380648170596, 231.77427490028603, 744.8796564852983, -16.23849914715216, 598.3764308271315, -22.412932874744126, 744.8796564852983, -16.23849914715216,61.22226914060361, 884.0491831919279, 833.8166381322509, 50.23254505967702, 263.902823008631,0.0, 0.0, 0.0, 0.0, 0.0625,31.125, 38.5, 42.875, 43.0, 41.4375,0.0, 1.25, 2.8125, 5.0625, 6.9375, 4.742105007171631,-5.274627685546875, 311.375, 193.5
1, 220.0, 865, 535, 1225, 895, 0.14704078674316406,1.3163581736176275, 2.159663782013813, 5.846967283631674, 5.625445751489605,0.0017219275499735418, 0.0012738837268670977, 0.0012080199353749776, 0.0030092086996330635, 0.0021943924235972648,1572.323486328125, 163.9872566284741, 238.87501525878906, 167.62501525878906, 955, 670,248.87501525878906, 137.625, 995, 550, 15.62647819519043, 239.31255246435765, 13.544364753193715, 267.987340077797, 20.43095228277222, 220.76446304806186,9.210281636334845, 231.03676741689006, 20.095682360565203, 256.58250819581644, 28.244550231146277, 263.9498917440508,64.69302328898294, 120.74183882535675, 243.42828578738914, 716.8586119753616, -17.180918120106515, 576.0084289440407, -21.36728363865298, 716.8586119753616, -17.180918120106515,69.13190910394472, 883.0022253417367, 834.1436461021026, 48.85857923963408, 270.83527271913493,0.0, 0.0, 0.0, 0.0, 0.0,21.125, 27.75, 35.375, 38.0, 36.4375,0.0, 0.0625, 1.1875, 2.6875, 2.8125, 4.8263163566589355,-4.230621337890625, 360.1875, 402.4375
0, 225.0, 833, 529, 1193, 889, 0.1298875732421875,0.03895975415478461, 0.39427955107181334, 1.5004853207201814, 0.9011059760677744,1.316776933890651e-06, -0.00020188142654660622, -7.092072693467345e-05, 0.000723372809292755, 0.00027418721704691506,1324.544677734375, 43.91000655914041, 230.87501525878906, 166.12501525878906, 923, 664,240.87501525878906, 136.125, 963, 544, 15.89232349395752, 237.9487549324029, 13.839139899163616, 266.0999648458436, 20.642434372569785, 219.50913710075199,9.428757429919377, 232.9450812898566, 20.04163930133704, 259.6123664512558, 26.926984818153404, 265.88044471295484,59.65468250244027, 118.18413244974215, 229.6660951078541, 699.3070818913594, -17.826172421608675, 574.0634554787342, -21.76148854232972, 699.3070818913594, -17.826172421608675,65.2007689424089, 882.2319365153535, 832.3135417545024, 49.91839476085113, 269.3122968051036,0.0, 0.0, 0.0, 0.0, 0.0,28.75, 32.9375, 43.8125, 46.0, 44.25,0.0, 0.375, 0.9375, 1.5625, 2.375, 1.8157892227172852,-4.748565673828125, 516.125, 194.1875
0, 230.0, 899, 544, 1259, 904, 0.16887994384765626,0.6490522603085265, 1.2667585703521036, 4.174812553997618, 4.692681920616887,0.0009826883502728377, 0.0013388286321423949, 0.0013123865849888714, 0.0017641093908287075, 0.0008676438514260097,992.4510498046875, 118.70293165082981, 247.37501525878906, 169.87501525878906, 989, 679,257.375, 139.875, 1029, 559, 15.660869598388672, 239.5176493847548, 13.682528746862952, 268.1300657332355, 20.391519866139376, 220.7745305373748,9.116201389110453, 232.44207883862018, 19.814670460481455, 256.8167017220779, 27.940982795157773, 265.36587192126444,67.20046771855593, 119.51051986229486, 239.6562889587915, 659.4260353200222, -23.126216070864075, 515.6835349800366, -26.500598977696875, 660.7478723293337, -21.072650585530408,61.05381837873281, 880.7051322309987, 819.1251639939521, 61.579968237046614, 274.15406734866554,0.0, 0.0, 0.0, 0.0, 0.0625,16.875, 23.5625, 32.4375, 33.0, 32.25,0.0, 0.375, 0.75, 1.4375, 1.6875, 4.447368621826172,-5.11871337890625, 400.375, 423.0
0, 235.0, 912, 545, 1272, 905, 0.1783972930908203,0.5626535701483953, 1.2095201445551356, 3.955144600615601, 5.158262805815321,0.0006993423457447531, 0.001113085812648933, 0.001229090338692913, 0.0020171716418053622, 0.0015244507111293612,1118.8076171875, 109.97784500006401, 250.62501525878906, 170.12501525878906, 1002, 680,260.625, 140.125, 1042, 560, 16.09198760986328, 237.98362987830495, 13.777167723238623, 265.7043826403741, 20.990327052520314, 220.20662243062083,9.106198101805072, 233.50480163196082, 19.660284727040533, 257.51514320622505, 27.51617355426806, 266.3677377291002,65.4139922268054, 114.40685354365073, 225.35632657241132, 637.1760980156206, -26.165599845230656, 495.2777473505823, -29.106094327984643, 639.977410597868, -23.819404851525,56.74462676880526, 879.5306402360163, 812.0746696413455, 67.45597059467082, 275.93348345372175,0.0, 0.0, 0.0, 0.0, 1.0625,16.5625, 23.5, 28.5, 31.8125, 30.375,0.0, 1.0625, 1.9375, 2.375, 3.1875, 6.700000286102295,-4.377288818359375, 440.75, 416.1875
0, 240.0, 924, 545, 1284, 905, 0.18783340454101563,0.5193813118585967, 1.2985263434856462, 4.223390232936945, 4.712528995256871,0.0009294424928685884, 0.0005619666476559359, 0.0009040564452197941, 0.0021670083962453644, 0.0016649467690876918,1041.6246337890625, 112.71967673091919, 253.62501525878906, 170.12501525878906, 1014, 680,263.625, 140.125, 1054, 560, 16.156566619873047, 238.3538124709413, 13.789714557752015, 265.9375994359011, 21.0811053647707, 220.72253027500116,9.15274621329864, 234.58395786044449, 19.560744431894964, 258.1387667982039, 27.10107859698226, 267.01137377534724,65.56643529187593, 113.73916223692007, 222.78964101440394, 612.0691754059746, -28.99119316543332, 475.3876653529307, -31.235117947365428, 616.1563026075403, -26.381190213504773,53.13787628630763, 878.4331530740013, 806.2861380480371, 72.14701502596427, 278.7827783865834,0.0, 0.0, 0.0, 0.0, 0.4375,17.625, 23.25, 28.1875, 31.5, 30.0,0.0, 1.0625, 3.0, 3.9375, 4.6875, 3.994737148284912,-4.674530029296875, 475.875, 382.375
0, 245.0, 937, 545, 1297, 905, 0.1988216552734375,0.8626737190171844, 1.502912682229653, 4.923479638146238, 5.470044722161255,0.001160305338963852, 0.0007107734189321491, 0.0007228416498833214, 0.0021235562385845696, 0.002226520693554903,1387.6741943359375, 141.71572207242306, 256.875, 170.12501525878906, 1027, 680,266.875, 140.125, 1067, 560, 16.142314910888672, 238.76149280212104, 13.82077449669065, 266.384939757976, 21.038890103553907, 221.02831329026085,9.037448340859788, 234.9547415097278, 19.276589806965006, 258.4826941436707, 26.609094415858294, 267.1176788395893,67.47486955254809, 112.81719746460328, 219.39366273916755, 594.100396516684, -33.84271524371812, 456.73539984474, -33.471018299729025, 616.48499681942, -27.301551542338125,50.425243109125745, 877.0488648139004, 800.7581749920633, 76.29068982183708, 281.7619459978792,0.0, 0.0, 0.0, 0.9375, 2.1875,20.6875, 25.5625, 31.1875, 32.75, 30.5625,0.0, 1.0625, 2.4375, 3.4375, 4.5, 5.131579399108887,-3.918731689453125, 463.875, 338.0625
0, 250.0, 956, 547, 1316, 907, 0.21645645141601563,0.6257023354916601, 1.2530662778252735, 4.501235615382902, 5.25246582211461,0.0007445491775109758, 0.0006822607268986758, 0.0008206402543419245, 0.0025106655251511257, 0.0025773141102490627,1539.96435546875, 147.29492517544935, 261.625, 170.62501525878906, 1046, 682,271.625, 140.625, 1086, 562, 16.12514877319336, 238.87927258416875, 13.805370938906133, 266.53571268435905, 21.022667316488825, 221.13225484730629,8.93260781895417, 235.4208199583111, 18.972155779771516, 258.2752749589558, 26.3179549842197, 266.4944513985823,65.01055522167769, 109.18573591616847, 211.48297529761058, 598.4059851929112, -32.424044592312036, 451.85963137316065, -34.36235561701374, 606.4865494125789, -28.95898376009383,51.39136041608221, 874.1750867549723, 799.203759322663, 74.9713274323093, 283.6154539176728,0.0, 0.0, 0.0, 0.1875, 0.6875,17.625, 18.6875, 24.6875, 27.1875, 23.5,0.125, 0.6875, 1.5, 2.625, 4.125, 7.700000286102295,-3.75933837890625, 348.8125, 315.0625
0, 255.0, 975, 549, 1335, 909, 0.23617398071289064,0.7522792220732663, 1.3776936541445322, 4.015308034035843, 4.632526162127033,0.001167955636998954, 0.0008593565954015503, 0.0011528744149836713, 0.002635340369813548, 0.003151347335362971,1110.423828125, 113.1510790350342, 266.375, 171.12501525878906, 1065, 684,276.375, 141.125, 1105, 564, 16.124719619750977, 238.90839651078966, 13.905147889763372, 266.58919834315486, 20.956145800017108, 220.9550502869668,8.925308378874822, 236.1854732962724, 18.711296033621117, 258.1139185700034, 26.082131877794954, 266.1206761264425,65.06979060042332, 107.72104938873309, 205.6583362493618, 564.5459961081976, -35.40656310362785, 422.6150335284998, -37.037551360535446, 574.809335959538, -31.65217105004729,48.885947213795696, 872.8144018632958, 794.0238445196851, 78.79055734361066, 288.6802980071978,0.0, 0.0, 0.0, 0.0625, 0.375,15.5625, 19.4375, 23.5625, 26.1875, 22.625,0.0625, 0.625, 1.5, 2.8125, 3.9375, 7.647368431091309,-3.975921630859375, 272.625, 289.5625
0, 260.0, 993, 553, 1353, 913, 0.2570055541992188,0.9574991089629475, 1.3372219249056068, 3.2440038297534923, 4.025740211948287,0.0011634548106854944, 0.0019162092805277099, 0.0019806466850070593, 0.0021294886233977194, 0.002760509652849805,1106.6259765625, 105.73894956881175, 270.875, 172.12501525878906, 1083, 688,280.875, 142.125, 1123, 568, 16.227401733398438, 238.93812149405755, 14.000250834550656, 266.4245488275113, 21.051132183922416, 221.06258196290722,9.016137225129766, 237.43882666934806, 18.61236274814072, 258.0147852043898, 26.02352856362582, 266.21095756689175,65.97106259693606, 106.9709791837329, 201.4325850002685, 526.406431800799, -38.868704900670046, 383.78158719420514, -45.69012835559538, 539.0853886477132, -34.65267721216233,46.73533332058817, 871.6078926573343, 789.5954478005566, 82.01244485677773, 293.71356755887325,0.0, 0.0, 0.0, 0.0, 0.0,15.5625, 16.75, 18.6875, 18.6875, 17.3125,0.0, 0.1875, 0.625, 0.8125, 0.9375, 3.736842632293701,-3.998992919921875, 265.1875, 300.25
0, 265.0, 988, 564, 1348, 924, 0.25099560546875,-0.6958810960809932, -0.44872653776255883, 1.4856893724738622, 2.2029050197823383,0.000704578155417721, 0.0003622958443520474, 0.00038279917152067355, 0.0009768239630614062, 0.0014949825770099777,976.2364501953125, 51.8855240474893, 269.625, 174.87501525878906, 1078, 699,279.625, 144.875, 1118, 579, 16.282825469970703, 239.2543729130075, 14.085064568583897, 266.6440462613862, 21.080125931734383, 221.35273010491227,9.110433937751667, 237.93457545968593, 18.693418093456, 258.5655989798163, 25.652128348106814, 267.28801009711106,66.08117771263424, 107.2529100640153, 200.671743067473, 511.9056417049221, -41.135649417970036, 375.2413064902213, -46.067153343095875, 525.5281753964796, -36.452632057627945,46.84932663966992, 870.4338627327458, 788.3957765191404, 82.03808621360531, 293.5615663158938,0.0, 0.0, 0.0, 0.0, 0.0,18.9375, 20.6875, 21.125, 18.3125, 18.0,0.0, 0.25, 0.5, 0.625, 1.25, 2.1157894134521484,-4.3336181640625, 353.0625, 289.5
0, 270.0, 1027, 556, 1387, 916, 0.30288037109375,0.5199502507399303, 0.8908107698519598, 2.560002228093799, 2.813154694394907,0.0015278871392376922, 0.001031286770898987, 0.0007355316797895738, 0.002022510921790399, 0.0010440548355558122,673.5225830078125, 68.01288674192242, 279.375, 172.87501525878906, 1117, 691,289.375, 142.875, 1157, 571, 16.167705535888672, 240.3703302007392, 14.004099445524426, 267.9808580135483, 20.95649319193963, 222.32889096380043,9.29674059256369, 240.1287600701742, 18.625680019083365, 258.08811411531906, 26.013071949815654, 265.85977656052637,68.05610923948517, 106.87950877448668, 197.17195059398608, 517.1963195206184, -41.56934325880357, 360.8301143516077, -46.96223215797387, 516.9285650122248, -37.73996274154997,47.35078496732739, 869.1931616887114, 785.5189255858791, 83.67423610283231, 294.6007223432951,0.0, 0.0, 0.0, 0.1875, 0.1875,17.1875, 20.625, 21.875, 20.0625, 18.25,0.0, 1.0625, 2.6875, 2.625, 3.75, 1.278947353363037,-3.817169189453125, 303.5, 342.5625
0, 275.0, 1031, 566, 1391, 926, 0.30889300537109377,0.14699915936915203, 0.4803863773145713, 2.560443218225264, 1.997904541148746,0.0004929038852947088, 0.0006289304889878622, 0.000453328119165235, 0.0018432279512845184, 0.0009362223329270591,617.78466796875, 65.6769696658027, 280.375, 175.37501525878906, 1121, 701,290.375, 145.375, 1161, 581, 16.20220184326172, 240.06023961242062, 14.186434206796687, 267.6263639694612, 20.88702394404104, 221.74084054911307,9.055486509883478, 239.44844590808424, 18.362651779533945, 257.62579227077924, 25.609576663949195, 266.0546555179252,66.4161524562588, 103.81229448640562, 190.8782845185333, 511.90638564681313, -42.99929805565406, 351.5022136112196, -46.96103960363095, 511.90638564681313, -42.99929805565406,48.81983578387402, 867.1504448797281, 784.8596031066386, 82.29084177308948, 295.4557002549167,0.0, 0.0, 0.0, 0.0, 0.1875,15.4375, 19.125, 26.0625, 26.9375, 23.875,0.0, 0.0625, 0.5, 1.5625, 3.0, 1.5789473056793213,-3.574951171875, 282.875, 323.625
0, 280.0, 1051, 563, 1411, 923, 0.34106021118164065,0.15210828584386035, 0.49827432532911187, 1.8970997473392344, 1.079095710356487,0.0010416345420736662, 0.00047441339834904285, 0.0007682077653998931, 0.0015258383221504346, 0.0009557230050347697,646.025390625, 47.556630595404435, 285.375, 174.62501525878906, 1141, 698,295.375, 144.625, 1181, 578, 16.190967559814453, 240.66487527850683, 14.187565303796054, 268.2530104698976, 20.868823744645194, 222.31343194278486,9.041598283664094, 240.60203753814272, 18.25128414340512, 257.69528261539494, 25.431418352145666, 265.76584779906034,65.24421727151258, 102.68410344533815, 188.22986908163267, 497.74453447039707, -40.250149652181804, 336.9761449018473, -45.28454954554833, 497.74453447039707, -40.250149652181804,50.0340120314032, 864.5110808493324, 784.3292435795281, 80.1818372698043, 298.15013967041324,0.0, 0.0, 0.0, 0.0, 0.0625,12.375, 17.1875, 23.9375, 24.5625, 22.125,0.0, 0.0625, 0.625, 1.125, 1.3125, 0.7052633762359619,-3.440643310546875, 267.3125, 333.75
0, 285.0, 1059, 590, 1419, 950, 0.3549414367675781,-0.5962907696940238, -0.6176119491795543, 1.2370131651172414, 1.5999526497372425,-0.0002803564930846392, -5.374104874931618e-05, 0.0002452273981509734, 0.0001281114124412852, 0.0005838634168992485,659.0938110351562, 32.585739406938565, 287.375, 181.37501525878906, 1149, 725,297.375, 151.375, 1189, 605, 16.231552124023438, 240.92645786333998, 14.296017546685876, 268.4441584651405, 20.857862594517847, 222.46473189105404,8.891876063850603, 240.8997381633069, 17.949017627187125, 256.9152476914228, 25.185150604399404, 266.0276352895686,64.9350596602039, 100.02085553834982, 181.5153854831498, 473.6362792245712, -43.990966329099514, 309.3356341811173, -46.14754358247291, 473.6362792245712, -43.990966329099514,53.58843423299067, 863.5800826552753, 782.7000402582219, 80.88004239705344, 299.56001283539314,0.0, 0.0, 0.0, 0.0, 0.0,11.875, 13.8125, 17.0625, 17.625, 16.1875,0.0, 0.0625, 0.125, 0.3125, 0.25, 1.7105261087417603,-3.611419677734375, 351.0625, 302.75
0, 290.0, 1087, 576, 1447, 936, 0.408224365234375,0.12398773745168, 0.40155958849354645, 1.7915279306401497, 0.6879668826350827,0.00026918429479081855, 0.00016189017464967036, 0.00041941723697618726, 0.001548644915391151, 9.399029337316737e-05,1072.4959716796875, 45.06064255680207, 294.375, 177.87501525878906, 1177, 711,304.375, 147.875, 1217, 591, 16.37836456298828, 241.85100592977125, 14.406910753864041, 269.09781486252393, 21.010534162081065, 223.55477419253378,8.97780189374985, 241.3786846882865, 17.931299143114018, 256.69634012852396, 24.87898558802263, 265.46075690921424,64.69450435850993, 99.78950633506551, 180.16613661793224, 443.4539483811191, -43.011923332242326, 286.79447441949276, -44.911100405992165, 447.6330327682262, -37.32978236921468,51.7935154679117, 862.112305904697, 779.705642410238, 82.40666349445894, 306.5267030403822,0.0, 0.0, 0.0, 0.0, 0.0,10.1875, 10.4375, 12.625, 13.5, 10.8125,0.0, 0.0625, 0.375, 0.8125, 0.875, 2.6894733905792236,-3.149599313735962, 286.0625, 300.75
0, 295.0, 1099, 587, 1459, 947, 0.43326931762695314,0.04926620092242956, 0.4102443800237961, 1.9991942160739562, 1.196274564762425,-0.00010514350292680774, -0.0002048072150569169, 0.00024069788968063223, 0.0012890780828115566, 0.000209571962317625,732.0651245117188, 47.708716060013025, 297.375, 180.62501525878906, 1189, 722,307.375, 150.625, 1229, 602, 16.38727569580078, 242.07963968204825, 14.578196271394777, 269.31661850754267, 20.906022034457347, 223.46847037830236,9.153520326513997, 244.33466761766297, 17.809158371768238, 257.696730615499, 24.686589091675685, 266.0926313697105,64.53945489953261, 98.57484315839721, 172.55661417280092, 434.45265312673854, -45.58801929388604, 276.02061827492736, -46.53205096184619, 440.80429088026705, -39.54012968977833,51.20856377236974, 860.7113961187815, 776.1123759145321, 84.59902020424943, 305.58727698217274,0.0, 0.0, 0.0, 0.0, 0.0,8.3125, 6.0625, 5.8125, 7.25, 6.9375,0.0, 0.0, 0.125, 0.125, 0.0, 2.8368425369262695,-2.933889389038086, 282.25, 255.5625
0, 300.0, 1121, 580, 1481, 940, 0.482307373046875,0.2923336724890396, 0.6654522050381638, 1.8167440214150703, 1.3452850513020533,-7.405976364523781e-05, 0.00020024644487648402, 0.0003939796989561728, 0.0015182760405423323, 0.001320392882432486,864.0625610351562, 52.08432294244023, 302.875, 178.87501525878906, 1211, 715,312.875, 148.875, 1251, 595, 16.493000030517578, 242.8186251691086, 14.651225096191208, 269.8663608173199, 21.020935492702204, 224.34062408172872,8.635438671761916, 245.0718635951608, 17.105169070387028, 258.3616222104431, 23.79653824357302, 266.77663383395225,61.30885819452168, 93.43078900614444, 165.8547293686111, 438.70335672573594, -44.212360745678104, 242.37251314754675, -46.7885833969649, 438.70335672573594, -44.212360745678104,52.85738429740755, 857.2862350049415, 775.2995448865354, 81.98669011840616, 305.5517991710807,0.0, 0.0, 0.0, 0.0, 0.0,5.25, 3.5625, 2.9375, 2.9375, 3.375,0.0, 0.0, 0.0, 0.0, 0.0, 2.542105197906494,-2.647552490234375, 211.625, 191.25
0, 305.0, 1137, 582, 1497, 942, 0.5200298461914062,0.3934224901138805, 0.7388976733433082, 1.8744148330358437, 1.2835299835691694,-0.0002200109895272817, 0.0003099581745590285, 0.0005368197398735219, 0.0013795301513084722, 0.0009605075100773773,1229.0694580078125, 60.076581560397436, 306.875, 179.37501525878906, 1227, 717,316.875, 149.375, 1267, 597, 16.69276237487793, 242.95413612224166, 14.656755739597099, 269.6355766011816, 21.330171150872825, 224.9825778860858,8.484305823558154, 246.87598976252795, 16.63257355998826, 259.35456779122285, 23.050377253946987, 267.96120720208586,59.7919777261133, 89.74643663918759, 157.58656018883954, 412.22641885295445, -45.97042241613628, 207.70051245983808, -48.689844452174505, 412.22641885295445, -45.97042241613628,51.52354529259923, 857.9756706700084, 771.9856861142972, 85.9899845557112, 308.39840176284036,0.0, 0.0, 0.0, 0.0, 0.0,4.9375, 3.4375, 3.375, 3.625, 4.875,0.0, 0.0, 0.0, 0.0, 0.1875, 2.989473342895508,-2.983856201171875, 202.25, 132.0625
0, 310.0, 1158, 588, 1518, 948, 0.5709500122070312,0.238820890498464, 0.5537040305850679, 1.90401314901188, 1.559412135530147,-2.1784651386553834e-05, 0.0004756743150642251, 0.0005408550765196197, 0.0012171868768314198, 0.0007902239942043821,1286.6182861328125, 52.21139301289839, 312.125, 180.87501525878906, 1248, 723,322.1250305175781, 150.875, 1288, 603, 16.90647315979004, 243.23946044462977, 14.71041854460347, 269.5237113483348, 21.62778913049392, 225.7101980159785,8.911593046977407, 251.19674011072135, 16.78870725537953, 261.2917187228652, 22.923724611319056, 268.96476689683584,61.42486436048909, 91.58268629908036, 154.9170585969252, 396.81189671559946, -42.34350588267912, 186.723840094769, -48.208625041196655, 396.81189671559946, -42.34350588267912,53.5946444277259, 858.5456271813928, 771.1342566314701, 87.41137054992271, 309.88249736045503,0.0, 0.0, 0.0, 0.0, 0.0,4.375, 3.125, 2.5625, 4.375, 7.0625,0.0, 0.0, 0.0, 0.0, 0.125, 3.457894802093506,-3.894561767578125, 183.9375, 104.3125
0, 315.0, 1176, 592, 1536, 952, 0.6143009033203125,-0.019219536695163696, 0.10384461766312597, 1.523398727902677, 1.2226048954224098,5.035012247788018e-05, 0.0004475757224366817, 0.0006156796055313407, 0.0011017873037525304, 0.0008402218856321043,761.1456909179688, 30.075236838008777, 316.625, 181.87501525878906, 1266, 727,326.6250305175781, 151.875, 1306, 607, 17.068689346313477, 243.7438289337002, 14.909125268870023, 269.76350899552864, 21.746224095796467, 226.2407437083013,8.43842087618826, 253.46776434937226, 15.786095352615863, 262.6028418359408, 21.7377595430475, 269.61262399998986,58.10115873552718, 85.5790441842113, 142.7683102439227, 373.4383120393759, -46.65647554583815, 151.82527568116132, -52.24929665669789, 373.4383120393759, -46.65647554583815,50.22097813779548, 857.7178977765901, 764.7851904367045, 92.93270733988561, 312.17829873897335,0.0, 0.0, 0.0, 0.0, 0.0,3.3125, 5.3125, 5.75, 6.4375, 8.0625,0.0, 0.0, 0.0, 0.125, 0.1875, 2.989473342895508,-2.7681884765625, 180.3125, 116.375
0, 320.0, 1188, 592, 1548, 952, 0.6420682983398438,-0.05287207363988273, 0.03682731505599804, 1.110683273161412, 0.5184404506561623,0.00010463917888216657, -3.052817798277374e-05, 0.0002200574519440579, 0.0008705250561747846, 6.184130429794266e-05,483.4869689941406, 22.294369089344187, 319.625, 181.87501525878906, 1278, 727,329.6250305175781, 151.875, 1318, 607, 17.33877182006836, 244.30318044558922, 15.077577757078053, 269.8549032783091, 22.055217170945497, 227.15364009878874,8.399460781903265, 254.56119567322125, 15.519706070521309, 263.43419880133644, 21.205294908707213, 270.2127690440679,57.43632271116636, 84.77524109645601, 139.99933588190598, 362.8940921955307, -45.7043073144675, 142.37621944880146, -52.084856576622514, 362.8940921955307, -45.7043073144675,49.719225480554385, 858.0540450609554, 763.2970513155636, 94.75699374539181, 314.159754814033,0.0, 0.0, 0.0, 0.0, 0.0,3.5625, 3.4375, 4.875, 6.0, 7.125,0.0, 0.0, 0.0, 0.0, 0.125, 1.8157892227172852,-3.045166015625, 184.1875, 128.5
0, 325.0, 1209, 597, 1569, 957, 0.6861691284179687,-0.0605337918429359, 0.017507321728335228, 0.9544653589495283, 0.6356804556505813,3.58829642021874e-05, 8.640861734590999e-05, 0.0003989064394488651, 0.0006069251318137958, 9.75979084458344e-06,754.7449951171875, 22.928432753420463, 324.8750305175781, 183.12501525878906, 1299, 732,334.8750305175781, 153.125, 1339, 612, 17.46019172668457, 244.4725144954922, 15.089987196836466, 269.7950581759456, 22.237554660051828, 227.6002984013901,8.461033840279923, 258.1467581195328, 15.166051749661312, 265.86310969284136, 20.637708754728678, 271.9704635854573,57.81478964784205, 85.0538462107147, 137.16072748464106, 348.6358179043374, -45.47499447758273, 117.6794202672484, -55.02705235215382, 348.6358179043374, -45.47499447758273,47.729742300665684, 857.7236636389944, 759.0061783843366, 98.71748525465773, 313.8941115620619,0.0, 0.0, 0.0, 0.0, 0.0,3.1875, 2.5, 3.875, 6.1875, 8.125,0.0, 0.0, 0.0, 0.375, 0.5, 3.268421173095703,-3.02105712890625, 175.625, 131.25
0, 330.0, 1226, 605, 1586, 965, 0.7153757934570313,-0.24077185381698654, -0.2281117386132246, 0.7588824873713749, 0.3676169167808257,0.00020159114508182087, -9.45170135872786e-05, 0.00015912890341269304, 0.00035001623151970307, -3.7667839092989634e-05,378.03912353515625, 14.987698821936302, 329.1250305175781, 185.12501525878906, 1316, 740,339.1250305175781, 155.125, 1356, 620, 17.684690475463867, 244.9387978497506, 15.25517549689947, 269.88706201554163, 22.478348552162757, 228.3046719419249,8.177266132605007, 260.17047486871587, 14.398034800592473, 266.9211059952763, 19.61497100935833, 271.34132120062907,55.34546888665647, 80.06155314559928, 126.21324891120379, 344.3231824467351, -47.93127690155359, 105.81398743959016, -58.807783353185215, 344.3231824467351, -47.93127690155359,46.68361742719453, 857.496711093695, 754.6015004222174, 102.89521067147757, 313.8325485438846,0.0, 0.0, 0.0, 0.0, 0.0,2.125, 2.25, 3.8125, 6.75, 8.0,0.0, 0.125, 0.3125, 0.3125, 0.1875, 2.247368335723877,-2.5904541015625, 189.6875, 120.4375
0, 335.0, 1242, 611, 1602, 971, 0.7355825805664062,-0.2729632365261205, -0.3950528174077044, 0.47845001310837687, 0.06495357857646011,6.640587557086519e-05, 0.000285162907252925, 0.000527526773119007, 0.0004015195780738168, -9.523103967488569e-05,230.95057678222656, 9.589307681308888, 333.1250305175781, 186.62501525878906, 1332, 746,343.1250305175781, 156.625, 1372, 626, 17.73794174194336, 245.48589600226862, 15.723611611670595, 270.46890029087774, 22.238192670838462, 228.1109131883077,7.871943356641394, 261.0582765174125, 13.839737309354682, 267.1639465410269, 18.994669238040334, 269.3852879836552,53.61289488229922, 75.79752358756456, 118.24249901963752, 366.4856474097163, -46.55543130840399, 125.16974445390116, -57.39462585788895, 366.4856474097163, -46.55543130840399,51.464314187709064, 857.7994568632117, 755.3114830830924, 102.48797378011932, 312.8657718826248,0.0, 0.0, 0.0, 0.0, 0.0,1.125, 2.6875, 4.5625, 4.125, 4.375,0.0, 0.0, 0.125, 0.25, 0.125, 0.7052633762359619,-2.3912978172302246, 214.4375, 112.5
0, 340.0, 1263, 618, 1623, 978, 0.7490823974609375,-0.25195216946172877, -0.3949451658393082, 0.3922524293966126, 0.15008717585529666,-4.148503829128458e-05, 0.0002813600998024413, 0.0004727615738316616, 0.0002938048795451209, -0.00011774796941381282,249.89573669433594, 5.452308200154259, 338.3750305175781, 188.37501525878906, 1353, 753,348.3750305175781, 158.375, 1393, 633, 17.74856948852539, 245.6942440927107, 15.98571043383302, 270.6887401196691, 22.067635485050126, 227.87109614144902,7.626761371494655, 262.35815713911427, 13.292291666504305, 267.9855226755311, 18.265377427520765, 269.4690397632579,52.63597042947929, 73.3770339544512, 113.3340912372685, 367.89780345141776, -47.951201702267824, 114.61174430361756, -60.71510456899775, 367.89780345141776, -47.951201702267824,50.354076235872384, 857.8425890090897, 752.3946335983078, 105.4479554107819, 307.5371674555959,0.0, 0.0, 0.0, 0.0, 0.0,1.375, 1.75, 3.1875, 3.625, 4.125,0.0, 0.0, 0.0, 0.0, 0.0, 1.1526312828063965,-2.1633312702178955, 201.5625, 77.5
0, 345.0, 1284, 625, 1644, 985, 0.7463429565429688,-0.3087973713676911, -0.44004922654872647, 0.11935451233555795, 0.06189717359186034,-8.975946850000582e-06, 7.187824772813655e-05, 0.00037073634841135574, 0.0001373976135062094, -0.00017173120177830018,124.08554077148438, 3.0809301389695283, 343.6250305175781, 190.12501525878906, 1374, 760,353.6250305175781, 160.125, 1414, 640, 17.859193801879883, 245.72288990608973, 16.07977610740641, 270.55052615108457, 22.17752100970296, 227.99838956556908,7.1032277013786125, 261.5144102105643, 12.395076793071807, 266.8566153491331, 17.362865660278047, 268.61119532426096,48.68788832483328, 67.17489947100935, 104.01030563373216, 374.0710491544, -51.317456591831466, 108.35352563094011, -64.61599283412987, 374.0710491544, -51.317456591831466,48.25472202032621, 857.8537052999147, 749.4667091318672, 108.38699616804752, 300.28111608991514,0.0, 0.0, 0.0, 0.0, 0.0,1.25, 1.5625, 2.875, 2.5625, 1.75,0.0, 0.0, 0.0, 0.0, 0.0, 0.7894735336303711,-1.7623291015625, 179.625, 53.5625
0, 350.0, 1299, 630, 1659, 990, 0.7345560302734375,-0.39877568184150725, -0.5019524748041294, -0.05623013315052958, -0.015859840991033707,-5.1249987438666264e-05, -0.00015972906533704646, 0.0003668242587008309, -3.286460827069959e-05, -1.2475812953098853e-05,36.88909149169922, 1.0233848244004082, 347.3750305175781, 191.37501525878906, 1389, 765,357.3750305175781, 161.37501525878906, 1429, 645, 17.765588760375977, 245.8365305935004, 16.333452968877687, 270.79562167037875, 21.839197454180866, 227.4400627270737,6.787411191707546, 258.81393099765967, 11.895913938113884, 264.00531189897623, 17.19011576020572, 266.09571861521533,46.066393995707614, 63.31533820244803, 98.53977500115923, 401.7355065289712, -50.00204111936957, 136.1589771631336, -61.833702301406454, 401.7355065289712, -50.00204111936957,52.858763016464806, 858.8160160544596, 752.1179362295043, 106.69807982495536, 297.23331120114074,0.0, 0.0, 0.0, 0.0, 0.0,0.375, 0.8125, 1.4375, 0.9375, 0.5625,0.0, 0.0, 0.0, 0.0, 0.0, 0.3421056270599365,-1.97320556640625, 154.8125, 29.1875
0, 355.0, 1350, 633, 1710, 993, 0.6465517578125,-0.25844213912845587, -0.3046462571677694, 0.012168040718825069, 0.13610837183892727,-1.016484294922293e-05, -0.00016880502554926125, 3.409711823650241e-05, 0.00021094716531138146, -0.0003446372951302124,14.459839820861816, 0.7121749715702319, 360.1250305175781, 192.12501525878906, 1440, 768,370.1250305175781, 162.12501525878906, 1480, 648, 17.539167404174805, 245.73862666193745, 16.443606820377482, 270.974207843674, 21.385803951926967, 226.60242063723868,5.546946091780422, 250.45384775545574, 9.110751951156987, 258.2051835576931, 15.899681039607652, 264.00872699356125,39.89178996090514, 54.47907280180435, 80.4136423277409, 427.77412010251845, -72.3031524261385, 138.7006177111562, -82.61868333701061, 427.77412010251845, -72.3031524261385,36.46377533400193, 859.6125084431227, 738.2085799303358, 121.40392851278693, 292.20654229439566,0.0, 0.0, 0.0, 0.0, 0.0,0.0, 0.0, 0.0, 0.375, 0.0625,0.0, 0.0, 0.0, 0.0, 0.0, 0.0,-1.80663001537323, 83.9375, 9.5625
0, 360.0, 1371, 639, 1731, 999, 0.59759765625,-0.28289699209126407, -0.34913169121879034, -0.10530662562930956, 0.10343409399574738,3.1940882055749854e-05, -0.00011722217224914288, -1.653093214144974e-05, 0.00016569108608109671, -0.00026245705978094946,8.583172798156738, 0.3943948200363241, 365.3750305175781, 193.62501525878906, 1461, 774,375.3750305175781, 163.62501525878906, 1501, 654, 17.16683006286621, 244.7991751227372, 15.905923097945342, 270.6529591560601, 21.187300615202425, 225.68964632032788,5.516636613161869, 243.46551238540053, 8.575653804770377, 253.46992268914997, 15.80877038108212, 262.3256727594217,38.954040165306374, 53.24776201425573, 76.81039041556444, 451.28226649296204, -80.01630622761542, 160.56411266030688, -89.08394833226868, 451.28226649296204, -80.01630622761542,30.660280405547123, 861.5421570233128, 734.641653275585, 126.90050374772784, 289.869133988295,0.0, 0.0, 0.0, 0.0, 0.0,0.0, 0.0, 0.0, 0.0, 0.0,0.0, 0.0, 0.0, 0.0, 0.0, 0.0,-1.849364995956421, 44.5625, 0.625