BSS_CS_TRN: UH_Thresh: 150.0, u_rad: 5.0, track_on: 100.0 min
Mode, Time, x1, y1, x2, y2, zs_surface, w500m, w1km, w3km, w5km,zvort_suf, zvort500m, zvort1km, zvort3km, zvort5km,UH_Max, UH_Area, UH_X, UH_Y, UHi, UHj,SX, SY, SXi, SYj, meanWnd, meanWnd_dir, rm, rm_dir, lm, lm_dir,shear1km, shear1km_dir, shear3km, shear3km_dir, shear6km, shear6km_dir,srh500m, srh1km, srh3km, sbcape, sbcin, mlcape, mlcin, mucape, mucin,3CAPE, LCL, LFC, LFC-LCL, EL,wA500m, wA1km, wA3km, wA5km, wA8km,zA500m, zA1km, zA3km, zA5km, zA8km,wzA500m, wzA1km, wzA3km, wzA5km, wzA8km, meso_depth, CP_Min, CP_area, dBZ_Area
bool, min, idx, idx, idx, idx, km,ms^-1, ms^-1, ms^-1, ms^-1,s^-1, s^-1, s^-1, s^-1, s^-1,m^2s^-2, m^2s^-2, km, km, idx, idx,km, km, idx, idx, ms^-1, deg, ms^-1, deg, ms^-1, deg,ms^-1, deg, ms^-1, deg, ms^-1, deg,m^2s^-2, m^2s^-2, m^2s^-2, Jkg^-1, Jkg^-1, Jkg^-1, Jkg^-1, Jkg^-1, Jkg^-1,Jkg^-1, hPa, hPa, hPa, hPa,km^2, km^2, km^2, km^2, km^2,km^2, km^2, km^2, km^2, km^2,km^2, km^2, km^2, km^2, km^2, km, K, km^2, km^2
0, 0.0, -90, -135, 270, 225, 0.015876375198364257,0.0, 0.0, 0.0, 0.0,1.1961872505850125e-07, 2.0934352384927023e-08, -4.6460969560513374e-08, -1.561431939300917e-08, -2.533297622370201e-09,0.0, 0.0, 0.125, 0.125, 0, 0,10.125000953674316, 370.1250305175781, 40, -120, 19.511714935302734, 230.4909260191793, 16.084044049490817, 252.19606471698526, 24.803581135019797, 216.61509082940725,11.880655271366471, 224.71676605712057, 18.4744361019696, 247.83681979383033, 24.50904255363434, 261.0359691195832,90.35771141305439, 155.65233380771804, 240.4107763875685, 1714.285939452173, -7.303522146244163, 1188.1600194116734, -27.416492972875407, 1714.285939452173, -7.303522146244163,65.0120868391385, 904.9203596140753, 871.0164273482799, 33.90393226579545, 191.6683444290529,0.0, 0.0, 0.0, 0.0, 0.0,0.0, 0.0, 0.0, 0.0, 0.0,0.0, 0.0, 0.0, 0.0, 0.0, 0.0,0.0, 0.0, 0.0
0, 5.0, 167, 497, 527, 857, 0.023873775482177735,1.9163640521466732, 3.2868782350420953, 4.25382463440299, 2.531800163537264,-1.9287022350766847e-05, -0.0001478864927929636, -0.0001417090877325222, 7.797835571835776e-05, 5.077940068943576e-05,3.847432851791382, 1.8508830483838385, 64.375, 158.125, 257, 632,74.375, 128.125, 297, 512, 19.47231101989746, 230.47038081015592, 16.076188477349877, 252.25625146895027, 24.746676305050197, 216.51873213442343,12.539417767896154, 225.00282803993906, 33.749529173259006, 265.83622606826816, 38.17009678611689, 270.70284877739465,181.4081676723277, 301.1339157783543, 595.4367257290484, 1792.4426667380587, -6.0104381383519, 1275.3611713093705, -22.963658515865273, 1792.4426667380587, -6.0104381383519,91.38916466614918, 904.1569943493033, 879.812640161915, 24.344354187388262, 192.0402838559413,0.0, 0.0, 0.0, 0.0, 0.0,0.0, 0.0, 0.0, 0.0, 0.0,0.0, 0.0, 0.0, 0.0, 0.0, 0.0,-0.06257413327693939, 0.0, 0.0
0, 10.0, 190, 563, 550, 923, 0.024867372512817384,2.8302657002396883, 3.831281137439655, 6.408617087888999, 2.115044673839584,0.0008334080218781992, 0.0007048448441219079, 0.0005189685199047745, 4.9561341173784965e-05, 3.184967804145344e-05,12.629984855651855, 5.9735802431618215, 70.125, 174.62501525878906, 280, 698,80.125, 144.625, 320, 578, 19.730005264282227, 220.82361287172668, 13.83738440525649, 236.9657474832493, 26.44944280131224, 212.46022991965597,43.305681411988154, 269.4608845173889, 49.05266252619586, 272.5530104197677, 50.84805934817494, 275.61110467723586,358.5188463340136, 562.2444213844709, 669.6807116453795, 1.9559220664303922, -239.3668070481754, 132.44228062511436, -220.28533574537477, 188.6463847039416, -210.1000975140654,0, 755.9634423379631, 447.25151353249333, 308.71192880546977, 382.95982946658796,0.0, 0.0, 0.0, 2.3125, 12.9375,1.0, 7.8125, 16.25, 18.125, 13.4375,0.0, 0.0, 0.5, 2.75, 6.625, 0.0,-0.2323894500732422, 0.0, 0.0
0, 15.0, 251, 641, 611, 1001, 0.02781999969482422,-1.132300988896168, -1.3337489583319984, -0.14537623264361174, 2.612696997433086,-0.0006890013098950476, 0.00015901320095167647, 0.00012410828518483183, 0.00047293706212940377, 2.5990716903123712e-05,40.677547454833984, 7.572656149391552, 85.37500762939453, 194.12501525878906, 341, 776,95.37500762939453, 164.12501525878906, 381, 656, 21.17795753479004, 223.42322385096855, 14.931504172267237, 236.82880206320567, 28.045710854366327, 216.332965952267,12.345566227435324, 227.61406400114828, 22.14199844698622, 253.71298180095405, 26.054667428696888, 263.1754848959547,79.86135043849507, 129.53927140428345, 207.82574975788407, 1629.9906437529614, -40.97208111817104, 1113.1704206302084, -96.64473359985064, 1629.9906437529614, -40.97208111817104,7.753226972380517, 903.7057234641829, 744.1604597249212, 159.5452637392617, 194.991512180729,0.0, 0.0, 0.625, 5.25, 21.4375,14.0625, 29.125, 46.9375, 53.75, 48.4375,0.8125, 4.3125, 8.875, 13.5, 13.8125, 0.0,-0.022837169468402863, 0.0, 0.0
0, 20.0, 182, 605, 542, 965, 0.024514930725097656,2.5884636765893085, 3.9072792143165143, 4.622499683125643, 0.7233027135767043,0.0005369912564508184, -0.0012256120471010946, -0.000994067978858766, -0.000363447125272387, -1.9544077380544424e-05,51.193965911865234, 4.336673039474118, 68.125, 185.12501525878906, 272, 740,78.125, 155.125, 312, 620, 19.866127014160156, 233.75799674449317, 16.38640537593572, 254.97736945642487, 25.165684265295624, 220.12663789136357,35.36351634828868, 263.1998140297783, 63.281909460676, 275.257574085796, 58.087913603406705, 285.99811485753276,464.1912489677907, 857.879032875309, 1390.6518171472796, 786.1708765995386, -24.093366853587046, 445.1765177361149, -62.93927307032922, 1071.6150614261371, -1.1041413043752744,3.184022666305711, 845.2972734807882, 672.17828036377, 173.11899311701825, 227.8716188156038,0.0, 0.1875, 3.0625, 6.8125, 11.1875,20.75, 33.625, 48.375, 60.75, 68.3125,1.625, 6.75, 13.75, 21.25, 27.8125, 1.8105266094207764,-0.1504555195569992, 0.0, 9.5625
0, 25.0, 190, 616, 550, 976, 0.024867372512817384,0.681933487499482, 1.0717988510499707, 0.11081263058382318, -1.510182499634102,-1.3411067590709536e-05, 0.0007120388126440957, 0.00020231900783073797, 9.62546976467138e-05, -7.184566736775367e-05,599.2263793945312, 13.621172725524218, 70.125, 187.87501525878906, 280, 751,80.125, 157.875, 320, 631, 25.516653060913086, 223.20706202411597, 18.29010746032108, 228.53123053380457, 32.86595599818272, 220.2470640814718,24.661491261227305, 256.41283263645505, 43.57837407316098, 275.3730725846609, 35.46820693504112, 289.03701628343316,343.3553338149952, 489.54687118274717, 728.2944969809815, 510.11087795183835, -68.57439967284718, 243.7514307532212, -88.44196327365442, 908.2674038957747, -0.3291767530747722,0.848416577208341, 892.911302078131, 715.4047212428463, 177.5065808352847, 227.32353575356314,0.0, 0.125, 1.3125, 21.75, 44.0625,38.75, 60.3125, 81.5625, 98.875, 110.625,1.625, 9.0, 17.25, 24.0625, 32.5, 3.068420886993408,-0.44501328468322754, 0.0, 10.375
0, 30.0, 217, 572, 577, 932, 0.026114002227783203,-0.03929929776117205, -0.44615775905083865, -1.880276160140056, -3.8628615478053687,-0.00010179179182841836, -0.0014255999640226946, -0.0018113054807417938, 0.0004565556854231545, -0.00010383222148135473,1230.1292724609375, 17.156449191097067, 76.875, 176.87501525878906, 307, 707,86.87500762939453, 146.875, 347, 587, 26.03546714782715, 228.01862976606648, 18.768532014110203, 232.82851840116, 33.40558927385228, 225.3184230546675,19.182346459193393, 224.5909129914739, 31.081122099504928, 271.1133431465124, 26.986750388128637, 265.2910950102311,91.17840437935628, 276.74874390501293, 588.3631024824198, 2143.794019958127, -21.127304064307314, 1868.7638855884168, -47.87314273836214, 2143.794019958127, -21.127304064307314,49.90396601655068, 903.2980578496226, 784.0099089616717, 119.28814888795091, 178.11093874307608,0.0, 0.0625, 2.25, 6.4375, 20.4375,44.25, 73.1875, 103.625, 114.5, 122.9375,2.3125, 12.375, 22.875, 29.3125, 35.4375, 2.6894733905792236,-1.062042236328125, 7.0625, 81.125
0, 35.0, 200, 636, 560, 996, 0.025318592071533204,0.3498927080695285, 0.2109775904729031, -0.9113410303415731, -2.800700042522512,-0.0005610264740721504, 0.00010617830938826956, 0.00019280627857369835, -0.0005864212769893129, -0.0003962567739762335,1371.63525390625, 43.45786950091803, 72.625, 192.87501525878906, 290, 771,82.62500762939453, 162.87501525878906, 330, 651, 20.94784164428711, 221.68509097136203, 15.39723748369478, 237.82996600794345, 27.44174082455302, 212.70911980254226,19.60804977845698, 280.78968580404785, 23.254552663821457, 299.5138844324507, 33.3419940858124, 295.9673770078133,231.570213559873, 371.6556991889193, 519.0844320072117, 639.2097061846406, -46.24187477160857, 596.73413671283, -54.89521084803077, 694.5368061457135, -24.726109959262626,32.482700117531245, 894.8787704641409, 778.878455118516, 116.00031534562493, 221.66347984423484,0.0, 0.0, 0.0, 0.6875, 4.375,69.4375, 93.0, 128.5625, 140.0625, 151.375,0.125, 4.25, 8.9375, 15.0625, 18.8125, 5.700000286102295,-1.595458984375, 22.0625, 0.0
0, 40.0, 219, 589, 579, 949, 0.026210004806518555,0.4999588817619951, 0.5491181247797795, -0.4070477202674374, -1.8773496377211993,0.00025154774967973026, 0.00025122816743532894, 0.00037601436296426984, -0.0004177904361677065, 4.9818980052123186e-05,1220.7760009765625, 28.713186355215274, 77.375, 181.12501525878906, 309, 724,87.37500762939453, 151.125, 349, 604, 23.300769805908203, 225.00915279511048, 16.25520129869377, 232.5837029578095, 30.56338026041634, 220.98903378057193,9.13694567313743, 209.70418784635098, 15.37149870335332, 264.25031078450456, 24.50061537358571, 271.0596168785011,63.58638062393127, 104.7213043481307, 333.93793962105696, 1683.9267067655642, -30.920262137338135, 1214.2228166066302, -12.001885053132535, 1683.9267067655642, -30.920262137338135,92.62722576671547, 902.7085673876924, 866.9902984752847, 35.718268912407666, 185.80860081248827,0.0, 0.0, 0.0, 0.0, 0.125,49.3125, 62.625, 81.0625, 93.625, 103.0625,0.0, 1.3125, 3.4375, 6.4375, 6.75, 2.3684210777282715,-2.1162109375, 67.5625, 36.6875
0, 45.0, 350, 703, 710, 1063, 0.033844764709472654,0.007725181304267608, 0.1124161784115131, 1.415587324537337, 1.3566939494758845,-2.7171038502729062e-05, 0.00016744723869010158, 0.00023315839196129672, -0.00035701732012967114, 0.0004690711447392459,651.4407348632812, 21.0521255871468, 110.12500762939453, 209.62501525878906, 440, 838,120.12500762939453, 179.62501525878906, 480, 718, 20.434446334838867, 226.81632522684748, 15.044224275173566, 243.9211605426236, 26.857111682075576, 217.33336990709262,12.663218703774067, 220.9629350704166, 25.475430093423615, 244.40796920783555, 31.306559350946074, 262.78094584873804,112.85121981520693, 188.45784034331245, 321.1659712751515, 1350.3246374974092, -13.57580934749109, 825.7149192874167, -46.808520977018496, 1350.3246374974092, -13.57580934749109,58.54201001078332, 903.3734644349122, 808.9695780258198, 94.40388640909237, 180.4372612959745,0.0, 0.0, 0.0, 0.0, 0.0,0.0, 0.8125, 2.875, 6.0625, 9.625,0.0, 0.0, 0.0, 0.0, 0.0, 2.24210524559021,-2.55145263671875, 471.125, 777.375
0, 50.0, 262, 764, 622, 1124, 0.02840736961364746,0.12890814540471182, -0.07903159548644907, -0.3317789334338158, -0.40178187023149803,0.000544968869639888, -0.0003975908431766584, -0.00037845469164494717, -0.0008488512521444136, -0.0001275997923835348,383.5279846191406, 8.753544389750717, 88.12500762939453, 224.87501525878906, 352, 899,98.12500762939453, 194.87501525878906, 392, 779, 19.094314575195312, 230.57963651611945, 14.596584359733802, 251.2899208789577, 25.072404291514, 218.69844428361097,19.969269672188503, 231.0063730750835, 18.871206830379847, 264.2220884428541, 17.099897910866005, 255.01385963027468,199.38168796325553, 298.7510897696726, 441.6470089256527, 1167.8090400586254, -128.77168059023984, 940.4607846745548, -109.44120405152331, 1169.6335895553505, -117.05576284590643,11.571750477302732, 918.003927702968, 752.0384275323104, 165.9655001706576, 194.30618079063655,0.0, 0.0, 0.0, 0.0, 0.0,23.4375, 24.0, 35.125, 50.5, 55.25,0.0, 0.0, 0.25, 0.4375, 0.25, 2.984210729598999,-2.180877923965454, 289.5625, 144.6875
0, 55.0, 406, 692, 766, 1052, 0.03814386749267578,-0.22396836960368088, -0.39987708104774355, 1.3895534433331338, 1.8409167077392339,9.00583437285718e-06, -1.544405679908323e-05, -0.00010503922705311197, 0.0010144686359717526, 0.0007068222277371206,304.783203125, 31.66083753828039, 124.12500762939453, 206.87501525878906, 496, 827,134.125, 176.87501525878906, 536, 707, 22.562374114990234, 227.02108063778613, 16.28985029298328, 239.33285621681082, 29.415341409783686, 220.2394975199212,13.575303365405336, 229.4436667741196, 27.549228252305344, 260.0337754626672, 32.61695738054566, 268.85924047415915,128.08619011040125, 210.9857076161881, 373.29262493596957, 1595.1174199360971, -64.22303177274277, 1042.0699021130886, -117.25555404175608, 1595.1174199360971, -64.22303177274277,19.036562199689754, 902.8593595755268, 746.098615025148, 156.76074455037883, 185.65413873930666,0.0, 0.0, 0.0, 0.0, 0.0,0.0, 0.0, 0.4375, 1.875, 5.0,0.0, 0.0, 0.0, 0.0, 0.0, 1.215789556503296,-2.27581787109375, 546.5, 914.75
0, 60.0, 400, 665, 760, 1025, 0.03764588165283203,-0.2849800071347272, -0.2804658398975153, 1.139249766007997, 0.6669581103406381,-2.8831422993107482e-05, 7.538319552395478e-05, -0.0004385490661070435, 0.00023016287177142657, 5.859756207485134e-05,374.1315612792969, 18.079582510249153, 122.62500762939453, 200.12501525878906, 490, 800,132.625, 170.12501525878906, 530, 680, 21.67530632019043, 220.26699343550564, 16.413810506494766, 236.55728644312336, 27.977215530843768, 210.7948821860545,15.06578350982318, 232.9073376645031, 20.065657728416955, 263.6771213093571, 28.531592516475985, 270.65167700013296,134.4365366155854, 234.3651465738195, 369.40802483495804, 1545.6372185436692, -97.11733106638488, 998.8741332716851, -161.35978894198414, 1545.6372185436692, -97.11733106638488,2.377205803082019, 902.7239716172863, 717.562020290478, 185.16195132680832, 189.04109185963276,0.0, 0.0, 0.0, 0.0, 0.0,0.0, 0.625, 1.0625, 3.375, 9.375,0.0, 0.0, 0.0, 0.0, 0.0, 2.24210524559021,-2.528228759765625, 759.875, 736.6875
0, 65.0, 404, 691, 764, 1051, 0.037976799011230467,-0.16629378579789772, -0.13882853856921426, 0.2402171354717575, 0.028980963100912048,0.0001395255086282532, 0.00029259773312560354, 0.000159044324336719, -9.94597739281744e-05, 0.00029703159001428505,519.3131103515625, 8.731284267116761, 123.62500762939453, 206.62501525878906, 494, 826,133.625, 176.62501525878906, 534, 706, 22.54433250427246, 226.08841830662087, 17.535598788516896, 242.22818358149985, 28.661763366876773, 216.29640031106868,15.589485565857029, 231.40445016029017, 25.62151326876144, 260.69500607621615, 32.96097907988604, 262.55798115347216,141.097510499104, 260.3559865957996, 426.4174036319027, 1404.0708309644613, -67.85344321965484, 862.6355078376062, -115.96804069402518, 1404.0708309644613, -67.85344321965484,46.449829234270986, 902.690635431204, 787.1706709835349, 115.51996444766905, 203.5164224955306,0.0, 0.0, 0.0, 0.0, 0.0,0.0625, 2.25, 4.8125, 6.6875, 11.625,0.0, 0.0, 0.625, 1.25, 1.5, 1.5789473056793213,-2.395263671875, 985.875, 645.8125
0, 70.0, 420, 623, 780, 983, 0.0393442611694336,0.2901057853952807, 0.47578570837707956, 1.4362338017602452, 0.6667759259208106,-6.28798959499477e-05, 9.02458663915695e-05, 0.00016267703933294796, 0.00030653720043119395, 0.0003201619291519364,431.9719543457031, 19.987786948106347, 127.62500762939453, 189.62501525878906, 510, 758,137.625, 159.625, 550, 638, 22.710840225219727, 226.75257224113457, 18.359231618793252, 243.95717681875018, 28.407800583333927, 215.73219710810136,15.465443372362842, 244.84839346589632, 22.9053926990275, 270.48571706367994, 28.470761517940055, 274.5028381825096,142.64709595696388, 249.46181971895749, 336.2007080174721, 1463.3824518376985, -74.64144884599901, 875.7184922971065, -138.80633986938466, 1463.3824518376985, -74.64144884599901,6.465528873329305, 902.2772807038979, 743.5433300905609, 158.73395061333702, 192.89339057261142,0.0, 0.0, 0.0, 0.0, 0.0,0.0, 1.0625, 1.5, 2.9375, 4.875,0.0, 0.0, 0.0, 0.0, 0.0, 1.7473688125610352,-2.49835205078125, 616.3125, 546.5625
0, 75.0, 302, 758, 662, 1118, 0.030705486297607422,0.11110701865283773, 0.4373537115636282, 0.023397785647539422, -0.12562700854497963,-0.0007040612100217914, -0.0006172397136515428, -3.535996838536448e-05, 0.00020352549342192105, -0.0001567599583916035,409.7706604003906, 7.491456054488856, 98.12500762939453, 223.37501525878906, 392, 893,108.12500762939453, 193.37501525878906, 432, 773, 21.953699111938477, 227.97706123477778, 16.52338093606238, 243.58766997173925, 28.344446987872832, 218.95175754948266,21.784007865910837, 212.72860927121096, 18.484889532278803, 244.8548684852295, 26.836021843548362, 257.3566964778591,187.98004214223255, 281.8266310517274, 392.73549072838927, 1459.4913590481563, -78.03461174878244, 905.2433397256982, -74.67787000689557, 1459.4913590481563, -78.03461174878244,30.011487424912474, 939.7640500005481, 782.5104313654601, 157.25361863508795, 192.31588618400917,0.0, 0.0, 0.0, 0.0, 0.0,20.875, 22.8125, 30.0, 35.9375, 36.5625,0.0, 0.5, 0.75, 0.625, 0.5625, 2.3315794467926025,-2.660797119140625, 573.875, 129.5625
0, 80.0, 397, 823, 757, 1183, 0.03740047073364258,0.44262794714537457, 0.6353692771514761, 1.3400259107141756, 1.6672673583673898,-1.4153252584492294e-06, 0.0010831108514776132, 0.0011391622133146485, -0.0002454320146171085, -2.752399982227871e-05,547.1244506835938, 16.75758781251439, 121.87500762939453, 239.62501525878906, 487, 958,131.875, 209.62501525878906, 527, 838, 20.274402618408203, 228.2241911393272, 15.528117509945398, 247.0610442743524, 26.334016742472123, 217.24886024310774,18.443287142010764, 232.77099342829132, 23.540691958603265, 247.21040948467012, 27.126156154018002, 262.13644919865567,99.08987735048512, 214.4473829065288, 332.7352470269899, 404.56185773709046, -138.01296325905207, 460.508095730188, -103.7221491201568, 723.6618443433375, -30.61591691152391,0, 901.3491656898511, 671.8935496481854, 229.45561604166573, 293.05064274045134,0.0, 0.0, 0.0, 0.0, 0.0,3.1875, 5.1875, 8.875, 13.5625, 17.5625,0.0, 0.0, 0.0, 0.0, 0.0, 1.7473688125610352,-2.306610107421875, 791.8125, 373.5
0, 85.0, 421, 832, 781, 1192, 0.03943212890625,0.22823833123489748, 0.19901500029780433, 0.8992150476435199, 1.543456126638339,-4.8635073449077025e-05, 0.0014226685960147733, 0.0012971711718910229, 3.288277054707578e-05, -0.00016266666816363795,502.66278076171875, 14.821860053862297, 127.87500762939453, 241.87501525878906, 511, 967,137.875, 211.87501525878906, 551, 847, 20.064743041992188, 227.8896621341583, 16.142802173424293, 248.35034972250148, 25.633919702227104, 215.17263932543187,9.053082086081444, 193.68065967614945, 23.995913948289576, 227.89657428559835, 23.553288494628664, 255.88201765491831,41.551684438289016, 148.47584214467074, 336.81653670790445, 280.7609332954931, -138.88984642055246, 325.8546867045201, -140.35363350185906, 633.7767598844331, -46.34952692400238,0, 894.6651819631638, 544.134431314625, 350.53075064853886, 316.6427215481868,0.0, 0.0, 0.0, 0.0, 0.0,2.375, 5.625, 10.25, 16.125, 17.6875,0.0, 0.0, 0.0, 0.0625, 0.0, 4.231579303741455,-2.47418212890625, 833.75, 454.5
0, 90.0, 489, 697, 849, 1057, 0.04615662002563477,-0.21409457937406842, -0.08788320932013448, 0.9830499133624835, 0.9063784875563579,-0.00016335570619560258, -7.481648763814519e-05, 1.80662610557647e-05, 0.0002566595170912933, 0.0005813099881896733,437.99188232421875, 16.678439858022394, 144.875, 208.12501525878906, 579, 832,154.875, 178.12501525878906, 619, 712, 19.22218894958496, 229.07564252126096, 15.898392525742295, 251.24937701360477, 24.468881563957048, 214.8806744057918,15.164254016453546, 228.4125540962578, 23.753093734725578, 256.1545695235585, 30.101281545028645, 262.0366601348818,133.22520160087788, 245.80299906668273, 408.2629114300173, 1640.0971289576019, -20.239461200390434, 1127.8383681600285, -52.0583429844651, 1640.0971289576019, -20.239461200390434,73.00004363293093, 902.7252063117096, 811.8064284185044, 90.91877789320517, 187.05782766079093,0.0, 0.0, 0.0, 0.0, 0.0,0.0, 0.0, 0.5, 3.375, 5.125,0.0, 0.0, 0.0, 0.0, 0.0, 2.1315791606903076,-2.6722633838653564, 989.75, 509.75
0, 95.0, 505, 738, 865, 1098, 0.047982723236083984,-0.2484816822540597, -0.2548058042518096, 1.016825718022883, 0.12014880201779306,-0.00017465668176157577, -3.399114489411659e-05, -5.890809757374882e-05, -0.00012134484807802437, 0.0005775611414193804,363.59716796875, 9.971672286117608, 148.875, 218.37501525878906, 595, 873,158.875, 188.37501525878906, 635, 753, 21.241539001464844, 228.7964107276125, 17.340365064212392, 248.00927956563604, 26.724851785157835, 216.4675626494656,14.970529175899088, 220.6501807083217, 26.80768838236726, 247.87724085333846, 30.899116101274423, 262.9147765753353,140.17736094340358, 249.7648175218218, 433.7213847586236, 1588.706587024, -11.289592437491818, 1103.092749086139, -36.81485058918937, 1588.706587024, -11.289592437491818,71.62387899978671, 902.3716524268422, 829.0684256135893, 73.30322681325288, 183.60349051620554,0.0, 0.0, 0.0, 0.0, 0.0,0.0, 0.5, 1.0625, 1.3125, 1.9375,0.0, 0.0, 0.0, 0.0, 0.0, 1.9210529327392578,-2.74603271484375, 1027.875, 535.25
0, 100.0, 494, 665, 854, 1025, 0.046716159820556644,0.19684686498658266, 0.5362396855570841, 1.0384733428014443, 0.03323019670729991,-2.386682019619002e-05, -0.0002574346181745568, -0.0004864859155213708, 0.0007239103594977791, -9.388782969921294e-05,629.224853515625, 29.40330452320491, 146.125, 200.12501525878906, 584, 800,156.125, 170.12501525878906, 624, 680, 21.69270896911621, 228.7086974382912, 17.492043014691994, 247.06234020876994, 27.343659674518342, 217.08792603832538,13.763762841834202, 239.49509610011543, 21.16005396844251, 263.85642743544827, 28.516373982266636, 267.464857355101,126.6206033944591, 204.09305351962232, 282.53707151091544, 1583.93093505884, -36.5362171527505, 1024.026483701644, -68.97188917055233, 1583.93093505884, -36.5362171527505,47.314601730206505, 902.0055535771832, 804.0008421430906, 98.00471143409254, 190.7122615261348,0.0, 0.0, 0.0, 0.0, 0.0,0.5625, 2.25, 3.4375, 2.8125, 2.25,0.0, 0.0, 0.0, 0.0, 0.0, 2.542105197906494,-2.850341796875, 752.1875, 219.4375
0, 105.0, 508, 675, 868, 1035, 0.04833688735961914,0.18415444350452162, 0.5145358642406064, 1.3454303517978405, 0.8096992921311903,-6.499896713478392e-05, -0.0006642708806430164, -0.0008327997245373808, 0.0009849847984642682, -0.000187481789864421,693.6207885742188, 42.8841187430621, 149.625, 202.62501525878906, 598, 810,159.625, 172.62501525878906, 638, 690, 21.036996841430664, 229.28576646088726, 16.611108980445604, 247.92609894416563, 26.864129808711635, 217.8869465055462,13.896371439242685, 238.21158061166497, 21.123495808854184, 261.734997999999, 28.70693894938334, 266.4377608284712,124.69512371697233, 205.74648209006455, 288.86341421198773, 1586.0461343060801, -33.50083619556963, 1055.7891670239158, -64.64155315894783, 1586.0461343060801, -33.50083619556963,52.0165067687758, 901.5459530128821, 807.4053857304891, 94.14056728239302, 191.42862509726046,0.0, 0.0, 0.0, 0.0, 0.0,0.9375, 1.875, 3.375, 3.5, 2.4375,0.0, 0.0, 0.0, 0.0, 0.0, 2.8894736766815186,-3.1572265625, 760.625, 198.3125
0, 110.0, 525, 687, 885, 1047, 0.05041805267333985,0.20790868108917498, 0.6427136256481754, 2.0838069053785877, 1.8364997159305492,-0.00013291827312798433, -0.001006651833649812, -0.0009599838613712563, 0.0008870195647148195, 0.0003239795983014204,1110.7010498046875, 60.784396294775114, 153.875, 205.62501525878906, 615, 822,163.87501525878906, 175.62501525878906, 655, 702, 20.950084686279297, 229.0794401064395, 16.634455804910473, 247.9915078943198, 26.71342416371624, 217.43559274559564,14.323675305781586, 236.68365363395478, 21.332840042100262, 259.04416301420247, 29.059967539484692, 265.46451351325777,123.4508378555309, 211.3826871667424, 293.3170799808013, 1568.4871151086836, -28.15981104512742, 1081.632482811868, -60.343912958098535, 1568.4871151086836, -28.15981104512742,54.818219041145674, 901.2625756282076, 809.9551740023402, 91.30740162586744, 192.20249363035828,0.0, 0.0, 0.0, 0.0, 0.0,1.0625, 1.3125, 1.375, 1.0625, 3.1875,0.0, 0.0, 0.0, 0.0, 0.0, 2.6526315212249756,-3.11285400390625, 764.5, 201.8125
0, 115.0, 561, 704, 921, 1064, 0.05528109359741211,1.1912067064346048, 2.0526239601447016, 3.1505632139369846, 4.045349476016127,5.847022923205714e-05, 0.0004035779335026746, 0.0014900385445821482, 0.0011670733672326605, 0.0002524678363693056,1070.3084716796875, 100.81314382268944, 162.87501525878906, 209.87501525878906, 651, 839,172.87501525878906, 179.87501525878906, 691, 719, 20.961116790771484, 228.89354967798843, 16.711213334067406, 247.89862195825415, 26.68280657009852, 217.12533539718805,14.178454496160594, 232.63874730558152, 21.497709200058825, 256.2895477219363, 29.177111622072076, 265.20806723068046,122.0391768172461, 213.6584945907631, 310.92269704919784, 1548.0353735095055, -17.294409197986027, 1065.296165408906, -47.102356088788056, 1548.0353735095055, -17.294409197986027,50.991889397345005, 901.5754355994785, 811.9970318967571, 89.5784037027214, 189.8123556666895,0.0, 0.0, 0.0, 0.0, 0.0,0.3125, 0.25, 0.9375, 2.5625, 6.6875,0.0, 0.0, 0.0, 0.0, 1.125, 3.994737148284912,-3.287200927734375, 669.125, 253.875
0, 120.0, 579, 708, 939, 1068, 0.057973148345947266,1.5869053960772002, 2.606470316984924, 3.7763138552912263, 3.9861885687452734,-0.0002496107187181451, 0.0013455986387043595, 0.001975307169707321, 0.0015930306053121514, 0.0010125614103179714,1619.636474609375, 148.72652814173298, 167.37501525878906, 210.87501525878906, 669, 843,177.37501525878906, 180.87501525878906, 709, 723, 21.237030029296875, 228.10437596090682, 16.830649367743135, 246.5771094660023, 27.04167442558273, 216.73060545241856,13.884413177633528, 234.81347953731358, 21.00862971898553, 257.82172307731025, 28.767307116422188, 267.3381163648623,119.63990424336133, 206.53075857535475, 296.20607196399556, 1536.2796039237637, -22.50747581857496, 1032.0820679517267, -53.30334701398301, 1536.2796039237637, -22.50747581857496,48.84157451990925, 901.4455113955319, 809.3332417477246, 92.11226964780724, 190.55395134656482,0.0, 0.0, 0.0, 0.0, 0.0,0.875, 1.0, 2.3125, 3.9375, 6.4375,0.0, 0.0, 0.0, 0.1875, 1.1875, 8.43684196472168,-3.35162353515625, 589.5625, 286.9375
1, 125.0, 596, 714, 956, 1074, 0.060694839477539064,1.597824359377846, 2.5497372567502317, 4.663388554895063, 4.876694286125712,-0.00024168538543563046, 0.0009803574300508444, 0.0011865898447149447, 0.0026883327628479483, 0.002369206592607043,1609.5804443359375, 161.77370260239016, 171.62501525878906, 212.37501525878906, 686, 849,181.62501525878906, 182.37501525878906, 726, 729, 21.51409149169922, 227.79155329692023, 16.80002912582216, 245.44136999477294, 27.49493171166757, 217.11517859867462,13.71747837190698, 237.31509096234413, 20.58593123117987, 259.17181924979, 28.47153723646469, 269.7633662749721,116.70859176536094, 201.7524002045504, 286.13542502480874, 1499.3706254140052, -27.38606078301635, 984.0430607213995, -59.906839293624294, 1499.3706254140052, -27.38606078301635,44.096399427170304, 901.2910165777969, 804.9944930658306, 96.29652351196626, 191.1816965767571,0.0, 0.0, 0.0, 0.0, 0.375,2.5, 4.3125, 6.875, 7.625, 11.5625,0.0, 0.0, 0.4375, 1.875, 4.375, 3.978947401046753,-3.4990234375, 512.125, 313.9375
0, 130.0, 595, 718, 955, 1078, 0.06052963256835937,1.0343915067904164, 1.7687989469408059, 3.3748054524869064, 2.5892206296266522,-0.0004894885993348908, -0.000564669656184833, -0.00036579135525244055, 0.0016202045313127656, 0.0011726583384205468,2053.28564453125, 121.12868606882147, 171.37501525878906, 213.37501525878906, 685, 853,181.37501525878906, 183.37501525878906, 725, 733, 21.78166961669922, 227.60675569873638, 16.784972949953342, 244.42697319096848, 27.922159053502508, 217.58918730189623,13.78969721232324, 239.42936235954323, 20.600710293832094, 259.8885793012911, 28.31680142840143, 271.54456030957203,115.32681117090236, 199.28816772825968, 279.2134238625184, 1443.626704645637, -27.781892491103328, 956.5125738073543, -59.765713740065685, 1443.626704645637, -27.781892491103328,44.26617737881492, 900.2844305890816, 805.5400496423255, 94.74438094675611, 194.40446504830095,0.0, 0.0, 0.0625, 0.1875, 0.5,3.9375, 6.6875, 10.1875, 11.5625, 13.8125,0.125, 0.625, 2.1875, 3.8125, 3.3125, 2.026315450668335,-3.21197509765625, 557.0, 272.1875
1, 135.0, 618, 734, 978, 1094, 0.06450170135498047,1.1316773056745297, 2.075387860673945, 5.192036816135515, 5.419170555225573,-9.572645307571293e-05, 0.00018951627183923846, 0.00018680968859939633, 0.002226723372521633, 0.0015522090620032716,1571.0220947265625, 203.23051544620392, 177.12501525878906, 217.37501525878906, 708, 869,187.12501525878906, 187.37501525878906, 748, 749, 21.862205505371094, 228.16333415382238, 16.821441940281588, 244.81414690032773, 28.025900802391345, 218.26017985545224,13.819728025353664, 239.30401472789515, 20.676465082756476, 259.4667058370161, 28.512975435556346, 271.8324664434664,114.93728745475032, 202.55259905573243, 286.04722338871, 1462.3282920070055, -26.221997566008483, 954.3704489019659, -58.97577352938452, 1462.3282920070055, -26.221997566008483,45.615766351415594, 901.2112032319294, 807.163851119636, 94.04735211229342, 191.80595783895615,0.0, 0.0, 0.0, 0.125, 1.5625,5.875, 7.4375, 13.4375, 15.0, 15.5,0.0, 0.5, 1.3125, 2.8125, 4.1875, 1.9210529327392578,-3.739105224609375, 543.25, 318.625
1, 140.0, 647, 737, 1007, 1097, 0.07007233428955079,1.9448434505215848, 3.225516346077202, 5.936373173414031, 7.0196061664004805,-9.032174695676076e-05, 0.001063306787741567, 0.0013405882448478223, 0.003032789681835198, 0.0030863268962514206,2264.1220703125, 262.3669554042535, 184.37501525878906, 218.12501525878906, 737, 872,194.37501525878906, 188.12501525878906, 777, 752, 21.97882080078125, 228.13012577407778, 16.909101065754612, 244.61364122037736, 28.15527464995668, 218.31879988614529,13.773157472643867, 237.5430963372175, 21.07723778625524, 258.716723745392, 29.022350675004155, 270.0425197488162,113.41062221700003, 200.83357732302366, 290.0274128468258, 1466.6953871091116, -20.046945816594697, 967.0626363944897, -51.72989185735213, 1466.6953871091116, -20.046945816594697,48.45510224788899, 901.3088272796765, 810.9882175553546, 90.32060972432191, 191.3100576462993,0.0, 0.0, 0.0, 0.125, 1.5625,4.25, 6.375, 8.8125, 12.5, 17.875,0.0, 0.125, 0.75, 1.8125, 5.75, 4.936842441558838,-4.62786865234375, 411.3125, 386.3125
1, 145.0, 670, 743, 1030, 1103, 0.075,2.083589706895873, 3.401546895271167, 6.265862265606409, 7.8447793775587344,0.0001635715420724182, 0.0009040643331991305, 0.0017749779497989947, 0.0031485579454283655, 0.0031417395728769292,2565.46630859375, 276.47652389776727, 190.12501525878906, 219.62501525878906, 760, 878,200.12501525878906, 189.62501525878906, 800, 758, 21.900667190551758, 227.66269494803876, 17.018175813170412, 244.62058273130174, 27.967126898292825, 217.43954688462725,13.599456231474315, 235.35601512346605, 21.30176316661276, 257.1668445396894, 29.51105599720686, 267.43204512632826,113.03866149875384, 197.0326167193294, 288.95623731398376, 1475.1305700339901, -15.870781896851673, 980.3808482355146, -44.90399001568077, 1475.1305700339901, -15.870781896851673,54.620097389031955, 901.3808616204466, 820.4225362452552, 80.95832537519141, 193.6509635372502,0.0, 0.0, 0.0, 0.125, 2.0625,4.4375, 8.3125, 10.625, 13.375, 16.0,0.0625, 0.625, 1.5625, 3.3125, 5.5625, 6.221053123474121,-4.572479248046875, 381.375, 403.125
1, 150.0, 690, 751, 1050, 1111, 0.07970243835449219,1.8755949003074044, 3.0899511026902484, 6.130406549206238, 8.157107671299018,0.0003284609649455206, 0.0010691061748048015, 0.0018586320906524634, 0.003094645067159262, 0.0035428854888550623,2447.73291015625, 275.0821837858035, 195.12501525878906, 221.62501525878906, 780, 886,205.12501525878906, 191.62501525878906, 820, 766, 21.870201110839844, 227.21007197212037, 17.227290427308468, 244.66393584716923, 27.79085860445316, 216.4947943494637,13.574067166690888, 233.15599753142658, 21.554931177452115, 255.1728117926392, 30.138071160823145, 264.58593261994065,113.96525283232735, 196.01545705695722, 289.1460066383955, 1464.097830385234, -12.136343073026245, 993.7569348753399, -38.33943791723348, 1464.097830385234, -12.136343073026245,62.52074522155898, 901.338518833427, 831.9957216775518, 69.34279715587513, 198.054872605069,0.0, 0.0, 0.1875, 1.3125, 3.875,9.8125, 13.4375, 16.3125, 18.375, 21.375,0.0, 0.5, 2.125, 4.375, 6.5, 6.436842441558838,-4.235382080078125, 333.6875, 425.9375
1, 155.0, 703, 764, 1063, 1124, 0.08299008178710937,0.7520106062258127, 1.541105461413972, 5.073280360593927, 7.674477141246898,0.0005515566227677482, 0.00031427061962858717, 0.0005276555847467534, 0.0024623545858685246, 0.003003071064223377,2361.310546875, 248.66755540868186, 198.37501525878906, 224.87501525878906, 793, 899,208.37501525878906, 194.87501525878906, 833, 779, 21.724273681640625, 227.06437037674567, 17.40484577409534, 245.20621854784204, 27.449215974775125, 215.6775342879708,13.660846703355164, 231.54731039697018, 21.887713191744023, 253.47940299171796, 30.793178649121828, 262.4741200908428,114.68774079286939, 196.87824761518647, 291.1380709075214, 1479.302856193222, -9.446490898273773, 1039.9052555141823, -32.77812503709347, 1479.302856193222, -9.446490898273773,71.37032931801849, 901.095147363259, 844.4243454606631, 56.67080190259594, 202.29707092773828,0.0, 0.0, 0.5625, 1.3125, 3.5625,9.125, 14.9375, 18.9375, 20.4375, 25.5625,0.25, 1.5625, 3.125, 4.6875, 6.125, 3.1578948497772217,-3.651214599609375, 369.0625, 434.3125
1, 160.0, 723, 770, 1083, 1130, 0.08844105529785157,0.8526034133651409, 1.5742336003622037, 4.690792330987751, 6.688047796108293,0.0007287996659204055, 0.0009463300686002185, 0.000832708663538142, 0.0029927859245503893, 0.002713740113208587,1915.24755859375, 207.98031506953382, 203.37501525878906, 226.37501525878906, 813, 905,213.37501525878906, 196.37501525878906, 853, 785, 21.4417781829834, 227.39585311754473, 17.524099568478693, 246.38630242882232, 26.924071141181223, 215.16797156560614,13.45198589793516, 231.3670480443952, 21.596467428083038, 253.3619510587504, 30.726524543247745, 261.22696852953345,112.06913564533302, 192.61587371047264, 283.36927690027346, 1505.1481464904384, -8.664375700245666, 1088.9709815484728, -31.15307933123975, 1505.1481464904384, -8.664375700245666,73.86658601983034, 900.848910561319, 848.9823285200632, 51.86658204125581, 209.53412240639005,0.0, 0.0, 0.4375, 1.8125, 4.8125,10.5, 13.4375, 17.3125, 22.75, 26.25,0.25, 1.25, 2.75, 5.125, 9.0, 6.589474201202393,-3.730255126953125, 270.125, 420.3125
1, 165.0, 736, 767, 1096, 1127, 0.09226339721679688,2.0488138295498346, 3.323616895143933, 5.823479241863824, 4.455448090027785,0.0005268700644251112, 0.0009203071403294416, 0.0018786714290794748, 0.0036309340669936326, 0.0021298980921862663,2523.8271484375, 246.4660293651532, 206.62501525878906, 225.62501525878906, 826, 902,216.62501525878906, 195.62501525878906, 866, 782, 20.995805740356445, 227.75059948265684, 17.366072652835957, 247.5421384290516, 26.316673513879845, 214.83957116023,13.279670244612806, 231.1921405601295, 21.50325915768629, 253.60046126456726, 30.68187102836393, 260.6963447932935,110.25499228709167, 188.94760739513612, 280.05149197157954, 1560.5089498605653, -7.919161592894213, 1140.0374931825347, -28.66750181020049, 1560.5089498605653, -7.919161592894213,78.2460136193818, 900.7635494194026, 855.9760274699009, 44.78752194950164, 203.94269432641212,0.0, 0.0, 0.5, 2.375, 5.6875,10.0, 15.75, 23.3125, 26.4375, 28.9375,0.125, 0.5625, 1.875, 5.0, 10.25, 4.742105007171631,-3.782958984375, 193.9375, 300.625
1, 170.0, 757, 773, 1117, 1133, 0.09895470428466797,2.3363358771905767, 3.7758385251939774, 7.101709547044009, 7.299690676173487,0.0002275341560692823, 0.00048801828219893653, 0.0014108317614883958, 0.0037279205864081183, 0.0027881974262831477,6969.701171875, 341.1248581057513, 211.87501525878906, 227.12501525878906, 847, 908,221.87501525878906, 197.12501525878906, 887, 788, 20.874427795410156, 228.02726312517737, 17.311570859896513, 248.0202181562343, 26.158994351429524, 214.9498998694782,12.993492738892867, 232.53252420360948, 20.897148858145645, 254.50837099018037, 30.246401333123963, 261.2014236220376,107.18318343220774, 184.0982253793913, 270.7318506584977, 1545.8046666375621, -9.372893331085313, 1128.0619567627407, -31.50640022600625, 1545.8046666375621, -9.372893331085313,73.46488892257176, 900.3940605666482, 846.8522156630546, 53.54184490359364, 209.11581492074652,0.0, 0.0, 0.0, 2.75, 7.0,16.0625, 22.125, 26.1875, 29.8125, 30.6875,0.0625, 1.5625, 2.8125, 4.8125, 9.0625, 5.210526466369629,-3.208038330078125, 174.8125, 287.5
1, 175.0, 782, 781, 1142, 1141, 0.10785779571533204,2.1868720771814694, 3.592013417542329, 7.524615848653484, 9.505834833880654,0.0008768640843436512, 0.0011764132390953818, 0.0017257248560508742, 0.0038543905888889177, 0.004081917761225214,3770.798095703125, 334.0659136951793, 218.12501525878906, 229.12501525878906, 872, 916,228.12501525878906, 199.12501525878906, 912, 796, 21.053253173828125, 227.93903074147914, 17.35222265826156, 247.58973488662974, 26.417404325288235, 215.17782726676603,12.800977039406705, 234.36712667505324, 20.155443403610985, 255.70429613271457, 29.414313320981304, 262.85051815562383,105.68276356758123, 181.2458296267425, 262.33423686016374, 1531.087864345465, -11.973464133406786, 1092.8272801091707, -36.900557258358425, 1531.087864345465, -11.973464133406786,64.69375335962458, 900.3315001595178, 833.870996333972, 66.46050382554574, 209.02331740912092,0.0, 0.0, 0.0, 0.5, 4.375,18.3125, 21.3125, 24.0, 24.5625, 25.1875,0.0, 0.8125, 1.4375, 2.0625, 5.6875, 8.63157844543457,-4.282928466796875, 216.8125, 322.4375
1, 180.0, 799, 794, 1159, 1154, 0.1145733413696289,0.6349937328964006, 1.5002090865920765, 5.334183374205604, 7.863220564210788,0.0017613234070347518, 0.0010772827230857728, 0.0006995871030267153, 0.0030623608289317887, 0.003716836960036858,3536.081298828125, 270.0653564103756, 222.37501525878906, 232.37501525878906, 889, 929,232.37501525878906, 202.37501525878906, 929, 809, 21.41827392578125, 227.61668679378957, 17.4187158831702, 246.52254491676715, 26.95502158807991, 215.5305158917857,13.042791662036278, 234.31241685980146, 20.134433355683885, 255.0451009155383, 29.209863269931585, 263.5190024300713,107.2899754866283, 185.13727014027853, 266.2994973771154, 1494.7806591108947, -11.188052328632313, 1049.583664160055, -37.25649151161649, 1494.7806591108947, -11.188052328632313,62.70752107099449, 900.6328175289417, 833.3400950029821, 67.29272252595956, 206.57378704534702,0.0, 0.0, 0.5625, 1.5, 3.5625,21.0, 23.6875, 27.375, 26.3125, 26.0,0.0625, 1.625, 2.8125, 4.0, 6.625, 9.699999809265137,-3.921478271484375, 266.75, 343.0625
1, 185.0, 814, 802, 1174, 1162, 0.12099897003173829,0.7034399781341198, 1.4973653152468616, 4.764749633197207, 5.248991554807872,0.0010302764512721296, 0.000865890914301417, 0.0002397731622295396, 0.002884389025539349, 0.0016541716745689427,2621.6484375, 223.92858350052154, 226.12501525878906, 234.37501525878906, 904, 937,236.12501525878906, 204.37501525878906, 944, 817, 21.766254425048828, 227.60530769863232, 17.605400363148554, 245.947303409957, 27.38776245342381, 215.934513559005,13.165231850492022, 234.23830930730682, 20.328653007475086, 254.90020528248567, 29.164523386951167, 263.43447200890324,107.91142494588478, 186.14076908323733, 267.895705022414, 1393.346383129923, -13.65874062652641, 968.8002224651088, -39.86473782743749, 1393.346383129923, -13.65874062652641,55.999207777949074, 898.2625106209425, 825.5121062265328, 72.75040439440977, 207.9841240993946,0.0, 0.0, 0.0625, 0.375, 1.25,24.5625, 26.625, 32.4375, 34.0, 32.0,0.0, 1.0625, 3.0, 7.125, 10.25, 2.3684210777282715,-4.595367431640625, 265.5, 347.0
1, 190.0, 833, 808, 1193, 1168, 0.1298875732421875,0.7900794985378162, 1.8514370275636607, 4.775275429149624, 4.3913359588033565,0.0008300945109908752, 0.000892903500812281, 0.000822687283553023, 0.0030522821310273686, 0.0019850498090954716,2819.364501953125, 199.46076966508568, 230.87501525878906, 235.87501525878906, 923, 943,240.87501525878906, 205.87501525878906, 963, 823, 21.63633155822754, 228.4087701714576, 17.684833589731543, 247.16409919617143, 27.12947279364875, 216.31023309460508,13.23867922532113, 233.06096227931502, 20.635176613170017, 254.15051005880673, 29.0986601519149, 261.7182367157758,107.23801705795658, 185.94871962742388, 269.91045303194846, 1345.6912033260721, -14.170222062993833, 954.1500137132487, -38.93698199848076, 1345.6912033260721, -14.170222062993833,52.44516719453267, 895.6740566013411, 822.5843493509759, 73.08970725036522, 210.09636294743993,0.0, 0.0, 0.125, 0.5, 1.75,16.8125, 24.3125, 29.6875, 28.5, 23.3125,0.125, 1.4375, 2.9375, 4.375, 5.6875, 2.494736909866333,-3.57421875, 268.3125, 373.3125
1, 195.0, 852, 813, 1212, 1173, 0.13971424865722656,1.2572109334624837, 2.368287850620691, 5.571091013796395, 5.558334678043611,0.0007410267907539492, 0.0008544240936066671, 0.0012883576246963458, 0.003166563673987639, 0.0024823875405695617,2920.072509765625, 236.53362490522323, 235.62501525878906, 237.12501525878906, 942, 948,245.62501525878906, 207.12501525878906, 982, 828, 21.02619743347168, 229.16768615051606, 17.562718826423794, 249.10272302637742, 26.23457356889012, 215.97352029792023,13.249945938385641, 230.52701673875367, 21.073149888040795, 252.5901123617823, 29.383949784637295, 258.44826999025383,106.51510073923102, 184.8885606345687, 272.41628323593847, 1339.5883049140573, -12.430135893149506, 990.1739063180606, -33.58226431122402, 1339.5883049140573, -12.430135893149506,55.18855142931515, 892.9783584726315, 827.3322175136386, 65.64614095899287, 214.00261470396393,0.0, 0.0, 0.0, 0.125, 1.4375,17.1875, 18.4375, 22.3125, 21.25, 19.4375,0.0625, 0.6875, 2.25, 4.0625, 5.125, 2.6894733905792236,-3.371368408203125, 303.0, 336.625
1, 200.0, 874, 818, 1234, 1178, 0.15242662048339845,1.4469405668298716, 2.7284949179273097, 6.581509808887491, 7.033511701656387,0.0009268367113585893, 0.0010056850955243136, 0.001509277052186917, 0.003429375563216581, 0.0029522952415811684,3399.171875, 254.69231284270458, 241.12501525878906, 238.37501525878906, 964, 953,251.12501525878906, 208.37501525878906, 1004, 833, 20.5687313079834, 229.23413023076196, 17.476747991410004, 249.9965335811135, 25.557949150399892, 215.205560850013,13.233794072947187, 228.54510074729106, 21.561184327560078, 251.32696449743682, 29.716291150847557, 256.4520379222909,107.2345230852456, 186.58115775676208, 280.86338526592084, 1268.6792186161913, -10.835266683132511, 955.5080214861564, -29.62152216099781, 1268.6792186161913, -10.835266683132511,55.374401491142464, 889.5557220973266, 831.0432024469959, 58.51251965033066, 222.94861211199247,0.0, 0.0, 0.25, 0.875, 3.25,14.0, 14.0, 16.8125, 18.8125, 23.25,0.125, 1.125, 1.8125, 3.25, 7.25, 4.936842441558838,-3.5618896484375, 347.9375, 327.75
1, 205.0, 896, 826, 1256, 1186, 0.16678155517578125,1.5315407021879217, 2.704816072403919, 6.385488734396639, 8.288104814043033,0.0003891756297764459, 0.0009148261331074536, 0.001636564079699383, 0.0033135764670316806, 0.003345433187937488,3791.306396484375, 263.4747954603503, 246.62501525878906, 240.37501525878906, 986, 961,256.625, 210.37501525878906, 1026, 841, 20.693662643432617, 228.65493018914486, 17.593409335009678, 249.27293589899426, 25.679316730597588, 214.69429066687954,12.993270127768437, 229.9571467355428, 21.339447634692345, 252.38542525273536, 29.16844541602496, 258.3720860602515,107.12724048784887, 186.0182098915575, 281.3519712848253, 1115.6853590236717, -17.105029532639545, 815.3033999409755, -36.992909514710725, 1115.6853590236717, -17.105029532639545,41.95492194369938, 886.4380566124657, 812.7889438408176, 73.6491127716481, 233.50339583933786,0.0, 0.0, 0.0, 0.6875, 1.8125,10.75, 17.25, 20.5, 20.1875, 21.5625,0.125, 0.9375, 1.6875, 3.0, 5.3125, 4.984210968017578,-4.181396484375, 324.6875, 326.5
1, 210.0, 912, 833, 1272, 1193, 0.1783972930908203,1.2224664096429478, 2.326849936452927, 5.471010591320812, 7.1222450504207515,0.00041624116787943423, 0.0010547649192267272, 0.0014717689115286703, 0.003025545449110041, 0.0031046247169001623,2928.09326171875, 223.56718557810075, 250.62501525878906, 242.12501525878906, 1002, 968,260.625, 212.12501525878906, 1042, 848, 21.116363525390625, 228.31828382533328, 17.693974315139474, 248.1995037490518, 26.29115668187863, 215.08782787799205,12.78963820369124, 233.64058579266066, 20.726125064830903, 255.11159963729756, 28.317483881377516, 261.74727868012667,104.57038982939683, 181.11108831138915, 268.90131519032275, 1018.1806297328961, -28.919854767653863, 703.9295635436021, -53.06913888320948, 1018.1806297328961, -28.919854767653863,26.558822882955948, 883.517783712248, 784.4072338402124, 99.11054987203568, 228.4930565832856,0.0, 0.0, 0.125, 0.25, 1.875,14.3125, 17.375, 22.6875, 28.4375, 25.625,0.0625, 0.6875, 1.8125, 3.1875, 7.25, 7.726315975189209,-4.473907470703125, 344.625, 321.375
1, 215.0, 936, 837, 1296, 1197, 0.19794664001464843,1.3345215860932513, 2.3130613052024276, 4.865586082294468, 6.334857803669949,0.00047024452051232403, 0.0010153975255781233, 0.0017119870509867494, 0.00303891541297869, 0.0030609820021038556,1633.6732177734375, 180.74137918124143, 256.625, 243.12501525878906, 1026, 972,266.625, 213.12501525878906, 1066, 852, 21.273523330688477, 228.78591955704738, 17.601601113052585, 248.24264889347833, 26.60468378417097, 216.0548630620188,12.468042953651276, 236.78110677303252, 20.226443459726685, 257.58457890932743, 27.260893531424443, 264.15056270186574,102.09883924513309, 174.84665169683572, 259.49595107675475, 942.7378013165549, -42.16020466169575, 620.9988535967309, -68.56463091965013, 942.7378013165549, -42.16020466169575,16.291530780673046, 880.5025540444827, 761.971360834961, 118.53119320952169, 225.656577447293,0.0, 0.0, 0.25, 0.8125, 2.3125,16.5, 23.1875, 29.0625, 28.5, 27.125,0.0, 1.8125, 3.9375, 5.375, 7.75, 6.700000286102295,-4.6214599609375, 303.5625, 347.9375
0, 220.0, 958, 841, 1318, 1201, 0.21842965698242187,1.4247502454039935, 2.189235164916609, 3.720227728812315, 4.054577317712538,0.0008206530237544028, 0.0015503247321919393, 0.0019655061397827463, 0.0036408273392298427, 0.003012220110909425,1471.899658203125, 148.10607882559754, 262.125, 244.12501525878906, 1048, 976,272.125, 214.12501525878906, 1088, 856, 21.366872787475586, 229.2830207248409, 17.487177046462875, 248.39677087596965, 26.8288107741598, 216.95956629950254,12.35154254670021, 237.9369796862738, 20.291409409134335, 258.5680168667825, 26.85776736979495, 264.62165450929984,99.32807685483431, 170.44373505264693, 255.9400678118259, 861.4310050293155, -48.3248163605768, 561.482590953953, -74.35634599087861, 861.4310050293155, -48.3248163605768,11.994637094379163, 877.711537275031, 750.3270163239806, 127.38452095105038, 232.6901485141951,0.0, 0.0, 0.0, 0.6875, 2.0625,16.5625, 20.5, 24.5, 29.4375, 30.8125,0.125, 0.875, 1.8125, 4.8125, 7.9375, 5.221053123474121,-4.176727294921875, 263.625, 349.875
0, 225.0, 979, 864, 1339, 1224, 0.24061402893066408,0.06887503920326708, 0.10017579009057954, 2.5460755562176933, 3.7918825684348123,0.0007500424095997008, 0.0009657783433385703, 0.0009993195961953915, 0.0022601333892953335, 0.0028369594341324956,1319.4637451171875, 122.37009331052677, 267.375, 249.87501525878906, 1069, 999,277.375, 219.87501525878906, 1109, 879, 21.27632713317871, 229.86784884233407, 17.426301406368072, 249.1101873515348, 26.724301009847668, 217.45810426947722,12.516371043294956, 234.4096650932041, 21.472992881518845, 255.95999109448317, 27.493437696410613, 261.74432803840523,101.51373102197577, 173.08082431355652, 269.5502544975117, 843.5976392950887, -40.17378626152549, 576.217968417328, -61.15242841211349, 843.5976392950887, -40.17378626152549,16.46510713242742, 875.0279994111406, 762.2409776695159, 112.7870217416247, 242.86373429276324,0.0, 0.0, 0.0, 0.1875, 1.9375,12.4375, 20.1875, 26.0, 30.4375, 33.8125,0.125, 1.1875, 2.8125, 6.375, 11.9375, 3.984210729598999,-3.860504150390625, 312.4375, 329.5
0, 230.0, 983, 875, 1343, 1235, 0.24516014099121095,-0.19633191656088456, 0.13841628283960744, 2.0197201498004143, 1.3841359986917814,-7.146242217686449e-05, 0.000815756033089201, 0.0011204287011355519, 0.0015920559771996068, 0.0007341292123417987,1340.0186767578125, 75.76858915386978, 268.375, 252.62501525878906, 1073, 1010,278.375, 222.62501525878906, 1113, 890, 20.990751266479492, 230.04537911924103, 17.44619333127663, 249.93436445110888, 26.255543470348783, 216.9805025360036,12.565230590270536, 235.2776045517943, 21.303840201035992, 256.82533508118877, 27.5073399270178, 262.0733109299681,102.84194043359437, 175.7150004154131, 270.4325717608319, 762.6315112603377, -48.36902521111496, 517.4546918263146, -69.37425650110791, 762.6315112603377, -48.36902521111496,10.887783623315325, 872.209808999947, 746.506641453622, 125.70316754632495, 249.05849386080038,0.0, 0.0, 0.0, 0.1875, 1.625,18.5625, 24.1875, 31.1875, 33.875, 35.9375,0.0, 1.0, 4.25, 7.0625, 11.6875, 2.1315791606903076,-3.25537109375, 327.25, 249.5
0, 235.0, 999, 889, 1359, 1249, 0.26445465087890624,-0.4123610585031565, -0.25289812158676794, 1.5021929888555314, 1.402448009092186,-0.00024996609528557203, -9.234853200496218e-05, 0.00057015880542167, 0.0005477357393363036, 0.0001831795341311704,618.9315185546875, 39.41956292670765, 272.375, 256.125, 1089, 1024,282.375, 226.12501525878906, 1129, 904, 20.992624282836914, 230.4446446573633, 17.46554612375163, 250.34999414144747, 26.24567146681954, 217.34951293762535,11.94314726215611, 238.6070485646087, 20.634731329851185, 258.7775943912752, 26.484087467746114, 263.85716509587866,94.89469300619645, 163.99001651109077, 253.90251908720967, 654.2451191460709, -63.25347528395723, 413.01267787574574, -92.14529571491855, 654.2451191460709, -63.25347528395723,5.64498705556205, 868.653483761046, 730.6247653237293, 138.02871843731668, 251.93394231915622,0.0, 0.0, 0.0, 0.0625, 0.1875,15.1875, 21.625, 29.1875, 33.875, 32.5625,0.0, 0.5625, 2.375, 4.375, 5.0625, 4.642105579376221,-3.233062744140625, 302.75, 241.5
0, 240.0, 1038, 891, 1398, 1251, 0.31974761962890624,0.055958043422433545, 0.23128905793535523, 0.6417632186127594, 1.6693063962378076,6.37836355835475e-05, 0.00035927207753047694, 0.00036274034583129834, 0.001748301318898484, 0.0012733598944396362,562.656494140625, 47.199758288871976, 282.125, 256.625, 1128, 1026,292.125, 226.62501525878906, 1168, 906, 21.20595932006836, 230.69834520389426, 17.54038036251051, 250.23137665666283, 26.537152614423434, 217.93073185846805,11.452903272880631, 240.29028038366664, 20.435217643461783, 258.3373750388895, 25.535094610474015, 263.35320641815844,90.21604882895309, 151.7827874428286, 236.36782969936422, 597.7695864517027, -64.77280474460144, 325.6698577945144, -94.14133686303806, 597.7695864517027, -64.77280474460144,7.006372389807307, 864.8664678179688, 730.3379311678059, 134.5285366501629, 250.36979006246204,0.0, 0.0, 0.0, 0.0, 0.0,13.5625, 18.5625, 24.5625, 26.0, 23.375,0.0, 0.25, 0.5625, 1.25, 1.8125, 2.026315450668335,-2.496856689453125, 241.1875, 273.6875
0, 245.0, 1055, 902, 1415, 1262, 0.34792691040039064,0.13172513142053505, 0.22579476025537587, -0.051016613231040536, 0.8849034467816818,7.313983678102432e-05, 0.00039777241667593444, 0.0005859241698044571, 0.0012829430090022242, 0.0003517055315288076,508.34832763671875, 29.572502047007966, 286.375, 259.375, 1145, 1037,296.375, 229.37501525878906, 1185, 917, 21.370838165283203, 230.9037153318582, 17.625277691449806, 250.1770325345149, 26.74462660537307, 218.33993043010412,11.92563406125538, 236.49668403561483, 21.40192748692919, 255.0672034076925, 26.288474145019364, 260.28997585843445,95.62598904989474, 157.31860974851952, 245.18192999987383, 548.7152772038916, -55.009381585323915, 296.5297375420355, -81.55503369350755, 548.7152772038916, -55.009381585323915,10.17998214663416, 862.8556732076089, 737.9678617011468, 124.88781150646207, 252.75619286231498,0.0, 0.0, 0.0, 0.0, 0.0,10.3125, 10.9375, 14.4375, 15.5, 12.875,0.0, 0.0, 0.0, 0.0625, 0.0, 1.5789473056793213,-2.497589111328125, 212.25, 226.3125
0, 250.0, 1072, 914, 1432, 1274, 0.37876873779296877,0.01363542961596977, -0.0031730310386046765, -0.14016939510183873, 0.21458607407606908,2.317332441407416e-05, 0.0003171431036253125, 0.0006500323030195432, 0.0011335197932231722, 7.539906056592824e-05,236.21563720703125, 11.886362362456582, 290.625, 262.375, 1162, 1049,300.625, 232.37501525878906, 1202, 929, 21.232662200927734, 230.9988325462398, 17.84138156856136, 250.7894819628507, 26.378723264388164, 217.7604424454845,11.628664107078977, 238.24884612377656, 21.08658657643799, 255.6348467692339, 25.666695419266823, 261.1568088263791,92.99574187478423, 152.2191772768507, 236.37492116117858, 474.03491635220826, -62.66389492908663, 232.15134730183564, -88.01277542001554, 474.03491635220826, -62.66389492908663,6.960854229239101, 859.1930030340374, 728.2255655764716, 130.96743745756578, 256.8019465555464,0.0, 0.0, 0.0, 0.0, 0.0,3.875, 5.125, 5.75, 5.625, 5.0,0.0, 0.0, 0.0, 0.0, 0.0, 1.494736909866333,-2.757781982421875, 204.1875, 160.9375
0, 255.0, 1116, 925, 1476, 1285, 0.47083932495117187,-0.044548194857852656, -0.18366745677711152, -0.7423579633247572, -0.09315666825859807,-8.164462312038268e-05, 2.4935134958639083e-05, -1.0890864696193602e-05, 0.0011130391559981945, 0.0006198591439019196,76.95915985107422, 4.867054724115579, 301.625, 265.125, 1206, 1060,311.625, 235.12501525878906, 1246, 940, 21.31814193725586, 231.1766770118486, 17.983677039290065, 250.93277656005412, 26.41995005713692, 217.8746914820075,10.933669899729445, 251.17902260001435, 18.629777726452033, 262.37392121571867, 22.92847246746595, 267.2275082814431,81.31720629190946, 131.67476544434726, 189.74250602395466, 409.5354745024345, -93.64317367849858, 122.2399410239849, -130.64358584836373, 409.5354745024345, -93.64317367849858,1.7836088166958586, 854.0340136257468, 699.8605554586692, 154.17345816707757, 256.26951587024865,0.0, 0.0, 0.0, 0.0, 0.0,0.1875, 0.25, 0.6875, 2.375, 3.9375,0.0, 0.0, 0.0, 0.0, 0.0, 0.44736814498901367,-2.482330322265625, 127.0625, 124.375
0, 260.0, 1126, 933, 1486, 1293, 0.4939410095214844,0.04351335342009407, -0.08142731490057485, -0.2933778617641656, 0.14001613304717467,-8.394333587375514e-05, 0.0001350711710563246, 6.792647573945487e-05, 0.0007318449017176932, -0.00022355006301296498,35.625362396240234, 2.179843492805346, 304.125, 267.125, 1216, 1068,314.125, 237.12501525878906, 1256, 948, 22.124427795410156, 232.41005891179117, 18.14750650565355, 250.66966350772168, 27.60703949454813, 220.5241729759937,10.92080459929362, 251.69694218439807, 18.85245542067381, 262.2493249048793, 22.701868877333343, 267.96419882494234,80.90019942285875, 129.26285283616954, 186.78614538199884, 340.1743805410984, -96.76247068541171, 71.45997577768523, -137.27156023046797, 340.1743805410984, -96.76247068541171,0.8373465951893726, 851.1102324200332, 691.5087360944583, 159.60149632557489, 263.9951567801746,0.0, 0.0, 0.0, 0.0, 0.0,0.25, 0.0, 0.0, 0.125, 2.4375,0.0, 0.0, 0.0, 0.0, 0.0, 0.0,-2.289154052734375, 111.5, 72.625
0, 265.0, 1205, 981, 1565, 1341, 0.6783493041992188,-0.04948656890381245, -0.10229539461608511, 0.10464355715899729, -0.08368444175284821,-0.00011612676315195358, -8.459447065405357e-05, -0.00021341044839232374, 4.71436187638119e-05, 0.0003322111042166398,16.641395568847656, 0.8960187804226736, 323.8750305175781, 279.125, 1295, 1116,333.8750305175781, 249.12501525878906, 1335, 996, 22.163291931152344, 232.81933750723667, 18.06872676065153, 250.8850850425677, 27.72082339250525, 221.15769819009404,11.402768549943406, 253.87802649205824, 17.846080831106246, 260.8870573352986, 20.605116234763273, 270.4141230207999,83.95091518365658, 133.8715778057274, 183.8031028813695, 292.40430412572556, -97.71608025125805, -21.10776914500894, -173.69403459297217, 292.40430412572556, -97.71608025125805,0, 846.8855530036925, 651.3479581692028, 195.5375948344897, 244.31740534739689,0.0, 0.0, 0.0, 0.0, 0.0,0.0, 0.0, 0.0, 0.0, 0.0,0.0, 0.0, 0.0, 0.0, 0.0, 0.0,-1.10882568359375, 2.75, 40.5625
0, 270.0, 1212, 962, 1572, 1322, 0.691818115234375,0.028357298780756535, 0.0736518182331929, -0.1266016677673906, -0.43244812704928337,-0.00010487276181152083, -6.603934973668401e-05, 0.00010897273208485103, 0.0007291696461257397, 0.0004312679174745426,10.274249076843262, 0.6378013847909919, 325.6250305175781, 274.375, 1302, 1097,335.6250305175781, 244.37501525878906, 1342, 977, 23.371973037719727, 234.70746134101665, 19.12250380883791, 251.51666893694014, 28.97116105824934, 223.70343237288034,10.881149250596245, 254.0720448456216, 18.012611009424365, 261.14839403332167, 20.081274117072496, 271.5581660463987,77.83340061980002, 123.32073724081776, 173.3866364427949, 199.3285236354828, -98.18848544133076, 0, 0, 199.3285236354828, -98.18848544133076,0, 844.0230771500917, 642.5649410522389, 201.45813609785284, 267.92199787742663,0.0, 0.0, 0.0, 0.0, 0.0,0.0, 0.0, 0.0, 0.0, 0.0,0.0, 0.0, 0.0, 0.0, 0.0, 0.0,-1.144073486328125, 2.5, 0.0
0, 275.0, 1228, 979, 1588, 1339, 0.7183219604492188,0.043770072634943064, 0.09988992748883901, 0.041719610983273016, -0.39356856750724545,-0.00010922520865733532, -4.1449542763984936e-05, 0.00010152803469665628, 0.0011386575532881694, -4.687259134868782e-05,5.417022228240967, 0.4825842040803654, 329.6250305175781, 278.625, 1318, 1114,339.6250305175781, 248.62501525878906, 1358, 994, 23.383644104003906, 234.95912649117494, 18.953680677673834, 251.487039558785, 29.100645691074792, 224.28123035965868,11.308334622972067, 252.97316303081496, 18.392772950928535, 261.1279307865683, 20.224632289642027, 271.82779459407413,83.6135797366443, 131.78812023239638, 184.768835727795, 157.15786345217123, -105.87346890072844, 0, 0, 157.15786345217123, -105.87346890072844,0, 841.5563065172429, 618.3872908170936, 223.16901570014932, 263.7736384436717,0.0, 0.0, 0.0, 0.0, 0.0,0.0, 0.0, 0.0, 0.0, 0.0,0.0, 0.0, 0.0, 0.0, 0.0, 0.0,-0.918694794178009, 0.0, 0.0
0, 280.0, 1273, 1000, 1633, 1360, 0.749831298828125,-0.06101751089605385, -0.0871822157495626, 0.2053543443750823, -0.21852987981692423,-8.771953871345772e-05, -0.00013058908295647596, -0.00014336495844077034, 0.0011786617040246482, 0.00043965753790303096,4.763981819152832, 0.622094907034443, 340.8750305175781, 283.875, 1363, 1135,350.8750305175781, 253.87501525878906, 1403, 1015, 23.44625473022461, 235.49899830355108, 18.929287329893462, 251.8376989754497, 29.217047044856365, 224.99757660964752,11.041040587216186, 257.70998118248883, 17.239126632257456, 264.16593062749826, 18.775412807268573, 275.1750107591089,81.25925569448793, 128.7811075312523, 176.61511193115982, 96.44422982415689, -145.47776324876872, 0, 0, 96.44422982415689, -145.47776324876872,0, 836.6012654751557, 588.3943738363795, 248.20689163877626, 296.977524230438,0.0, 0.0, 0.0, 0.0, 0.0,0.0, 0.0, 0.0, 0.0, 0.0,0.0, 0.0, 0.0, 0.0, 0.0, 0.0,-0.8359112739562988, 0.0, 0.0
0, 285.0, 1313, 1006, 1673, 1366, 0.716863037109375,-0.06192992363052326, -0.0843921136129211, 0.15468107130407588, -0.02107638987057726,1.1454241673405364e-05, -3.9516590430821455e-05, -9.223555002733974e-05, 0.0004692540819527836, 0.0012060840664287298,5.330657005310059, 0.7293150198571658, 350.8750305175781, 285.375, 1403, 1141,360.8750305175781, 255.37501525878906, 1443, 1021, 23.86527442932129, 235.93936792009848, 18.973035488545282, 251.29190058847732, 29.860115225767316, 226.2546816358308,9.940374194010564, 259.08988430050647, 15.706854920426165, 264.4128419659942, 17.87734091236074, 275.0137773135616,72.97517163389755, 111.85330307785858, 153.1411130274104, 123.87137883611481, -168.368148982903, 0, 0, 123.87137883611481, -168.368148982903,0, 833.8016646315457, 591.8748205175178, 241.92684411402786, 291.9734005969749,0.0, 0.0, 0.0, 0.0, 0.0,0.0, 0.0, 0.0, 0.0, 0.0,0.0, 0.0, 0.0, 0.0, 0.0, 0.0,-0.8342036008834839, 0.0, 0.0
0, 290.0, 1320, 1038, 1680, 1398, 0.70588232421875,-0.08123334199430246, -0.12330400071590703, 0.21516380702698373, -0.013939832040050533,1.8614582636331534e-05, -4.065306350042874e-05, -0.00013880108994399618, 0.0011569071302574229, -9.540398577826182e-05,4.620518684387207, 0.7063101995896068, 352.6250305175781, 293.375, 1410, 1173,362.6250305175781, 263.375, 1450, 1053, 23.741073608398438, 235.32637210246818, 18.868722904630978, 250.80858591389645, 29.72790754323784, 225.57168646232165,10.001028729921703, 263.7730035049258, 16.093467914679234, 270.23356013990144, 17.96916802492018, 282.4505419233848,74.32919291514742, 113.88683948448339, 161.17357502549075, 90.95480533279046, -224.02187769536707, 0, 0, 90.95480533279046, -224.02187769536707,0, 829.5760016948277, 559.7035855627679, 269.8724161320598, 306.22396062696004,0.0, 0.0, 0.0, 0.0, 0.0,0.0, 0.0, 0.0, 0.0, 0.0,0.0, 0.0, 0.0, 0.0, 0.0, 0.0,-0.9054130911827087, 0.0, 0.0
0, 295.0, 1364, 1034, 1724, 1394, 0.6143009033203125,-0.16059007296127673, -0.19114305541530482, 0.1250466735693044, 0.10310809273127233,0.00011770073469392628, -4.873341149902899e-05, -7.681777118733634e-05, 0.000866101186332457, 0.0008241281301991421,5.0984086990356445, 0.8548813054921143, 363.6250305175781, 292.375, 1454, 1169,373.6250305175781, 262.375, 1494, 1049, 23.875646591186523, 235.7996495704367, 18.234087558627476, 249.40223168044952, 30.33333205698432, 227.67218366094298,8.919312168348565, 264.76059421739626, 13.09331524828393, 270.2231509316063, 16.63221856378878, 281.0993255998812,59.66553051770829, 98.01540404596382, 128.79602488332293, 91.13674867861978, -273.20691862107606, 0, 0, 91.13674867861978, -273.20691862107606,0, 825.3228035653351, 562.3416861887767, 262.98111737655836, 305.3834016886762,0.0, 0.0, 0.0, 0.0, 0.0,0.0, 0.0, 0.0, 0.0, 0.0,0.0, 0.0, 0.0, 0.0, 0.0, 0.0,-0.9162571430206299, 0.0, 0.0
0, 300.0, 1381, 1068, 1741, 1428, 0.573383544921875,-0.13811970167967957, -0.16121040099256786, 0.16752874221099773, 0.14333593201779876,0.00013513782564814392, -1.7671387487894209e-06, -7.380897313865376e-05, 0.0012701282306824169, 0.000303713239420631,4.003978252410889, 0.8171532954466239, 367.8750305175781, 300.875, 1471, 1203,377.8750305175781, 270.875, 1511, 1083, 23.43509292602539, 234.55398699036647, 17.627246679990787, 247.96192866656153, 30.00312209541566, 226.72398087011837,8.287963130364716, 265.7870077251091, 12.257782791760542, 272.26036413458934, 16.573745878849305, 285.2512883133052,49.95749456232605, 88.53067452821688, 120.28449931954242, 90.88150368111693, -317.32728228120646, 0, 0, 90.88150368111693, -317.32728228120646,0, 822.4756748737174, 553.773097211322, 268.70257766239536, 322.8471743694515,0.0, 0.0, 0.0, 0.0, 0.0,0.0, 0.0, 0.0, 0.0, 0.0,0.0, 0.0, 0.0, 0.0, 0.0, 0.0,-0.9565863013267517, 0.0, 0.0
0, 305.0, 1447, 1238, 1807, 1598, 0.4205862731933594,-0.10425755203941661, -0.16840195632059476, -0.0468737678299658, 0.10489684313593899,0.0001695265202056362, 8.7465122373942e-05, 1.8654289547725965e-07, -1.5408896003918927e-05, -7.249853518942473e-05,3.8009397983551025, 0.20371739498326846, 384.3750305175781, 343.3750305175781, 1537, 1373,394.3750305175781, 313.375, 1577, 1253, 23.247154235839844, 234.07396129549795, 17.307345114378702, 247.18253736316012, 29.89675888093794, 226.5296068858532,6.918006951655477, 265.79008131023556, 8.604793322283218, 284.2655690726673, 12.069776102290879, 260.82296284012716,47.78044918785207, 78.77773532141495, 98.9765238580406, 146.6645497655617, -378.4197324464413, 0, 0, 146.6645497655617, -378.4197324464413,0, 822.3975692318977, 577.9811254761003, 244.41644375579745, 350.2309516411002,0.0, 0.0, 0.0, 0.0, 0.0,0.0, 0.0, 0.0, 0.0, 0.0,0.0, 0.0, 0.0, 0.0, 0.0, 0.0,-0.6402412056922913, 0.0, 0.0
0, 310.0, 1701, 1405, 2399, 1599, 0.13288389587402344,0.028908191804148373, 0.0490558097739995, 0.25250407804378483, -0.1589014397619758,-0.00015848584114280584, 1.6275764499766867e-05, 8.063034554368188e-05, -4.212635805629361e-05, 0.0009594037699821456,5.751833915710449, 0.4674681503423267, 447.8750305175781, 385.1250305175781, 1791, 1540,457.8750305175781, 355.1250305175781, 1831, 1420, 22.82398796081543, 226.15785400972322, 19.794514074122517, 244.73336514799175, 27.61423733481285, 212.95808961074982,11.057474047999087, 238.03818942939503, 24.243234773355958, 275.64102090580053, 25.85613510921104, 258.22352944580376,114.49777120685712, 162.60541701809655, 290.58150496414646, 51.599707015113914, -369.80368085403694, 1.907829658872179, -388.0990838253691, 51.599707015113914, -369.80368085403694,0, 844.2334782848604, 542.3238796466042, 301.9095986382563, 354.4669324363507,0.0, 0.0, 0.0, 0.0, 0.0,0.0, 0.0, 0.0, 0.0, 0.0,0.0, 0.0, 0.0, 0.0, 0.0, 0.0,-0.1679149866104126, 0.0, 0.0
0, 315.0, 1749, 1414, 2399, 1599, 0.11134162902832032,0.08150521721854602, 0.13458876339893322, 0.19189703495416324, -0.07521072661587823,-1.9992105938939632e-05, 5.253481289969386e-05, 8.309345998384287e-05, 3.621967908657098e-05, 0.0008554126835724673,7.968847274780273, 0.5018386169495851, 459.8750305175781, 387.3750305175781, 1839, 1549,469.8750305175781, 357.3750305175781, 1879, 1429, 20.899267196655273, 224.35191101203682, 17.151525030457744, 244.1097110270334, 26.30368758755488, 211.617921328946,10.667288333690804, 238.05795599685305, 25.39208931466466, 276.7107651336079, 25.896414568823243, 254.16695715432812,126.23262134715408, 161.71970916111417, 342.38930851856185, 65.50981670342061, -380.90755643227743, 14.029089117250743, -399.8752146055114, 65.50981670342061, -380.90755643227743,0, 846.958184249476, 517.8198419639134, 329.13834228556254, 352.5067965140693,0.0, 0.0, 0.0, 0.0, 0.0,0.0, 0.0, 0.0, 0.0, 0.0,0.0, 0.0, 0.0, 0.0, 0.0, 0.0,-0.2507493197917938, 0.0, 0.0
0, 320.0, 1839, 1445, 2399, 1599, 0.08247172546386719,0.05386867103318764, 0.0925016791485359, 0.08551592101808637, -0.0519319315534085,-6.581889056036516e-06, 1.0138905507233176e-05, 6.676048992062533e-06, -0.00021231610529810042, -0.000989251603929233,5.995927810668945, 0.321278543574349, 482.3750305175781, 395.1250305175781, 1929, 1580,492.3750305175781, 365.1250305175781, 1969, 1460, 20.570363998413086, 224.29948247996782, 16.726874520306698, 244.29381327220014, 26.057463974356892, 211.62035739182812,12.687888053211353, 234.4634186819721, 24.407465632872224, 267.87581617708236, 23.236609959246415, 253.2070696891312,148.08773358701782, 205.53077728492661, 336.52768432773166, 93.61632402600605, -338.5706434421271, 34.04646293530945, -367.900463899741, 93.61632402600605, -338.5706434421271,0, 849.9780476720837, 501.0108977768182, 348.9671498952655, 333.83758310807167,0.0, 0.0, 0.0, 0.0, 0.0,0.0, 0.0, 0.0, 0.0, 0.0,0.0, 0.0, 0.0, 0.0, 0.0, 0.0,-0.043977655470371246, 0.0, 0.0
0, 325.0, 1891, 1445, 2399, 1599, 0.07048192596435547,0.040769952349091906, 0.06035509045890648, 0.28548134185082746, -0.1365043718981906,-4.097216527938485e-06, 2.2710374851442337e-05, 7.431014094834154e-06, -0.0004385601887454982, 0.00022989222870137383,4.031787872314453, 0.291124523056718, 495.3750305175781, 395.1250305175781, 1981, 1580,505.3750305175781, 365.1250305175781, 2021, 1460, 20.057329177856445, 224.68310688489075, 16.448072522648626, 245.53699751289224, 25.42742350469376, 211.36987258474983,12.800155741312793, 233.426268116884, 23.538837461611376, 264.1623106272381, 24.132909029410143, 258.01184822304674,144.88512985232938, 203.68398480945473, 311.8456297369468, 94.28769352290018, -312.8406677854495, 40.195412251004136, -342.2521269114484, 94.28769352290018, -312.8406677854495,0, 853.1158771336593, 479.1499046798734, 373.9659724537859, 330.50990104311995,0.0, 0.0, 0.0, 0.0, 0.0,0.0, 0.0, 0.0, 0.0, 0.0,0.0, 0.0, 0.0, 0.0, 0.0, 0.0,-0.06556020677089691, 0.0, 0.0
0, 330.0, 1919, 1450, 2399, 1599, 0.06504756164550782,0.04175093771609162, 0.06868955522650919, 0.3036353267443233, -0.09594988773377346,-2.139652000859574e-05, 5.805904089096917e-06, 6.999728795530506e-06, -0.0004906643898669115, 0.00047441303667125926,3.632657051086426, 0.27048197601960505, 502.3750305175781, 396.3750305175781, 2009, 1585,512.375, 366.3750305175781, 2049, 1465, 19.477617263793945, 224.57745751880898, 15.184072370056938, 245.17600498759455, 25.312034840779877, 212.39373369112417,13.104158314947691, 231.8488495884479, 23.051593024703834, 263.85462426550737, 22.382300932337753, 255.68769877303146,135.93176634194194, 201.64344018021043, 321.61660948082834, 95.47798379875488, -299.3013881422541, 45.648511799830466, -318.1951486036283, 95.47798379875488, -299.3013881422541,0, 854.9465219085063, 486.93849979259227, 368.008022115914, 328.81889975922496,0.0, 0.0, 0.0, 0.0, 0.0,0.0, 0.0, 0.0, 0.0, 0.0,0.0, 0.0, 0.0, 0.0, 0.0, 0.0,-0.07568161934614182, 0.0, 0.0
0, 335.0, 1974, 1441, 2399, 1599, 0.05601027679443359,0.014967998332886059, 0.02276406697332277, 0.16453786504484014, -0.010049068745574914,-4.7715111080037784e-08, 1.3408349564230094e-05, 1.5497216192983387e-05, -0.0006280049498741391, -0.0010437197154340083,1.7823278903961182, 0.18309999176947933, 516.125, 394.1250305175781, 2064, 1576,526.125, 364.1250305175781, 2104, 1456, 19.306257247924805, 224.510767551753, 14.958113729031025, 245.22705152722438, 25.183684624369548, 212.38209208541195,12.988221813393153, 231.06177956963063, 22.300262911514842, 264.25149923742015, 21.970348903564773, 260.07172399369585,134.29449304352966, 198.46921694950404, 314.6015702039791, 88.2377889882579, -292.3157513525786, 24.71910923419059, -272.3312100303573, 88.2377889882579, -292.3157513525786,0, 857.8246477868845, 499.7842785513083, 358.0403692355762, 330.74095923594734,0.0, 0.0, 0.0, 0.0, 0.0,0.0, 0.0, 0.0, 0.0, 0.0,0.0, 0.0, 0.0, 0.0, 0.0, 0.0,-0.12098381668329239, 0.0, 0.0
0, 340.0, 1977, 1444, 2399, 1599, 0.055571094512939456,0.03340251168996474, 0.04111405552113866, 0.12617468879361696, 0.16494504329602933,-3.5134013204185523e-06, 4.809026454978493e-05, 6.233279825522686e-06, -0.00038584142779427564, -0.00039574351423254933,1.6052707433700562, 0.14226887861625, 516.875, 394.8750305175781, 2067, 1579,526.875, 364.8750305175781, 2107, 1459, 19.196155548095703, 225.25232118994128, 14.603537313657691, 245.6506050122049, 25.22343137041365, 213.61034358867536,13.270212257008529, 232.30018848880232, 23.106281411485128, 263.07994420984454, 22.51561595617278, 257.8553685891617,131.10702703688008, 205.35427464918172, 318.79349289800473, 109.33849486184927, -305.5452137223356, 65.60155109710279, -295.55249137792237, 109.33849486184927, -305.5452137223356,0, 860.3676905408502, 540.6092070259925, 319.75848351485763, 330.2365080875388,0.0, 0.0, 0.0, 0.0, 0.0,0.0, 0.0, 0.0, 0.0, 0.0,0.0, 0.0, 0.0, 0.0, 0.0, 0.0,-0.13492771983146667, 0.0, 0.0
0, 345.0, 2044, 1460, 2399, 1599, 0.04694277572631836,0.03587206996290479, 0.05832611581671517, 0.055597751571564005, -0.007062272471608594,3.311160083916321e-05, 1.0342178597284147e-05, 2.3931658682386115e-05, -0.00039268716103106274, -0.00045554500461184944,1.1725690364837646, 0.092016912681298, 533.625, 398.8750305175781, 2134, 1595,543.625, 368.8750305175781, 2174, 1475, 19.274110794067383, 224.59232001044293, 14.749913795466679, 245.02734325066635, 25.257131545218435, 212.82736899999372,13.145941515574986, 228.19764902421252, 21.959116594590558, 261.010970627221, 20.360366962495867, 260.5691530105695,144.59289766125755, 199.28581802109142, 318.795188688023, 91.71679011414724, -302.7232991492325, 63.909060119819486, -262.29280229619616, 98.22837033988058, -282.0429506669183,0, 864.9352108630014, 510.5677600838346, 354.3674507791668, 338.2546211975368,0.0, 0.0, 0.0, 0.0, 0.0,0.0, 0.0, 0.0, 0.0, 0.0,0.0, 0.0, 0.0, 0.0, 0.0, 0.0,-0.15165816247463226, 0.0, 0.0
0, 350.0, 2024, 1460, 2399, 1599, 0.04930026626586914,-0.008448866065824404, -0.03737173704640009, -0.10197620157967321, 0.07981071841157973,-7.497421926245807e-07, 3.178856042313782e-05, -9.014785652709633e-06, 0.00027445613444433546, -0.00035954053709156143,0.6981638669967651, 0.06111290159538998, 528.625, 398.8750305175781, 2114, 1595,538.625, 368.8750305175781, 2154, 1475, 19.0175724029541, 225.33880504521198, 14.425714984970933, 245.96304627783724, 25.05463882106355, 213.63759924542558,13.189429752738308, 232.9458735918003, 23.406595888116385, 263.98170676520465, 22.406322421984314, 259.0891876212112,123.87780216279404, 201.3499354416789, 317.4363621457771, 98.28029922000054, -299.3125717567445, 75.39767250358136, -268.085064814585, 98.6079923775904, -285.38074195055225,0, 862.002090160886, 531.6959319356145, 330.3061582252716, 342.451963178511,0.0, 0.0, 0.0, 0.0, 0.0,0.0, 0.0, 0.0, 0.0, 0.0,0.0, 0.0, 0.0, 0.0, 0.0, 0.0,-0.19573110342025757, 0.0, 0.0
0, 355.0, 2163, 1449, 2399, 1599, 0.03582307434082031,0.012073927640004613, 0.006278149689023849, -0.02174575574964466, 0.11343991188300101,-4.6310071518323384e-05, 9.229958981333336e-06, 6.104327859980509e-06, 0.000178336709031473, 0.00035405583245796555,0.6304248571395874, 0.06564262029157944, 563.375, 396.1250305175781, 2253, 1584,573.375, 366.1250305175781, 2293, 1464, 19.104991912841797, 224.29949614034615, 14.559835212472072, 244.90519992003968, 25.110010748538468, 212.5246379112042,13.338486063818996, 228.76553827256404, 21.923596318356193, 260.19765902161254, 22.915249288275284, 265.92984064103234,136.6796582928185, 198.01385660347063, 317.1237311070245, 59.00498513553179, -308.6736663473518, 93.30295549107771, -258.62064215471537, 118.08818608414944, -248.7422323523025,0, 860.652002985984, 478.94906266764866, 381.7029403183354, 351.2333432177328,0.0, 0.0, 0.0, 0.0, 0.0,0.0, 0.0, 0.0, 0.0, 0.0,0.0, 0.0, 0.0, 0.0, 0.0, 0.0,-0.1487988978624344, 0.0, 0.0
0, 360.0, 2091, 1419, 2399, 1599, 0.04201439666748047,0.04620888788667798, 0.07069381856483233, 0.006691947719373275, -0.02222596845094813,1.3503548051261304e-05, 4.471363336591594e-05, -4.310997772314806e-05, 0.00024664963283868243, -0.0003544171517143014,0.691476583480835, 0.03274049327499881, 545.375, 388.6250305175781, 2181, 1554,555.375, 358.6250305175781, 2221, 1434, 19.104747772216797, 226.64663600710767, 14.649590725330366, 247.42356678522503, 25.05737812067201, 214.67716530136158,14.333499410157863, 229.32375597305085, 23.301034166336162, 256.57009091190537, 23.90479672010295, 258.45844697211714,157.6181822973009, 231.1269111995626, 337.29339750342547, 103.64426316435484, -303.3371606792258, 106.47220428616043, -255.1518013524001, 121.23635224531269, -245.93860497242417,0, 871.417909925632, 570.600924377716, 300.81698554791603, 350.4732416020139,0.0, 0.0, 0.0, 0.0, 0.0,0.0, 0.0, 0.0, 0.0, 0.0,0.0, 0.0, 0.0, 0.0, 0.0, 0.0,-0.42066287994384766, 0.0, 0.0