CS_RLTRN_ALL_V2: UH_Thresh: 150.0, u_rad: 5.0, track_on: 220.0 min
Mode, Time, x1, y1, x2, y2, zs_surface, w500m, w1km, w3km, w5km,zvort_suf, zvort500m, zvort1km, zvort3km, zvort5km,UH_Max, UH_Area, UH_X, UH_Y, UHi, UHj,SX, SY, SXi, SYj, meanWnd, meanWnd_dir, rm, rm_dir, lm, lm_dir,shear1km, shear1km_dir, shear3km, shear3km_dir, shear6km, shear6km_dir,srh500m, srh1km, srh3km, sbcape, sbcin, mlcape, mlcin, mucape, mucin,3CAPE, LCL, LFC, LFC-LCL, EL,wA500m, wA1km, wA3km, wA5km, wA8km,zA500m, zA1km, zA3km, zA5km, zA8km,wzA500m, wzA1km, wzA3km, wzA5km, wzA8km, meso_depth, CP_Min, CP_area, dBZ_Area
bool, min, idx, idx, idx, idx, km,ms^-1, ms^-1, ms^-1, ms^-1,s^-1, s^-1, s^-1, s^-1, s^-1,m^2s^-2, m^2s^-2, km, km, idx, idx,km, km, idx, idx, ms^-1, deg, ms^-1, deg, ms^-1, deg,ms^-1, deg, ms^-1, deg, ms^-1, deg,m^2s^-2, m^2s^-2, m^2s^-2, Jkg^-1, Jkg^-1, Jkg^-1, Jkg^-1, Jkg^-1, Jkg^-1,Jkg^-1, hPa, hPa, hPa, hPa,km^2, km^2, km^2, km^2, km^2,km^2, km^2, km^2, km^2, km^2,km^2, km^2, km^2, km^2, km^2, km, K, km^2, km^2
0, 0.0, -90, -135, 270, 225, 0.0,0.0, 0.0, 0.0, 0.0,0.0, 0.0, 0.0, 0.0, 0.0,0.0, 0.0, 0.125, 0.125, 0, 0,10.125000953674316, 470.1250305175781, 40, -120, 19.390684127807617, 230.43500043025526, 16.063886292372338, 252.39063136057314, 24.626180882440465, 216.31869920304976,12.021819952169913, 223.7749376120892, 18.66277498659784, 247.15434729196267, 24.648991390164845, 260.40886213112765,92.1771402069492, 158.31978239168245, 245.04834845184214, 1758.8913667982683, -6.91495290590068, 1205.2279560795973, -26.842075837205865, 1758.8913667982683, -6.91495290590068,67.75510403406656, 906.1570915174048, 875.7034615265733, 30.453629990831473, 190.33294903025677,0.0, 0.0, 0.0, 0.0, 0.0,0.0, 0.0, 0.0, 0.0, 0.0,0.0, 0.0, 0.0, 0.0, 0.0, 0.0,0.0, 0.0, 0.0
0, 5.0, 1192, 909, 1552, 1269, 0.408306396484375,0.4937574314336235, 0.519508466355619, 0.3534273851278704, 0.0991123163208249,-8.870968619248743e-05, 0.0001398872765133774, 9.954174922981452e-05, 1.0318024740811893e-05, 3.3466929378533905e-06,0.5001797676086426, 0.057883201648779456, 320.625, 261.125, 1282, 1044,330.6250305175781, 231.12501525878906, 1322, 924, 19.39068603515625, 230.4349184679852, 16.06386974054953, 252.39052864547713, 24.626196113481676, 216.31865574454406,9.817200109450187, 255.45096441639882, 14.795644247920984, 263.5415966958457, 21.411876990663394, 273.5349730563621,71.98037087351679, 108.95766453088537, 155.04417722550136, 1091.9506576000965, -50.26159189062159, 695.8827159666096, -67.02107641949789, 1091.9506576000965, -50.26159189062159,19.794814100640103, 881.5731183661851, 767.642604329226, 113.93051403695915, 212.54837361492068,0.0, 0.0, 0.0, 0.0, 0.0,0.0, 0.0, 0.0, 0.0, 0.0,0.125, 0.0, 0.0, 0.0, 0.0, 0.0,-1.446136474609375, 36.9375, 0.0
0, 10.0, 1175, 966, 1535, 1326, 0.827679443359375,-0.2331579616770614, 0.11498178435169391, 0.7192483469319995, 0.5637650415752432,-0.0007823199167091843, -8.379849586845011e-05, 2.971388600940372e-05, 7.315115418265349e-05, 2.104576020656168e-05,4.674941539764404, 0.5086553887158187, 316.375, 275.375, 1265, 1101,326.3750305175781, 245.37501525878906, 1305, 981, 21.228315353393555, 233.66178669984438, 16.186911754151907, 250.8898608424833, 27.418363033741773, 223.5916891585734,11.769368462413377, 247.99605882414002, 18.067872644641852, 262.35042536497383, 24.187905285195093, 271.1820138684277,80.75335844045077, 144.13426481484692, 215.08969069428736, 1438.5526942466013, -0.18872531097949904, 871.3296911058784, -17.663935974516022, 1438.5526942466013, -0.18872531097949904,136.74638648067165, 880.7961194805894, 875.2985883355956, 5.497531144993786, 205.48051040263417,0.25, 0.0, 0.0, 0.0, 0.0,2.1875, 1.0, 0.5, 0.25, 0.0,0.75, 0.0, 0.0, 0.0, 0.0, 0.0,-1.322723388671875, 12.1875, 0.0
0, 15.0, 1213, 823, 1573, 1183, 0.8801790161132813,0.5840825088942074, 0.7766531084076268, 1.333510235651629, 1.2623874939361122,0.0003338338323396783, 0.0003049457328575045, 0.0003444935064260335, 0.00017784423101659285, 7.042986610429125e-05,4.886483669281006, 0.9998148895243493, 325.8750305175781, 239.62501525878906, 1303, 958,335.8750305175781, 209.62501525878906, 1343, 838, 21.31161880493164, 230.35201363183958, 17.405986029335256, 249.48824133033457, 26.793690252237717, 218.05621006245997,11.600961690564466, 259.77962412365105, 16.748183522741332, 271.58924340712224, 22.775181076658704, 279.80694452588807,83.46462216921661, 128.84044273246994, 176.15382739860001, 1235.556433005667, -0.23531238964179169, 669.9859483821662, -30.75611912306959, 1235.556433005667, -0.23531238964179169,83.89380528518238, 877.1816894500489, 865.6644167850168, 11.517272665032124, 208.43034304113408,0.0, 0.0, 0.0, 0.0, 0.0,0.125, 0.0, 0.0, 0.0, 0.0,0.0, 0.0, 0.0, 0.0, 0.0, 0.0,-1.28387451171875, 2.1875, 0.0
0, 20.0, 1286, 985, 1646, 1345, 0.6227064208984375,0.2991089905559784, 0.5559157395025249, 1.4713242777931739, 0.9999502141959965,0.0003017373564966874, 0.00016028069242281616, 0.00019831484012058809, 0.00029463085144158183, 6.396288760697644e-05,7.560089111328125, 1.6034334821038279, 344.1250305175781, 280.125, 1376, 1120,354.1250305175781, 250.12501525878906, 1416, 1000, 22.0721492767334, 232.65814504282437, 17.05351461420368, 249.17480451693038, 28.214129729311363, 222.76354747847404,10.22243079811756, 280.0041867287397, 12.4725313321347, 284.8459302464433, 18.606049382108015, 293.2978522122272,83.26834949176785, 111.04900328283568, 132.61427130897096, 984.4529826901282, -77.54133275149657, 418.48237419908423, -127.2115226738728, 984.4529826901282, -77.54133275149657,5.714277663566959, 852.8262089618374, 719.387993885606, 133.43821507623147, 215.97604883819358,0.0, 0.0, 0.0, 0.0, 0.0,5.9375, 4.0625, 2.8125, 1.75, 1.3125,0.0, 0.0, 0.0, 0.0, 0.0, 0.0,-1.0970458984375, 1.0, 0.0
0, 25.0, 1288, 988, 1648, 1348, 0.7576963500976562,0.34584939015447164, 0.6493187082890653, 1.739744001030922, 0.7455875395820476,-0.00010492606098523538, 0.00010106208293734653, 0.0002076679185000785, 0.00038716489096657364, 1.4320001306771247e-05,9.293572425842285, 2.1213326953235803, 344.6250305175781, 280.875, 1378, 1123,354.6250305175781, 250.87501525878906, 1418, 1003, 23.154510498046875, 233.9367427950724, 16.565692622350266, 244.43331421549493, 30.171850298130483, 228.19624349636337,12.43224943786498, 299.9613301249783, 14.906797800653575, 303.94954588324043, 21.046821977354575, 306.1370095875854,86.05576202717344, 118.35014068710635, 140.46090749144707, 997.8393448520251, -61.24110404383999, 364.5318945593916, -123.27561271196478, 997.8393448520251, -61.24110404383999,8.90450926313382, 850.160032643319, 730.4738526819299, 119.68617996138914, 214.90078282105821,0.0, 0.0, 0.0, 0.0, 0.0,5.625, 3.875, 2.5, 1.125, 0.625,0.0625, 0.0, 0.0, 0.0, 0.0, 0.0,-1.355133056640625, 2.9375, 0.0
0, 30.0, 1291, 986, 1651, 1346, 0.7510143432617188,0.4397752134565962, 0.6881853615090948, 1.7543710256263143, 0.6579900404729414,0.0001506783137710954, 0.00010899552684747959, 0.00021773643728067782, 0.0004625500584529618, 1.630706022538675e-05,9.937430381774902, 2.4764841054366844, 345.3750305175781, 280.375, 1381, 1121,355.3750305175781, 250.37501525878906, 1421, 1001, 23.639617919921875, 233.44156774062483, 16.36962288084176, 238.81190398625174, 31.019324417846644, 230.6105182607302,9.003189172413457, 268.3454190032774, 11.86634440189335, 282.2942398744182, 17.36137799087769, 294.34314436280596,57.94986902273383, 74.4473829187558, 103.50188690687413, 937.9263824855389, -60.363548978324275, 424.19663196561066, -112.92519564922482, 937.9263824855389, -60.363548978324275,6.546950993645084, 841.3313672457997, 707.3590609455698, 133.9723063002299, 216.0027705577279,0.0, 0.0, 0.0, 0.0, 0.0,5.5625, 3.625, 2.5, 1.6875, 1.4375,0.0, 0.0, 0.0, 0.0, 0.0, 0.0,-1.226409912109375, 1.5625, 0.0
0, 35.0, 1284, 987, 1644, 1347, 0.5992109375,0.016689147723955102, 0.3644955189470784, 2.147513087803963, 1.3407541585346918,-7.61114757995074e-05, -1.9365811754425978e-05, 0.00018152005571721473, 0.0003625220710284793, -5.6785521189937073e-05,9.11087703704834, 2.2647278082509006, 343.6250305175781, 280.625, 1374, 1122,353.6250305175781, 250.62501525878906, 1414, 1002, 23.025753021240234, 235.2164197172093, 16.349625121696832, 245.32135407412838, 30.092529100986514, 229.74639496762447,10.519182245377566, 282.4034682596251, 14.3923066744074, 289.67065293273527, 20.11192128943148, 300.9631959328141,74.69970550331733, 108.40733263953581, 146.36852368646313, 906.2477647225651, -44.10016191389413, 564.7871624529841, -61.57312009860882, 906.2477647225651, -44.10016191389413,16.761532608590112, 854.963933415994, 759.2925913205596, 95.6713420954344, 216.258376279385,0.0, 0.0, 0.0, 0.0, 0.0,4.75, 2.5, 1.875, 1.4375, 1.3125,0.0, 0.0, 0.0, 0.0, 0.0, 0.0,-1.2054443359375, 0.4375, 0.0
0, 40.0, 1284, 987, 1644, 1347, 0.5992109375,0.0029933447972871736, 0.3034145923925098, 2.0527439809715724, 1.3071224335278386,-0.00016500665224384648, -1.2742331864501467e-05, 0.00015814091701940925, 0.0003662588329535765, -5.910401748977279e-05,8.958418846130371, 2.3238198108876347, 343.6250305175781, 280.625, 1374, 1122,353.6250305175781, 250.62501525878906, 1414, 1002, 23.165769577026367, 232.96151472499966, 16.22927719974503, 241.39724507950513, 30.37130805267821, 228.46543704532365,9.026120815541258, 288.0450952310289, 13.905536739619711, 291.55926854013546, 19.54238589017566, 302.75878436371875,38.181786967176066, 75.07853799742215, 115.84459418680055, 832.7570929483837, -41.10303569303182, 599.898931420041, -43.841781431852574, 830.5590599558237, -33.74043346986399,23.745831383597295, 849.3030533009268, 769.6205658756463, 79.68248742528044, 222.54486500018393,0.0, 0.0, 0.0, 0.0, 0.0,3.0625, 2.0, 1.5, 1.8125, 1.8125,0.1875, 0.0, 0.0, 0.0, 0.0, 0.0,-1.070831298828125, 0.5, 0.0
0, 45.0, 1285, 989, 1645, 1349, 0.6093897705078125,0.022725980725954286, 0.2998758973769145, 1.896922894472373, 0.8343958223419033,-0.0001804384714387197, -0.0001671559542455725, -4.96376934734144e-05, 0.00037478933922386655, -9.423628129340502e-05,6.416179180145264, 2.2276606904054277, 343.8750305175781, 281.125, 1375, 1124,353.8750305175781, 251.12501525878906, 1415, 1004, 23.1655216217041, 233.0862066584874, 16.240828776702653, 241.60348363942327, 30.364754132988825, 228.54268078671385,9.509039343786087, 300.8594453593216, 13.874697691095236, 299.32041249402096, 20.362454038119782, 308.31231555520776,39.90435522957903, 67.95759009846441, 102.30346596996168, 872.3000593052207, -37.40664093358068, 592.0024037796828, -41.487173263042855, 872.3000593052207, -37.40664093358068,29.082521275553923, 847.2665560454768, 774.0553785614302, 73.21117748404663, 220.02294923538142,0.0, 0.0, 0.0, 0.0, 0.0,1.875, 0.75, 0.4375, 0.625, 0.4375,0.0, 0.0, 0.0, 0.0, 0.0, 0.0,-1.5445556640625, 1.125, 0.0
0, 50.0, 1303, 984, 1663, 1344, 0.5280679321289062,0.6107510810845997, 0.602446604204597, 0.9284689008921849, -0.6108466615877114,-0.00022827958833659067, 0.00019157080808440696, 0.00016750923221479753, 0.0004013656390179676, -7.8398851979955e-05,9.3294095993042, 1.5835586634607535, 348.3750305175781, 279.875, 1393, 1119,358.3750305175781, 249.87501525878906, 1433, 999, 23.308496475219727, 232.9706125369741, 16.309590982999993, 240.8977775183679, 30.546182217207544, 228.7477122334241,11.21119749193956, 287.28244996868364, 15.554825425512385, 287.00260345800984, 22.413612791288564, 297.56875583985783,52.031793350564705, 80.49323386657859, 110.91245127129854, 1125.9011710044583, -33.24644143657825, 854.435651807242, -40.095854840003064, 1125.9011710044583, -33.24644143657825,29.485857448249437, 860.0317422581797, 783.5984691050427, 76.43327315313707, 208.9233924106051,0.0, 0.0, 0.0, 0.0, 0.0,0.5, 0.0, 0.0, 0.0, 0.0,0.0625, 0.0, 0.0, 0.0, 0.0, 0.0,-0.8177490234375, 0.0, 0.0
0, 55.0, 1190, 918, 1550, 1278, 0.3851874694824219,0.42633156608673745, 0.31918325849634127, 0.07831601972313366, 0.4450917559186928,-0.00021313840152629383, 0.0004114231296671278, 0.0003710187305580348, -5.9456981971521825e-05, 6.37122054767758e-05,10.502534866333008, 0.21600364709367592, 320.125, 263.375, 1280, 1053,330.1250305175781, 233.37501525878906, 1320, 933, 22.15855598449707, 232.29091309190946, 15.96653660015326, 245.20908644765973, 28.97538549186522, 225.21468992660272,10.558297627028983, 270.672891567695, 15.956304238226437, 273.90374863002944, 24.07378474981539, 277.14076652299525,56.689740996055505, 82.97641706502151, 117.40843745960623, 1256.8523172881153, -36.349009635340806, 946.2365929249838, -34.31376761955256, 1256.8523172881153, -36.349009635340806,41.28633623745644, 877.6635865939379, 808.1059871837748, 69.5575994101631, 209.6775398401144,0.0, 0.0, 0.0, 0.0, 0.0,2.3125, 2.4375, 2.1875, 0.625, 2.9375,2.6875, 0.4375, 0.1875, 0.0, 0.0, 0.0,-1.6162109375, 2.8125, 1.6875
0, 60.0, 1275, 999, 1635, 1359, 0.5093865661621094,-0.2658894311799668, 0.08491683431668207, 1.4730015289341098, 0.3325473203568254,-0.0003132954759621498, -8.943880463334608e-05, 0.00016067470259258697, 0.00015798058640370983, -7.126667052162361e-05,9.797505378723145, 1.4151968586111607, 341.3750305175781, 283.625, 1365, 1134,351.3750305175781, 253.62501525878906, 1405, 1014, 20.084239959716797, 231.15730659536243, 15.43149470506023, 250.3918794818891, 26.09832061722793, 219.92483700229133,8.856130459443062, 282.28769655319337, 14.194179997575604, 284.1675831788343, 20.684388599650998, 297.4951127402268,62.11120167750599, 87.71543665068212, 145.98100384909927, 981.4399146152622, -20.506844361876944, 710.246998051729, -25.442540024438138, 981.4399146152622, -20.506844361876944,32.27966374493212, 849.2360808646168, 812.4990667192767, 36.73701414534014, 210.81705975655834,0.0, 0.0, 0.0, 0.0, 0.0,0.5625, 0.625, 0.625, 0.4375, 0.25,0.5, 0.0, 0.0, 0.0, 0.0, 0.0,-1.08978271484375, 0.4375, 2.5
0, 65.0, 1274, 993, 1634, 1353, 0.5251942749023437,-0.5430586139329535, -0.20537049207719973, 1.7182161564566194, 0.6381146565187373,-0.0006726935607571249, -0.0002786114139047413, 0.00011807543874397198, 0.00018295442372163963, -5.426124111956198e-05,11.64372444152832, 2.0428497719020378, 341.1250305175781, 282.125, 1364, 1128,351.1250305175781, 252.12501525878906, 1404, 1008, 22.749013900756836, 231.97936084310848, 16.26507418963275, 243.22502259578513, 29.715024108521405, 225.8516053986052,10.123281656535404, 282.223684020292, 14.578133439886944, 281.1321241682756, 20.713149064599506, 295.8193804688775,57.07460016678061, 89.10752358987622, 127.02549879051756, 1022.6427688326086, -24.97287525413245, 670.8560510613972, -24.463604727436724, 1022.6427688326086, -24.97287525413245,48.55471286208472, 850.0618306505012, 806.9027761726032, 43.15905447789794, 209.57832069452948,0.0, 0.0, 0.0, 0.0, 0.0,1.3125, 1.25, 1.0625, 0.6875, 1.4375,0.0, 0.0, 0.0, 0.0, 0.0, 0.0,-1.06427001953125, 0.0625, 0.6875
0, 70.0, 1281, 1003, 1641, 1363, 0.5377490234375,0.04324927854468115, 0.23690667725692038, 0.9511094345664606, -0.6127913814282511,-1.789719492535369e-05, -3.2013414479479255e-05, 0.0002370710755917571, 0.0001352582942996605, -0.0001372465662074518,16.957571029663086, 1.5858994747751103, 342.8750305175781, 284.625, 1371, 1138,352.8750305175781, 254.62501525878906, 1411, 1018, 23.003318786621094, 232.44468797088314, 16.571805377212677, 243.78526243838445, 29.936277276278904, 226.1954170452546,10.095595490194608, 282.4465121117745, 15.157267515482587, 282.22970824713997, 21.89749022225153, 295.4426408946379,55.51118079226028, 80.5400804299195, 121.26599243411943, 1161.346965078235, -20.160202817013747, 777.354382382404, -23.55174669958084, 1161.346965078235, -20.160202817013747,52.97369412253061, 851.4803622693871, 818.3410910610497, 33.13927120833739, 205.10312193953976,0.0, 0.0, 0.0, 0.0, 0.0,1.25, 0.75, 0.6875, 0.375, 0.8125,0.0, 0.0, 0.0, 0.0, 0.0, 0.0,-1.07965087890625, 0.125, 0.0
0, 75.0, 1279, 1002, 1639, 1362, 0.4987916870117188,0.0012219648092286661, 0.2793070212338353, 1.021166642443277, -0.48108267607400196,-0.00018167577646636347, 1.6870628949163803e-05, 0.000541679345508328, 0.0001638841379610767, -0.0001428514216503629,17.552160263061523, 2.314518715083789, 342.3750305175781, 284.375, 1369, 1137,352.3750305175781, 254.37501525878906, 1409, 1017, 22.3392391204834, 232.3726294751395, 16.009906437474378, 244.58595226772968, 29.22783161152674, 225.71822775601197,10.455989193381093, 275.16217000346927, 15.797672249905487, 276.4243753017093, 22.03546370314262, 292.30381380118024,60.95005863163397, 91.17288083219958, 137.6265143050491, 1119.3661896476744, -21.91776844509484, 766.5534834079652, -21.477485443859802, 1119.3661896476744, -21.91776844509484,51.7256691756246, 851.487258701196, 817.2938756874345, 34.19338301376149, 205.61293477220218,0.0, 0.0, 0.0, 0.0, 0.0,1.875, 1.4375, 1.6875, 3.0625, 6.3125,0.5, 0.125, 0.0625, 0.0, 0.125, 0.0,-1.03375244140625, 0.1875, 0.0
0, 80.0, 1284, 1001, 1644, 1361, 0.5458981323242188,0.05600855039490853, 0.23673507321160286, 0.8496636589244008, -0.8536989782185993,-0.00016864800488974651, -8.694193889368762e-05, 0.0006469874975459788, 3.550130012570207e-05, -0.00021990941097058678,19.955554962158203, 2.3602974139449553, 343.6250305175781, 284.125, 1374, 1136,353.6250305175781, 254.12501525878906, 1414, 1016, 22.102134704589844, 232.1650873470195, 16.050604077663937, 245.67382761508904, 28.842449138682294, 224.69588744448154,11.410120357164526, 278.9273391041955, 16.07811008239586, 278.3631654787524, 22.540460638016533, 291.96347913521686,61.59120472725427, 97.63503306306424, 137.72472919683725, 1107.8714040270838, -15.916116053324032, 835.2946522233518, -19.531108439233574, 1116.6025692748844, -16.347264532883983,57.04958748415356, 844.7012772678648, 809.1948455436573, 35.50643172420757, 207.56014485929146,0.0, 0.0, 0.0, 0.0, 0.0,2.3125, 3.0, 4.25, 5.9375, 7.6875,0.6875, 0.3125, 0.1875, 0.0, 0.0, 0.0,-1.316009521484375, 0.5625, 0.0
0, 85.0, 1276, 999, 1636, 1359, 0.5031181030273437,-0.2897613455168903, -0.049682479029870594, 1.1880935819901062, -0.1501752720850345,-0.0005131291936982052, -0.00018994374737076213, 0.0003746723873086921, 0.00011914922257005855, -0.00013645990613923688,21.554710388183594, 2.1466757970273878, 341.6250305175781, 283.625, 1366, 1134,351.6250305175781, 253.62501525878906, 1406, 1014, 22.196561813354492, 232.22322591723463, 16.14750694873167, 245.67267351393156, 28.933244746420257, 224.76483691972422,9.719688052992717, 276.75618589158853, 15.048628778755562, 277.6232101048299, 21.167368230656248, 293.00933136130755,61.45628947443649, 89.77940145319134, 136.64538432851694, 1106.408937741726, -26.01571153535068, 699.3461539636746, -22.889032046066784, 1106.408937741726, -26.01571153535068,48.90476822924524, 852.6699750550744, 812.6906198541687, 39.979355200905616, 206.0099731886224,0.0, 0.0, 0.0, 0.0, 0.0,1.0625, 0.375, 0.75, 1.875, 4.875,0.625, 0.0, 0.0, 0.0, 0.0, 0.0,-1.0718994140625, 0.125, 0.0
0, 90.0, 1291, 1016, 1651, 1376, 0.4891583251953125,-0.4912063433713047, -0.36821648670767904, -0.3156735875783488, -1.3996676666208077,-5.074070166870115e-05, -0.0006250899866131476, -4.736488961498253e-05, 9.148937159409343e-05, -0.00017117961356738931,19.56332015991211, 0.9332975292413175, 345.3750305175781, 287.875, 1381, 1151,355.3750305175781, 257.875, 1421, 1031, 22.462934494018555, 232.2484429756503, 16.237505118450738, 244.821658982242, 29.291812210126302, 225.3175678011333,10.734054368384179, 263.19332535006674, 16.65336011219002, 269.77243676618986, 23.98495934742299, 283.3031271167208,66.67356929833693, 92.37693815335736, 136.18815941042442, 1295.4699690163952, -14.018925371085166, 1066.731613850919, -16.93192338776656, 1301.1101049261829, -14.527075132456742,70.7524558600961, 842.6351149474083, 815.4973888731865, 27.137726074221746, 207.2418621287855,0.0, 0.0, 0.0, 0.0, 0.0,0.5, 1.8125, 2.6875, 4.5, 7.375,0.4375, 0.0, 0.0, 0.0, 0.0, 0.8999999761581421,-0.83990478515625, 0.0, 0.0
0, 95.0, 1367, 828, 1727, 1188, 0.5461858520507813,-0.8094875160552328, -0.905751664211857, -0.8072105389466742, -0.4312626615999034,-0.000597444600232393, -0.0007010954654424494, -0.0005459131891495872, -0.00010365278686350621, -3.603544943239001e-05,44.70356369018555, 0.12212308029108558, 364.3750305175781, 240.87501525878906, 1457, 963,374.3750305175781, 210.87501525878906, 1497, 843, 20.282764434814453, 231.5968429288311, 14.941785503687493, 248.99305260222835, 26.683780822930867, 221.95929393739172,11.588588182682454, 230.64744663419933, 17.67623138304857, 250.29679438568047, 22.55679979787716, 266.75248228504705,79.34570973513836, 129.58489842272706, 213.79161062497556, 1407.4830382876066, -0.5530442499796971, 950.6375795593107, -16.69014453134626, 1407.4830382876066, -0.5530442499796971,108.2780619890141, 894.6810633688717, 888.6459137335335, 6.035149635338257, 203.07012201408844,0.0, 0.0, 0.0, 0.0, 0.0,1.6875, 2.1875, 4.6875, 8.125, 9.9375,0.0, 0.0, 0.0, 0.125, 0.125, 0.6210523843765259,-1.235015869140625, 0.875, 4.75
0, 100.0, 1287, 987, 1647, 1347, 0.7229993286132813,-0.0003107331317733042, 0.01933483231754508, 1.475326659702696, -0.010003611819120123,-0.0002314113609963897, 0.0002116128569352327, 7.502950031010869e-05, 0.00044209543684587516, -0.00023179881887529065,12.986858367919922, 2.164447496819048, 344.3750305175781, 280.625, 1377, 1122,354.3750305175781, 250.62501525878906, 1417, 1002, 21.29637908935547, 232.35305415297825, 17.16566820165106, 251.19695867852977, 26.924177966899506, 220.46942003445463,11.174067771253968, 294.85443866369474, 15.955403521326959, 289.91263287465046, 22.749914945863082, 299.40730616064184,61.40813581251311, 93.57630178977159, 137.5343668273421, 923.3994838775636, -25.94350635991609, 525.3768635097175, -44.86181322057753, 923.3994838775636, -25.94350635991609,24.89004781364873, 832.4303079326734, 779.8945710576155, 52.535736875057864, 220.40030072519295,0.0, 0.0, 0.0, 0.0, 0.0,1.375, 0.25, 0.4375, 1.5, 1.875,0.5, 0.0, 0.0, 0.0, 0.0, 0.0,-1.0797119140625, 0.1875, 0.0
0, 105.0, 1383, 831, 1743, 1191, 0.5989061889648437,-0.46069128180737606, -0.44476532023400067, -0.43576708751672416, -0.13265801373461727,-0.00025784684629343247, -0.000382163960177877, -0.0002102073456853759, -2.0218627099666264e-05, -1.5686454200007915e-05,28.63010025024414, 0.27286328127838433, 368.3750305175781, 241.62501525878906, 1473, 966,378.3750305175781, 211.62501525878906, 1513, 846, 22.894086837768555, 232.69183153581088, 16.323956011208026, 243.42787201685317, 29.904963185278433, 226.85559853683705,10.294719459353411, 237.38314696723413, 17.380993748561224, 253.44608532894662, 22.76965241724856, 269.12265354968986,59.172116651079165, 95.74315338774164, 163.62427100185124, 1395.0024666870904, -0.7010920707865436, 1014.6551503746088, -16.42989367068958, 1395.8217239134487, -0.614694395652064,117.58749612654144, 893.4295237145288, 878.2821284586521, 15.147395255876745, 206.82444670768126,0.0, 0.0, 0.0, 0.0, 0.0,3.0625, 2.5625, 2.9375, 4.1875, 6.375,0.1875, 0.0, 0.0, 0.0, 0.0, 0.3421056270599365,-0.981536865234375, 0.0, 2.3125
0, 110.0, 1400, 811, 1760, 1171, 0.08874063873291016,0.2586843638407299, 0.13758706160471776, -0.3601582386047812, 0.01782929002394667,-1.2310686460068609e-05, 0.00044065436411983683, 0.00023233467769102846, -7.374149012633779e-05, 3.5821477858632986e-07,24.866825103759766, 0.20935335268915772, 372.6250305175781, 236.62501525878906, 1490, 946,382.6250305175781, 206.62501525878906, 1530, 826, 21.343360900878906, 232.11485813586322, 17.165442138723833, 250.84264609176932, 26.9986237715989, 220.33601406251515,10.183022506424408, 209.07016870645538, 18.266719526917967, 233.8374181841621, 23.04591245872898, 255.39486124255632,51.18168995116886, 120.32813221896767, 210.25585769048996, 1447.8415680420114, -1.0618181147998798, 1303.4286708050086, -9.248866287293836, 1447.8415680420114, -1.0618181147998798,102.68936994333602, 894.8208492678843, 888.5962248771721, 6.224624390712279, 203.39826544198078,0.0, 0.0, 0.0, 0.0, 0.0,4.1875, 5.3125, 5.4375, 7.25, 10.125,0.125, 0.0, 0.0, 0.0, 0.0, 0.32105231285095215,-1.6256103515625, 0.9375, 0.25
0, 115.0, 1395, 802, 1755, 1162, 0.039488052368164064,0.04517579992942047, -0.09438655630685389, -0.5944797376962379, -0.3403418091632193,0.0006756533926022712, 6.48367881115064e-05, 3.90899571607406e-05, -9.121434174119258e-05, -2.628071100232887e-05,43.475826263427734, 0.1784707835465515, 371.3750305175781, 234.37501525878906, 1485, 937,381.3750305175781, 204.37501525878906, 1525, 817, 19.140718460083008, 232.12589572156196, 17.150567451930375, 255.1475257246109, 23.47535518196278, 215.52440931973382,10.798030452509273, 208.3060891043844, 18.869179924361717, 232.58349107519612, 23.420749035515716, 253.476069859403,60.1990039823128, 134.96076887765312, 237.45471469073775, 1436.4821963518566, -1.2130102530840896, 1301.6779670359558, -8.339601726002526, 1436.4821963518566, -1.2130102530840896,96.84791090276308, 895.0473489363523, 890.3219114198688, 4.725437516483453, 202.1222091455051,0.0, 0.0, 0.0, 0.0, 0.0,2.5625, 2.125, 5.0, 10.375, 13.5625,0.0, 0.0, 0.0, 0.0, 0.0, 0.3421056270599365,-1.2509765625, 0.9375, 0.8125
0, 120.0, 1289, 987, 1649, 1347, 0.8071958618164062,0.27287502219347515, 0.371463155974634, 1.6625920379985473, 0.010593499368114843,-0.0006023403201834298, 0.0003315079363642326, 0.00030082319616411726, 0.00046734164768622575, -0.00023301475806107417,16.073091506958008, 2.4091343355326535, 344.8750305175781, 280.625, 1379, 1122,354.8750305175781, 250.62501525878906, 1419, 1002, 19.025859832763672, 232.45146351853978, 17.27995757073383, 255.65825111017412, 23.19201946851092, 215.3778379460848,11.477933989129049, 285.90003334105137, 16.6365477043105, 283.93676376602286, 22.944216541575667, 294.9559079540045,101.76820708325303, 128.3536553756313, 180.36246166166035, 1012.8819017420427, -24.403290545474356, 469.7503503192279, -45.506036143678536, 1012.8819017420427, -24.403290545474356,36.96853127948933, 833.1013855029704, 789.1672135524635, 43.93417195050688, 214.77283876771347,0.0, 0.0, 0.0, 0.0, 0.0,0.1875, 0.0, 0.0, 0.0, 0.5,0.125, 0.0, 0.0, 0.0, 0.0, 0.0,-0.902069091796875, 0.0, 0.0
0, 125.0, 1425, 791, 1785, 1151, 0.014953407287597656,-0.028396038215287262, -0.15636673838132992, -0.5119233458500821, -0.2962954349152278,7.837844999926347e-05, 0.00012745623420528317, -6.661285069441192e-05, -6.493827041410327e-05, -3.062133720959537e-05,25.51788330078125, 0.17668471934769747, 378.8750305175781, 231.62501525878906, 1515, 926,388.8750305175781, 201.62501525878906, 1555, 806, 22.890220642089844, 233.43394524951108, 16.43226419518761, 244.7190325153976, 29.839655969331, 227.24749516112692,10.531045862335324, 208.78966649762128, 18.836647011275275, 233.24392938680134, 23.790064231850536, 252.4343157468143,44.46387809048101, 99.92490864914868, 173.35845106102383, 1462.6061863398847, -1.2336984115018204, 1336.7334134445737, -7.6771196582297785, 1462.6061863398847, -1.2336984115018204,97.90450604932808, 895.4973638817482, 890.9320385186213, 4.565325363126931, 202.93504465113068,0.0, 0.0, 0.0, 0.0, 0.0,1.75, 1.0, 3.375, 6.0, 6.375,0.0, 0.0, 0.0, 0.0, 0.25, 0.0,-1.169189453125, 0.875, 1.625
0, 130.0, 1406, 778, 1766, 1138, 0.0123425350189209,0.03685522475105245, -0.014599816547997762, -0.4261285963913542, -0.5253294165004627,-0.00014111054913087172, -2.471775502044693e-05, -4.57827229229224e-05, -4.8620529254890245e-05, -5.001243895236485e-05,117.37997436523438, 1.0769066194203514, 374.1250305175781, 228.37501525878906, 1496, 913,384.1250305175781, 198.37501525878906, 1536, 793, 18.944416046142578, 232.32546018873137, 17.40011996027099, 255.64725441909079, 22.96775324766375, 214.87231095416288,10.502073286309823, 207.7016583439733, 18.752779224418433, 233.0588039395373, 23.549856981278655, 251.91263955838707,54.8708944170272, 130.0926743884117, 235.13548773444055, 1451.8654119431123, -1.157307804126208, 1330.6201216844308, -7.471846128732589, 1451.8654119431123, -1.157307804126208,95.81253468947935, 895.3916706414753, 891.01833310129, 4.373337540185389, 203.2451172772854,0.0, 0.0, 0.0, 0.0, 0.0,1.5625, 1.375, 2.9375, 6.25, 8.5625,0.0, 0.0, 0.0, 0.0, 0.1875, 1.605263352394104,-1.54931640625, 1.0625, 5.5
0, 135.0, 1410, 779, 1770, 1139, 0.013256443977355958,0.04393862013064791, -0.02646652593888575, -0.45905316538002805, -0.6277246408490464,-0.0001762959642445594, 0.00013463783084034732, 0.00010834011658289455, 4.498237743625567e-05, -6.070554772911408e-05,87.46638488769531, 0.8817840680825475, 375.1250305175781, 228.62501525878906, 1500, 914,385.1250305175781, 198.62501525878906, 1540, 794, 18.973588943481445, 232.60756066183126, 17.519747037017883, 255.88956542506872, 22.924934762385504, 215.02592325670622,10.695060686504998, 207.0816001107412, 18.954124220577715, 232.56603311167757, 23.696848640685026, 251.44981227984866,57.06821606455352, 134.2746597851821, 240.91909950251608, 1447.5258435036526, -1.0827724851431482, 1331.542589743104, -7.364100692019272, 1447.5258435036526, -1.0827724851431482,96.1886801888526, 895.2616913720516, 891.2275591921621, 4.034132179889525, 203.50981027462748,0.0, 0.0, 0.0, 0.0, 0.0,1.375, 0.5, 3.3125, 5.6875, 7.75,0.0, 0.0, 0.0, 0.0, 0.0, 1.500000238418579,-1.307281494140625, 0.25, 10.375
0, 140.0, 182, 612, 542, 972, 0.0,2.6305154574208425, 3.956617586158682, 4.859870827277191, 0.9069433607440441,0.000439903617194659, -0.00044475497070834536, -0.0002749848081441542, -0.0005503523430525092, 7.786821163335844e-07,99.30069732666016, 4.670180014859652, 68.125, 186.87501525878906, 272, 747,78.125, 156.875, 312, 627, 18.988250732421875, 232.73338640672122, 17.58092783406143, 255.99412900269735, 22.90236447288796, 215.08612716954661,34.77159288154207, 265.07370374932793, 64.90712536023953, 275.3819381702036, 59.41372007136406, 285.5945189794767,532.222955827036, 933.3060555735885, 1511.8817745165989, 908.3192343668384, -14.20617471608986, 579.0581784501593, -53.20865185580564, 1115.8680353092866, -0.10430822943883401,8.824154645852174, 843.483632044176, 677.8157531517203, 165.66787889245575, 222.75906787358,0.0, 0.25, 1.625, 7.5, 12.625,20.5, 34.0625, 48.125, 59.75, 68.8125,1.375, 5.5625, 12.875, 23.1875, 30.3125, 1.6578949689865112,-0.10595560818910599, 0.0, 18.5625
0, 145.0, 191, 537, 551, 897, 0.0,0.790241119741695, 1.0664064898830838, 1.0256433075363747, -1.5606104608700841,0.0016202894356564456, 0.0003250508587825607, 2.889720701659826e-05, -0.0005598077683293922, 3.8611159865808986e-05,202.1139678955078, 5.521953809082669, 70.375, 168.12501525878906, 281, 672,80.37500762939453, 138.125, 321, 552, 24.79473304748535, 221.58411345467258, 17.559344965502405, 227.0083153417617, 32.151624367261675, 218.62482171471328,27.136475618482258, 271.1960020958479, 37.38637882417848, 294.9630113507413, 31.26204484906729, 297.13863150706544,314.4699855013544, 472.93084504818097, 770.1604761058572, 237.52347984393134, -216.2175826174177, 301.42831234416144, -224.25762374069836, 475.83669069426855, -129.67834503380095,0, 825.9088683454222, 474.0826530778662, 351.826215267556, 236.15000935183784,0.0, 0.375, 3.625, 14.75, 31.8125,29.5625, 44.25, 65.875, 77.5, 83.25,2.5625, 10.0, 17.4375, 24.0, 32.3125, 1.1578946113586426,-0.31404638290405273, 0.0, 87.75
0, 150.0, 222, 641, 582, 1001, 0.0,0.03701506614801474, 0.07709023212082684, -0.8353465412091464, -2.400694572899956,-0.0006764074406459033, -0.001343915482129887, -0.0012358678663076717, -0.0007718515028386719, -0.0001646616649571797,825.7407836914062, 17.37099561851352, 78.125, 194.12501525878906, 312, 776,88.12500762939453, 164.12501525878906, 352, 656, 25.20010757446289, 220.84432200529014, 17.847764274890555, 224.8460017774297, 32.61975012710372, 218.65606191088096,17.087584593792688, 233.21720968676826, 29.58920870771022, 258.5265985996556, 24.241611869273562, 271.00399181790056,53.12475094129866, 117.91950748662597, 274.41063739749234, 1925.9567728436596, -21.498727858824694, 1708.4551691426075, -32.582617501072384, 1925.9567728436596, -21.498727858824694,44.03632884712854, 905.2169339843787, 847.157494410031, 58.05943957434772, 174.05688831340962,0.0, 0.375, 3.9375, 9.875, 19.75,58.125, 90.8125, 123.5, 141.75, 150.125,2.125, 11.8125, 23.9375, 37.25, 43.0625, 1.7473688125610352,-1.140045166015625, 64.6875, 163.5
0, 155.0, 188, 641, 548, 1001, 0.0,0.8334557271096855, 0.9245056024286896, 1.4948509421478957, -0.5195909877354279,0.0004966389309197438, 0.0008078394930998911, 0.000354330281638795, -0.000770872687417068, 0.00036943687289067386,1246.6173095703125, 52.044748223151544, 69.625, 194.12501525878906, 278, 776,79.625, 164.12501525878906, 318, 656, 22.08977508544922, 223.22917817664847, 17.209588815569678, 240.02481842323553, 28.146870304409248, 213.05298964840907,28.54471988466173, 279.94296091301965, 31.662138119056305, 298.7073756952557, 36.322808874711505, 293.71296378922386,337.86849006862406, 483.5983852629416, 601.3677563272917, 393.7867120694588, -125.28949568278851, 393.7809960312027, -116.45411958414525, 435.7448471887356, -81.19975565831818,0, 890.8283397054165, 615.5785985659812, 275.2497411394353, 244.05294743108422,0.0, 0.0, 0.1875, 1.1875, 4.0,70.625, 100.5625, 130.8125, 145.9375, 148.3125,0.0625, 3.9375, 7.5, 12.75, 17.3125, 4.147368431091309,-1.0435791015625, 0.5, 0.0
0, 160.0, 203, 656, 563, 1016, 0.0,0.8534390643917141, 1.090982944178395, 1.1754156318679452, 0.450601471606642,0.00036602257421918693, 8.753381391215953e-05, 0.00024258440777430223, -0.0001489065704345194, 9.636372321153889e-05,1504.0294189453125, 50.141533838830185, 73.375, 197.87501525878906, 293, 791,83.37500762939453, 167.87501525878906, 333, 671, 23.954057693481445, 225.22763688628086, 16.663091401978527, 230.27196366537208, 31.343820533866264, 222.548454318516,22.639350752479256, 287.7418894733937, 29.386591441632845, 307.96515070007433, 35.566964030520516, 300.2681832036303,189.1015046289794, 324.5033946627171, 440.01614804732793, 736.0693416944542, -114.15108517793927, 738.7011998757297, -98.40981870298691, 765.9281306148368, -69.37920233501072,0, 891.3919297572028, 650.697369745283, 240.69456001191975, 226.04384767451387,0.0, 0.0, 0.0, 0.0, 0.6875,63.3125, 75.4375, 101.3125, 114.8125, 119.125,0.0, 0.375, 2.25, 3.5, 4.25, 3.736842632293701,-2.00140380859375, 112.375, 0.8125
0, 165.0, 213, 732, 573, 1092, 0.0,0.9832351005764213, 1.2961578366183675, 0.19633204319979997, -0.7533740159356966,0.0008427747199084479, -0.00040789140562992544, -0.0008598020701901987, -0.0008207409239912523, -6.15933857602613e-05,784.6646728515625, 12.899812278013238, 75.875, 216.87501525878906, 303, 867,85.87500762939453, 186.87501525878906, 343, 747, 22.889245986938477, 222.56267465706028, 15.701759341724756, 229.04114486077765, 30.22895704900701, 219.20281292838104,14.960474124190934, 275.6474549439987, 24.335734313207766, 296.1457269074207, 34.0591210806662, 295.05243218735507,176.80607174926075, 258.42928210561354, 409.327626996031, 709.1610843090214, -103.19043369437644, 690.050987734446, -77.39353215504806, 737.779153373852, -52.76286625317833,12.048966426203144, 895.5891392269257, 766.4501669066691, 129.13897232025658, 226.9354585287422,0.0, 0.0, 0.0, 0.0, 0.0,41.3125, 41.0625, 52.625, 71.0, 76.75,0.0, 0.0625, 0.875, 1.625, 1.6875, 4.742105007171631,-2.317596435546875, 165.75, 65.4375
0, 170.0, 268, 692, 628, 1052, 0.0,0.06062330164684681, 0.3254016094119288, 0.6332794389664196, 1.2646979055204428,0.00020311868817998402, -0.0005045505049474741, -7.035540359083825e-05, -0.0005902874223829713, 0.00012026418737605127,493.0054931640625, 15.147108884558262, 89.62500762939453, 206.87501525878906, 358, 827,99.62500762939453, 176.87501525878906, 398, 707, 22.56854248046875, 222.65620726755444, 15.10682369967149, 225.00473291703813, 30.049328163339837, 221.47575903159196,20.568339914592976, 232.9255879299654, 17.459531762995244, 259.9345464744053, 19.827110052524837, 262.84069634359736,12.433118151970579, 59.87124740367836, 143.00087466552762, 1564.1902256583357, -47.286282461403445, 1292.3577598772606, -77.08071129307346, 1564.1902256583357, -47.286282461403445,40.17891041925108, 929.0953090864055, 790.6647383988698, 138.4305706875357, 183.131280674602,0.0, 0.0, 0.0, 0.1875, 0.1875,30.875, 36.75, 52.5, 65.75, 73.4375,0.0, 0.6875, 1.5, 2.0, 3.75, 2.6894733905792236,-2.818359613418579, 586.9375, 255.8125
0, 175.0, 382, 641, 742, 1001, 0.0,-0.05594359549650108, -0.09122699249885045, 1.9074086418689695, 1.5647932268504519,-3.6639096322232946e-07, 9.20912179819311e-05, -0.00026296909372490517, 0.0003130902390876145, 0.000460404407799615,496.3525390625, 27.913413706577845, 118.12500762939453, 194.12501525878906, 472, 776,128.125, 164.12501525878906, 512, 656, 20.445898056030273, 230.3233131769472, 16.078691054457256, 249.68317674619917, 26.26871114117421, 218.61634155989813,15.856660157490284, 237.64608192952292, 21.938997193576505, 266.88179142641377, 31.514782473686356, 274.6202491343421,176.63490901949515, 317.0746811868459, 488.54496384979416, 1482.5006471669876, -98.68004526323914, 886.7807649392039, -177.2883423659065, 1482.5006471669876, -98.68004526323914,2.7952651424412065, 905.2078135406216, 737.166591389136, 168.0412221514856, 199.0391538562543,0.0, 0.0, 0.0, 0.0, 0.0,0.5, 0.25, 1.9375, 5.0625, 8.3125,0.0, 0.0, 0.0, 0.0, 0.75, 0.8736841678619385,-2.5928955078125, 631.375, 763.125
0, 180.0, 379, 611, 739, 971, 0.0,0.2033974392063101, 0.3927250522180839, 1.9320290442579424, 2.146937288357876,-2.0392429116213863e-05, -6.594417174028422e-06, 0.00013871217524865642, 0.0004217746610856921, 0.0007269140524931572,551.4071044921875, 37.80200426871633, 117.37500762939453, 186.62501525878906, 469, 746,127.37500762939453, 156.625, 509, 626, 22.467159271240234, 224.3117631600955, 16.74032942276906, 238.6568944510856, 29.013926788917075, 216.09302088153524,15.923546749576042, 243.45972038498434, 23.189968577080542, 269.98848931001567, 29.55482706594087, 275.1068864523272,151.4958843932253, 256.02723869044246, 362.6143795766471, 1615.20591121913, -83.61292957600462, 895.4408430098841, -149.39883023326485, 1615.20591121913, -83.61292957600462,12.549903988189104, 904.7087925057027, 760.6187594458147, 144.09003305988801, 185.21019023845793,0.0, 0.0, 0.0, 0.0, 0.0,0.0, 0.0, 1.125, 5.4375, 10.625,0.0, 0.0, 0.0, 0.0, 0.0, 2.494736909866333,-2.638671875, 689.9375, 601.4375
0, 185.0, 428, 712, 788, 1072, 0.0,-0.5024131888130796, -0.6913728414406068, 0.8990495461516549, 1.2634156582434661,7.414349038299406e-06, -0.00020542281464145163, -0.0001478785243807579, -0.0008698583719205999, -4.8153531620300785e-05,474.90411376953125, 23.111272014534148, 129.625, 211.87501525878906, 518, 847,139.625, 181.87501525878906, 558, 727, 22.096254348754883, 225.82137157045173, 16.391860659213624, 240.52098171069684, 28.6408063639697, 217.47087341604964,14.418327750505357, 217.357565075512, 25.297396485707267, 242.99644231396073, 29.988518169772888, 248.9890727068115,126.55901872463033, 217.26122519216153, 399.78354994445243, 1730.1747019324846, -6.4197176915918845, 1205.718455873289, -40.41244651836548, 1730.1747019324846, -6.4197176915918845,55.11183230687671, 906.2111070164974, 841.8073405596093, 64.40376645688809, 189.01509814447297,0.0, 0.0, 0.0, 0.0, 0.0,0.0, 0.5, 1.625, 2.9375, 5.625,0.0, 0.0, 0.0, 0.0, 0.0, 2.1315791606903076,-2.19000244140625, 672.1875, 817.6875
0, 190.0, 398, 607, 758, 967, 0.0,0.23683900725023704, 0.4377832882519579, 1.2545475827099288, 0.9587120635883184,-0.00013531062813967765, -0.00045295457838392397, -0.00047440683914828696, 0.0008391241806475591, -5.306696907041442e-05,763.2518310546875, 27.100151483093452, 122.12500762939453, 185.62501525878906, 488, 742,132.125, 155.625, 528, 622, 20.935945510864258, 219.51901941949754, 17.377758750031457, 239.45150932450943, 26.213378085688536, 206.45715437337242,15.564107110384489, 243.20070595127913, 22.796198322876865, 265.30362157716894, 29.240936702996496, 272.36643697239964,139.23180578203522, 230.46608744232915, 311.2536389234348, 1670.593596114524, -63.399291940762176, 987.425858579442, -118.91328733329478, 1670.593596114524, -63.399291940762176,17.9873662340565, 904.7479211287589, 780.5797084253003, 124.16821270345861, 189.193068054763,0.0, 0.0, 0.0, 0.0, 0.0,0.0625, 0.6875, 2.5, 4.6875, 8.0,0.0, 0.0, 0.0, 0.0, 0.0, 2.3684210777282715,-2.40673828125, 638.0625, 403.25
0, 195.0, 419, 622, 779, 982, 0.0,0.2129449778034905, 0.5305904688627925, 1.8171883458830413, 1.350225033580209,-0.00016567595861801011, -0.00018760028638780567, -0.00030084482001029755, 0.0009480080232833644, -0.0001975485665548149,644.099609375, 35.24910483505758, 127.37500762939453, 189.37501525878906, 509, 757,137.375, 159.375, 549, 637, 21.6157283782959, 227.25476873004894, 16.27487246296673, 243.3928969042358, 27.96619190454871, 217.94599500186925,15.999529067082497, 246.5853242322089, 22.65390390852244, 268.8295974531613, 28.772161551562526, 272.9999779990534,136.56154462695642, 248.46712305850693, 339.5274498740365, 1627.8565279597851, -65.5972851706036, 975.3528881019503, -129.07212090259205, 1627.8565279597851, -65.5972851706036,12.544155450031827, 904.656056009249, 766.6131122823045, 138.0429437269445, 189.49961391900686,0.0, 0.0, 0.0, 0.0, 0.0,0.125, 0.5, 0.625, 1.8125, 3.5625,0.0, 0.0, 0.0, 0.0, 0.0, 2.026315450668335,-2.464019775390625, 697.125, 410.6875
0, 200.0, 454, 670, 814, 1030, 0.0,0.0236974178039236, 0.2084491637942847, 1.660114620180102, 0.7292940644279587,-0.00015955844826748945, -0.00044592428410851427, -0.0005699403092376087, 5.116574045132438e-05, 4.7655710558274224e-05,549.6102294921875, 27.051742680157, 136.125, 201.37501525878906, 544, 805,146.125, 171.37501525878906, 584, 685, 21.55846405029297, 227.95096991214834, 16.346516123746607, 244.4685008206763, 27.83570064235884, 218.33984730622495,15.215707104959538, 227.70420883781412, 25.084761079098374, 258.6131097756829, 30.59745000126182, 263.2104691248835,138.15123852516743, 240.28669321691038, 415.8304784802318, 1558.4638254702534, -19.152356235525506, 1094.639785020361, -49.17836416063434, 1558.4638254702534, -19.152356235525506,44.41886193336318, 902.676712367242, 810.1875531983491, 92.48915916889291, 189.69066383860473,0.0, 0.0, 0.0, 0.0, 0.0,0.6875, 0.5625, 1.75, 2.875, 5.25,0.0, 0.0, 0.0, 0.0, 0.0, 1.6631577014923096,-2.6175537109375, 903.25, 639.875
0, 205.0, 445, 639, 805, 999, 0.0,0.20574960282130633, 0.5210752050112933, 2.5671740547812076, 0.9210254821856506,-0.0001797114451858306, -0.000271870140863939, -0.0004086110640218976, 0.0013147644800289983, 0.00040991659427135123,749.2283325195312, 37.140318307065144, 133.875, 193.62501525878906, 535, 774,143.875, 163.62501525878906, 575, 654, 21.502185821533203, 227.09181407683076, 17.303269188660003, 245.63202619141958, 27.162195609818735, 215.40522085452358,15.645638789534047, 244.10081560086007, 22.514657585961128, 266.8488699146143, 28.977484860986163, 270.7060726266829,135.00075481160252, 240.07313400918608, 328.90842506398286, 1520.0538321571094, -48.74663264075144, 1010.7786385036889, -94.04846334992388, 1520.0538321571094, -48.74663264075144,21.380365975149864, 901.5422791385824, 780.767050188861, 120.7752289497214, 192.43890351086054,0.0, 0.0, 0.0, 0.0, 0.0,0.0, 0.0, 0.625, 2.9375, 6.1875,0.0, 0.0, 0.0, 0.0, 0.0, 3.5315792560577393,-2.927032470703125, 787.6875, 285.6875
0, 210.0, 467, 633, 827, 993, 0.0,1.0806791306787638, 1.7621941291511756, 2.5810427756259746, 0.8857021315221209,-4.289249028431641e-05, -0.0002218967654903281, -7.61394350934097e-05, 0.002175607178687642, 0.00034404263768863077,645.2855834960938, 61.26068860093307, 139.375, 192.12501525878906, 557, 768,149.375, 162.12501525878906, 597, 648, 21.24361801147461, 228.7680108010436, 16.470862739826384, 246.56021248964547, 27.27257306256561, 218.1335867443689,14.480358272092356, 237.55133354535653, 22.78615038879012, 263.59567813369387, 29.190970301376314, 268.53458792253014,129.40494966621577, 221.68474209770946, 334.85802301281194, 1502.5298345038375, -35.631992320868065, 1014.26912537115, -70.49813869174241, 1502.5298345038375, -35.631992320868065,29.756408765972004, 901.5367073155535, 798.6062363460668, 102.93047096948669, 193.2876671680798,0.0, 0.0, 0.0, 0.0, 0.0,0.0, 0.125, 1.4375, 4.25, 6.5,0.0, 0.0, 0.0, 0.0, 0.4375, 2.542105197906494,-3.421630859375, 622.875, 241.0
0, 215.0, 489, 650, 849, 1010, 0.0,1.134267044235021, 2.1177482764437445, 5.275267741387943, 3.909244604876731,-0.0001030361027278559, 6.644272344601632e-05, 0.0001299128516438941, 0.002163085797928943, 0.0010423514006436107,1280.738037109375, 125.07027319580888, 144.875, 196.37501525878906, 579, 785,154.875, 166.37501525878906, 619, 665, 20.927391052246094, 228.54671267193518, 16.418123613768113, 247.15302606418547, 26.811502164371905, 217.27979691860077,15.015732269338509, 235.88778633148655, 23.32017558223478, 261.02859251527957, 30.434254880813192, 265.45869419208486,137.54210773313525, 231.72842518242632, 343.1763471531824, 1586.5903279747295, -32.257876659630554, 1109.541982388795, -65.27985115259433, 1586.5903279747295, -32.257876659630554,40.16669530257526, 901.7816578928816, 803.5498441685692, 98.23181372431247, 190.88420299111183,0.0, 0.0, 0.0, 0.0, 0.0,0.3125, 1.125, 2.8125, 6.0, 5.375,0.0, 0.0, 0.0625, 0.4375, 0.625, 2.3684210777282715,-3.946441650390625, 651.0625, 285.8125
0, 220.0, 503, 653, 863, 1013, 0.0,1.2880403170041972, 2.308474521917524, 5.6140751704270935, 5.291583260395565,-0.0002963465821926548, -0.0006062967732913194, 0.00027504197835696685, 0.002698217927609221, 0.0023709353433628167,1239.4188232421875, 148.3396725660483, 148.375, 197.12501525878906, 593, 788,158.375, 167.12501525878906, 633, 668, 21.02977180480957, 227.88037307688708, 16.648180797462032, 246.60269722741262, 26.829846037521243, 216.39180346915074,15.007773195713888, 234.94837577342133, 23.20942311771405, 259.59325558195815, 30.49545186259282, 264.9773980820308,134.2288229885367, 227.24294111704953, 333.83452153628815, 1563.5351159972854, -27.937197100892877, 1109.9338275040857, -59.556661749036955, 1563.5351159972854, -27.937197100892877,42.186815944782865, 901.5393776197159, 806.1459099031367, 95.39346771657915, 190.08629144858543,0.0, 0.0, 0.0, 0.0, 0.0,1.0, 2.3125, 4.5, 7.125, 8.375,0.0, 0.0, 0.125, 0.1875, 0.125, 2.494736909866333,-4.38482666015625, 618.9375, 295.375
1, 225.0, 539, 672, 899, 1032, 0.0,1.7130752750049578, 3.02700043061166, 6.961352131073073, 8.394783904545475,-4.4353239391057284e-05, 0.0006698980637929708, 0.0015823882892414078, 0.0032965498630437664, 0.002702428594375307,1955.811767578125, 247.55935427354714, 157.375, 201.87501525878906, 629, 807,167.37501525878906, 171.87501525878906, 669, 687, 21.056108474731445, 227.5642719220989, 16.69999520693787, 246.30200496469166, 26.838955910179724, 216.03414819798815,15.39165010824878, 233.96549789147815, 23.632988417061647, 258.8920683617646, 30.93282338616939, 265.57906944601723,133.9242570672333, 241.29888170939404, 361.21761309304907, 1401.588818333519, -26.087540399990186, 1046.336090756886, -55.562145950098476, 1401.588818333519, -26.087540399990186,30.2225406716841, 898.8027420424727, 798.0749279394449, 100.72781410302775, 192.865329545628,0.0, 0.0, 0.0, 0.0, 0.0,2.0, 4.9375, 8.6875, 12.4375, 12.25,0.0, 0.0, 0.0625, 0.3125, 0.5625, 3.994737148284912,-3.738128662109375, 560.1875, 412.1875
1, 230.0, 556, 676, 916, 1036, 0.0,1.8243946530585526, 3.1964192561624793, 6.7448599322151885, 8.719096575339789,-0.00031194028059985615, 0.0008737374474549142, 0.002199678182464595, 0.004157565769042434, 0.0025696224528314825,2552.581787109375, 298.1139894176472, 161.62501525878906, 202.87501525878906, 646, 811,171.62501525878906, 172.87501525878906, 686, 691, 21.521745681762695, 226.39704723445706, 17.017859848551446, 244.42576042174846, 27.37267758360497, 215.30328534198077,15.145293513750646, 233.82502822100767, 23.59351779736413, 258.58128109415065, 30.928399992190595, 266.3148720649243,127.66447063941844, 232.34364449398763, 348.9510477429011, 1329.5097901283507, -25.93197368780738, 1012.029928001939, -53.228270101073925, 1329.5097901283507, -25.93197368780738,29.50165309577081, 897.1351962011249, 796.7302009463574, 100.40499525476753, 194.60124626067812,0.0, 0.0, 0.0, 0.0, 0.0625,4.75, 7.125, 9.875, 14.8125, 18.375,0.0, 0.625, 1.0, 1.4375, 2.3125, 6.98421049118042,-3.568389892578125, 498.8125, 391.8125
1, 235.0, 574, 680, 934, 1040, 0.0,2.0373869078412823, 3.3159321319707655, 6.288888213974425, 9.054351992588488,0.00032804756461473516, 0.0020320188199548284, 0.0030045250555667735, 0.0037351325695817636, 0.00314765984892574,2793.817138671875, 306.2931730245661, 166.12501525878906, 203.87501525878906, 664, 815,176.12501525878906, 173.87501525878906, 704, 695, 21.798128128051758, 225.95548916499408, 17.171784410148366, 243.50588793103492, 27.711848194520684, 215.1862734243941,14.975141866861815, 233.54574178584585, 23.62543368821728, 257.8981528941227, 31.097422894338866, 266.56148287509683,123.6970893479042, 228.25885049417718, 345.46829381480876, 1281.1569528937866, -25.34348404145863, 985.5454617337779, -51.471658613529534, 1281.1569528937866, -25.34348404145863,28.97455211652612, 896.1096765484207, 795.5757673206068, 100.53390922781387, 195.00881660887737,0.0, 0.0, 0.0, 0.0, 2.625,4.9375, 9.625, 15.625, 21.5, 26.5625,0.0, 0.1875, 0.875, 2.625, 4.1875, 6.484210968017578,-3.851806640625, 442.9375, 387.625
1, 240.0, 591, 683, 951, 1043, 0.0,1.912011398605538, 3.0672688367078047, 6.656245623669241, 9.474765398914458,0.0009023341212389368, 0.001917642376646995, 0.002174408588118695, 0.004063795358954964, 0.003974882878324025,2811.61181640625, 355.14509458048326, 170.37501525878906, 204.62501525878906, 681, 818,180.37501525878906, 174.62501525878906, 721, 698, 21.843727111816406, 225.74954530113988, 17.248705207546777, 243.31493383492318, 27.735877741191363, 214.9319293529402,14.8557485234956, 233.01886099327106, 23.638461183132595, 256.9763369033594, 31.22691957040669, 266.0315694785305,117.40557233169008, 223.30606904210106, 340.4004387975732, 1276.851132443786, -22.538546782117916, 1001.23825598382, -47.52908796223858, 1276.851132443786, -22.538546782117916,30.445587847760358, 895.5206991180326, 798.1256971328455, 97.39500198518704, 195.0591307925133,0.0, 0.0625, 1.0, 2.0625, 3.6875,6.6875, 12.125, 23.6875, 30.5, 32.875,0.0625, 1.125, 2.8125, 6.1875, 9.25, 7.48421049118042,-4.0667724609375, 407.3125, 409.8125
1, 245.0, 605, 686, 965, 1046, 0.0,2.381457058433007, 3.6920789060197423, 7.045186896483646, 8.750817655394785,0.0008758271920470406, 0.001400596967536103, 0.0025261415492241215, 0.00376509157335846, 0.004432779293424573,2094.59619140625, 312.9193848741309, 173.87501525878906, 205.37501525878906, 695, 821,183.87501525878906, 175.37501525878906, 735, 701, 21.742633819580078, 225.89217331138806, 17.319436980096228, 243.84879743285424, 27.532188621686405, 214.7095022372033,14.754297642664682, 232.41718962928465, 23.669481689261765, 256.0926880096782, 31.320523888998764, 265.0040084990371,111.35598730111298, 219.25599381689528, 336.28255933238904, 1263.134404389463, -19.819365048118353, 1013.2980128542742, -43.177407427643075, 1263.134404389463, -19.819365048118353,32.964859229529964, 894.8237075693766, 803.1379755744076, 91.68573199496893, 196.80330071988345,0.0, 0.125, 1.25, 3.25, 7.5625,11.0, 19.1875, 29.5, 36.9375, 40.0,0.5, 1.4375, 4.625, 8.125, 11.625, 7.721052646636963,-4.606292724609375, 348.6875, 400.0
1, 250.0, 621, 689, 981, 1049, 0.0,2.535707425153814, 3.9957212244835687, 7.2005368623754515, 7.623649055684218,0.00014274963902721538, 0.0012072969749658568, 0.0029598786663905235, 0.004072723812921595, 0.003325447243223607,3523.40478515625, 359.7310200499738, 177.87501525878906, 206.12501525878906, 711, 824,187.87501525878906, 176.12501525878906, 751, 704, 21.45131492614746, 226.44005010547147, 17.35394385776565, 245.17794314982675, 27.049185595788156, 214.54629419542664,14.624827045559949, 230.78200136084857, 23.780446376999805, 254.418485700703, 31.641596983246327, 262.4858406954585,104.09235289265318, 214.32656987877894, 331.83437868568694, 1261.1093449879372, -14.751521266640298, 1052.5810823142149, -35.4119442987458, 1261.1093449879372, -14.751521266640298,38.44618220877583, 893.6641638105118, 812.0998557260408, 81.56430808447101, 200.65464883013732,0.0, 0.0625, 0.8125, 3.3125, 7.0625,17.1875, 26.125, 36.25, 42.375, 43.75,0.25, 2.0, 5.0625, 9.125, 15.1875, 4.721053123474121,-4.904296875, 295.25, 388.5625
1, 255.0, 644, 699, 1004, 1059, 0.0,2.403084307989048, 3.772341910254326, 7.862780381054617, 9.533754854609723,0.0008762992602817123, 0.0019579194508708036, 0.0031574049998835114, 0.004634935374282918, 0.0040090811912068605,3064.055908203125, 358.04518733886096, 183.62501525878906, 208.62501525878906, 734, 834,193.62501525878906, 178.62501525878906, 774, 714, 20.820222854614258, 227.01603995817865, 17.266212963267282, 247.07645227259837, 26.102514013653867, 213.90178036098683,14.498367338189876, 226.76874612908918, 24.344935550276453, 250.93709729961247, 32.85486450273958, 256.89050874624905,94.26567005773231, 209.02532880105042, 332.4162232906988, 1303.503897436862, -5.739361370966805, 1166.2470996833936, -20.858951649092063, 1303.503897436862, -5.739361370966805,53.27838212400804, 892.3871411334932, 840.1190006959864, 52.26814043750676, 214.14699867085469,0.0, 0.0, 1.0, 2.875, 5.625,24.125, 31.1875, 39.125, 42.75, 45.5625,0.125, 1.8125, 3.75, 5.875, 8.1875, 5.484210968017578,-4.88970947265625, 255.0625, 435.0625
1, 260.0, 641, 696, 1001, 1056, 0.0,1.9628568795428145, 3.239584920001216, 5.49513019449194, 3.803875620458275,0.00016294356531489036, 0.0006127623560723806, 0.0015209937994814027, 0.0027153049625599124, 0.0009368805257133773,1718.6046142578125, 195.59928621770797, 182.87501525878906, 207.87501525878906, 731, 831,192.87501525878906, 177.87501525878906, 771, 711, 20.01653289794922, 226.7054166151048, 17.179205541450404, 248.28374637685823, 24.873642218362125, 211.9907340634894,14.471441990878525, 226.5293070175452, 24.4820287043825, 250.751753286295, 32.99733610035128, 256.94043742908184,94.45353202453532, 209.0227604243067, 334.0580632135276, 1335.32295836365, -4.727218274106097, 1203.3682393306271, -18.761070005687664, 1335.32295836365, -4.727218274106097,60.452893606615106, 892.2362447110686, 849.1916930589842, 43.04455165208435, 212.01096679566206,0.0, 0.0, 0.75, 3.0, 6.0625,25.0625, 29.4375, 38.5625, 39.625, 37.875,0.1875, 1.4375, 3.5, 5.4375, 6.6875, 2.3684210777282715,-5.198272705078125, 221.9375, 317.125
1, 265.0, 665, 706, 1025, 1066, 0.0,2.3011199227534234, 3.7477810274146033, 7.370722273355348, 6.484209743519895,0.0008197463450005671, 0.0017219416346233628, 0.0030266624403657264, 0.00441730274779303, 0.0017395041203701566,1966.21728515625, 259.12213363971347, 188.87501525878906, 210.37501525878906, 755, 841,198.87501525878906, 180.37501525878906, 795, 721, 19.97767448425293, 227.39672738175847, 17.12015115485115, 249.007813716634, 24.851867713825204, 212.69893740288802,14.473026434778014, 224.78908410005266, 24.856878935515418, 248.77735050291943, 34.05546353592743, 254.38810501927478,90.72125604499954, 210.24993517474326, 341.42110182733757, 1321.4548265190538, -2.7055685930181794, 1218.3751831702045, -14.312306583736316, 1321.4548265190538, -2.7055685930181794,68.12635916248212, 891.5899054262921, 867.470728225111, 24.119177201181174, 218.37391121471202,0.0, 0.0, 0.3125, 3.4375, 8.1875,18.375, 20.875, 27.875, 31.875, 29.8125,0.3125, 0.875, 2.5, 3.8125, 6.1875, 4.984210968017578,-6.5411376953125, 217.8125, 362.9375
1, 270.0, 683, 714, 1043, 1074, 0.0,1.988041641578893, 3.397326192779001, 7.727769641861088, 7.4971814521757185,0.0007808547936747345, 0.0012008401141747527, 0.0023544435708299717, 0.004114992318732789, 0.002691509804784573,2515.97509765625, 321.8021285401672, 193.37501525878906, 212.37501525878906, 773, 849,203.37501525878906, 182.37501525878906, 813, 729, 19.877412796020508, 226.85521632398152, 17.202686776015796, 248.6975887687472, 24.633121498848336, 211.7954455855206,14.578399469835484, 225.99704403590445, 24.34166392387358, 249.38059281041495, 33.75943827280592, 255.27791474358736,91.946521541648, 211.55777090545234, 332.24291073611084, 1304.9161951776105, -5.547508219904165, 1181.263038413745, -19.53166827729442, 1304.9161951776105, -5.547508219904165,60.161000161926985, 891.3540320762852, 843.8046195037778, 47.549412572507435, 215.73068905593806,0.0, 0.0, 0.0, 1.75, 8.0625,16.0, 16.875, 22.6875, 23.1875, 27.875,0.0, 0.4375, 0.5625, 1.875, 4.125, 5.726316452026367,-6.432281494140625, 285.5, 352.3125
1, 275.0, 713, 726, 1073, 1086, 0.0,1.1742034827337196, 2.271210567059461, 7.747931059474793, 11.222920915784778,0.0015230727030836986, 0.0013726927994150628, 0.0015546799086860119, 0.0035884891918203723, 0.004492501911931868,3511.085693359375, 404.1346673829967, 200.87501525878906, 215.37501525878906, 803, 861,210.87501525878906, 185.37501525878906, 843, 741, 19.968189239501953, 226.97518176656362, 17.158788869997547, 248.62870635604642, 24.809941183273136, 212.1898146156184,14.490320136637731, 229.4225751499626, 22.94636976361537, 251.89851472718348, 32.09010814896792, 258.4144195727273,91.58238890138765, 210.0696572187854, 315.5591030303263, 1324.988479662839, -15.286181310608402, 1168.3319678078255, -34.173042546790704, 1324.988479662839, -15.286181310608402,41.54912976604472, 891.084722241062, 814.3727419654053, 76.71198027565663, 215.904006316869,0.0, 0.0, 0.4375, 2.875, 8.0625,10.125, 13.125, 20.0625, 25.8125, 27.375,0.0625, 1.25, 3.125, 5.5625, 7.1875, 4.984210968017578,-5.755828857421875, 340.625, 397.5
1, 280.0, 730, 727, 1090, 1087, 0.0,1.8386105000821409, 3.118876464774366, 7.702980399073567, 10.649068899776317,0.0010843390074853688, 0.00044919325589035, 0.0015315855180733707, 0.003643727312494888, 0.0040519500146706374,5932.22900390625, 399.6559119963835, 205.12501525878906, 215.62501525878906, 820, 862,215.12501525878906, 185.62501525878906, 860, 742, 20.43097496032715, 226.87207323085312, 17.145481885988982, 247.62470783302146, 25.56133737344039, 213.12286663982846,14.393977388221725, 231.3329517400585, 22.447060809736044, 253.23548327607847, 31.413356081283904, 260.1684394723432,89.52431745961692, 203.34523458148718, 301.61299068881374, 1300.3181634221892, -19.461200974377267, 1132.9116055462123, -39.7051302666646, 1300.3181634221892, -19.461200974377267,35.33986775470904, 890.7294979626946, 806.738971018586, 83.99052694410864, 211.33665470787358,0.0, 0.125, 0.5, 1.0625, 5.125,11.1875, 17.125, 20.8125, 27.5, 31.25,0.3125, 1.0625, 2.3125, 5.875, 11.4375, 2.3684210777282715,-4.198089599609375, 313.875, 365.0
1, 285.0, 749, 730, 1109, 1090, 0.014522486686706543,1.7916186215309426, 2.9357853682566213, 6.942159599224685, 9.682736853569077,0.0010482729371750568, 0.0009908750633940144, 0.0016552591490517443, 0.0038345851220412913, 0.004854938577716439,3909.77490234375, 304.3158258426293, 209.87501525878906, 216.37501525878906, 839, 865,219.87501525878906, 186.37501525878906, 879, 745, 20.605798721313477, 227.06043618778372, 17.166383053007443, 247.4721211833391, 25.826598015241704, 213.65646065555018,14.392783559700593, 232.71367448077658, 22.14399651974649, 253.98128529193048, 30.945919039915147, 261.2803396277079,89.45649804574087, 202.02310628783653, 297.1996030697342, 1268.1464959909276, -21.05124755968515, 1095.053112996716, -42.309456100690284, 1268.1464959909276, -21.05124755968515,32.25358475469373, 890.3508680751827, 802.5334197559523, 87.81744831923038, 211.99393990690405,0.0, 0.1875, 2.6875, 4.4375, 8.25,13.5, 19.9375, 28.0625, 28.875, 28.875,0.5625, 3.625, 6.125, 8.1875, 9.75, 2.1157894134521484,-4.366607666015625, 284.0625, 337.5625
1, 290.0, 773, 740, 1133, 1100, 0.031478025436401366,1.1665816250024363, 2.034686854046304, 4.525534258258994, 7.549814988076687,0.0015956911185753594, 0.000655098070396889, 0.0016841094644939856, 0.0035958922823394347, 0.0024294390092507003,5069.3232421875, 295.9988199593689, 215.87501525878906, 218.87501525878906, 863, 875,225.87501525878906, 188.87501525878906, 903, 755, 20.609752655029297, 227.50416625740277, 17.182459216965846, 247.92353502630044, 25.822216387140575, 214.0801654479871,14.690547625035316, 230.16601392036182, 23.149593544850656, 251.7755576617449, 31.55434737108873, 259.4539333832682,84.59257120548105, 206.7578518627209, 315.5688330652166, 1282.1837770880434, -10.069385618616051, 1151.132841606021, -28.357439306253912, 1282.1837770880434, -10.069385618616051,39.95368970687778, 890.0229919481086, 818.0628178079926, 71.96017414011601, 214.31243255321004,0.0, 0.0625, 0.3125, 0.9375, 4.5,15.8125, 24.75, 32.0625, 32.4375, 31.875,0.125, 2.5, 4.625, 7.625, 8.5625, 5.700000286102295,-3.485565185546875, 262.375, 391.1875
1, 295.0, 781, 749, 1141, 1109, 0.03990608596801758,0.8824317662511021, 1.7221594685921446, 3.7831345912208785, 3.924697588976124,0.001182575681751814, 0.00015458494337508455, 0.0011188988428216362, 0.0023149333509257988, 0.0014362838100350928,5624.30029296875, 252.2755320526807, 217.87501525878906, 221.12501525878906, 871, 884,227.87501525878906, 191.12501525878906, 911, 764, 20.304155349731445, 227.48198180297857, 17.244708850494092, 248.5680100699401, 25.291055528241213, 213.2818864014855,14.560593778531008, 228.8544263544226, 23.852542901209787, 250.5837579534694, 32.69303599092849, 257.5515617748796,79.59521524182412, 201.54100927143605, 317.49716742096655, 1303.2057676473191, -3.923368086455789, 1195.9805154339174, -18.569695255085858, 1303.2057676473191, -3.923368086455789,53.8134282413844, 889.837701356499, 839.8532641780067, 49.98443717849227, 216.24739003422565,0.0, 0.0, 0.625, 1.5, 3.3125,18.5, 24.5, 34.5, 33.8125, 31.4375,0.3125, 1.5625, 4.5625, 6.375, 7.3125, 9.589473724365234,-4.0562744140625, 303.5, 345.4375
1, 300.0, 815, 752, 1175, 1112, 0.06877367401123047,1.937588842597325, 2.925161278730956, 4.835875288327224, 5.670035818573957,0.0010402547553462686, 0.0012730002327975855, 0.0024596568127162755, 0.0037442956011872744, 0.002555386680503489,3612.3701171875, 255.07263539766296, 226.37501525878906, 221.87501525878906, 905, 887,236.37501525878906, 191.87501525878906, 945, 767, 19.838260650634766, 227.80298703359082, 17.150800985073108, 249.68520344030458, 24.606163175100644, 212.74618675411782,14.263727708500722, 224.3795459574187, 24.686386567232567, 246.69169759834267, 33.17379128865045, 253.56808616790138,80.39992567528495, 199.93487849147792, 334.28763820937377, 1325.0437628229129, -1.3864658526794353, 1252.1513444652828, -9.234954073958969, 1325.0437628229129, -1.3864658526794353,74.15344078779596, 888.8879639258977, 882.5951574461757, 6.292806479722003, 221.10377138197595,0.0, 0.0, 0.5, 1.75, 2.9375,15.1875, 18.1875, 22.5, 22.0, 21.75,0.0625, 1.625, 2.9375, 5.75, 7.25, 7.48421049118042,-3.469940185546875, 220.4375, 386.125
1, 305.0, 832, 767, 1192, 1127, 0.07785696411132813,1.083756099343882, 1.763912903578021, 4.053398532163119, 6.778146350820025,0.0006557650814022508, 0.0009204356561212989, 0.001857370512698253, 0.003209990766079045, 0.0019886048088130796,3312.54345703125, 228.34910410170346, 230.62501525878906, 225.62501525878906, 922, 902,240.62501525878906, 195.62501525878906, 962, 782, 19.426326751708984, 227.21071400990235, 17.142478793279924, 249.7860088641068, 23.945768142329648, 211.25900129827434,15.022425797079368, 224.9500853191682, 24.73981326801481, 246.21148065817744, 33.42015767248255, 252.9798702765799,84.80733582504665, 210.72553958128697, 334.42523990755865, 1326.2209865535083, -1.963756230108251, 1236.3921989639314, -11.20443507194223, 1326.2209865535083, -1.963756230108251,69.00154464696, 888.0638175191599, 878.0773606858041, 9.98645683335576, 222.98689928267675,0.0, 0.0, 0.5625, 1.0, 2.0,13.1875, 15.5, 19.9375, 22.5, 21.875,0.0625, 2.125, 3.3125, 2.1875, 3.3125, 6.98421049118042,-3.34979248046875, 275.25, 421.1875
1, 310.0, 849, 773, 1209, 1133, 0.08392657470703126,1.2587780092033787, 1.9352057387452808, 4.345124652965461, 6.301542322376045,-0.0006686784916519173, 3.860347001136688e-05, 0.0016358269013471724, 0.002799708195593667, 0.0028267149883919283,2149.134765625, 231.0766113369383, 234.87501525878906, 227.12501525878906, 939, 908,244.87501525878906, 197.12501525878906, 979, 788, 19.58534812927246, 226.78604016806764, 17.171820696397408, 249.1126285767192, 24.182644742023818, 211.13650031503295,15.397792055354337, 227.89753051208214, 23.836510652054635, 247.75458431622337, 32.741936353577444, 254.51450450005504,86.67392047924177, 210.27234808318272, 312.9739625989447, 1268.9777700095888, -5.517811742619781, 1147.1739241960634, -20.003321055307776, 1268.9777700095888, -5.517811742619781,53.26795365596727, 888.0010107241924, 834.7795244346493, 53.22148628954312, 222.35842871252794,0.0, 0.0, 0.0, 0.0, 0.0,11.1875, 13.0625, 16.0625, 20.0, 20.9375,0.0, 0.3125, 0.5625, 1.625, 2.8125, 7.43684196472168,-3.425506591796875, 281.6875, 390.875
1, 315.0, 866, 781, 1226, 1141, 0.14162101745605468,1.133657052377239, 1.9047369733516828, 4.16699486661004, 6.1725009012944065,-0.001399429309385596, -5.813357515307871e-05, 0.0013624751383940748, 0.0026614948900518707, 0.0030325464562747585,3074.723388671875, 234.90873858874096, 239.12501525878906, 229.12501525878906, 956, 916,249.12501525878906, 199.12501525878906, 996, 796, 19.581844329833984, 226.91545859246105, 17.061568648205437, 249.19823358906348, 24.254899001862448, 211.44602368074524,15.279608038457756, 232.27266282644717, 22.634542351423946, 250.59602497321873, 31.782646626023087, 256.8275207417232,84.08486586323073, 202.0173844454143, 287.6301608480929, 1272.283839392568, -8.415829361255158, 1120.7219436702924, -26.263821590414395, 1272.283839392568, -8.415829361255158,50.946950775699676, 887.3634166933625, 823.1954212613456, 64.16799543201694, 223.43075809460987,0.0, 0.0, 0.0, 0.0, 0.0,7.375, 8.9375, 10.375, 14.3125, 15.0625,0.0, 0.125, 0.125, 0.6875, 1.9375, 3.526315689086914,-3.561798095703125, 245.0, 384.125
1, 320.0, 877, 782, 1237, 1142, 0.13249000549316406,1.272277312550941, 2.2608050043601544, 3.9634369604237145, 3.7851176273287273,-0.00100648393285951, 2.6196796329713835e-05, 0.0018644127854486215, 0.003102517903362241, 0.0017828237238194334,2847.80322265625, 223.35817945941832, 241.87501525878906, 229.37501525878906, 967, 917,251.87501525878906, 199.37501525878906, 1007, 797, 19.822877883911133, 227.49759561542123, 16.994159777540244, 249.31269090366763, 24.689906442338827, 212.67764836850333,15.286040824322436, 231.3947649520471, 22.265843172254485, 249.78185276377488, 31.578474385816328, 256.7211746963461,88.967107801295, 202.9678807976179, 284.62790930072697, 1277.959733001774, -10.023642321639077, 1129.0912022488199, -27.91618497144097, 1277.959733001774, -10.023642321639077,46.84858456923987, 886.9156289588669, 818.1103073700474, 68.80532158881954, 219.4062984026884,0.0, 0.0, 0.0, 0.0, 0.875,4.875, 8.4375, 11.875, 15.8125, 20.375,0.0, 0.0625, 0.125, 0.5, 1.6875, 3.0789475440979004,-3.72662353515625, 198.6875, 307.25
1, 325.0, 887, 791, 1247, 1151, 0.15845686340332032,1.1479522675450424, 2.03434066649701, 3.661181827539694, 2.2275750323338435,-0.0008300523093475931, -5.9362469410189076e-05, 0.0016804226461454165, 0.0025345320648590074, 0.0003996379306579456,2052.626953125, 175.4869998409606, 244.37501525878906, 231.62501525878906, 977, 926,254.37501525878906, 201.62501525878906, 1017, 806, 19.713550567626953, 228.14769302062305, 16.96874807230574, 250.1476884230844, 24.531810844154936, 213.13003232121355,15.694705617134156, 234.32405550214716, 22.141204013078713, 251.72438588448318, 31.69626296839955, 259.0657464119797,98.4880321964389, 214.91359904397166, 291.2645797778673, 1254.426388055423, -12.66869274481822, 1088.421943993848, -32.16289164595699, 1254.426388055423, -12.66869274481822,43.120277389834044, 886.2516958752968, 809.7071572580201, 76.54453861727677, 215.9360627727257,0.0, 0.0, 0.0, 0.0, 1.6875,10.5625, 13.0625, 19.0625, 18.8125, 23.9375,0.0, 0.0, 0.6875, 1.8125, 5.375, 2.24210524559021,-3.097917079925537, 167.5625, 268.5
0, 330.0, 917, 814, 1277, 1174, 0.13605027770996095,-0.12370669354568235, 0.38194797943113373, 2.8033256925106986, 4.724656471326015,-0.0008277506380636624, -1.4254866296141699e-05, 0.0006825463594850589, 0.0018748813841421, 0.0016877226940232503,1124.213623046875, 124.15060214945672, 251.87501525878906, 237.37501525878906, 1007, 949,261.875, 207.37501525878906, 1047, 829, 19.993667602539062, 228.4617314582819, 16.898568185336835, 249.88097072226356, 25.0286204517875, 214.18741171552898,15.990160326268231, 230.88890748173762, 24.039993823268365, 249.4592356085185, 33.34019439480611, 256.67915537257215,84.32832191838315, 216.97533991782626, 317.1717202702121, 1233.3833595267977, -2.381908051814386, 1141.9618356297647, -17.853168371398013, 1233.3833595267977, -2.381908051814386,55.499145050359246, 885.4171354468375, 846.1060143531168, 39.31112109372066, 228.90075136869066,0.0, 0.0, 0.0, 0.375, 3.1875,11.75, 13.1875, 20.0, 22.75, 25.6875,0.0, 0.3125, 0.6875, 2.625, 6.125, 3.268421173095703,-2.8334803581237793, 84.6875, 281.8125
0, 335.0, 932, 821, 1292, 1181, 0.3170855407714844,0.26295688249287197, 0.6786108848219737, 1.9215388423835975, 2.0100964962854047,-7.166683824834763e-05, 0.00041507484113481043, 0.0011022056387810153, 0.0017014847755558546, -4.0060943333912726e-05,1817.9736328125, 98.04088406777805, 255.62501525878906, 239.12501525878906, 1022, 956,265.625, 209.12501525878906, 1062, 836, 19.44027328491211, 227.3470036046008, 16.683871104334738, 249.67896788371363, 24.289851015502865, 212.21818073431842,17.24886549532627, 239.60346388148685, 23.63739701201329, 253.4535575558986, 33.262574334205, 260.76263860937763,123.58104658518931, 247.76502381356008, 324.66790276726823, 1225.6753740961149, -6.091405003841922, 1028.3852033861003, -31.566663257762258, 1225.6753740961149, -6.091405003841922,62.2988539487988, 884.1222661630904, 827.8529911629081, 56.26927500018235, 221.03498434950637,0.0, 0.0, 0.0, 0.0, 3.4375,9.5, 11.0625, 15.6875, 16.8125, 22.125,0.0, 0.0, 0.375, 1.875, 5.875, 3.763157844543457,-2.350281238555908, 19.75, 256.5625
0, 340.0, 949, 833, 1309, 1193, 0.5240783081054687,0.5620790865144227, 0.9756981858308426, 1.641569251941546, 1.705122782800463,-0.0004610545563991764, 0.0008082140325768705, 0.0013891530065984626, 0.001470581616090385, -0.00021772613604213118,1335.4813232421875, 91.19574672314151, 259.875, 242.12501525878906, 1039, 968,269.875, 212.12501525878906, 1079, 848, 20.61233139038086, 226.9374244808318, 17.082378168928898, 247.24910924600385, 25.892639879495864, 213.69843981332608,17.977256523615257, 247.21896088151098, 23.033951936937786, 260.5772399545468, 32.33647271195422, 267.8292206265645,112.72582225462688, 242.46293877965124, 307.2508486649277, 1149.735483247116, -1.6575451307763016, 894.4305127393214, -36.237325008412, 1149.735483247116, -1.6575451307763016,51.28239128734527, 882.417079469616, 809.0586043798656, 73.35847508975041, 212.20782079001074,0.0, 0.0, 0.0, 0.0, 0.5,7.125, 7.8125, 12.9375, 18.25, 22.25,0.0, 0.0, 0.125, 1.4375, 3.125, 3.736842632293701,-1.7049217224121094, 6.9375, 254.3125
0, 345.0, 966, 841, 1326, 1201, 0.5121265258789063,0.4324591410334688, 0.8020817176357377, 1.5802589373243974, 1.5388643026584758,-0.00022248965309813685, 0.00046321873641318233, 0.0011741412229139313, 0.0012364008360941626, -0.0006316479234263284,778.5487670898438, 55.193954385524584, 264.125, 244.12501525878906, 1056, 976,274.125, 214.12501525878906, 1096, 856, 21.575130462646484, 227.53337214629374, 17.48896832247474, 246.16584369900136, 27.158948879971348, 215.66059624079503,17.479646894795145, 249.4448375697481, 22.176509049806654, 262.47700243067254, 31.069908560562983, 269.1234595120119,164.75336092938, 238.84116823220384, 294.03835958311555, 1150.1995390591542, -24.103258261734158, 748.5228950210915, -67.25806136292495, 1150.1995390591542, -24.103258261734158,26.481153951988297, 882.4400507748438, 763.6216549600925, 118.81839581475128, 212.8169553441264,0.0, 0.0, 0.0, 0.0, 0.0,6.5625, 7.4375, 13.0625, 21.5, 21.625,0.0, 0.1875, 0.5, 1.6875, 4.1875, 2.247368335723877,-1.822998046875, 12.4375, 246.375
0, 350.0, 982, 851, 1342, 1211, 0.40199090576171875,0.5017504075553734, 0.7411288498318754, 1.0753092699032276, 0.5263435826008208,-0.00018879339093018642, 0.0006308455529824642, 0.0012467218251049417, 0.0012561317162590058, -4.000314747571567e-05,743.0975952148438, 45.800700487856076, 268.125, 246.62501525878906, 1072, 986,278.125, 216.62501525878906, 1112, 866, 21.88165855407715, 228.41457583225213, 17.324016916416603, 246.01185272620117, 27.748737558497293, 217.5349388175069,19.280438696489412, 243.57658492168326, 23.312490461151604, 257.13968770754946, 31.725396061662043, 263.3274429446092,185.12142729698462, 261.6629136184553, 312.745665754353, 1195.975497102884, -44.39225660202554, 821.4168825812019, -86.62768738025214, 1195.975497102884, -44.39225660202554,19.547038636362316, 878.7766419660516, 748.2763760222558, 130.50026594379574, 213.1724750648816,0.0, 0.0, 0.0, 0.0, 0.125,7.1875, 10.8125, 17.125, 21.75, 22.3125,0.0, 0.1875, 1.125, 1.4375, 3.0625, 1.7105261087417603,-1.76824951171875, 31.0625, 222.5625
0, 355.0, 1014, 865, 1374, 1225, 0.7453638916015625,0.7077127860713518, 1.0088166348435332, 1.830663764819037, 1.7513742831978014,0.0001083796430179973, 0.0006930138961206467, 0.0010543769313539997, 0.0014102644727677217, 0.00032628198116753994,448.08685302734375, 44.52239034590981, 276.125, 250.12501525878906, 1104, 1000,286.125, 220.12501525878906, 1144, 880, 21.47416877746582, 229.44727311400138, 17.30169184670854, 248.05409933381532, 27.11883819794497, 217.70167501388565,14.826620228139316, 239.21882860856675, 19.966121403253975, 257.03742611529606, 26.743677934625957, 266.2125421707792,108.34799603781318, 188.88353477096751, 261.87525979426323, 1134.363579542518, -2.722252799925666, 824.5230507014339, -23.84664872907028, 1134.363579542518, -2.722252799925666,82.98532082436125, 876.7389070490378, 856.2704159566103, 20.468491092427485, 210.0912766618406,0.0, 0.0, 0.0, 0.0, 0.0,11.125, 13.125, 16.3125, 19.875, 18.3125,0.875, 0.5625, 1.0625, 0.6875, 1.25, 3.484210729598999,-2.125732421875, 36.875, 237.375
0, 360.0, 1014, 874, 1374, 1234, 0.6899356079101563,1.2439859085250646, 1.7864209016470705, 1.5871310130105123, 1.0442756966646993,0.0004457785298950512, 0.0005164213014313646, 0.0013316919021144713, 0.0005320043310337041, 0.0002929972185931718,430.742919921875, 40.249968959521816, 276.125, 252.37501525878906, 1104, 1009,286.125, 222.37501525878906, 1144, 889, 22.8962345123291, 229.75323826806127, 18.398854590816597, 246.56829094389616, 28.67851715128238, 219.05763430523857,15.047474566441405, 245.39644784489815, 19.28333332104353, 257.5251016220349, 27.46201922530045, 270.0078633689675,39.67733318233004, 183.17712361859245, 230.64905933014882, 1141.032850370135, -1.7298347936264995, 832.8333892270742, -29.122205503577355, 1141.032850370135, -1.7298347936264995,83.09093181485035, 878.1619982810878, 848.3504463112122, 29.81155196987561, 205.11782394566566,0.0, 0.0, 0.0, 0.4375, 0.6875,8.5, 10.6875, 14.375, 15.0625, 15.125,0.0625, 0.5625, 1.3125, 2.0, 2.25, 2.1157894134521484,-1.822998046875, 30.375, 174.625
0, 365.0, 1029, 890, 1389, 1250, 0.5539080810546875,0.9555267596349585, 1.6592124590906312, 2.1377218842491854, 0.9394193791295402,-0.00014938682827050798, -1.592749675637606e-05, 0.0008603161761539013, 0.0005209399259001657, 3.675547618996687e-05,707.4735107421875, 65.43434366059013, 279.875, 256.375, 1119, 1025,289.875, 226.37501525878906, 1159, 905, 22.24590301513672, 229.99733556861918, 18.14375956772475, 247.97730662010073, 27.804034473344313, 218.3764585121931,14.185251595432891, 244.018334236443, 19.004019279336035, 255.77658685489, 26.41746551558392, 273.3125274554731,84.2047878477683, 163.99708111397214, 221.37145835699798, 1044.8960222124556, -13.708530805004111, 801.7710439623099, -49.1643694602224, 1045.7783739482886, -13.603830025223933,43.020504086380356, 867.1098985731692, 770.0696854470208, 97.04021312614839, 208.7132526161518,0.0, 0.0, 0.0, 0.0, 0.0,9.625, 7.0, 8.375, 9.25, 10.4375,0.0, 0.0, 0.0, 0.0, 0.0, 2.3684210777282715,-1.88726806640625, 18.125, 150.5
0, 370.0, 1035, 893, 1395, 1253, 0.6222634887695313,1.2073560465191258, 1.6424614479753654, 1.332558598065516, 0.8752638339332771,-0.0008550820968866901, 0.0003773539027861261, 0.001034503558094002, 0.0006892541512138451, -0.00016823754331085183,640.4586181640625, 37.88658985109966, 281.375, 257.125, 1125, 1028,291.375, 227.12501525878906, 1165, 908, 22.28146743774414, 230.64132678470298, 17.508973803291568, 247.48491478576562, 28.26417287932641, 220.30072672389818,14.08948688078999, 245.261415005007, 18.19770437373813, 257.23770092213914, 25.822927318834545, 274.7636557861557,71.43201078640422, 190.29110565295866, 247.01546485329106, 1020.663002009593, -6.73683162750166, 741.4172716218143, -48.34419463329939, 1023.2358191878984, -6.503553791114995,39.222530377211534, 864.585064452881, 770.17587807237, 94.40918638051107, 210.9905840465873,0.0, 0.0, 0.0, 0.0, 0.0,14.625, 8.1875, 13.5, 14.375, 15.8125,0.0, 0.0, 0.5625, 1.1875, 2.6875, 3.0789475440979004,-1.861968994140625, 10.5, 119.125
0, 375.0, 1051, 907, 1411, 1267, 0.5463653564453125,0.7256021608831361, 0.8045704410417238, 1.0108483839716065, 0.3780151806847425,-0.0017994145049078725, 0.0015361182139849916, 0.001587942234335742, 0.0007953259388796141, -0.000424084654075827,748.435546875, 35.98014186863477, 285.375, 260.625, 1141, 1042,295.375, 230.62501525878906, 1181, 922, 23.045133590698242, 230.7960032486471, 17.635330269847355, 245.60083515808913, 29.38794793483539, 221.97554750608154,15.941616088666944, 255.85895893628035, 19.987742116581675, 266.27800270378464, 27.461040641878803, 275.97845957155585,120.38286937174571, 189.12016663675934, 236.80085044941, 888.8391886769931, -40.80436840560752, 582.8733259887181, -97.09635893082131, 888.8391886769931, -40.80436840560752,2.345911472901991, 850.765642335884, 666.1601882728833, 184.6054540630007, 216.68015727050715,0.0, 0.0, 0.0, 0.0, 0.0,12.625, 14.375, 22.125, 28.1875, 26.625,0.875, 0.875, 1.375, 3.1875, 3.875, 2.989473342895508,-1.7679443359375, 2.625, 132.75
0, 380.0, 1072, 922, 1432, 1282, 0.2664072570800781,-0.46873962641111583, -0.021390142472228035, 1.0929580444272142, 1.0003974416089476,-0.0029339833721951434, 0.0005971256078055376, 0.001400223334921975, 0.0008455598632099282, -0.0003920530702885117,385.4503173828125, 19.046157480371612, 290.625, 264.375, 1162, 1057,300.625, 234.37501525878906, 1202, 937, 22.447118759155273, 230.99355964020054, 16.98653004798481, 246.12279735614243, 28.839279997664804, 222.15045527228472,16.25318970903812, 247.17095831202414, 22.41181858613463, 262.4797618270972, 30.63743653400813, 270.5319711047393,53.29846746184666, 170.69848894536653, 243.60804400501522, 1211.5997325856758, -50.42522255463112, 1034.9540292462866, -66.31515634246422, 1211.5997325856758, -50.42522255463112,21.8773472317444, 866.6730527653098, 767.2552862481637, 99.4177665171461, 205.5110966850306,0.0, 0.0, 0.0, 0.0, 0.0,17.4375, 18.3125, 22.625, 24.9375, 26.0625,4.0625, 0.8125, 0.3125, 0.9375, 2.9375, 5.647368431091309,-1.551116943359375, 1.375, 157.9375
0, 385.0, 1090, 935, 1450, 1295, 0.47515435791015626,-0.6758850706263911, -0.4817413571663201, 0.47290775698493237, 0.9045077279073303,-0.0025741210076785136, 0.0005801962416080641, 0.0010395846308779257, 0.0006336985830770914, 2.221728180700211e-05,515.7408447265625, 15.175971868610063, 295.125, 267.625, 1180, 1070,305.125, 237.62501525878906, 1220, 950, 19.88093376159668, 227.13623762719254, 15.456735076962138, 247.0302810820142, 25.7699890345972, 215.359448425901,16.44280168414179, 245.5322046848413, 22.16408124454248, 258.1959628023136, 29.666620635994605, 267.2920808898564,124.30255447797252, 224.75815061570987, 304.9759523614022, 1169.2977884558031, -24.56774524888978, 889.2082758923484, -43.15563912695549, 1169.2977884558031, -24.56774524888978,54.328615879698276, 868.5917122452656, 783.1256821625352, 85.46603008273041, 211.79460618824973,0.0, 0.0, 0.0, 0.0, 0.0,14.875, 14.25, 22.125, 32.875, 37.5,2.125, 0.6875, 1.6875, 4.25, 7.0625, 1.7105261087417603,-1.519287109375, 1.4375, 181.375
0, 390.0, 1119, 945, 1479, 1305, 0.8553182373046875,-1.4030651880946243, -1.3831739605835176, 0.22953150760673452, 0.5728198978619184,-0.00312150224069228, -0.0005017176926548927, 0.00010414463193683332, 0.0006369448046029902, 5.4643252571082706e-05,461.9867248535156, 11.55112284786326, 302.375, 270.125, 1209, 1080,312.375, 240.12501525878906, 1249, 960, 21.494199752807617, 229.76975366547435, 17.21339149283488, 248.19283739063962, 27.206623862338233, 218.2357092999869,13.445223427909616, 247.4493704829722, 16.876857409245197, 262.29337962502586, 22.38926566906571, 272.1105917464693,113.14302315585067, 179.2939757796141, 233.3097027879963, 1010.2097958630889, -4.970861027754518, 394.06123936478747, -60.20437290749252, 1010.2097958630889, -4.970861027754518,46.112350822096836, 871.3100264375104, 806.411940885163, 64.89808555234742, 205.10316823491505,0.0, 0.0, 0.0, 0.0, 0.0,13.5, 19.625, 27.5625, 34.875, 38.0625,5.1875, 1.875, 1.3125, 3.0, 5.6875, 2.026315450668335,-1.334869384765625, 1.4375, 165.3125
0, 395.0, 1265, 1007, 1625, 1367, 0.5653895263671875,0.23616819561924784, 0.9326107282459271, 2.7735259669856167, 0.2949054774758406,-0.000605629466405162, 5.2807317965744e-05, 0.0002342820899457365, 0.0005563085110452448, -0.0005779512664594222,243.52130126953125, 18.529620234167595, 338.8750305175781, 285.625, 1355, 1142,348.8750305175781, 255.62501525878906, 1395, 1022, 24.17466926574707, 233.05209669377237, 19.089359081136838, 247.79585267015852, 30.280780155442603, 223.8197939615692,11.002137757446535, 237.80573077118282, 15.759955436648006, 262.42247020033915, 22.608039399153657, 276.869416767649,73.01102989370516, 123.45487513122569, 170.2406617446118, 1070.6071046957356, -62.344817898524376, 686.2114047264018, -103.37543435339137, 1070.6071046957356, -62.344817898524376,12.644335542949191, 850.7086862484579, 708.2104354829914, 142.49825076546642, 206.4244551177111,0.0, 0.0, 0.0, 0.0, 0.1875,11.3125, 9.6875, 12.5625, 18.875, 23.4375,2.375, 0.375, 0.625, 1.375, 2.5, 2.48421049118042,-1.54376220703125, 1.25, 47.0625
0, 400.0, 1280, 1022, 1640, 1382, 0.5395005493164062,0.008686957854661196, 0.45323024829034686, 1.129916855399497, -1.2681745871162275,-0.00026018212998224044, 0.00010247658638490976, 0.00023208506519949878, 0.0005087885444254425, -0.0008962961041925155,230.60536193847656, 8.528353059679796, 342.6250305175781, 289.375, 1370, 1157,352.6250305175781, 259.375, 1410, 1037, 21.76495361328125, 232.24459074895842, 17.208679845481047, 249.95199797590737, 27.636709596325293, 221.32737818454504,7.595066794704373, 248.5872390175613, 13.95199513130767, 267.94583927645334, 23.419849862155402, 285.7846168044565,57.493628702787554, 103.85325541290557, 179.2775307495353, 1230.4467564307342, -25.358883809866946, 956.4680505489623, -50.203214125827635, 1230.4467564307342, -25.358883809866946,51.002931730382585, 843.7777845606707, 745.3726728424252, 98.40511171824551, 205.68356558659306,0.0, 0.0, 0.0, 0.0, 0.0,13.9375, 16.0625, 19.6875, 22.6875, 28.1875,1.0, 0.3125, 0.3125, 0.75, 1.375, 0.7052633762359619,-0.990447998046875, 0.0, 49.25
0, 405.0, 1312, 1033, 1672, 1393, 0.828453857421875,-1.2499243229601416, -1.1546401419036556, -0.060500362205784766, -0.7101441694784445,-0.0012641229782195751, -0.00022751973213473774, -0.00040590232009208194, 0.0006352309685257751, -0.0002811531436441328,57.43522644042969, 4.35316295141848, 350.6250305175781, 292.125, 1402, 1168,360.6250305175781, 262.125, 1442, 1048, 21.00770378112793, 230.21025988580516, 15.632268876637667, 246.80449616006092, 27.40035425868351, 220.8330211090361,10.030926735297868, 247.02759264134556, 14.138585660525036, 257.4597367116779, 21.53787675074946, 285.5693292418177,59.11794457939305, 89.38549535526016, 139.24119691968846, 1070.9217023821427, -33.61809477271395, 592.309810137477, -85.83146589833365, 1070.9217023821427, -33.61809477271395,36.71751994908862, 832.8271069922753, 718.6175435762074, 114.20956341606791, 212.4628237126826,0.0, 0.0, 0.0, 0.0, 0.0,12.8125, 12.1875, 16.6875, 20.4375, 23.3125,0.25, 0.125, 0.3125, 0.0625, 0.625, 0.6210523843765259,-1.07843017578125, 0.25, 7.4375
0, 410.0, 1334, 1046, 1694, 1406, 0.8641181030273438,-0.9036215119378175, -0.38177775919553814, 1.560431677219458, 1.47739739548997,-0.0014673366071701825, -0.00030111757607755865, 3.5735577864670634e-05, 0.00010904528037826822, 0.00040244624234446745,74.65823364257812, 7.409891260176592, 356.1250305175781, 295.375, 1424, 1181,366.1250305175781, 265.375, 1464, 1061, 21.87925148010254, 234.09962914639888, 15.803526221657654, 247.68041443912307, 28.638294410890126, 226.6543625044882,7.337038227511915, 253.99372989659824, 11.412460367430606, 265.69891194519425, 18.118317705283307, 295.3317049621386,54.09112162682206, 74.12462719829108, 138.6230326792044, 965.8186120127904, -38.31507322057933, 472.0201355036728, -98.63281939236587, 965.8186120127904, -38.31507322057933,23.889348747131017, 834.6037436177746, 712.0241873879955, 122.57955622977909, 216.7512954461791,0.0, 0.0, 0.0, 0.0, 0.0,7.9375, 5.5, 7.1875, 9.6875, 14.0625,0.0, 0.0, 0.0, 0.125, 0.3125, 0.6631579399108887,-0.019950198009610176, 0.0, 0.0
0, 415.0, 1357, 991, 1717, 1351, 0.5173486328125,-0.3090183383403929, -0.1934539817775658, 1.0441171128174755, 0.7346863356628455,-0.0004949175828028274, 1.86097572111521e-06, 2.5136118379691654e-05, 9.272227931205634e-05, 0.00030471303457943574,57.68910598754883, 4.919169761508675, 361.8750305175781, 281.625, 1447, 1126,371.8750305175781, 251.62501525878906, 1487, 1006, 22.993619918823242, 234.23572749580055, 16.298012568372286, 244.24990448459846, 30.071380053913416, 228.82782144898425,9.096679573775365, 257.2631228862299, 13.101678398248144, 272.52756113492023, 18.32746449165459, 277.0179597217184,33.035690444844334, 70.30292357220785, 104.13451696902209, 1070.7643317212114, -55.35081675075156, 690.2126043656301, -78.03090981588618, 1080.371887917925, -56.51761405022441,10.057833905361079, 841.0312480974789, 748.1305737683192, 92.90067432915964, 210.96690682196976,0.0, 0.0, 0.0, 0.0, 0.0,2.75, 0.375, 0.0625, 1.5, 3.25,0.5625, 0.0, 0.0, 0.0, 0.0, 0.0,-0.5246052145957947, 0.0, 0.0
0, 420.0, 1383, 995, 1743, 1355, 0.40849789428710936,0.10933637757552787, 0.3609565249254228, 1.662629875380081, 1.424090926004574,-0.0006021980122500281, 6.488629420630332e-05, 1.6514166505885443e-05, 0.00022994641988162813, 0.00027284574251666525,98.13529205322266, 6.707581256700246, 368.3750305175781, 282.625, 1473, 1130,378.3750305175781, 252.62501525878906, 1513, 1010, 21.42996597290039, 233.81170935212614, 17.52415221640884, 252.8291634148295, 26.905221222713703, 221.55808837819083,10.359610731469138, 266.92651550509896, 15.24495762587329, 273.844312323872, 23.074908560314135, 276.3338752952066,93.15524083528899, 109.45948678648249, 147.56606621661896, 1379.597560355741, -95.97838740493124, 692.4663493354892, -80.46988614700832, 1379.597560355741, -95.97838740493124,27.87042214175762, 860.0293985281604, 765.0115290046524, 95.01786952350801, 204.2968877080221,0.0, 0.0, 0.0, 0.0, 0.0,0.8125, 0.0625, 0.125, 1.125, 2.6875,0.0, 0.0, 0.0, 0.0, 0.0, 0.7894735336303711,-1.2164015769958496, 0.1875, 0.0
0, 425.0, 1408, 1000, 1768, 1360, 0.3891183471679688,0.030501322495110797, 0.10073747488364462, 0.5222319976708968, -0.2911018786567729,-0.0002283477236790077, 0.00013240253280400794, 4.128493633686503e-05, -0.00010382221709164696, 0.0005282137052358848,26.132944107055664, 2.4772115058302084, 374.6250305175781, 283.875, 1498, 1135,384.6250305175781, 253.87501525878906, 1538, 1015, 20.351442337036133, 230.9275663524399, 15.473604918665645, 249.40170634660467, 26.484522734483953, 220.25852556525243,8.612788278829836, 257.18543631461023, 15.191564809184397, 268.3795699491275, 22.81798879709737, 273.12070842282253,49.14873492062743, 89.72636002269485, 153.19665837964106, 1366.9766339400107, -70.57300915639293, 988.435633273391, -104.84527657108008, 1366.9766339400107, -70.57300915639293,28.160984526934975, 885.6428880311674, 743.8983306766237, 141.74455735454376, 203.816237241397,0.0, 0.0, 0.0, 0.0, 0.0,1.0, 0.5, 0.75, 2.9375, 3.75,0.0, 0.0, 0.0, 0.0, 0.1875, 0.0,-1.2546275854110718, 0.5, 0.0
0, 430.0, 1427, 1067, 1787, 1427, 0.43502264404296875,0.10474456466501579, 0.2910409646047629, 0.5691261125833261, -0.2823470519995317,-0.0005509795250031857, -0.00043047727977977955, 0.00013405431027535997, 0.00011511078240118877, 6.243218328336298e-05,21.797483444213867, 1.6249486528959995, 379.3750305175781, 300.625, 1517, 1202,389.3750305175781, 270.625, 1557, 1082, 19.352968215942383, 231.5721039836573, 15.233801317505636, 252.6043285282248, 25.08995783969721, 218.98591049227568,13.013297524550088, 254.8853018097167, 17.929977002117436, 269.2724942397016, 25.875381162089283, 277.483204887223,97.98585194086891, 153.27468001825315, 209.81682554695075, 1238.5235439184244, -66.27154621385358, 831.7968464716175, -62.361259682335636, 1238.5235439184244, -66.27154621385358,20.672284960399445, 874.3613532499825, 779.6538634714478, 94.70748977853464, 226.4031431041487,0.0, 0.0, 0.0, 0.0, 0.0,5.625, 1.8125, 3.75, 7.5625, 6.3125,0.8125, 0.0, 0.0, 0.0625, 0.0, 0.0,-1.1827208995819092, 1.125, 0.0
0, 435.0, 1339, 1058, 1699, 1418, 0.7190921020507812,-0.3287378888053354, 0.011794310929835773, 0.7743294285167939, 1.028294047296513,-0.0007994517919564714, -0.0004510826632849785, -0.0002791779296626373, -4.855085243775648e-05, -0.0001690801822435617,26.856367111206055, 1.7884370481245786, 357.3750305175781, 298.375, 1429, 1193,367.3750305175781, 268.375, 1469, 1073, 20.03194808959961, 231.36863264828264, 14.965619429151689, 249.74722662486747, 26.288556105512527, 221.02847845363604,11.295630260056422, 274.5495839971892, 14.19720590627749, 287.0931717664042, 18.83369846903758, 303.8080107032594,79.82004199597633, 152.71449337524487, 211.00139783011267, 909.0860162245629, -78.61290614604422, 308.0662854205775, -187.9965514407743, 909.0860162245629, -78.61290614604422,0.00965766606675365, 830.2275304479043, 634.8685830527847, 195.35894739511957, 216.63552102264808,0.0, 0.0, 0.0, 0.0, 0.0,5.0625, 5.6875, 12.4375, 20.0, 21.875,0.25, 0.0, 0.0, 0.0625, 0.25, 0.0,-0.10812228918075562, 0.0, 0.0
0, 440.0, 1260, 986, 1620, 1346, 0.5546340942382812,-1.4503071485873076, -1.1163825612241636, 1.2184926833864302, 1.326784019032493,-0.0019260461673479769, -5.967209806385654e-06, -0.0001438233707767722, 0.00023746053581078286, 9.192818571762017e-05,23.114566802978516, 1.6071943571579235, 337.6250305175781, 280.375, 1350, 1121,347.6250305175781, 250.37501525878906, 1390, 1001, 23.136646270751953, 235.07007608405263, 15.883090135819547, 240.7716139027055, 30.509608153813787, 232.10546772816153,9.662515217940104, 263.93177808237186, 13.229699051909792, 268.39730112021283, 19.685190410104315, 281.71391968177727,48.92429801183471, 76.01396175415627, 110.2604927845573, 897.1787814793872, -29.909154549435424, 571.7589137179124, -44.74502784856608, 897.1787814793872, -29.909154549435424,30.73599472935087, 840.5956089190123, 775.9015441374692, 64.69406478154315, 215.80111909528136,0.0, 0.0, 0.0, 0.0, 0.0,3.375, 2.625, 5.625, 6.625, 5.375,1.5625, 1.125, 0.0625, 0.0, 0.0, 0.0,-1.371429443359375, 0.75, 0.0
0, 445.0, 1282, 992, 1642, 1352, 0.5451549072265625,-0.10213740438048262, -0.026598888527369125, 1.5184885551035405, 0.45449168849736454,-0.000344009869513684, 0.00044676493271481374, 0.00027172386828056005, 0.00031514269255922045, -0.00012826901153232485,27.341079711914062, 2.4314382633378226, 343.1250305175781, 281.875, 1372, 1127,353.1250305175781, 251.87501525878906, 1412, 1007, 23.368288040161133, 233.5237758974751, 18.472938683927246, 249.24216442127272, 29.38374100076728, 223.71763365559394,9.93083476504519, 264.8440044875404, 14.67393717490914, 270.9997571006151, 22.247860832921166, 279.5664262444552,54.325020420969565, 80.99981898195128, 117.21562584608672, 1208.5953191629487, -29.396333159142785, 860.1650330756357, -28.11375290053871, 1208.5953191629487, -29.396333159142785,53.026459184534495, 847.7964888842105, 797.7207881037614, 50.0757007804491, 206.13749960909087,0.0, 0.0, 0.0, 0.0, 0.0,3.8125, 2.375, 4.625, 4.5, 5.5625,0.75, 0.0, 0.0, 0.0, 0.0, 0.0,-1.472381591796875, 0.5, 0.0
0, 450.0, 1293, 988, 1653, 1348, 0.8757157592773438,0.3271776302612852, 0.31378149199299515, 1.1868176278303146, -0.18220536989567335,-0.00018182209317501474, 0.00039286303306880656, 0.00041550620772341063, 0.00027829524616947767, -0.00016483637039470977,9.513068199157715, 1.5591518472660026, 345.8750305175781, 280.875, 1383, 1123,355.8750305175781, 250.87501525878906, 1423, 1003, 21.703964233398438, 232.39253264638091, 16.962307469507305, 249.8117465499516, 27.69303749902346, 221.82687798664696,11.093071785271427, 278.0374200968562, 15.221584978157923, 280.65741236058136, 22.804770243218787, 285.0863392448494,102.544021233921, 119.04800766311395, 150.39885034642575, 1083.1572721035304, -26.205637327454248, 491.21853288751475, -36.26790071601137, 1083.1572721035304, -26.205637327454248,57.90776560183098, 828.2319201685145, 780.3373749233671, 47.89454524514747, 217.24087975200803,0.0, 0.0, 0.0, 0.0, 0.0,1.125, 0.875, 4.3125, 6.125, 6.25,0.0625, 0.0, 0.0, 0.0, 0.0, 0.0,-0.86199951171875, 0.0, 0.0
0, 455.0, 1366, 1043, 1726, 1403, 0.3712620239257813,-0.2413902328023687, -0.00693031969567528, 0.8115722535224631, 1.058226640977664,4.6660474208692906e-05, 0.00031131935494386196, 0.0005472712646394484, -0.00016897316923063954, 0.00012896968516884044,26.189472198486328, 1.3348205688246682, 364.1250305175781, 294.625, 1456, 1178,374.1250305175781, 264.625, 1496, 1058, 22.34319496154785, 233.81642218265347, 17.14526116452185, 249.69435765186617, 28.58280473221915, 224.37083293720903,9.808927291063064, 253.15477776084558, 16.542217301690084, 267.3091290420248, 23.83869365901093, 284.71372510486856,72.67938337685149, 90.76361842993074, 155.1809066261636, 1163.85580418477, -59.04471554855875, 816.8155233821147, -61.10029056029966, 1163.85580418477, -59.04471554855875,9.541167569159708, 843.6572684613845, 772.513032203294, 71.14423625809059, 207.10151990462808,0.0, 0.0, 0.0, 0.0, 0.0,3.0, 1.3125, 4.8125, 10.1875, 13.4375,0.0, 0.0, 0.0, 0.0, 0.0, 0.0,-1.10284423828125, 0.1875, 0.0
0, 460.0, 1365, 1044, 1725, 1404, 0.38187374877929686,-0.1956607862436795, 0.13129911775205985, 0.772720325089176, 1.0380359345185568,-2.0330405686763697e-05, -4.038496036514516e-05, 0.0006310766907836297, -0.0001823230073830473, 9.099628390373483e-05,26.665468215942383, 1.5194496525580323, 363.8750305175781, 294.875, 1455, 1179,373.8750305175781, 264.875, 1495, 1059, 20.36756134033203, 231.6778626327658, 14.514831624963357, 247.35511591496103, 27.046160542267828, 223.33954813700478,7.45860859048927, 244.89774841283884, 12.316596918177867, 263.7107531608302, 19.439822244824146, 284.8075582436862,27.34691470010081, 81.93674000135685, 138.777887504644, 986.5819630432434, -56.66557649647162, 835.6311895202066, -78.49452321750277, 986.5819630432434, -56.66557649647162,0, 825.3716218966058, 663.7236745304132, 161.64794736619262, 215.43419650857132,0.0, 0.0, 0.0, 0.0, 0.0,6.25, 2.75, 3.6875, 6.0625, 7.75,0.0, 0.0, 0.0, 0.0625, 0.0, 0.30000007152557373,-0.96588134765625, 0.0, 0.0
0, 465.0, 1383, 1053, 1743, 1413, 0.36740469360351563,0.344226648027543, 0.3263996914337622, 0.15461004987591878, -0.23433666122611613,0.0001701700861764266, 6.401814030255082e-05, 0.0004499445143733283, 0.00010109724081871718, 9.999688673190122e-06,15.925455093383789, 0.9238442271847496, 368.3750305175781, 297.125, 1473, 1188,378.3750305175781, 267.125, 1513, 1068, 20.577688217163086, 232.32115716955428, 14.774240453051837, 247.98109472367238, 27.22323101371942, 223.89749699830605,12.162268814472846, 256.51883717237365, 18.75393460356351, 273.0669275132978, 25.542599110149887, 282.57104012072216,68.97297072345864, 125.7453816812548, 197.79886172269136, 1362.7445215762484, -57.28196964611875, 1003.3997973234873, -71.46859293255463, 1362.7445215762484, -57.28196964611875,8.391045511670521, 858.5730066977974, 769.4572809697629, 89.11572572803448, 206.11518337991373,0.0, 0.0, 0.0, 0.0, 0.0,6.6875, 4.625, 6.0, 10.0625, 12.0,0.6875, 0.75, 0.625, 0.25, 0.0, 0.0,-0.96343994140625, 0.0, 0.0
0, 470.0, 1361, 1038, 1721, 1398, 0.42696542358398437,-0.6360872142366134, -0.338710613270232, 0.6277919333591125, 1.037289498152677,-0.0001357508887303993, -0.0003466613528337348, 0.00019403676066986008, -0.00017719223943402085, 5.088798734533384e-05,18.48863410949707, 1.093521286469058, 362.8750305175781, 293.375, 1451, 1173,372.8750305175781, 263.375, 1491, 1053, 19.495779037475586, 232.20746184063023, 14.262931868867629, 250.7490910353371, 25.869666050316894, 222.11007495933208,7.206684209136569, 267.05773709943327, 11.466898816324194, 272.7833653797156, 19.859558881544576, 291.7940358022871,28.033920409099565, 75.61264918550445, 120.58951404323804, 1032.6831791608997, -38.11554147650376, 812.2958615379456, -59.39564376116337, 1032.6831791608997, -38.11554147650376,1.3053312198565394, 829.6544742833476, 696.9610619084497, 132.6934123748979, 212.24747746579746,0.0, 0.0, 0.0, 0.0, 0.0,3.4375, 2.4375, 4.9375, 8.625, 12.4375,0.0, 0.0, 0.0, 0.0, 0.0, 0.0,-0.2446635514497757, 0.0, 0.0
0, 475.0, 1366, 1046, 1726, 1406, 0.3886701354980469,-0.1594346418735222, 0.024357083154318407, 0.584454203871137, 0.7508459478736041,-8.627097948419759e-05, 0.0001665689542267046, 0.0006291511420153028, -5.3446871293090224e-05, 2.7325592221956184e-05,16.793914794921875, 1.1614052294096011, 364.1250305175781, 295.375, 1456, 1181,374.1250305175781, 265.375, 1496, 1061, 20.967222213745117, 232.7638627107978, 14.890629164261389, 247.05550631972392, 27.749197707563216, 225.15166626273106,7.664500581864681, 251.46023514852212, 12.036662231754786, 271.7285246246771, 19.67412712871434, 285.48770848123604,44.84872157184542, 79.82648516861617, 127.72502878813573, 1005.2832007758681, -68.74622834364774, 863.7963274303061, -90.50663886800325, 1005.2832007758681, -68.74622834364774,0, 823.5137290031217, 662.2432946462892, 161.27043435683254, 215.5459448935479,0.0, 0.0, 0.0, 0.0, 0.0,5.1875, 4.25, 7.5625, 11.0, 11.125,0.0625, 0.0, 0.0, 0.0, 0.5, 0.0,-0.801513671875, 0.0, 0.0
0, 480.0, 1359, 1036, 1719, 1396, 0.45835891723632816,-0.8177338063713979, -0.5472134106943849, 0.6244974455851479, 1.037014907837729,-0.0005259915343640387, -0.0005891721530713312, 5.763154057802924e-05, -8.166071137168274e-05, 4.2043306998778006e-05,12.907451629638672, 0.888065463403008, 362.3750305175781, 292.875, 1449, 1171,372.3750305175781, 262.875, 1489, 1051, 20.31849479675293, 231.83256641746658, 14.387222852490455, 247.26142436764562, 27.04052930290257, 223.69498485697162,6.645643915449881, 253.18148380050033, 10.45973959917568, 270.0542130326752, 18.854703458267817, 290.2020553105406,31.8874720805758, 62.00795383429115, 105.30899810141928, 993.63261726284, -40.066001531302575, 843.5052352057005, -63.43449254978399, 993.63261726284, -40.066001531302575,0.196871656627806, 827.1955242556012, 683.7533433382991, 143.44218091730204, 215.4339315267361,0.0, 0.0, 0.0, 0.0, 0.0,4.875, 5.75, 7.8125, 8.3125, 10.5625,0.125, 0.0, 0.0, 0.0, 0.0, 0.0,0.05115079879760742, 0.0, 0.0