CS_RLTRN_ALL: UH_Thresh: 150.0, u_rad: 5.0, track_on: 240.0 min
Mode, Time, x1, y1, x2, y2, zs_surface, w500m, w1km, w3km, w5km,zvort_suf, zvort500m, zvort1km, zvort3km, zvort5km,UH_Max, UH_Area, UH_X, UH_Y, UHi, UHj,SX, SY, SXi, SYj, meanWnd, meanWnd_dir, rm, rm_dir, lm, lm_dir,shear1km, shear1km_dir, shear3km, shear3km_dir, shear6km, shear6km_dir,srh500m, srh1km, srh3km, sbcape, sbcin, mlcape, mlcin, mucape, mucin,3CAPE, LCL, LFC, LFC-LCL, EL,wA500m, wA1km, wA3km, wA5km, wA8km,zA500m, zA1km, zA3km, zA5km, zA8km,wzA500m, wzA1km, wzA3km, wzA5km, wzA8km, meso_depth, CP_Min, CP_area
bool, min, idx, idx, idx, idx, km,ms^-1, ms^-1, ms^-1, ms^-1,s^-1, s^-1, s^-1, s^-1, s^-1,m^2s^-2, m^2s^-2, km, km, idx, idx,km, km, idx, idx, ms^-1, deg, ms^-1, deg, ms^-1, deg,ms^-1, deg, ms^-1, deg, ms^-1, deg,m^2s^-2, m^2s^-2, m^2s^-2, Jkg^-1, Jkg^-1, Jkg^-1, Jkg^-1, Jkg^-1, Jkg^-1,Jkg^-1, hPa, hPa, hPa, hPa,km^2, km^2, km^2, km^2, km^2,km^2, km^2, km^2, km^2, km^2,km^2, km^2, km^2, km^2, km^2, km, K, km^2
0, 120.0, 1289, 987, 1649, 1347, 0.8071958618164062,0.27287502219347515, 0.371463155974634, 1.6625920379985473, 0.010593499368114843,-0.0006023403201834298, 0.0003315079363642326, 0.00030082319616411726, 0.00046734164768622575, -0.00023301475806107417,16.073091506958008, 2.4091343355326535, 344.8750305175781, 280.625, 1379, 1122,354.8750305175781, 250.62501525878906, 1419, 1002, 19.395429611206055, 230.28235936268382, 16.069196148867594, 252.23251740482573, 24.63018973895002, 216.16704741946057,11.477933989129049, 285.90003334105137, 16.6365477043105, 283.93676376602286, 22.944216541575667, 294.9559079540045,98.13775594684661, 125.9968270655878, 176.06257735758143, 1012.8819017420427, -24.403290545474356, 469.7503503192279, -45.506036143678536, 1012.8819017420427, -24.403290545474356,36.96853127948933, 833.1013855029704, 789.1672135524635, 43.93417195050688, 214.77283876771347,0.0, 0.0, 0.0, 0.0, 0.0,0.1875, 0.0, 0.0, 0.0, 0.5,0.125, 0.0, 0.0, 0.0, 0.0, 0.0,-0.902069091796875, 0.0
0, 125.0, 1425, 791, 1785, 1151, 0.014953407287597656,-0.028408004424709362, -0.15635455400653883, -0.5119234223561944, -0.29628314143861645,7.837834480938e-05, 0.0001274448721602539, -6.661781173647796e-05, -6.493891925799743e-05, -3.0621511077804084e-05,25.508041381835938, 0.17668628626979618, 378.8750305175781, 231.62501525878906, 1515, 926,388.8750305175781, 201.62501525878906, 1555, 806, 22.890249252319336, 233.4339862306461, 16.432284574454062, 244.71901895972965, 29.839689667243476, 227.24757196584906,10.530593017138974, 208.78996702594475, 18.83645845144921, 233.2440523302064, 23.789963838454728, 252.4345616336244,44.46183704784936, 99.91835703472259, 173.34530270995393, 1462.5246480740605, -1.233570694357707, 1336.6822363912677, -7.677780421134349, 1462.5246480740605, -1.233570694357707,97.82590112566595, 895.4977601548053, 890.9339109338332, 4.563849220972088, 202.93518930706327,0.0, 0.0, 0.0, 0.0, 0.0,1.75, 1.0, 3.375, 6.0, 6.3125,0.0, 0.0, 0.0, 0.0, 0.25, 0.0,-1.167083740234375, 0.9375
0, 130.0, 1406, 778, 1766, 1138, 0.0123425350189209,0.0368022860281053, -0.014623621423379519, -0.42612729024040163, -0.5253432861398324,-0.00014105040729759822, -2.4674593114468734e-05, -4.584197511121601e-05, -4.8614025531605875e-05, -5.001289707223577e-05,117.31095886230469, 1.0767166112601816, 374.1250305175781, 228.37501525878906, 1496, 913,384.1250305175781, 198.37501525878906, 1536, 793, 18.94416618347168, 232.32592464159495, 17.400088071828943, 255.6480523928528, 22.967364083202018, 214.8722724374237,10.502690490767575, 207.70029230613926, 18.752891059215866, 233.05910446786078, 23.55000121076622, 251.91291276595388,54.86662752555934, 130.10103757167678, 235.14050066230595, 1451.880500669026, -1.1560916619920445, 1330.6635918103807, -7.476393196128522, 1451.880500669026, -1.1560916619920445,95.82152086353716, 895.391505849125, 891.0243525323076, 4.367153316817394, 203.24506554137236,0.0, 0.0, 0.0, 0.0, 0.0,1.5625, 1.375, 2.9375, 6.1875, 8.5625,0.0, 0.0, 0.0, 0.0, 0.1875, 1.605263352394104,-1.558502197265625, 1.125
0, 135.0, 1410, 779, 1770, 1139, 0.013256443977355958,0.04347420990350656, -0.026735666540043893, -0.45910112169862255, -0.6273573514539749,-0.00017662723734758855, 0.000134757366621443, 0.00010855226735657198, 4.480978418378356e-05, -6.071598865702299e-05,87.30075073242188, 0.8808754003916326, 375.1250305175781, 228.62501525878906, 1500, 914,385.1250305175781, 198.62501525878906, 1540, 794, 18.988798141479492, 232.63505900342972, 17.537281556746716, 255.89727658253705, 22.936711290722982, 215.05915777315926,10.686980935997202, 207.07899097847823, 18.954751570913828, 232.56795922502351, 23.699705457764924, 251.45131492146606,57.07335945778044, 134.176540132504, 240.93970323831934, 1446.7082500303393, -1.0873287434310475, 1330.7734703676151, -7.415605493748974, 1446.7082500303393, -1.0873287434310475,95.944959033721, 895.2619918608801, 891.2173264862041, 4.044665374676015, 203.5362827191957,0.0, 0.0, 0.0, 0.0, 0.0,1.375, 0.4375, 3.3125, 5.6875, 7.75,0.0, 0.0, 0.0, 0.0, 0.0, 1.500000238418579,-1.299163818359375, 0.25
0, 140.0, 324, 606, 684, 966, 0.0,2.23368384837755, 3.42252106946893, 5.680500982599331, 0.9021811958867327,0.0012639952978952351, -3.761516531085363e-05, -0.00035480529393680624, -0.0009727568521964259, 6.954483067573846e-05,129.198974609375, 7.271237686020903, 103.62500762939453, 185.37501525878906, 414, 741,113.62500762939453, 155.375, 454, 621, 18.984161376953125, 232.7214608964304, 17.57407985883143, 255.9876471877522, 22.900838794423784, 215.07605464838718,37.3096998795072, 258.79925975132244, 60.23078316403776, 277.8326783462959, 53.41415843945148, 286.145564981335,926.4707266225955, 1274.8709735389282, 1901.0858993190361, 408.9183328391251, -0.951184462701705, 246.71298939355376, -18.3963247923839, 738.0735789411408, -0.5576763140167408,0, 815.3787553608853, 701.6443091002096, 113.73444626067567, 242.10025903150927,0.0, 0.1875, 1.4375, 5.0, 8.875,19.75, 35.125, 55.0, 70.25, 77.9375,1.75, 6.375, 12.9375, 19.375, 24.1875, 1.8052630424499512,-0.298797607421875, 0.0
0, 145.0, 336, 620, 696, 980, 0.0,0.7455921679711901, 1.1584193542168941, 2.0655894153704866, -0.7994376696459949,-5.5557252999278716e-05, -0.00021281591822116752, 0.0005718529775913339, 5.766348484939954e-05, 0.0001235583859647704,818.9506225585938, 35.65558406258383, 106.62500762939453, 188.87501525878906, 426, 755,116.62500762939453, 158.875, 466, 635, 26.155712127685547, 223.9455557375561, 18.691561522826667, 225.84360772332116, 33.635814018852344, 222.89092774581485,21.760870813431872, 276.5758688975002, 42.893925382306236, 302.42952826458907, 27.37863028285468, 307.0860097312453,303.03935438475787, 416.506367134243, 836.287600244458, 192.18927354433893, -83.99490459367361, 250.00841456426008, -136.62732883951855, 607.4420522989067, -30.398899770838415,11.640408111608314, 833.3109883871515, 456.1225516267947, 377.1884367603568, 225.06314680175302,0.0, 0.4375, 2.625, 14.6875, 35.8125,35.3125, 54.5625, 74.875, 93.125, 98.3125,2.4375, 8.5625, 14.4375, 21.4375, 27.5625, 1.4105260372161865,-0.93182373046875, 0.0
0, 150.0, 359, 628, 719, 988, 0.0,0.34796736904769204, 0.5141908941679867, 1.4887090999260544, -0.7465495252143591,-0.00043732886248164953, -0.0006441480050034443, -0.000245286670015048, 0.00011003648347013951, -5.4563424096158994e-05,814.6650390625, 45.584081787936896, 112.37500762939453, 190.87501525878906, 449, 763,122.37500762939453, 160.87501525878906, 489, 643, 27.067108154296875, 223.6454918669391, 19.570845980936895, 224.23491024871635, 34.5649914452449, 223.31176767748977,17.159237492140388, 226.4932026375925, 33.272662801088444, 274.01625550603785, 25.649059134562446, 261.233457209245,74.98713784475551, 161.44825081963126, 605.6093398932719, 2187.67203877378, -18.570164594464455, 1807.5992600867469, -50.92807185963186, 2187.67203877378, -18.570164594464455,25.67471876006735, 903.962141250846, 781.0423240750875, 122.91981717575845, 178.37818786310825,0.0, 0.0625, 1.875, 7.3125, 24.5625,47.5, 72.0625, 97.125, 111.6875, 125.375,1.1875, 7.4375, 14.5, 22.5625, 28.9375, 2.3684210777282715,-1.545318603515625, 141.8125
0, 155.0, 329, 641, 689, 1001, 0.0,0.819460252058925, 1.1411989225796424, 0.9776466516009532, -0.938282631447073,0.00013146581900400634, -0.00028808793367261385, -0.00012113258362660418, 0.000596031756595039, -4.448662323170538e-05,1050.3802490234375, 52.68233824800394, 104.87500762939453, 194.12501525878906, 419, 776,114.87500762939453, 164.12501525878906, 459, 656, 22.301305770874023, 219.1574701859721, 16.36908029954146, 232.9521237775798, 28.969805031197083, 211.41449115759585,18.701974609283486, 280.7718863310708, 29.112230587757526, 308.17200980927737, 32.1605839509053, 298.60134383858036,229.18019013583512, 343.18478065815015, 509.78617050109074, 354.1871867823046, 0, 563.1250050606898, -29.22786939110088, 926.4215431186509, -0.13569487768239452,5.18008161008747, 848.1546612405489, 621.2727825076126, 226.88187873293623, 249.22461981034996,0.0, 0.0, 0.125, 0.9375, 2.3125,56.125, 68.4375, 90.1875, 109.25, 120.5,0.1875, 3.75, 8.1875, 13.1875, 17.0625, 3.947368621826172,-1.922271728515625, 26.5625
0, 160.0, 337, 703, 697, 1063, 0.0,0.4621665718022268, 0.6279752577611362, -0.13617462032008917, -1.9684080006554723,0.0014381683950546178, 0.00040505933173335507, -0.0006789061501581273, -0.00044070978096897304, -0.0007121727895514594,937.016357421875, 31.511876965330057, 106.87500762939453, 209.62501525878906, 427, 838,116.87500762939453, 179.62501525878906, 467, 718, 21.166683197021484, 227.489631614849, 15.302893736958668, 242.41836291516626, 27.827656032852275, 219.3452441879683,21.8931354298025, 287.2801277043658, 36.981362828767544, 307.3109825021272, 37.23576301935829, 305.79170254390624,267.62907724099875, 491.2939536621075, 712.7504583375238, 557.8639471845017, -28.297791197569808, 555.1096136457312, -27.01651059210778, 616.7079706861834, -1.650399877742264,0.09178898626900117, 882.6923226790557, 639.492141055175, 243.20018162388067, 232.37308363536644,0.0, 0.0, 0.125, 0.5, 1.375,36.0, 43.625, 59.0, 73.625, 85.5625,0.0, 2.1875, 3.5625, 3.5, 3.3125, 4.5,-2.344085693359375, 71.375
0, 165.0, 346, 695, 706, 1055, 0.0,1.0496482992637903, 1.3445503759768325, 0.8945879348739981, -0.9661951341480021,0.0007391617546818452, 0.00017016541013617826, -0.0002585554869301632, 2.3279746280877588e-05, -0.0004577872276522044,434.71746826171875, 18.28712267814255, 109.12500762939453, 207.62501525878906, 436, 830,119.12500762939453, 177.62501525878906, 476, 710, 24.108417510986328, 224.80841353540382, 16.864926585017635, 230.33638113552684, 31.472303591399765, 221.8494421569979,17.918179340938483, 261.230807095847, 27.308672319164856, 294.8209297556267, 31.539304213601564, 289.57455217111317,212.54376362442565, 314.4360451213851, 521.734864986338, 1059.8375199344675, -31.068842099059243, 1099.1587517373973, -28.603950187603154, 1143.3950363628621, -1.6597642057015216,6.120211230549353, 878.3019932120934, 733.1563300705556, 145.14566314153785, 212.1702355687536,0.0, 0.0, 0.0, 0.1875, 0.8125,41.0, 45.875, 58.8125, 69.75, 79.9375,0.125, 0.8125, 1.5625, 1.8125, 2.25, 1.9894737005233765,-2.84075927734375, 142.6875
0, 170.0, 413, 704, 773, 1064, 0.0,0.06843028832110576, 0.609677477836376, 1.6412424328841735, 0.627903164551535,0.0004039724859023863, 0.00012512271970990696, -8.418888322921703e-05, -0.0013716862684350418, -0.0006835281958547057,774.5542602539062, 21.017657897491517, 125.87500762939453, 209.87501525878906, 503, 839,135.875, 179.87501525878906, 543, 719, 22.587400436401367, 225.45479531769715, 15.954797617934222, 236.0371288698298, 29.63656017707773, 219.78087404685445,8.245444494373913, 186.01289806859637, 14.75052539023219, 242.62768040067172, 19.277720317641307, 253.42052676107244,55.07236728492967, 84.2514931446698, 478.7081804250074, 1315.6017251540866, -13.200462042942055, 1266.472618664474, -20.26308416738192, 1348.188708972119, -5.152017623889223,72.68546360919375, 926.3397034179955, 865.5725893706073, 60.76711404738819, 186.8299658159947,0.0, 0.0, 0.0, 0.0, 0.0,37.25, 40.75, 50.75, 62.75, 74.4375,0.0, 0.1875, 1.875, 3.4375, 4.4375, 5.221053123474121,-3.6402587890625, 576.25
0, 175.0, 390, 727, 750, 1087, 0.0,0.3572078610165045, 0.9788609518489103, 1.2133386120013894, 1.086915414595278,0.00011392182409508678, -0.0011263896685250075, -0.0008011599250949075, 0.0006770337377520263, -1.4026258702415361e-05,746.042724609375, 26.01661177720347, 120.12500762939453, 215.62501525878906, 480, 862,130.125, 185.62501525878906, 520, 742, 19.54739761352539, 230.9353117869587, 16.935990594987732, 253.21505640442996, 24.287316418049496, 215.60557109372525,18.01993943801054, 222.3708966055447, 17.570345992803304, 280.918653435956, 22.394360618585395, 280.9589652124374,167.8861184483801, 246.2164058534531, 473.6368545939403, 561.0566840707864, -142.79503729363546, 336.85295869787996, -126.47159896177374, 561.0566840707864, -142.79503729363546,0, 856.4524008677164, 670.0362388161668, 186.41616205154958, 225.75860299668992,0.0, 0.0, 0.0, 0.0, 0.3125,33.0, 39.75, 59.0625, 69.25, 77.1875,0.0, 0.375, 1.9375, 3.875, 4.4375, 2.736842632293701,-3.84771728515625, 344.875
0, 180.0, 527, 632, 887, 992, 0.0,0.7254976155704936, 1.2822950805013533, 3.983587309718132, 3.9934894657332913,-1.858764543385405e-06, 0.0005330454347426894, 0.0007925589013279932, 0.000962447205583885, 0.001662677073281884,744.4150390625, 67.09596959842597, 154.375, 191.87501525878906, 617, 767,164.37501525878906, 161.87501525878906, 657, 647, 21.543947219848633, 229.9857379074085, 15.561505595657287, 244.1763633594052, 28.259916206252818, 222.22752593576362,14.56106154483903, 235.583241856774, 22.351014924865368, 261.0690408955444, 30.283686797762236, 273.165159293941,132.4592909432473, 235.00785249287378, 358.4225744505703, 1609.4839557642952, -40.870989073962555, 1008.154683983861, -91.66145133279251, 1609.4839557642952, -40.870989073962555,19.7059600436828, 905.4718651545235, 785.8298541412562, 119.64201101326728, 180.0971524637986,0.0, 0.0, 0.0, 0.0, 0.0,0.0625, 0.0625, 3.9375, 9.0, 16.3125,0.0, 0.0, 0.0, 0.0, 0.0, 3.1210529804229736,-3.18548583984375, 503.3125
0, 185.0, 525, 635, 885, 995, 0.0,0.8306074646417982, 1.5072061458416284, 4.04852067406464, 3.2212161660735728,-1.3523331867872912e-05, 8.546861223067026e-05, -0.00039868288534762543, 0.0011881390244570867, 0.0010638657450499523,871.7572021484375, 80.7659006767984, 153.875, 192.62501525878906, 615, 770,163.87501525878906, 162.62501525878906, 655, 650, 21.478851318359375, 226.10676419473154, 16.187383367072425, 242.49462652313403, 27.805589381094947, 216.6530818785671,14.917273134047305, 237.382860099289, 23.56573782743323, 262.95155031382666, 30.145863801919592, 272.0262662309763,134.938591781899, 234.17627201207074, 355.37429977310313, 1571.3067441282362, -44.14238716281551, 951.007844480969, -87.90971666972564, 1571.3067441282362, -44.14238716281551,29.910338287156016, 905.2875515360666, 797.181382460721, 108.10616907534563, 189.7739762994707,0.0, 0.0, 0.0, 0.0, 0.3125,0.75, 4.625, 7.1875, 14.875, 21.5625,0.0, 0.0, 0.0625, 0.6875, 1.25, 4.147368431091309,-3.215972900390625, 574.625
0, 190.0, 546, 644, 906, 1004, 0.0,1.2751546535617673, 2.1974739370419414, 5.721902535624976, 5.762601300522219,-9.368378104909425e-05, 0.0004165030965748429, 0.0006700700606461396, 0.002347913121145666, 0.001727977517771251,813.4608154296875, 127.4438365006924, 159.125, 194.87501525878906, 636, 779,169.12501525878906, 164.87501525878906, 676, 659, 21.55689239501953, 227.1027150587461, 16.434546233994144, 243.83826344439927, 27.78137566407943, 217.29485532927518,14.84841968745898, 237.6819404226655, 22.992994956049145, 262.6930686348767, 29.807978797437777, 270.1305882079743,131.12228449514078, 229.71668153509273, 341.73042666234386, 1609.7032372511171, -40.89432464616099, 1000.0908039619841, -87.01285258751871, 1609.7032372511171, -40.89432464616099,26.191383616966238, 905.4230057855814, 793.5653122108496, 111.8576935747318, 190.6661500103443,0.0, 0.0, 0.0, 0.0, 0.0,0.75, 5.0625, 11.0625, 15.875, 19.625,0.0, 0.0, 0.0, 0.0, 0.0625, 5.484210014343262,-3.1593875885009766, 549.375
0, 195.0, 543, 636, 903, 996, 0.0,0.7748273189045721, 1.4855313931102867, 2.8431907071173192, 2.057489739333105,-0.0003926429575669488, -0.001062415851301921, -0.0004541939665614336, 0.002142812887582295, 7.9098642266473e-05,1015.072998046875, 79.35027791592677, 158.375, 192.87501525878906, 633, 771,168.37501525878906, 162.87501525878906, 673, 651, 21.43435287475586, 226.87640357078692, 16.444436660123735, 244.02800475061375, 27.58520374212175, 216.7511866507802,14.75885067421509, 235.73224926370702, 23.148644653679792, 261.55999489308493, 29.693580398220877, 269.6852698920021,129.70379308662464, 225.55319776137125, 341.9010321561038, 1581.0683539812621, -32.05154794070728, 987.5021865055556, -71.03180625145167, 1581.0683539812621, -32.05154794070728,35.84329658611627, 905.1086464787654, 803.9613002800132, 101.14734619875219, 190.05459440329597,0.0, 0.0, 0.0, 0.0, 0.0,3.25, 8.9375, 11.1875, 15.125, 18.9375,0.0, 0.25, 0.5, 0.5, 1.125, 2.989473342895508,-3.0979490280151367, 517.8125
0, 200.0, 559, 646, 919, 1006, 0.0,0.7572963219764642, 1.5437684943596834, 3.972680649681716, 3.939093724489212,-0.0007604208832208315, -0.0009174104204612377, -0.0006630344029144908, 0.001863960385471728, 0.0010939386386763772,1727.40087890625, 111.15047870312904, 162.37501525878906, 195.37501525878906, 649, 781,172.37501525878906, 165.37501525878906, 689, 661, 21.386133193969727, 227.461750782657, 16.459292310476908, 244.7966923178992, 27.50136483174709, 217.18958265756538,14.777456061658249, 236.45672742897028, 22.97778356997925, 261.64952501272546, 29.914098332826647, 268.80838288559926,129.72648963581537, 227.17024151617403, 341.23411352432004, 1504.8237182688824, -33.68733002983782, 1007.8406071982124, -69.7797639677157, 1504.8237182688824, -33.68733002983782,30.96925110933159, 902.3629770984418, 798.912784159773, 103.4501929386688, 191.39156782492458,0.0, 0.0, 0.0, 0.0, 0.0625,4.5625, 9.875, 16.5625, 21.6875, 24.125,0.0, 0.0, 0.25, 2.625, 5.75, 3.947368621826172,-3.0729267597198486, 544.0
0, 205.0, 570, 655, 930, 1015, 0.0,0.4751627201680094, 1.0099942709784955, 3.6896926105680175, 5.02060868127097,-0.000689925461601888, -0.0015984415962839193, -0.0015424628574851342, 0.0011241584391677862, 0.0011093208077502935,2136.929931640625, 111.73416996688253, 165.12501525878906, 197.62501525878906, 660, 790,175.12501525878906, 167.62501525878906, 700, 670, 21.441638946533203, 227.08361784982677, 16.59146286892026, 244.52878816087417, 27.508384012132446, 216.66622419806671,14.923255673245388, 236.93142557628616, 23.14526355781354, 261.8473819326024, 30.318344074041452, 268.5081550904422,129.24023517788902, 227.9703012496961, 341.68184872666836, 1437.8441799059801, -32.4744878751591, 1011.4548838535146, -65.42156925744388, 1437.8441799059801, -32.4744878751591,30.046228780856296, 900.2305443356937, 798.5455173896355, 101.6850269460582, 192.95749504572456,0.0, 0.0, 0.0, 0.125, 0.5,8.0, 13.9375, 22.8125, 24.8125, 26.1875,0.0, 0.0, 0.8125, 2.6875, 6.625, 2.1315791606903076,-3.85638427734375, 571.6875
1, 210.0, 625, 678, 985, 1038, 0.0,1.8713271308724322, 3.341253350681507, 6.710367096633414, 7.90161395327188,-9.23210785055062e-05, 0.001277820583727589, 0.0026986489425257785, 0.004412366999648611, 0.0033370506883920827,2990.074951171875, 308.3836158313199, 178.87501525878906, 203.37501525878906, 715, 813,188.87501525878906, 173.37501525878906, 755, 693, 21.552663803100586, 227.02628524193366, 16.7286800957853, 244.42153224354152, 27.59865686328976, 216.58587164434826,15.04099200958018, 232.87264030351943, 24.404125038915634, 257.96201516286226, 31.93943230932904, 264.04241348654773,126.62812044687811, 236.92727098461995, 373.9589490443515, 1265.0721278076687, -24.021190746631884, 980.0559700723767, -50.61402502750568, 1265.0721278076687, -24.021190746631884,27.620505444975098, 896.0152707201896, 792.3594946226995, 103.65577609749016, 196.43281477048637,0.0, 0.0, 0.0, 0.5, 4.4375,8.375, 12.8125, 18.1875, 24.5, 31.8125,0.0, 0.1875, 1.5625, 4.5, 7.8125, 4.721053123474121,-3.8389892578125, 471.1875
1, 215.0, 631, 682, 991, 1042, 0.0,2.0917499284129004, 3.646226506974199, 8.725298531521114, 12.526392948045395,0.0002797594328944797, 0.001121287384594325, 0.0015179239630788287, 0.0033399469742107606, 0.003268197177617367,3612.15478515625, 421.5726271848738, 180.37501525878906, 204.37501525878906, 721, 817,190.37501525878906, 174.37501525878906, 761, 697, 21.92104721069336, 224.59781148253563, 17.525251120712703, 242.43335462671826, 27.684476777437613, 213.4179195683499,15.106746113212298, 232.58814926421007, 24.628287411870037, 257.2026757120753, 32.6111606798947, 263.4274642348148,121.78784636772603, 230.48410476474902, 357.18070808157006, 1209.9576080393533, -19.84377420384709, 947.1079833971825, -44.39098201574829, 1209.9576080393533, -19.84377420384709,31.703492061244987, 895.5330471534531, 801.3393434452164, 94.19370370823674, 199.21350740292374,0.0, 0.0, 0.0, 1.4375, 5.6875,11.5625, 17.0, 24.9375, 30.75, 34.6875,0.0, 0.5625, 2.3125, 4.375, 8.4375, 4.642105579376221,-3.88519287109375, 460.0625
1, 220.0, 647, 683, 1007, 1043, 0.0,2.5236140531813724, 4.255316888066008, 8.967702784185528, 11.7984155569633,0.0004920082779744917, 0.0012443266299578682, 0.002279034723969744, 0.0037283070914600107, 0.004714007090906307,5361.90966796875, 472.8963735704593, 184.37501525878906, 204.62501525878906, 737, 818,194.37501525878906, 174.62501525878906, 777, 698, 21.639280319213867, 224.99777369995323, 17.488174049003618, 243.47542848080903, 27.261341546239585, 213.26695686886825,14.90089044599173, 230.31713868593752, 24.53476565117257, 254.6162606583099, 32.97789776347535, 260.7554395899924,112.85328625147302, 223.67471494377708, 347.72908469567193, 1193.4197405340217, -13.419622683434504, 997.555774019105, -34.346535985570014, 1193.4197405340217, -13.419622683434504,39.57774084765366, 894.7309428883517, 815.7843285655921, 78.94661432275961, 233.26591861304502,0.0, 0.0, 0.125, 2.0, 7.9375,11.4375, 19.5, 27.875, 35.6875, 44.25,0.3125, 1.3125, 3.1875, 5.75, 12.0625, 6.200000286102295,-4.2757568359375, 402.5
1, 225.0, 664, 684, 1024, 1044, 0.0,2.8315203793835826, 4.700149833466858, 8.808181764890904, 10.36840053363703,0.00010984992516569037, 0.001280825221433588, 0.0029922193616221194, 0.004294182936944253, 0.004214787037245742,4630.76708984375, 483.37777396028787, 188.62501525878906, 204.87501525878906, 754, 819,198.62501525878906, 174.87501525878906, 794, 699, 21.073772430419922, 224.72921066178833, 17.299418481163507, 244.27213300913007, 26.484672424102726, 212.1082994945259,14.758419609065967, 228.48320557303242, 24.390445611505, 252.38716012078453, 33.03451119199991, 258.62126502155195,104.44855942194228, 217.76677640275483, 340.43039569363384, 1254.747108322439, -9.431926806249756, 1081.698001363511, -27.513706090098974, 1254.747108322439, -9.431926806249756,45.39832143495556, 893.7028473219494, 828.3160525383189, 65.38679478363053, 223.08580217770847,0.0, 0.0, 0.9375, 4.125, 9.25,14.3125, 23.875, 32.625, 36.875, 39.5,0.0625, 1.875, 6.9375, 10.875, 15.0625, 8.22631549835205,-4.411590576171875, 321.75
1, 230.0, 683, 695, 1043, 1055, 0.0,1.9121561910049056, 3.5175053886254317, 8.236101500167281, 11.709385037433822,0.0006059043047343948, 0.00045720886897470336, 0.0016441502021007181, 0.004014860942202175, 0.00477322574010941,3329.30615234375, 495.0195139240308, 193.37501525878906, 207.62501525878906, 773, 830,203.37501525878906, 177.62501525878906, 813, 710, 20.41412925720215, 225.42916844793123, 17.157248591211534, 246.2264205037953, 25.526497834076757, 211.62230900339284,14.560525928522209, 228.02052855865574, 23.976977759746507, 251.82809547684064, 32.85278576716699, 256.1808384311064,96.0061397787837, 210.084825810366, 327.1486130460735, 1297.9579283117596, -9.317999223965918, 1157.1092370431788, -26.74547784713535, 1297.9579283117596, -9.317999223965918,47.32689161383456, 892.6260115872299, 827.7659695396577, 64.86004204757216, 237.31621749589576,0.0, 0.5, 2.4375, 5.5, 9.3125,22.5, 36.1875, 43.3125, 41.0, 41.5625,0.5, 3.8125, 6.875, 8.875, 12.0, 8.93684196472168,-6.776641845703125, 346.5625
1, 235.0, 705, 696, 1065, 1056, 0.0,2.467673092195765, 4.0451018478930925, 8.12603075824387, 10.850050676428364,0.0006705979318735445, 0.0010388355744589716, 0.0021715855615366307, 0.0041659280887517995, 0.005157164312464602,6781.859375, 487.72952480203963, 198.87501525878906, 207.87501525878906, 795, 831,208.87501525878906, 177.87501525878906, 835, 711, 19.77778434753418, 226.73365261713363, 16.853188192932006, 248.53890682361924, 24.7141981969576, 212.06063102414623,14.441227540406354, 227.10809724781208, 23.88115120505757, 250.903451787761, 32.81480825365886, 255.23230274031002,91.10292281973913, 207.46822682730811, 327.1240905529337, 1366.0644369475683, -7.127226443183604, 1242.7675315992856, -22.772661630840343, 1366.0644369475683, -7.127226443183604,50.28114095769105, 891.850215386424, 835.7968214479239, 56.05339393850011, 235.7838252600882,0.0, 0.8125, 2.625, 6.25, 9.625,26.8125, 35.875, 42.1875, 47.875, 45.6875,1.0, 3.6875, 5.625, 8.875, 13.4375, 4.642105579376221,-6.42279052734375, 274.0
1, 240.0, 724, 700, 1084, 1060, 0.0,2.103140469111968, 3.414013436648529, 7.570101036732087, 9.815022147307172,0.0009297535275510426, 0.0010246546453799965, 0.002122702055944501, 0.0038939758543253327, 0.004838100451895571,3090.138671875, 369.61091264523566, 203.62501525878906, 208.87501525878906, 814, 835,213.62501525878906, 178.87501525878906, 854, 715, 19.977928161621094, 226.29132956648363, 16.997317143539743, 247.8165409531282, 24.936448530165382, 211.80816382481044,14.716654025572572, 227.45169674419876, 24.09807491934611, 250.46599183180004, 33.35002952092923, 255.5655613302933,92.98920733267893, 213.95632707642488, 333.3289438159748, 1292.8119834677157, -7.6074184370481595, 1170.3450731491184, -23.501835328538803, 1292.8119834677157, -7.6074184370481595,46.70347949399014, 891.3843687727745, 832.7937955615594, 58.59057321121509, 230.19400850171175,0.0, 0.9375, 3.9375, 8.875, 13.3125,19.375, 31.4375, 40.75, 45.125, 44.4375,1.25, 3.0, 4.6875, 9.4375, 15.6875, 4.5,-6.534576416015625, 238.3125
1, 245.0, 751, 701, 1111, 1061, 0.007632455348968506,2.5508955867309124, 4.224207164933905, 7.9021838507096955, 9.435560183098424,0.0016021635156175755, 0.0021185747106392226, 0.0028985936358458275, 0.00521757076227118, 0.00500387908946493,3508.69384765625, 337.753291737006, 210.37501525878906, 209.12501525878906, 841, 836,220.37501525878906, 179.12501525878906, 881, 716, 20.012332916259766, 226.24472035558745, 16.996116803204824, 247.70285557739106, 24.992378944152964, 211.8395301779919,14.718094090158464, 227.4264933461614, 23.69610357719361, 249.77230415931518, 32.80454788294444, 255.4737226067133,91.51053407044805, 211.66399316177007, 325.4955975880515, 1297.6673955954589, -9.094882685651081, 1161.8843707541546, -25.813969250982897, 1297.6673955954589, -9.094882685651081,42.891884592603816, 891.0855552405751, 827.9340807213324, 63.1514745192427, 220.57324061310757,0.0, 0.4375, 1.875, 3.0625, 4.5,17.5, 25.4375, 35.1875, 39.1875, 43.9375,1.125, 4.75, 6.125, 9.875, 14.25, 4.947368621826172,-6.0562744140625, 188.5
1, 250.0, 755, 713, 1115, 1073, 0.014914722442626954,1.0634931653272361, 2.17814532419201, 6.719842397021713, 8.25393133123056,0.0018709480178659998, 0.0012897660887665552, 0.001386742297490855, 0.0031572341608057286, 0.0030269097409041023,4368.52490234375, 316.8199438924736, 211.37501525878906, 212.12501525878906, 845, 848,221.37501525878906, 182.12501525878906, 885, 728, 19.55239486694336, 226.34284285320385, 16.75293038833871, 248.50794781227216, 24.421948544414143, 211.34375014257583,14.633491755281842, 227.3523994540451, 23.328786428499143, 250.18837196279569, 32.71255554923982, 254.92437049176917,89.04307930003768, 206.5283650405371, 314.9907952994168, 1371.9502416335647, -9.072574883335456, 1235.6132766198425, -25.75615845316833, 1371.9502416335647, -9.072574883335456,48.52228843466145, 890.815478739172, 829.34287480512, 61.47260393405202, 219.7596045014783,0.0, 0.0, 0.0, 0.25, 1.625,23.0625, 29.0, 40.375, 44.1875, 38.0625,0.1875, 1.0625, 3.0625, 4.6875, 6.5, 8.22631549835205,-4.070709228515625, 221.375
1, 255.0, 789, 721, 1149, 1081, 0.03757403182983399,1.8510970311297568, 2.8725029571214695, 5.710371255697682, 8.585549211073666,0.0005459083108735285, 0.0007569670801103711, 0.0015399942371800536, 0.003158924887470106, 0.004224213702759699,2297.49169921875, 284.6474405867606, 219.87501525878906, 214.12501525878906, 879, 856,229.87501525878906, 184.12501525878906, 919, 736, 19.641071319580078, 226.74635676898987, 16.87155787555863, 248.82027723641235, 24.482523608874864, 211.7370766378172,14.563478082400533, 228.63150264029173, 23.007119867838533, 250.47831349306273, 31.97688517718835, 255.63876729781748,83.90815691099397, 203.7249306858863, 310.22781976374216, 1336.8861823488023, -9.006892270329384, 1198.8628477399102, -26.5582956881282, 1336.8861823488023, -9.006892270329384,43.88716239375614, 890.5879943435325, 826.5488346789504, 64.03915966458214, 225.1792707042882,0.0, 0.0, 0.125, 1.9375, 4.75,18.75, 26.5, 32.25, 35.125, 33.875,0.25, 1.3125, 2.75, 5.625, 7.625, 8.484210968017578,-3.61602783203125, 272.1875
1, 260.0, 800, 720, 1160, 1080, 0.05179987716674805,1.9211994358352968, 3.092167556876083, 6.186185761378147, 6.646307135587559,0.00018639210965318398, 0.0006879665554845359, 0.002038427397233136, 0.0035504922096254183, 0.0030793574319250183,3045.186767578125, 305.0621435817023, 222.62501525878906, 213.87501525878906, 890, 855,232.62501525878906, 183.87501525878906, 930, 735, 19.818645477294922, 226.17203348244018, 16.903712366501342, 247.93456784240897, 24.745138480941957, 211.5008622982461,14.634299187911894, 229.11492976936688, 22.645249867436352, 250.71138686830025, 31.738781568912756, 256.3031124776279,85.82888122368519, 203.12987882344973, 302.4360605531049, 1312.9537867959102, -9.577715589504304, 1166.087595988056, -28.22584561948328, 1312.9537867959102, -9.577715589504304,41.813835605600346, 890.2334002205171, 822.4103312554934, 67.82306896502371, 215.3045804781374,0.0, 0.0, 0.0, 0.8125, 2.0,14.4375, 19.0625, 25.625, 26.4375, 24.75,0.0, 0.5, 1.4375, 1.75, 2.1875, 3.994737148284912,-4.152740478515625, 257.5625
1, 265.0, 825, 734, 1185, 1094, 0.09256265258789062,1.8428154038102356, 3.015207553193902, 6.161568716813343, 7.963890496906824,-3.9364929910448155e-05, 0.00032394405537615966, 0.0016117165705236403, 0.00305840411207214, 0.003721453553189349,3524.000732421875, 285.9708664987656, 228.87501525878906, 217.37501525878906, 915, 869,238.87501525878906, 187.37501525878906, 955, 749, 19.792293548583984, 226.53955230130023, 16.88942365464251, 248.34227624394393, 24.712690821593917, 211.83502736335015,14.821798250459244, 230.26878094661382, 23.004566111484184, 250.79332181758372, 31.956802335777645, 256.48821060413525,89.48926109806601, 206.34024227756038, 307.7113868162298, 1280.8140889106835, -8.202061077028437, 1123.0726217907436, -26.497687158623254, 1280.8140889106835, -8.202061077028437,45.21252492225365, 889.5652528064496, 827.0165593659115, 62.54869344053816, 216.08458707615213,0.0, 0.0, 0.1875, 0.3125, 1.3125,10.5, 15.8125, 22.0625, 24.375, 22.4375,0.0, 1.25, 1.25, 1.125, 1.6875, 5.947368621826172,-4.023712158203125, 295.8125
1, 270.0, 845, 739, 1205, 1099, 0.1152335205078125,1.5816197498119435, 2.789663809477934, 6.3703987926698735, 7.86367060324672,-0.00046068490075867885, -0.00011173771543326438, 0.0015380955624277703, 0.0034824595397242326, 0.003659429653118877,5061.79345703125, 303.7605517169933, 233.87501525878906, 218.62501525878906, 935, 874,243.87501525878906, 188.62501525878906, 975, 754, 19.71405029296875, 226.82109269888815, 16.931462489136276, 248.79746839039655, 24.55836086317941, 211.86941129033232,15.020308259220785, 228.65294943428557, 22.95304641651818, 248.96785813924944, 31.876967245819095, 254.54959801201056,92.27891097274642, 208.55367365024262, 305.55978778444165, 1296.9898715492807, -6.250476605717185, 1144.6265488960478, -23.811143504861366, 1296.9898715492807, -6.250476605717185,51.86037189437941, 889.2438354374706, 833.9809421826585, 55.26289325481207, 222.04523824997005,0.0, 0.0, 0.0625, 0.0625, 0.125,9.5625, 14.5625, 18.5, 20.875, 19.8125,0.0, 0.4375, 0.8125, 1.1875, 3.75, 3.457894802093506,-4.281524658203125, 286.75
1, 275.0, 864, 744, 1224, 1104, 0.0982711181640625,1.8730794047203376, 3.160556077692891, 7.00817254209309, 8.11053249118384,-0.00016799753614009206, 6.865299940272962e-05, 0.0014959393475965045, 0.003469582533696496, 0.003965392384117194,4150.1728515625, 309.2028945501724, 238.62501525878906, 219.87501525878906, 954, 879,248.62501525878906, 189.87501525878906, 994, 759, 19.627492904663086, 227.08730615197857, 17.01175877598141, 249.26562649806314, 24.363436834924116, 211.80456024122134,15.080226394128967, 227.37860005970126, 23.22154096516456, 248.274348051683, 32.0706585844354, 253.81796180849713,79.61361927876567, 206.78388442279572, 306.9530392262195, 1311.0814671834935, -3.948980319168891, 1194.658253737436, -20.865227553922836, 1311.0814671834935, -3.948980319168891,53.78037346956113, 888.7490208145693, 838.9653802524667, 49.78364056210262, 224.22841614363253,0.0, 0.0, 0.3125, 1.0, 2.375,14.0625, 17.75, 18.25, 20.75, 22.375,0.1875, 1.4375, 2.6875, 3.0, 4.8125, 3.994737148284912,-4.404612064361572, 245.6875
1, 280.0, 883, 748, 1243, 1108, 0.11638289642333985,1.759500629007817, 3.1097816307726314, 6.404222719911485, 7.601198271439644,-0.00011057119540282656, 0.0007339370813906498, 0.0020769519830349734, 0.0038491591595743537, 0.003551759894880889,3030.4912109375, 287.4404049351558, 243.37501525878906, 220.87501525878906, 973, 883,253.37501525878906, 190.87501525878906, 1013, 763, 19.280723571777344, 226.92563557432436, 16.785416699530835, 249.59916200003315, 23.96335578224008, 211.26053549883167,15.06640982716938, 226.04075724659253, 23.008952014130376, 247.19297884190826, 31.636821895873464, 253.33182992451066,87.37127692933156, 208.78304525899551, 310.7875914914017, 1293.9377286471565, -2.697333408504302, 1179.8780576703628, -18.80306082168659, 1293.9377286471565, -2.697333408504302,52.609783849973496, 888.2325248899982, 847.8928407558533, 40.33968413414493, 225.85781390476689,0.0, 0.0, 0.0, 0.0, 0.625,11.375, 12.9375, 15.6875, 15.8125, 15.875,0.0, 0.1875, 0.6875, 2.0, 3.875, 4.721053123474121,-3.862762451171875, 188.9375
1, 285.0, 902, 758, 1262, 1118, 0.21510945129394532,1.2071410789794754, 2.3112821681774225, 5.466344045541485, 7.604765297309495,0.00022107841954721152, 0.0006953654525432285, 0.0019156248386934748, 0.003620192965502157, 0.0038259586460344503,2550.024658203125, 281.15203879201937, 248.12501525878906, 223.37501525878906, 992, 893,258.125, 193.37501525878906, 1032, 773, 19.343307495117188, 227.09364456752834, 16.805961065039646, 249.66743647071655, 24.0496720213167, 211.533406078389,15.134501286034903, 234.79066670548573, 21.717797490400233, 253.12636417389834, 30.215128901030507, 259.06820528008086,91.58046061376473, 204.17837352946742, 287.7230251645733, 1255.8713988955983, -6.8414476329175, 1075.324679588157, -29.01124307277488, 1255.8713988955983, -6.8414476329175,42.18715298031725, 887.3906592817821, 819.0927250142428, 68.29793426753929, 223.51403994936965,0.0, 0.0, 0.1875, 0.25, 0.875,10.625, 12.9375, 17.4375, 18.25, 17.6875,0.0, 0.1875, 0.6875, 2.125, 4.375, 5.221053123474121,-3.895355224609375, 146.9375
1, 290.0, 919, 767, 1279, 1127, 0.14431115722656251,1.0389632337912917, 1.8216358984162795, 4.856581158124609, 6.786610973705539,7.122299066168125e-05, 0.0010801181617102883, 0.0023746040082596666, 0.002984981798099398, 0.0032467402693623624,2398.03369140625, 273.99447298243086, 252.37501525878906, 225.62501525878906, 1009, 902,262.375, 195.62501525878906, 1049, 782, 20.394906997680664, 227.84988311243214, 17.18229220555889, 248.70756428400995, 25.478880672966177, 213.95689556075854,15.198599821054446, 236.17334288030645, 21.792842950628522, 254.54559552115694, 30.010474244127167, 261.2598490601979,90.65240763962578, 204.27169991939974, 286.2328457763996, 1226.4557047865226, -14.619226490030554, 1073.6954349212015, -36.74543350280874, 1226.4557047865226, -14.619226490030554,25.769348761123748, 886.8316279012016, 797.6993505741333, 89.13227732706832, 223.7213616119732,0.0, 0.0, 0.0, 0.625, 4.0625,11.125, 16.0625, 21.4375, 24.6875, 27.75,0.0, 0.875, 3.1875, 5.5625, 8.375, 4.231579303741455,-3.5379638671875, 95.5
1, 295.0, 933, 773, 1293, 1133, 0.15325837707519532,1.0622196826053552, 1.9433665837172884, 4.58936905413866, 5.426165837829467,8.979752763721648e-05, 0.00044239237429565036, 0.0017111190767991503, 0.0027982748373938196, 0.002918214410684072,3123.44970703125, 248.85994116308763, 255.87501525878906, 227.12501525878906, 1023, 908,265.875, 197.12501525878906, 1063, 788, 20.16170883178711, 228.21237491206307, 16.800056325716724, 249.20159345700344, 25.362316426256253, 214.48706926088119,15.963914416290592, 234.63224729787646, 22.444429876836775, 252.84709139911484, 30.503696344688493, 260.0897830138614,96.62638297209435, 219.8773039938447, 304.52568017986897, 1248.4394739666084, -12.113083699530792, 1096.1329533514352, -32.96415472318973, 1248.4394739666084, -12.113083699530792,31.623066122735132, 886.714209260925, 808.4075517176632, 78.30665754326185, 219.71011701035076,0.0, 0.0, 0.0, 0.375, 6.25,14.125, 20.0625, 24.4375, 28.0, 31.0,0.0, 1.0625, 2.5, 4.8125, 10.75, 3.726315975189209,-3.92950439453125, 88.25
1, 300.0, 946, 784, 1306, 1144, 0.21350054931640625,0.4589813574019354, 1.459878140190267, 4.244138304509834, 4.5877517388178966,0.0002001645314453526, 0.00034443923049366277, 0.0010781756051255796, 0.0022109106801565304, 0.0019209677509616086,2761.973388671875, 244.5693731790938, 259.125, 229.87501525878906, 1036, 919,269.125, 199.87501525878906, 1076, 799, 19.7325439453125, 228.7499517808781, 16.709531662350244, 250.53869074604933, 24.739404646885465, 214.23062537226076,15.935098686332756, 232.1283409292848, 23.35543259920007, 250.55470232874015, 31.486495887847077, 258.1799938200341,83.97260709838757, 220.4796857906561, 318.31601402299157, 1243.4316728106196, -1.417119808492056, 1132.4716262167153, -18.227479759978443, 1244.9037848229912, -1.4432473334643843,53.98114945923839, 884.7183173153725, 872.0178247298763, 12.700492585496136, 224.0408818588366,0.0, 0.0, 0.125, 0.3125, 1.0625,22.5, 21.625, 21.9375, 25.375, 28.875,1.0, 1.6875, 1.875, 2.4375, 5.8125, 4.231579303741455,-2.707550048828125, 51.0625
1, 305.0, 959, 788, 1319, 1148, 0.1873283233642578,1.0128861722990405, 1.9554657585837412, 4.488497488384601, 4.821158942993498,0.0001439607394286213, 0.0005842643681944537, 0.001590431953454754, 0.0022573611275265647, 0.0015319919890282561,2072.455078125, 202.7975935522634, 262.375, 230.87501525878906, 1049, 923,272.375, 200.87501525878906, 1089, 803, 19.552091598510742, 228.48036421433767, 16.8244908462356, 250.6895420827563, 24.372218885672634, 213.35502269952121,16.165610886468826, 226.85830356948637, 24.78344191749113, 246.84638772266513, 32.83505068908392, 254.99000860969298,89.26042705647403, 223.35737388740984, 337.8132591323113, 1275.1708009618415, -2.484579791099683, 1170.5108488610538, -11.47349506548632, 1275.1708009618415, -2.484579791099683,66.69053011547773, 885.9063608877814, 874.6596829245561, 11.246677963225238, 223.05570526441178,0.0, 0.0, 0.0, 0.0, 1.1875,19.375, 17.0625, 16.5, 18.1875, 24.3125,0.0, 0.625, 2.0625, 3.5, 5.625, 2.026315450668335,-2.788330078125, 42.125
1, 310.0, 986, 798, 1346, 1158, 0.29237994384765625,0.18696028817415938, 0.6807466554117854, 3.3195123953721493, 4.066832794060465,0.00023940654436728438, 0.0009014510107681417, 0.0015218695943394777, 0.0028144650486638056, 0.001985837941452928,2497.101318359375, 167.1680052710039, 269.125, 233.37501525878906, 1076, 933,279.125, 203.37501525878906, 1116, 813, 19.11138153076172, 228.1660798898687, 16.658082918611967, 251.0773252908361, 23.780205015914714, 212.34055636893976,15.59367138660987, 228.5382568977427, 24.37259642532499, 246.07777287498524, 32.09334881446867, 256.0750251404845,90.04779430217769, 214.48225428409015, 328.0597738097955, 1259.8919371084596, -1.302732983580812, 1134.4541491724935, -19.413010045559684, 1259.8919371084596, -1.302732983580812,82.44633101653334, 884.7769169481155, 873.2002873373544, 11.576629610761074, 212.9004674419233,0.0, 0.0, 0.0, 0.1875, 1.9375,12.0625, 12.75, 15.75, 18.0625, 21.4375,0.125, 0.0, 0.875, 2.625, 5.8125, 6.726315975189209,-2.40130615234375, 25.5
1, 315.0, 1002, 805, 1362, 1165, 0.3571393127441406,0.49361864777165465, 0.9454786180378869, 3.2892031737556677, 3.992282849121839,0.0005883710435819012, 0.0018577316348682871, 0.002579246138407143, 0.0025905482843245416, 0.002004636182667241,2639.25244140625, 167.53024086246901, 273.125, 235.12501525878906, 1092, 940,283.125, 205.12501525878906, 1132, 820, 19.908109664916992, 228.02630689869358, 17.139093023264177, 249.77657863260927, 24.726850190521944, 213.14306672349605,16.066747734728914, 230.35546970755962, 23.94762673817109, 246.63062204678442, 31.211201028754722, 258.3228950378491,116.91378546353374, 230.85263490141284, 332.3818598609213, 1212.471395122094, -1.7255131483245716, 1073.0632608981448, -19.969427895343948, 1212.471395122094, -1.7255131483245716,80.76985676747985, 881.641766742497, 868.1974622446803, 13.444304497816688, 211.92978287111728,0.0, 0.0, 0.0625, 1.9375, 4.375,11.625, 12.5, 21.4375, 25.8125, 27.1875,0.0, 0.5, 0.75, 3.0, 5.9375, 3.736842632293701,-2.06121826171875, 29.9375
0, 320.0, 1019, 814, 1379, 1174, 0.46462359619140625,0.12276104498421773, 0.650726216000039, 2.587285122057947, 2.935501362112409,-3.078037544128165e-05, 0.00197636406672018, 0.002782806463631005, 0.002002474970076946, 0.001737156823409123,1424.177490234375, 140.76101417481271, 277.375, 237.37501525878906, 1109, 949,287.375, 207.37501525878906, 1149, 829, 20.703266143798828, 228.59631350568782, 17.640404394524925, 249.23305734784503, 25.662552034108007, 214.57586180283988,17.856065610121625, 238.62641898109487, 24.45938631612405, 249.75420415801466, 31.671329477233048, 261.34782189670767,138.684589558361, 237.52278847077417, 310.81548369404726, 1087.1817774166059, -3.765713405231742, 940.1505638956054, -27.629146038955287, 1114.2517928074174, -2.662963709860403,59.93759248830651, 871.3898881915906, 824.7084800222858, 46.681408169304746, 219.61337429720282,0.0, 0.0, 0.0, 0.0, 0.0625,18.4375, 19.9375, 24.875, 29.3125, 30.0,0.0, 0.0, 0.75, 2.1875, 4.5625, 3.1578948497772217,-2.359344482421875, 23.875
0, 325.0, 1032, 817, 1392, 1177, 0.6747185668945312,0.20297936874703743, 0.5919637780345511, 1.6432404391397724, 2.1230587744120566,0.00023485887477818325, 0.0014178680618067575, 0.00217364435584841, 0.0015132933902111745, 0.00022871798069488137,783.7418823242188, 67.6208822723512, 280.625, 238.12501525878906, 1122, 952,290.625, 208.12501525878906, 1162, 832, 21.110443115234375, 229.61036437100293, 18.11507663177992, 249.86130931078617, 25.99318494502289, 215.65148492895432,14.992936667802566, 228.60355350620804, 20.638573638358665, 246.6191063478438, 27.03451431837504, 260.7867491771478,170.86679107072138, 227.63186129678058, 305.6201943500419, 1187.7786272263138, -11.018571299716497, 820.2236061651811, -22.515191908722883, 1187.7786272263138, -11.018571299716497,80.31523479481106, 873.9520108767707, 828.705466619003, 45.24654425776771, 216.4823749550423,0.0, 0.0, 0.75, 3.625, 5.25,21.25, 21.625, 29.9375, 36.375, 35.625,0.125, 1.3125, 5.25, 7.0625, 7.9375, 3.463157892227173,-2.055816650390625, 12.625
0, 330.0, 1050, 831, 1410, 1191, 0.8758502197265625,0.2687354969792068, 0.4731188136083074, 1.3860452682623872, 1.4300532652175755,0.00022855254946080094, 0.0018230882958459914, 0.0021996168150053563, 0.0014080327481462973, 0.00024725565242476936,1325.0338134765625, 66.8351075281787, 285.125, 241.62501525878906, 1140, 966,295.125, 211.62501525878906, 1180, 846, 22.601606369018555, 231.07990689168787, 18.99117293158065, 249.33702263978694, 27.811878765836536, 218.72758984972273,7.044567031817697, 231.51458013046746, 19.485309413501906, 254.2584816892063, 26.003657652503144, 269.0277822221184,32.48614536528448, 84.30489548243571, 226.2696900252943, 1135.7499888409095, -0.540634722065107, 963.339224418348, -10.992925616677274, 1135.7499888409095, -0.540634722065107,108.69481086287209, 872.527944880971, 851.3180209329895, 21.20992394798145, 224.48087693488068,0.0, 0.0, 0.0, 0.25, 3.0,21.4375, 18.25, 23.1875, 32.1875, 32.875,0.3125, 0.625, 2.0, 5.0, 8.0625, 3.1052632331848145,-1.855560302734375, 6.875
0, 335.0, 1060, 842, 1420, 1202, 0.6980966796875,1.3491867277270648, 1.7254508219365379, 0.9746515512524637, 0.32727581580751575,-7.101449348738242e-05, 0.003149552951156238, 0.0033157843089429663, 0.0008962913560912967, -0.0004420186179800112,1226.20263671875, 35.05295422984295, 287.625, 244.37501525878906, 1150, 977,297.625, 214.37501525878906, 1190, 857, 21.524606704711914, 231.24754705467666, 17.386844440241536, 249.8557289653812, 27.144335976631922, 219.45371189164527,14.330566976721448, 245.17781348956603, 20.37692718212264, 250.27238328958686, 26.530240258670013, 266.0498060836145,126.73283331534043, 168.32748202180625, 224.42011306828513, 1093.8488148543938, -3.78544073754454, 881.9595685759737, -14.484417610990285, 1093.8488148543938, -3.78544073754454,92.72217827031244, 869.6160943607957, 844.601425839082, 25.014668521713702, 222.85054643502488,0.0, 0.0, 0.1875, 1.125, 2.625,20.1875, 21.4375, 26.4375, 29.375, 32.625,0.125, 1.375, 3.625, 6.875, 8.4375, 2.1000001430511475,-1.7349853515625, 4.125
0, 340.0, 1077, 852, 1437, 1212, 0.6234711303710938,1.4347417029761709, 1.9335028359317221, 1.0490809363528388, 0.14023600973159775,0.0002612060262049454, 0.001881499522746708, 0.002024413478407041, 0.0009459872704269401, -0.0003149082234659772,2186.739990234375, 57.52082518891063, 291.875, 246.87501525878906, 1167, 987,301.875, 216.87501525878906, 1207, 867, 23.108501434326172, 233.74516964923188, 18.177050774877717, 249.59282537904377, 29.156482937506013, 223.942992976231,7.763940413305191, 252.57866496473335, 15.770056826848565, 261.3266209895239, 23.726300172661425, 276.1564269805697,78.16148098363072, 120.98002851380133, 202.81668538723312, 990.7889518712526, -13.574630031747324, 749.7654693747426, -34.857384402794715, 990.7889518712526, -13.574630031747324,22.098708807925078, 858.6497433792456, 810.6698662271237, 47.979877152121844, 222.77700735028156,0.0, 0.0, 0.0, 0.0625, 1.0,19.0625, 21.125, 27.6875, 34.75, 31.125,1.0625, 1.6875, 3.5625, 4.375, 4.8125, 2.542105197906494,-2.02294921875, 5.0625
0, 345.0, 1098, 864, 1458, 1224, 0.4284002075195313,1.1928115009074098, 1.7827784561610314, 1.8144206774351186, 1.4824793996056542,0.0010248704221908155, 0.0014631022343291988, 0.002029222695991848, 0.0007118632804667868, -0.00020344103773595635,1278.6016845703125, 61.72460027637972, 297.125, 249.87501525878906, 1188, 999,307.125, 219.87501525878906, 1228, 879, 22.051422119140625, 230.85336317729687, 16.69780414134687, 246.58616695594904, 28.39390496036607, 221.67792908960496,16.213500820476085, 240.7745271354422, 23.18984519132626, 256.4881832833786, 30.823967776513978, 267.954021843079,102.45761219235774, 169.1346995966676, 250.16605837001504, 1338.7944661552938, -22.106809563170163, 1023.3607436071327, -29.56021710589697, 1338.7944661552938, -22.106809563170163,57.036792342942256, 878.1838940242425, 821.7135024485166, 56.4703915757259, 209.4583745154207,0.0, 0.0, 0.0, 0.0, 0.0,24.5, 21.1875, 23.25, 27.5625, 30.625,0.5, 0.125, 0.3125, 0.4375, 0.75, 3.947368621826172,-1.826019287109375, 13.5625
0, 350.0, 1118, 878, 1478, 1238, 0.3145746765136719,1.2450197231280618, 1.7315217622858468, 2.266527699662838, 3.0062132222240328,0.00025070189127745834, 0.0010873407678673175, 0.001993612176411261, 0.0010379610217717073, 0.00032733706761689513,1820.2225341796875, 89.93221754874985, 302.125, 253.37501525878906, 1208, 1013,312.125, 223.37501525878906, 1248, 893, 20.663110733032227, 228.56783161684888, 16.307201852896736, 247.71358767544532, 26.467025768066357, 216.90953342734102,13.19384918438647, 244.7628931578661, 19.055442292542235, 260.617661014055, 27.197569301099495, 269.4403529687438,84.38789580906132, 136.17497877173105, 200.62954647599224, 1282.948027630139, -53.672571326842444, 946.5057544326431, -55.151338815289584, 1282.948027630139, -53.672571326842444,22.03418900301672, 885.6887287128596, 773.4693301565785, 112.21939855628113, 212.79070510308253,0.0, 0.0, 0.0, 0.0, 0.0,19.0625, 13.625, 16.25, 19.0, 19.6875,1.375, 0.125, 0.5625, 0.625, 1.125, 6.484210968017578,-1.92828369140625, 20.5625
0, 355.0, 1131, 883, 1491, 1243, 0.513854248046875,1.3670876719022635, 1.7325476030202118, 1.5542707450943998, 2.2453848822391596,0.0005872571076679378, 0.0013850359404068513, 0.0016781666810129535, 0.0014795411680046298, 0.0011442029296293299,1049.025634765625, 71.22194380123929, 305.375, 254.62501525878906, 1221, 1018,315.375, 224.62501525878906, 1261, 898, 20.056020736694336, 229.66701395997902, 16.00358558158155, 249.95579754023623, 25.70745458843409, 217.20088262866363,11.461236188634501, 232.69898957406105, 17.23087413914885, 257.05536219205646, 23.99105753630572, 267.06943038329234,77.10545352936646, 132.30356538429874, 213.20606478837487, 1186.7366273535094, -22.076102429154076, 886.92842425425, -29.58471383933343, 1186.7366273535094, -22.076102429154076,39.062951538166374, 879.2320482013051, 816.8074475934767, 62.42460060782844, 213.87446104112803,0.0, 0.0, 0.0, 0.0, 0.0,18.375, 10.6875, 11.5, 14.4375, 15.1875,2.25, 0.25, 0.0625, 0.1875, 0.5625, 4.173684120178223,-1.917879343032837, 25.4375
0, 360.0, 1144, 892, 1504, 1252, 0.5918292846679688,0.9066376945475348, 1.2096999196492833, 1.2013013182033319, 1.5305406115943334,-9.634026269850438e-05, 0.0007427556904599442, 0.001249272471288805, 0.00130585843191227, -9.575560890965564e-05,1571.1895751953125, 61.51089251027092, 308.625, 256.875, 1234, 1027,318.625, 226.87501525878906, 1274, 907, 20.882444381713867, 231.36979378044154, 16.90282856297388, 250.8505028968136, 26.43761337003805, 219.058917674504,10.37274283230738, 237.0416784898685, 18.482359272939306, 258.6024136994427, 25.153050520206243, 271.0231436683332,52.01255201845316, 112.93027857171623, 212.9210094922842, 1038.703614313319, -6.830369591219528, 846.451755185324, -19.722128590045344, 1040.1860351376042, -6.889722336803895,56.35508095609115, 870.2833424368642, 840.2632795945724, 30.02006284229185, 220.72701806321024,0.0, 0.0, 0.0, 0.0, 0.0,10.3125, 8.4375, 13.9375, 15.75, 14.875,3.8125, 0.6875, 0.0625, 0.0, 0.3125, 2.6526315212249756,-2.238433837890625, 41.125
0, 365.0, 1158, 903, 1518, 1263, 0.5029105834960937,1.0996624969661934, 1.284383528327453, 0.9956250352045753, 1.090696313061053,0.0002672769387390872, 0.0010045274791718839, 0.0014616146315984224, 0.0006961700983362107, 0.0002486219534975476,1151.0338134765625, 37.498723680690674, 312.125, 259.625, 1248, 1038,322.1250305175781, 229.62501525878906, 1288, 918, 21.56857681274414, 231.91849019722534, 17.754916241625192, 250.91363897392876, 26.975357682150573, 219.5479630729692,9.047656144619465, 232.76588444679214, 17.46870309588203, 259.4300550419298, 24.245242453220353, 271.42798264081824,37.53564090421657, 108.18647682993864, 217.51247003281267, 971.2687499837805, -6.606976123166015, 853.7406896470629, -18.294508859437137, 971.2687499837805, -6.606976123166015,64.13507958496261, 868.3496871946107, 833.2357630668354, 35.11392412777536, 222.86621161246237,0.0, 0.0, 0.0, 0.0, 1.9375,15.4375, 9.8125, 11.3125, 14.875, 17.3125,5.0625, 1.1875, 1.0, 2.5625, 4.75, 4.294736862182617,-2.942535400390625, 32.9375
0, 370.0, 1178, 915, 1538, 1275, 0.4490948181152344,0.5981365593810916, 0.6227258653590979, 0.3667792574228952, 0.7895353735459504,-0.0003223605294647314, 0.0013482037176572703, 0.0013423553636971518, 0.0001761706587876688, 5.184178495312608e-05,515.6160278320312, 13.81227144816365, 317.125, 262.625, 1268, 1050,327.1250305175781, 232.62501525878906, 1308, 930, 21.417112350463867, 232.36384585186684, 17.886919681824935, 251.82824546070222, 26.644764346776228, 219.4376935265493,8.173415362489608, 261.4345652991668, 13.849664346943927, 273.55891969959214, 21.203953538108184, 279.3270007932896,24.633218284262277, 72.51139132582774, 125.84370338483447, 993.9647245951036, -29.566772742001636, 813.4089912237225, -52.68543453735013, 993.9647245951036, -29.566772742001636,2.7217386180481338, 857.386028439388, 723.7309334102176, 133.6550950291704, 211.84285852029666,0.0, 0.0, 0.0, 0.0, 0.875,12.5, 5.6875, 6.4375, 10.625, 12.875,5.8125, 0.75, 0.1875, 1.75, 3.1875, 3.978947401046753,-1.990386962890625, 10.8125
0, 375.0, 1186, 929, 1546, 1289, 0.36192691040039066,0.4602084342460148, 0.3390000946505461, -0.29289358847017866, -0.05110421873396263,-0.0011675281360339796, 0.0013071722220684024, 0.0012936711535974155, -0.0005499103705028574, 3.10252329109062e-05,340.1322021484375, 8.227848441774157, 319.125, 266.125, 1276, 1064,329.1250305175781, 236.12501525878906, 1316, 944, 21.114097595214844, 233.10202537660516, 16.477019220762813, 251.2857548326927, 27.066917603053103, 222.15098522373995,6.858001365182259, 240.32731366934647, 13.03891500459831, 264.79654833318716, 20.510483580925296, 273.48347343002024,24.109357838517624, 73.75863676962967, 138.26293991701357, 1172.5389487386155, -38.52957765211749, 1030.2852565496528, -59.300524687958294, 1172.5389487386155, -38.52957765211749,2.8952105188706327, 856.9185025104427, 734.0248445657992, 122.89365794464356, 204.99298744633546,0.0, 0.0, 0.0, 0.4375, 1.3125,12.1875, 9.6875, 10.75, 14.5625, 17.375,3.9375, 0.75, 1.3125, 2.125, 3.375, 2.473684549331665,-2.661041259765625, 18.9375
0, 380.0, 1210, 940, 1570, 1300, 0.6231226196289062,0.21289820509846322, -0.10178698428848293, -0.32693902803584934, -0.20108105859690106,4.87987233077547e-05, 0.0012982210813311213, 0.0007044026579706042, -6.826521865320956e-05, -3.769258942440956e-06,188.20919799804688, 3.9294574046802344, 325.1250305175781, 268.875, 1300, 1075,335.1250305175781, 238.87501525878906, 1340, 955, 19.75992774963379, 232.7135515373715, 15.781790360538656, 253.45541554252472, 25.383943369822134, 219.9934457358819,12.807259626219789, 256.57044608174226, 20.431647329324367, 264.2534799922795, 27.064068034674115, 270.1537698700173,78.34741514798108, 140.74209344274794, 230.10209288018467, 1135.4927702940258, -11.443769059223921, 870.6840274285842, -18.325863359573134, 1135.4927702940258, -11.443769059223921,67.77077758846586, 861.9164443880218, 823.5163873294376, 38.40005705858414, 209.17840873370216,0.0, 0.0, 0.0, 0.0, 0.0,10.0625, 10.0, 12.75, 16.0625, 19.875,4.0625, 1.0625, 1.125, 1.5625, 0.875, 0.7894735336303711,-1.665740966796875, 6.375
0, 385.0, 1251, 954, 1611, 1314, 1.27093603515625,-1.1428310581152619, -1.5039177084871327, -0.2842684105131775, 1.1290538437696525,0.00018818889761405445, -0.00011225616621800327, -0.00013750069234106377, 0.0002744575574229202, 0.0001522227138229937,160.9803924560547, 3.6794272502897316, 335.3750305175781, 272.375, 1341, 1089,345.3750305175781, 242.37501525878906, 1381, 969, 21.881616592407227, 231.44354616309934, 17.47990340434591, 249.30591749080884, 27.650737090696225, 220.26273208319662,5.928517100734909, 279.69871334830003, 10.788838801733858, 287.12426278750615, 14.660062213278872, 300.7806113159213,52.03984922570292, 74.05136184994842, 132.4100117173721, 781.0737541328058, -0.11786232445930528, 144.3398255202744, -53.36554235276638, 781.0737541328058, -0.11786232445930528,75.76999296712351, 836.8394567739186, 827.9712869041223, 8.868169869796361, 220.37072890309557,0.0, 0.0, 0.0, 0.0, 0.0,8.375, 6.5625, 9.5, 14.0625, 16.4375,6.5, 2.5, 1.1875, 1.5, 0.9375, 0.7894735336303711,-1.221588134765625, 0.5
0, 390.0, 1277, 962, 1637, 1322, 1.312360107421875,-1.02051105664199, -0.9261035931296646, 0.49558559983503075, 1.4619834558264118,-7.176070347668428e-05, -0.00016489920991375585, 2.021306621770691e-05, 0.0007490654189180646, 0.0003738676068459768,119.84439849853516, 6.723631701238773, 341.8750305175781, 274.375, 1367, 1097,351.8750305175781, 244.37501525878906, 1407, 977, 26.887624740600586, 235.33570214087442, 21.084942279763982, 246.78910095258718, 33.3738515566156, 228.1287641329455,7.581188090671812, 281.48640608052415, 12.520323430823689, 291.38628716921573, 16.429192968656796, 298.6251675384054,50.57840432529337, 68.02655009710205, 98.63459347620476, 1070.7683606706369, -0.26510922436494344, 268.673856774485, -72.64083672916826, 1070.7683606706369, -0.26510922436494344,70.37539252671696, 832.4185430449694, 822.4294632981562, 9.989079746813218, 202.41042186398423,0.0, 0.0, 0.0, 0.0, 0.0,6.6875, 5.4375, 9.625, 16.0, 18.75,2.9375, 0.25, 0.625, 1.4375, 1.3125, 1.8315794467926025,-1.162933349609375, 0.75
0, 395.0, 1332, 1006, 1692, 1366, 0.5348189697265625,-0.5769568307779265, -0.5168447201617526, 0.0998993287840858, -0.12793882281985133,-0.00014490086734440411, -0.0004618184062996988, -0.00026688814883073063, 6.024174155527362e-05, -0.0006851309296882845,50.74618911743164, 1.601126103980437, 355.6250305175781, 285.375, 1422, 1141,365.6250305175781, 255.37501525878906, 1462, 1021, 25.364227294921875, 235.09592151987195, 18.989781240662257, 245.4266601100449, 32.22694993541108, 229.0301297642133,6.6954949929845275, 270.69758953173374, 12.56024366613632, 277.88591284068696, 16.78121032117443, 290.4846475572607,29.284292794934075, 47.44186447395183, 81.47683124280127, 861.0350350368047, -33.87456366916206, 669.1340518882126, -53.54641973020265, 861.0350350368047, -33.87456366916206,2.087411428769205, 827.3297069950347, 748.5248940824379, 78.80481291259684, 222.73605757835094,0.0, 0.0, 0.0, 0.0, 0.0,8.75, 8.9375, 11.4375, 14.5, 20.4375,0.0, 0.0625, 0.4375, 1.6875, 2.125, 0.0,-0.8242824077606201, 0.0
0, 400.0, 1285, 990, 1645, 1350, 0.592102783203125,0.4421066248818533, 0.9101544324378483, 1.6613242458028255, 0.10644126321538351,-0.0009389678187244499, 0.0005525139371252408, 0.0010001677119021225, -0.00010486311159581874, -0.00014628755342783962,27.51783561706543, 4.6979864826078845, 343.8750305175781, 281.375, 1375, 1125,353.8750305175781, 251.37501525878906, 1415, 1005, 21.99616050720215, 235.21189813197876, 16.97049868566455, 251.77897269101294, 28.145414354707913, 225.31208657136438,10.373546328261103, 274.19280223570433, 15.979137162790233, 274.53310958091106, 22.60731284138583, 284.1704928394207,79.85915989170462, 103.56603987107542, 150.9368121427058, 1103.1269820680914, -29.357987934380798, 764.2504042205595, -31.773085673434068, 1103.1269820680914, -29.357987934380798,37.967624406886046, 840.5113988669827, 787.673549834487, 52.8378490324958, 209.63483148906164,0.0, 0.0, 0.0, 0.0, 0.0,7.625, 6.0, 12.3125, 20.625, 24.25,0.625, 0.0625, 0.0625, 0.25, 0.75, 0.0,-1.2176513671875, 0.3125
0, 405.0, 1352, 1046, 1712, 1406, 0.5109783630371094,-0.7135545009223278, -0.35054396693885786, 0.5993985570070799, 0.9969073032290908,-0.00022892742836177148, -0.000984130132142127, -2.7826298926356684e-05, -0.00011917909751218758, -0.00018625278212425656,28.687171936035156, 1.829117138293623, 360.6250305175781, 295.375, 1442, 1181,370.6250305175781, 265.375, 1482, 1061, 22.385723114013672, 232.79612852443697, 16.80354540737835, 247.6348042307608, 28.851031890521732, 224.2179940679293,7.991756189364355, 272.6937396374267, 13.325011937162882, 281.76424451558194, 19.430718771040624, 297.4198303951949,30.54092448018134, 69.38844021344434, 125.67224276703709, 934.5973548103698, -81.74882709705122, 721.8440896649521, -106.14556602571533, 934.5973548103698, -81.74882709705122,0, 827.5502848563124, 648.1853255089425, 179.3649593473699, 218.6696149410559,0.0, 0.0, 0.0, 0.0, 0.0,12.3125, 11.0, 15.5, 22.25, 26.3125,0.0, 0.0, 0.5625, 0.8125, 0.4375, 0.3631577491760254,-1.31903076171875, 0.25
0, 410.0, 1409, 1042, 1769, 1402, 0.40338015747070316,0.11278075447175066, 0.1867629448248772, 0.2710817509214394, -0.45982777375786105,-0.0005830780347878317, -0.00028445930268617304, -0.0002955104104810857, -0.00018812794422956358, -0.000556630858727658,18.753889083862305, 1.1508138277550197, 374.8750305175781, 294.375, 1499, 1177,384.8750305175781, 264.375, 1539, 1057, 21.726137161254883, 234.44616562412864, 15.254249346242206, 246.39625630659663, 28.702926308914183, 228.12840979087514,13.132493641503245, 256.0354783451902, 18.017014482360768, 265.9755346065798, 25.483174722262135, 284.5379160356324,45.89064864087027, 97.97859652756128, 142.70755671520828, 1317.429196879335, -73.31844578649984, 829.0774804234488, -58.84624749319324, 1317.429196879335, -73.31844578649984,29.729862012513557, 876.6533659210331, 786.1727675177367, 90.48059840329643, 212.0444810697425,0.0, 0.0, 0.0, 0.0, 0.0,5.4375, 5.0, 7.0625, 5.4375, 6.75,0.1875, 0.125, 0.1875, 0.0, 0.0, 0.0,-1.2806662321090698, 0.8125
0, 415.0, 1404, 1039, 1764, 1399, 0.4283825988769531,0.06197750461025862, 0.11811112415300158, 0.8822231728094629, -0.23621796729217748,-0.0002258529679033927, -0.00018962253842744303, -0.00021314830802396045, -0.00016951000426615792, 0.00034242113692243946,18.612770080566406, 1.8960816358294406, 373.6250305175781, 293.625, 1494, 1174,383.6250305175781, 263.625, 1534, 1054, 19.37447166442871, 231.96583706855188, 14.00696285615633, 250.26256481674966, 25.827219170191427, 222.16294164433017,11.485001132480276, 253.79024490084524, 19.14924619825837, 265.1292331872802, 26.300575349841683, 282.58194110263753,80.33926798040454, 112.0378356307394, 189.1343000690539, 1400.454420085481, -65.10382766642581, 900.2277096564957, -47.589981669067015, 1400.454420085481, -65.10382766642581,43.64173468795302, 880.8430438229999, 792.5311351210355, 88.3119087019644, 207.9923670914732,0.0, 0.0, 0.0, 0.0, 0.0,6.0, 5.4375, 7.3125, 7.25, 7.0,0.0, 0.0, 0.0, 0.0, 0.0, 0.0,-1.2994142770767212, 0.5625
0, 420.0, 1369, 993, 1729, 1353, 0.4617397155761719,0.020145052535808644, 0.2777616740541998, 1.420050276765833, 1.3682046875602103,-0.0006653691584529042, -0.00011691965240402169, 4.759768651751983e-05, 0.00031922737287999327, -0.00015822500130923344,15.0241117477417, 2.152301021940511, 364.8750305175781, 282.125, 1459, 1128,374.8750305175781, 252.12501525878906, 1499, 1008, 19.528301239013672, 232.27555882665527, 14.598600868016431, 251.54663425422163, 25.731109013765526, 221.4833474921946,11.375904576892989, 263.3580285317124, 18.708698255614358, 273.82102137880224, 23.74246389154019, 280.0943862069189,82.91659666635579, 112.96930588282686, 187.5342563958837, 1342.0326112926482, -60.67277958115056, 820.8804182714514, -36.88246744687973, 1342.0326112926482, -60.67277958115056,48.59474893426556, 861.7829212873672, 791.6556368574146, 70.12728442995262, 201.80424015701976,0.0, 0.0, 0.0, 0.0, 0.0,1.5, 0.0625, 0.3125, 0.875, 0.8125,0.0, 0.0, 0.0, 0.0, 0.0, 0.0,-0.91485595703125, 0.0
0, 425.0, 1292, 1015, 1652, 1375, 0.4864192810058594,-0.2839569598855451, -0.014831006649765187, 0.07213027102028716, -0.5447589656287164,-0.0002011560427627046, -0.00012517006069344915, 0.00019752103770542817, -7.361050463089214e-05, -0.0001565952597309206,24.889307022094727, 0.801605280165449, 345.6250305175781, 287.625, 1382, 1150,355.6250305175781, 257.625, 1422, 1030, 20.525548934936523, 233.08945782853232, 15.686497207352955, 251.4647490240806, 26.62761958329577, 222.38694704707166,10.154479023217487, 263.39915993089426, 14.834798053597977, 267.7996595678367, 23.74435824981906, 278.9535397098516,47.230277308166805, 77.52552089960862, 113.9989614030927, 1309.8063728367063, -22.31969913242298, 1041.544205673713, -26.32972821343478, 1309.8063728367063, -22.31969913242298,48.10707254768833, 842.0104527759767, 800.7931563641627, 41.217296411814004, 206.27105206364652,0.0, 0.0, 0.0, 0.0, 0.0,2.1875, 1.5625, 4.8125, 6.5, 9.5625,0.4375, 0.0, 0.0, 0.0, 0.0, 0.0,-0.703338623046875, 0.0
0, 430.0, 1288, 1010, 1648, 1370, 0.49788168334960936,0.035126169448485595, 0.29057139306678437, 0.5349916900286916, -0.45071552423003597,5.9714668741435164e-05, -0.0001320900574131656, 9.181012149497291e-05, -9.659840613124972e-05, -0.00019918950489653754,19.987064361572266, 1.0550465934739062, 344.6250305175781, 286.375, 1378, 1145,354.6250305175781, 256.375, 1418, 1025, 19.89703941345215, 232.60982828463568, 15.619302883960607, 252.73519694880682, 25.69672722135819, 220.53785323761426,10.610575336791461, 257.21715571311574, 14.888975235703388, 265.4963148740333, 23.424873423179513, 275.5613262585648,65.98656786541741, 95.80148597353195, 134.37875455854328, 1315.0927524129715, -23.524361404605667, 1014.2360191221288, -22.064799608135974, 1315.0927524129715, -23.524361404605667,52.49766739248316, 845.3800984426156, 809.1827344801891, 36.19736396242649, 205.06195426531627,0.0, 0.0, 0.0, 0.0, 0.0,1.6875, 0.8125, 3.0625, 5.25, 6.1875,0.25, 0.0, 0.0, 0.0, 0.0, 0.0,-0.806182861328125, 0.0
0, 435.0, 1363, 1038, 1723, 1398, 0.4169435729980469,-0.607462496823573, -0.3204326156407478, 0.7972785122779897, 1.255956405068282,-0.00022890228164442305, -0.00017581861201392712, 0.00037683092662575733, -0.00010177855694564641, 0.00011347168354333805,11.416647911071777, 1.1430792904749432, 363.3750305175781, 293.375, 1453, 1173,373.3750305175781, 263.375, 1493, 1053, 20.3923397064209, 232.5470042046499, 16.068466401444038, 252.03767276040398, 26.191592072494874, 220.7353423532791,13.585564507702857, 261.10566436987403, 18.39815678587673, 268.7409552581129, 26.129426895352022, 285.4700456120424,94.94737166322133, 142.6735182067401, 191.19505742553005, 1254.116786685724, -49.159128775248604, 851.8010400790748, -46.34476955757328, 1254.116786685724, -49.159128775248604,28.890661882286057, 853.07185214331, 783.308143753408, 69.76370838990204, 208.07830170012076,0.0, 0.0, 0.0, 0.0, 0.0,3.25, 1.5625, 4.25, 10.125, 14.5625,0.0, 0.0, 0.0, 0.0, 0.0625, 0.0,-0.690185546875, 0.0
0, 440.0, 1415, 1066, 1775, 1426, 0.3064956359863281,0.36638387067476286, 0.6292715990403667, -0.0006531112367520108, -0.5685011337508331,-0.0011642320526493678, -0.00023070458343624978, 0.0003307625927595836, -0.00010658377142192422, 3.348243846275523e-05,10.042441368103027, 0.5000383045738908, 376.3750305175781, 300.375, 1505, 1201,386.3750305175781, 270.375, 1545, 1081, 20.868118286132812, 232.01646243068, 14.624877162004623, 245.67910143111206, 27.741119172249213, 224.8631228714836,10.776037867626714, 269.90763353062107, 18.021435932573944, 280.7094720624352, 24.067207725440298, 281.3002561048846,31.136334499427527, 74.95346036637588, 142.29545358519422, 1232.1747187593892, -70.0141725345847, 937.266512760622, -55.20648330927273, 1232.1747187593892, -70.0141725345847,12.515764697159849, 872.8272199650352, 787.9806797480969, 84.84654021693825, 223.52993323775974,0.0, 0.0, 0.0, 0.0, 0.0,7.5625, 5.25, 7.8125, 10.0625, 11.75,0.0625, 0.125, 0.0625, 0.0, 0.0625, 0.0,-1.1380615234375, 0.8125
0, 445.0, 1368, 1057, 1728, 1417, 0.3762812194824219,0.29435190727876037, 0.5475370160094463, 0.6797918524692067, 0.599577303704573,-0.0001308963387180029, 0.00030292994629917304, 0.0007151739380708478, -0.00020844468192763088, -2.7750063735823006e-05,14.45193099975586, 1.1826220356560035, 364.6250305175781, 298.125, 1458, 1192,374.6250305175781, 268.125, 1498, 1072, 19.113759994506836, 232.24135323929184, 14.322210084981263, 252.32459286385293, 25.259571764018972, 221.01416565147045,10.775528965076887, 256.71803280932784, 14.822744527304065, 273.5331015845295, 22.53423889460274, 284.5868611712247,64.73374570377919, 133.106024010409, 186.7506137971606, 1031.3953766271468, -68.04805721496312, 905.0891778307376, -84.82173043010386, 1041.8725533204838, -66.4577073766637,0, 824.7832190182337, 667.9505324214451, 156.83268659678856, 224.16220930152616,0.0, 0.0, 0.0, 0.0, 0.0,6.625, 5.25, 8.125, 10.4375, 14.5,0.125, 0.0, 0.0, 0.0, 0.0, 0.0,-0.9754638671875, 0.0
0, 450.0, 1280, 989, 1640, 1349, 0.5234097900390625,-0.3764362793776672, -0.20670194669219202, 1.4643811782449483, 0.34713467316585594,-0.00028875387667312677, -0.00027707114316825713, 0.00011387339166105903, 0.00035087873241195666, -0.0001761470507418039,9.901436805725098, 1.711607763679022, 342.6250305175781, 281.125, 1370, 1124,352.6250305175781, 251.12501525878906, 1410, 1004, 19.95189666748047, 232.07875375591053, 14.150527712688127, 248.3417549199081, 26.616139834414156, 223.51628338615484,12.157374024823731, 267.88472274376005, 16.290997751612434, 271.0523495572242, 23.70665896183494, 279.8797543424404,66.66031395402041, 109.97044810042499, 148.71485275670318, 1129.722426812138, -29.56836825149519, 739.7164462170394, -36.63722138979999, 1129.722426812138, -29.56836825149519,40.83685615880624, 847.2683205169426, 790.4532963217754, 56.81502419516721, 209.95879381921827,0.0, 0.0, 0.0, 0.0, 0.0,1.0, 1.0, 1.5, 2.1875, 3.0625,0.5625, 0.0, 0.0, 0.0, 0.0, 0.0,-1.095458984375, 0.125
0, 455.0, 1206, 912, 1566, 1272, 0.360093017578125,0.4455287211484392, 0.3323616530140862, -0.18310252989031142, 0.032016763600404376,0.0001376406905114891, 0.000276504470296004, -2.668468371439303e-05, -6.630146528777913e-05, 2.873600004308585e-05,13.253127098083496, 0.15551942605302546, 324.1250305175781, 261.875, 1296, 1047,334.1250305175781, 231.87501525878906, 1336, 927, 21.609676361083984, 232.522702391583, 16.48852208892959, 249.2134938439957, 27.831366038264992, 222.72594172463405,9.629935451983668, 253.3286060752224, 17.348244757060762, 261.5016377568163, 25.55597893050858, 268.6079987957294,46.85453889942874, 69.46097940991953, 131.19986351379842, 1225.5160766563022, -31.08977438582959, 1003.0314867653171, -41.61185091380619, 1225.5160766563022, -31.08977438582959,36.21525584238722, 861.0904267245427, 790.9971353135076, 70.09329141103512, 212.33735013056892,0.0, 0.0, 0.0, 0.0, 0.0,3.3125, 3.0625, 6.0, 6.6875, 6.1875,3.0, 0.6875, 0.1875, 0.375, 0.25, 0.0,-1.4915771484375, 1.5
0, 460.0, 1215, 917, 1575, 1277, 0.7170687866210937,0.5753344422572991, 0.4287246792775113, -0.28326687484659485, -0.15526762871537358,0.0004065396162445722, 0.00040300568041402586, 0.00019012639152492738, -7.797960142767124e-05, 2.547653932779781e-05,35.44744110107422, 0.2826301307957636, 326.3750305175781, 263.125, 1305, 1052,336.3750305175781, 233.12501525878906, 1345, 932, 18.78151512145996, 232.1761522534749, 15.317102658534258, 254.79332513456393, 24.153196845041247, 218.06036616863344,7.722751544715374, 258.89277870143826, 16.319561686410577, 264.00782540859075, 24.085986545613324, 270.80382629408416,58.56519286053527, 76.36473772114778, 161.22637299335526, 1185.4201412244333, -14.651398525420777, 909.7875323569966, -22.685851172039744, 1185.4201412244333, -14.651398525420777,78.18954892065007, 850.5965287530167, 817.3957604563898, 33.20076829662696, 221.7731449302931,0.0, 0.0, 0.0, 0.0, 0.0,2.5625, 2.3125, 4.25, 5.25, 6.4375,3.0, 0.3125, 0.0, 0.0625, 0.0, 0.3421056270599365,-1.08465576171875, 0.75
0, 465.0, 1234, 934, 1594, 1294, 0.8950235595703125,-0.15261798948566138, -0.3741340676043183, -0.8467230338969967, -0.3509254227289784,0.0007217524304269318, 0.0002744165716239877, 1.4407321519911421e-05, -0.0001277416109286378, -1.1455724337707806e-05,10.818795204162598, 0.050175140806859864, 331.1250305175781, 267.375, 1324, 1069,341.1250305175781, 237.37501525878906, 1364, 949, 19.851289749145508, 232.48073770932245, 16.172968046978948, 253.4984985157606, 25.280082665337922, 219.215952489244,10.99630740130444, 243.6121975280157, 19.983482351020285, 257.34131489184824, 26.100576961094614, 264.55434982521854,62.62685286823909, 108.59848624986681, 218.2100510338102, 1038.2013678089634, -0.7797089772829658, 770.4844278507443, -13.356351958411496, 1038.2013678089634, -0.7797089772829658,116.233857847895, 859.2047478776567, 847.2694399986635, 11.935307878993171, 211.41389979967653,0.0, 0.0, 0.0, 0.0, 0.0,3.5625, 1.8125, 2.0, 2.5, 1.75,2.125, 0.0625, 0.0, 0.0, 0.0, 0.0,-1.0673828125, 0.1875
0, 470.0, 1302, 1021, 1662, 1381, 0.6603286743164063,-0.9580766987224344, -0.7830305498262169, -0.37672429896221726, -0.6330508075500255,-0.0004127805483722113, -0.0005760172378859352, -0.0004138454806025038, 1.602418748916534e-05, -8.082353231490202e-05,10.375113487243652, 0.18456210377799834, 348.1250305175781, 289.125, 1392, 1156,358.1250305175781, 259.125, 1432, 1036, 21.96737289428711, 232.49195287993962, 18.799995454573402, 251.749689442365, 26.910797813476723, 219.1706091194234,6.127090657462359, 252.29222049132136, 10.153660901280523, 266.1262905419403, 18.91805685979568, 284.68285264982006,28.25778988822146, 50.42743565542679, 79.38959546899348, 1181.151891880339, -27.914708255721955, 805.4304494853575, -68.37489458106607, 1181.151891880339, -27.914708255721955,22.32438051256272, 836.1361785923191, 722.4119321812257, 113.72424641109342, 209.31281407802567,0.0, 0.0, 0.0, 0.0, 0.0,1.125, 1.75, 2.9375, 4.4375, 6.875,0.4375, 0.0, 0.0, 0.0, 0.0, 0.0,-0.6640625, 0.0
0, 475.0, 1224, 934, 1584, 1294, 0.9158447875976563,0.12480546691833296, -0.10809539742971537, -0.6566604818910128, -0.36266570450767177,0.0004920284889112736, 0.00019877661525015357, -0.00015370320450529108, -0.00013350346053925933, 1.2085582521805805e-05,21.822019577026367, 0.11665350250598755, 328.6250305175781, 267.375, 1314, 1069,338.6250305175781, 237.37501525878906, 1354, 949, 20.673234939575195, 234.97821003971595, 15.26016324728605, 251.78424274535413, 27.09968206961246, 225.60792921970378,15.69687407956196, 239.45112334223887, 21.761407135673398, 252.32456826723055, 27.603441480844047, 260.0019058,153.73348266284341, 207.78378399118668, 288.12382725038225, 1004.8443371811202, -3.5157432301468785, 644.0830300344388, -15.237529833599364, 1004.8443371811202, -3.5157432301468785,115.016356346471, 850.1358511636815, 827.8740751344867, 22.261776029194834, 224.11274762777924,0.0, 0.0, 0.0, 0.0, 0.0,3.6875, 1.1875, 2.5625, 4.9375, 7.1875,3.125, 0.0, 0.0, 0.0, 0.0, 0.0,-1.604278564453125, 0.5
0, 480.0, 1261, 1000, 1621, 1360, 0.6875722656250001,-0.8484723217610735, -0.3727181499710423, 0.8170850503203109, 0.27439377253176644,-0.0011449153832404592, 4.466227205739415e-06, 8.98058945062985e-05, 3.0824904911241903e-06, 1.0364565160756455e-05,19.15101432800293, 1.0809723947476868, 337.8750305175781, 283.875, 1351, 1135,347.8750305175781, 253.87501525878906, 1391, 1015, 21.599090576171875, 231.80726739678084, 17.845342508115515, 250.84385168656723, 26.964516747489597, 219.34109470553565,8.943967782493141, 238.9661252696546, 14.850695376873247, 263.0939597580214, 20.245614879584288, 280.0532684681154,62.992602566300455, 95.96407006212934, 159.9180470915435, 892.6725640285568, -21.27362023860703, 620.7905861850791, -54.20126021879458, 892.6725640285568, -21.27362023860703,4.36200114053418, 847.9991971027671, 703.5033482334344, 144.4958488693327, 213.04223622397612,0.0, 0.0, 0.0, 0.0, 0.0,1.9375, 0.0625, 0.0, 1.625, 2.125,1.0625, 0.0, 0.0, 0.0, 0.0, 0.0,-0.92584228515625, 0.0