CS_TRN: UH_Thresh: 150.0, u_rad: 5.0, track_on: 100.0 min
Mode, Time, x1, y1, x2, y2, zs_surface, w500m, w1km, w3km, w5km,zvort_suf, zvort500m, zvort1km, zvort3km, zvort5km,UH_Max, UH_Area, UH_X, UH_Y, UHi, UHj,SX, SY, SXi, SYj, meanWnd, meanWnd_dir, rm, rm_dir, lm, lm_dir,shear1km, shear1km_dir, shear3km, shear3km_dir, shear6km, shear6km_dir,srh500m, srh1km, srh3km, sbcape, sbcin, mlcape, mlcin, mucape, mucin,3CAPE, LCL, LFC, LFC-LCL, EL,wA500m, wA1km, wA3km, wA5km, wA8km,zA500m, zA1km, zA3km, zA5km, zA8km,wzA500m, wzA1km, wzA3km, wzA5km, wzA8km, meso_depth, CP_Min, CP_area
bool, min, idx, idx, idx, idx, km,ms^-1, ms^-1, ms^-1, ms^-1,s^-1, s^-1, s^-1, s^-1, s^-1,m^2s^-2, m^2s^-2, km, km, idx, idx,km, km, idx, idx, ms^-1, deg, ms^-1, deg, ms^-1, deg,ms^-1, deg, ms^-1, deg, ms^-1, deg,m^2s^-2, m^2s^-2, m^2s^-2, Jkg^-1, Jkg^-1, Jkg^-1, Jkg^-1, Jkg^-1, Jkg^-1,Jkg^-1, hPa, hPa, hPa, hPa,km^2, km^2, km^2, km^2, km^2,km^2, km^2, km^2, km^2, km^2,km^2, km^2, km^2, km^2, km^2, km, K, km^2
0, 5.0, 167, 496, 527, 856, 0.023873775482177735,1.9118712365627288, 3.279107998609543, 4.239236356094479, 2.522914984822273,-1.922753448837966e-05, -0.00014724242806266836, -0.00014076607933077411, 7.7675134852484e-05, 5.079054234926161e-05,3.8460569381713867, 1.849714239584501, 64.375, 157.875, 257, 631,74.375, 127.87500762939453, 297, 511, 19.51188850402832, 230.4794513013737, 16.08310246726794, 252.18324347259045, 24.80446206998727, 216.6057693861549,12.540513971567595, 225.0237284187993, 33.62370926386998, 265.80099595252926, 38.060599190362154, 270.6929586634765,180.72827422947032, 300.0523216962664, 591.0544123732427, 1791.100819967282, -6.027759374404743, 1273.9042538751419, -23.020300799860202, 1791.100819967282, -6.027759374404743,91.05459490521298, 904.1612996311187, 879.6840444464661, 24.477255184652563, 192.04788927726267,0.0, 0.0, 0.0, 0.0, 0.0,0.0, 0.0, 0.0, 0.0, 0.0,0.0, 0.0, 0.0, 0.0, 0.0, 0.0,-0.06257469207048416, 0.0
0, 10.0, 190, 563, 550, 923, 0.024867372512817384,2.8302782306447627, 3.8312980449490714, 6.40858640718274, 2.1151217993628233,0.0008334124913028517, 0.0007048562790942014, 0.0005190520907194696, 4.959239679692473e-05, 3.182437264598548e-05,12.615797996520996, 5.973006294629084, 70.125, 174.62501525878906, 280, 698,80.125, 144.625, 320, 578, 19.72899055480957, 220.89985144324234, 13.844811645155763, 237.0755237666066, 26.444041920308727, 212.51319098351792,43.305662682742884, 269.4613626306308, 49.05203133483458, 272.5528738159843, 50.847474113490776, 275.61111833761424,358.97117918479904, 563.0236760634336, 670.6355713337693, 1.9583709857389362, -239.3631155864229, 132.4324401401715, -220.29255476951568, 188.6218873292547, -210.10876413703946,0, 755.9639597375957, 447.2772074078665, 308.6867523297292, 382.9503194938957,0.0, 0.0, 0.0, 2.3125, 12.9375,1.0, 7.8125, 16.25, 18.125, 13.4375,0.0, 0.0, 0.5, 2.75, 6.625, 0.0,-0.23237717151641846, 0.0
0, 15.0, 251, 641, 611, 1001, 0.02781999969482422,-1.13229423556244, -1.3337201440357602, -0.1449102607741952, 2.6126701987854903,-0.0006889983490287932, 0.0001590081037358004, 0.00012407361875290234, 0.00047290087087219494, 2.5998849894364186e-05,40.67295837402344, 7.573186427615874, 85.37500762939453, 194.12501525878906, 341, 776,95.37500762939453, 164.12501525878906, 381, 656, 21.17703628540039, 223.42793668149585, 14.931069526046366, 236.83638281889674, 28.044550548585278, 216.33609822129796,12.345563040754666, 227.61402302001326, 22.14204394010394, 253.71295448019737, 26.054750166810678, 263.1754848959547,79.87419788971626, 129.56427861209775, 207.87195247329367, 1629.969312216167, -40.97411618193145, 1113.1592028427888, -96.64642001149812, 1629.969312216167, -40.97411618193145,7.752616030891345, 903.7057174739604, 744.1599203392726, 159.54579713468775, 194.99214490929472,0.0, 0.0, 0.625, 5.25, 21.4375,14.0625, 29.125, 46.9375, 53.75, 48.4375,0.8125, 4.3125, 8.875, 13.5, 13.875, 0.0,-0.02283533103764057, 0.0
0, 20.0, 182, 605, 542, 965, 0.024514930725097656,2.5884248908309386, 3.9072609075484794, 4.622310099253664, 0.7233686510636471,0.000537082779582363, -0.0012257661303374334, -0.0009944962970484994, -0.0003634177325261589, -1.9109074275860395e-05,51.17861557006836, 4.333878035122435, 68.125, 185.12501525878906, 272, 740,78.125, 155.125, 312, 620, 19.86636734008789, 233.756944895361, 16.386426765203957, 254.97581142951992, 25.16605107686551, 220.12610281264654,35.40383621895853, 263.20298323755316, 63.29780230255406, 275.27340646429207, 58.09435184072403, 285.974099912411,466.41676943737696, 859.834657689396, 1392.6633665108586, 785.7135285266315, -23.38201816605917, 444.79271291872436, -63.01371909009894, 1071.6612897769876, -1.1021933693059662,2.953449602468491, 845.3197309075708, 672.082549667013, 173.2371812405578, 227.8769162810326,0.0, 0.1875, 3.0625, 6.8125, 11.1875,20.8125, 33.6875, 48.375, 60.8125, 68.5,1.625, 6.75, 13.75, 21.25, 27.8125, 1.8105266094207764,-0.15045855939388275, 0.0
0, 25.0, 190, 616, 550, 976, 0.024867372512817384,0.6821103172190487, 1.0714990418334491, 0.11053425826597958, -1.5103445835364981,-1.3512300854472415e-05, 0.0007119139989663381, 0.00020361524914278562, 9.600747488320849e-05, -7.206289473948857e-05,598.8740234375, 13.621195223982486, 70.125, 187.87501525878906, 280, 751,80.125, 157.875, 320, 631, 25.550548553466797, 223.30817614458886, 18.31939351084893, 228.58033722932586, 32.90229349852341, 220.37558235315367,24.63094506704205, 256.3536695378644, 43.45205570157261, 275.307188579927, 35.42553863046643, 289.00533786606263,343.1050843077152, 489.5394233464562, 726.6776315239654, 506.62238540652834, -69.03869768526133, 242.9322788672814, -88.64329651026898, 910.2795236896822, -0.3109043944776818,0.8893545534406383, 892.6839540022639, 715.6696745387815, 177.01427946348247, 227.61816809445307,0.0, 0.125, 1.3125, 21.75, 44.0625,39.125, 60.25, 81.5, 98.9375, 110.625,1.625, 8.9375, 17.1875, 24.0625, 32.4375, 3.068420886993408,-0.4450538456439972, 0.0
0, 30.0, 217, 572, 577, 932, 0.026114002227783203,-0.04435254925861955, -0.4508021465805359, -1.8773386433604171, -3.861734468340874,-0.0001250329610161316, -0.0014186206187332573, -0.0017775266892022046, 0.00045626299729974564, -0.00010402222467803312,1218.1873779296875, 17.122342406788427, 76.875, 176.87501525878906, 307, 707,86.87500762939453, 146.875, 347, 587, 26.074970245361328, 228.02599270999175, 18.799093589209484, 232.7366740886667, 33.449996796209746, 225.3805956962578,19.100898938371262, 224.3043592350352, 30.93403247516116, 271.2908734234194, 26.921800310220043, 265.386785960503,91.23356051071973, 277.40432923222954, 587.5946015213434, 2147.68187527763, -20.551533232891074, 1872.2998846846888, -47.32405534623449, 2147.68187527763, -20.551533232891074,49.96267654087533, 903.2864542465504, 784.0186363639152, 119.2678178826352, 178.12539137962906,0.0, 0.125, 2.125, 6.3125, 20.25,44.125, 73.375, 102.8125, 114.3125, 122.9375,2.25, 12.1875, 23.0, 29.375, 35.25, 2.6894733905792236,-1.08013916015625, 7.5625
0, 35.0, 199, 636, 559, 996, 0.025272926330566405,0.3560882521152962, 0.20664403336821124, -0.904207104369998, -2.9404822553100534,-0.0006691652791278102, 0.00019047911549932906, 0.00028523194884655823, -0.0004776791109725309, -0.00034613846991618405,1341.67236328125, 43.59355431336909, 72.375, 192.87501525878906, 289, 771,82.37500762939453, 162.87501525878906, 329, 651, 20.948789596557617, 221.69909285916057, 15.404307121390294, 237.86154030350073, 27.439222050005196, 212.70853993900528,20.007527748004975, 281.47094253224327, 24.24633310429497, 299.7826387159124, 33.801872126065895, 295.9933453870377,251.32618150822537, 377.80292085272384, 536.5877071961069, 608.7100603239705, -46.975870288956536, 580.8457280142411, -54.18903126081168, 702.5175617842307, -20.72017361585384,31.148972108628648, 894.3340757558514, 780.019935697537, 114.31414005831436, 223.93865510388505,0.0, 0.0, 0.0, 0.8125, 4.5625,70.25, 93.3125, 128.0625, 141.625, 152.0625,0.0625, 4.25, 8.9375, 15.5625, 18.9375, 3.1210529804229736,-1.53094482421875, 17.9375
0, 40.0, 219, 589, 579, 949, 0.026210004806518555,0.5023879381804727, 0.5470303349383175, -0.42232796699390746, -1.8733525873790497,0.0003400731142460245, 0.0002888203017482738, 0.0003428824804359465, -0.0004357147193786659, 3.7169843608637586e-05,1127.39208984375, 28.58144325586806, 77.375, 181.12501525878906, 309, 724,87.37500762939453, 151.125, 349, 604, 23.55756378173828, 224.57426099027742, 16.398487420552303, 231.09461465290693, 30.878912530637876, 221.11693420602435,8.942027005689516, 209.41756578802057, 15.383128615978448, 264.0738323567298, 24.482363280689952, 271.1387924313599,62.42317415164676, 100.35154911512431, 326.0218186490769, 1682.4162775957793, -30.859365440656358, 1214.143923180991, -12.111583495439632, 1682.4162775957793, -30.859365440656358,92.37435282958063, 902.6539300023542, 866.9003797790443, 35.753550223309844, 185.83590043184077,0.0, 0.0, 0.0, 0.0, 0.0625,49.0625, 60.875, 79.5, 94.0625, 104.9375,0.0, 1.375, 3.1875, 6.25, 7.0625, 2.6894733905792236,-2.112945556640625, 68.0
0, 45.0, 357, 662, 717, 1022, 0.03434187698364258,0.25603730825241655, 0.4226586550284993, 2.5710023469117003, 3.20217738606967,1.7680724421254012e-05, 0.00029837307495768074, 0.000426241468499029, 0.0003664530825312795, 0.00028657731792009145,620.6290283203125, 44.679714033184574, 111.87500762939453, 199.37501525878906, 447, 797,121.87500762939453, 169.37501525878906, 487, 677, 20.430078506469727, 226.79128575335022, 15.037167138176684, 243.89280371880633, 26.854419914977985, 217.31365415644922,14.794252034106584, 238.12440007709893, 28.821226197562815, 266.6139797090575, 35.64369590119696, 271.5340827993852,180.0711599409717, 291.6543585980228, 509.89002745863087, 1364.843247012978, -150.80507798453755, 725.6847676443325, -223.8050947399672, 1364.843247012978, -150.80507798453755,5.916346755831659, 902.4857106210428, 731.1648004158902, 171.3209102051526, 196.08659519857315,0.0, 0.0, 0.0, 0.0, 0.0,0.0, 0.6875, 2.5625, 4.625, 10.25,0.0, 0.0, 0.0, 0.0, 0.0, 2.6894733905792236,-2.72418212890625, 509.625
0, 50.0, 262, 764, 622, 1124, 0.02840736961364746,0.09017594003118574, -0.09795691501480178, -0.3749131736364506, -0.39807365279819357,0.0005218825531198945, -0.0003116824818062014, -0.0004252448066108627, -0.0006899444317787129, -0.00013538911646946873,387.95233154296875, 7.8836803059859895, 88.12500762939453, 224.87501525878906, 352, 899,98.12500762939453, 194.87501525878906, 392, 779, 20.904586791992188, 223.79650734948808, 14.900416976059063, 238.4269739340674, 27.649252042400686, 215.97314251458943,18.610429980545963, 234.39488456384018, 19.473844681907085, 265.5802988800678, 18.467012586111938, 257.7742396022003,167.9457054224256, 254.515120368792, 384.67071279516375, 1165.5713739773737, -127.52882332248537, 929.0587166179425, -105.48411715656142, 1170.457877768527, -116.14739090372312,11.355077823478892, 918.7683776218593, 758.454523331179, 160.3138542906803, 194.20114865184885,0.0, 0.0, 0.0, 0.0, 0.0,24.625, 24.25, 35.9375, 52.9375, 55.4375,0.0, 0.0, 0.1875, 0.3125, 0.25, 5.131579399108887,-2.1771903038024902, 294.875
0, 55.0, 395, 623, 755, 983, 0.0372381706237793,0.5268035743451036, 0.8754412653995678, 3.2318655894510435, 3.9835391236725264,-6.982013403558085e-06, 0.00022438504945284876, 0.00024668934184546743, 0.0007566146425142506, 0.0010937620720710584,291.90582275390625, 35.22678853214952, 121.37500762939453, 189.62501525878906, 485, 758,131.375, 159.625, 525, 638, 22.810848236083984, 227.06558615041791, 16.660029976536155, 239.7044897929048, 29.59075806493073, 219.98928592657248,14.851124787404403, 240.2536432489587, 23.76355443823893, 271.4698380400521, 33.25182693381289, 274.66374377897677,149.5437742519578, 253.79831552708856, 389.12931323107006, 1436.1929811283735, -120.9792398948802, 837.3291806641789, -200.3404404404217, 1436.1929811283735, -120.9792398948802,0.0073355581269293445, 902.411156532701, 703.7122560875775, 198.6989004451235, 187.22922602487688,0.0, 0.0, 0.0, 0.0, 0.0,0.0, 0.3125, 1.1875, 1.375, 3.8125,0.0, 0.0, 0.0, 0.0, 0.0, 0.8736841678619385,-2.17413330078125, 476.0
0, 60.0, 377, 617, 737, 977, 0.03582307434082031,0.11459594357278548, 0.2533865421055816, 1.1889503348839936, 0.8913958191254643,-2.136674870882871e-06, -0.0001125554769964765, -0.0002826819996653285, 0.0005927638925277279, 0.0004941766396359526,683.7958984375, 18.52196570053343, 116.87500762939453, 188.12501525878906, 467, 752,126.87500762939453, 158.125, 507, 632, 21.808012008666992, 225.3387777244553, 16.077927683501024, 240.18694285169838, 28.37567697395856, 216.98999160669825,16.32034597793337, 246.27071205865977, 23.092711295819875, 272.89394614237807, 29.398862128374244, 277.26080026746905,155.3501986766254, 271.6059542802973, 388.0377914291463, 1468.7584396537977, -89.86352075037175, 803.1887140520797, -162.39381104544088, 1468.7584396537977, -89.86352075037175,6.334810703710217, 902.2280961955742, 760.67521822772, 141.5528779678541, 191.8959404815846,0.0, 0.0, 0.0, 0.0, 0.0,0.75, 1.6875, 3.9375, 7.125, 12.75,0.0, 0.0, 0.0, 0.0, 0.0, 1.6631577014923096,-2.279052734375, 715.125
0, 65.0, 301, 785, 661, 1145, 0.03064473533630371,0.22205548858852125, 0.3161107591143809, 1.060997879265924, 1.4221167978504672,-0.00026077840845800893, 0.0013539868202997241, 0.0003984127957573946, -0.00032137677808350416, 0.00041781040320159945,463.0834045410156, 10.999670967242565, 97.87500762939453, 230.12501525878906, 391, 920,107.87500762939453, 200.12501525878906, 431, 800, 22.445737838745117, 227.02991890257212, 16.550859589287125, 240.84716848940465, 29.089367429630524, 219.22018575242663,21.286424533549646, 214.39233406999932, 23.91954499341653, 241.06385394868394, 22.808483101363453, 252.6880026329669,85.71940609594074, 200.27839010981478, 311.85776625710014, 1397.2305263781873, -31.866655448338392, 1178.8725879477422, -33.75012153669937, 1441.779952754508, -27.229222614828757,39.62295384193923, 938.126087071508, 814.4039465482545, 123.72214052325353, 191.08490214017706,0.0, 0.0, 0.0, 0.0, 0.0,8.3125, 8.5625, 15.3125, 21.6875, 30.0,0.0, 0.0, 0.0, 0.0, 0.0, 3.726315975189209,-3.144866943359375, 489.0
0, 70.0, 323, 799, 683, 1159, 0.03202360153198242,0.14228041892522014, 0.07596995830070227, 0.6546236032713204, 0.7788997463596752,-0.0003777902888009521, 0.0009175008787133265, 0.0010954593099586419, -0.0005295972384874403, 0.00019229960796508298,423.25140380859375, 9.158384121742785, 103.37500762939453, 233.62501525878906, 413, 934,113.37500762939453, 203.62501525878906, 453, 814, 20.20628547668457, 231.78860731996838, 17.053175668634065, 252.91213865612607, 25.264146368552925, 217.7098780676848,18.273419969118322, 223.9273601136072, 24.44146819550741, 247.6206033254644, 21.33056178542502, 261.19038603633885,101.00528369484726, 220.36664612434097, 366.5013726025214, 1300.9467524489694, -54.06747298569562, 989.5829487135597, -48.82780970295284, 1300.9467524489694, -54.06747298569562,34.43566954435607, 932.1765876275969, 813.9724370316655, 118.20415059593131, 188.09632375352462,0.0, 0.0, 0.0, 0.0, 0.0,8.6875, 9.375, 13.4375, 18.5625, 21.3125,0.0, 0.0, 0.0625, 0.375, 0.5625, 0.8315792083740234,-2.84442138671875, 568.125
0, 75.0, 435, 643, 795, 1003, 0.04069313812255859,0.020636948608153034, 0.1261325136036612, 1.1339008119865321, 0.6698968291899654,-0.00014178907276743758, 1.3453710537305596e-05, -9.786759236249054e-05, 7.836402483917482e-05, 0.00021802229340892154,498.8057861328125, 19.08075375626639, 131.375, 194.62501525878906, 525, 778,141.375, 164.62501525878906, 565, 658, 20.439088821411133, 231.17615791747167, 16.40458698013447, 251.05873902145296, 26.055752970852485, 218.81216963901795,15.711535951041304, 242.6205360227999, 23.80411347651525, 271.51402936398205, 28.771144396843475, 272.4084426357952,154.50826123824095, 286.38400258991777, 428.4944263528594, 1436.3182329149204, -61.61029023442341, 891.9866735348631, -123.16015097886755, 1436.3182329149204, -61.61029023442341,6.497691087282257, 902.3553923433049, 752.8439550964049, 149.51143724689996, 196.94963635329114,0.0, 0.0, 0.0, 0.0, 0.0,0.375, 0.8125, 2.1875, 2.75, 4.0,0.0, 0.0, 0.0, 0.0, 0.0, 2.1315791606903076,-2.44677734375, 743.375
0, 80.0, 457, 683, 817, 1043, 0.042797897338867186,-0.0385065875127475, 0.14092946509626927, 1.1754474197141827, 0.26304377094609666,-0.00021278733639860549, -0.0004145185178140309, -0.00019074161259027277, 0.00018721585983257682, -2.231559286542506e-05,641.4429931640625, 22.68425884126361, 136.875, 204.62501525878906, 547, 818,146.875, 174.62501525878906, 587, 698, 22.009920120239258, 228.63945298048563, 16.835268981335567, 244.85253451906573, 28.247953442331433, 219.06064018842844,14.621191945453168, 231.08090409930668, 22.67888891108593, 258.57062599904543, 30.25304498750983, 267.60636521432536,128.6660263895913, 227.66643917101334, 378.8685656483639, 1639.1045352648034, -28.017074596113805, 1110.568326626882, -61.66514318120105, 1639.1045352648034, -28.017074596113805,42.18073396492456, 902.4290837344934, 803.6982252348226, 98.73085849967072, 188.03008759298143,0.0, 0.0, 0.0, 0.0, 0.0,0.375, 0.3125, 1.0, 2.0625, 2.6875,0.0, 0.0, 0.0, 0.0, 0.0, 3.526315689086914,-2.798309326171875, 948.5625
0, 85.0, 466, 656, 826, 1016, 0.04370527267456055,0.03570822315698024, 0.11763032951508649, 1.1455401016835822, 0.3411861123918788,-0.00012089355105104005, 0.0003072184589763083, 0.00014891061100797743, 0.00048035411056844167, 4.77331276627523e-06,337.24871826171875, 16.246536019160818, 139.125, 197.87501525878906, 556, 791,149.125, 167.87501525878906, 596, 671, 21.741228103637695, 228.39933085002465, 17.32759885390885, 246.37312367544007, 27.524829642170303, 217.19780715666337,14.697089625468585, 239.93028843327195, 22.745380045799116, 267.5159471700928, 28.76777759147384, 270.4832991767138,136.31226319673866, 233.21571142863502, 344.69902755165543, 1532.5673269575404, -43.16831682991738, 979.7200000710561, -84.01042382083887, 1532.5673269575404, -43.16831682991738,29.570694920246538, 902.1401558230136, 788.7711855916964, 113.36897023131723, 192.591305870214,0.0, 0.0, 0.0, 0.0, 0.0,0.25, 0.0, 1.125, 0.75, 2.125,0.0, 0.0, 0.0, 0.0, 0.0, 0.8736841678619385,-2.920562744140625, 771.8125
0, 90.0, 416, 855, 776, 1215, 0.03899567794799805,0.2905103044761927, 0.46020718724874315, 1.0389720244449563, 0.42909196347929535,8.711007646070357e-05, 0.0009198331628886081, 0.0012742014916148037, -0.00018186241557486939, -5.6998762350986e-05,439.86529541015625, 15.034882955387154, 126.62500762939453, 247.62501525878906, 506, 990,136.625, 217.62501525878906, 546, 870, 21.564868927001953, 229.24003151420484, 16.84920570890446, 246.83901394093152, 27.544354077809505, 218.58165053013948,14.132628075899474, 224.99295158639922, 19.68207841830798, 241.00686285024938, 23.818732583000266, 265.4457304930402,85.37450899730143, 172.44974918966201, 300.7371009929891, 0, 0, 190.96752580335541, -129.00059224723304, 840.5892297874897, -11.728673132244893,0, 875.6127638122686, nan, nan, nan,0.0, 0.0, 0.0, 0.0, 0.0,2.5625, 3.3125, 5.375, 9.3125, 13.375,0.0, 0.0, 0.0, 0.0625, 0.1875, 1.7473688125610352,-2.585113525390625, 821.6875
0, 95.0, 503, 871, 863, 1231, 0.04774872589111328,-0.07050739960875943, -0.17723176144092578, 0.8075245275266933, 2.3763659440679477,0.00011323807254825624, -8.999325045806472e-06, 0.0006482193491228827, 0.0001621672964154186, 0.00022544678089161607,390.5521240234375, 11.354362347325363, 148.375, 251.62501525878906, 593, 1006,158.375, 221.62501525878906, 633, 886, 20.268932342529297, 229.88674114557833, 16.75623661718558, 250.60118025080942, 25.56145129556298, 216.4797169824128,6.966986138544613, 189.29684619134932, 14.355066934508056, 250.5565328194377, 29.272994234294234, 247.02643150918666,79.17279146854466, 112.6083913182273, 220.4136504932191, 1362.2398294526463, -10.519705338485213, 988.0541981815251, -26.01600044467607, 1362.2398294526463, -10.519705338485213,78.37338332493935, 922.8436433999253, 865.8797414206701, 56.96390197925518, 185.05261638310776,0.0, 0.0, 0.0, 0.0, 0.0,0.0, 1.125, 2.3125, 3.75, 6.9375,0.0, 0.0, 0.0, 0.0, 0.0625, 3.6210529804229736,-2.64764404296875, 574.25
0, 100.0, 430, 854, 790, 1214, 0.04023605728149414,0.4871118378639221, 0.5333774426107993, 1.7014549034961963, 1.8731396237318405,0.00016617016112945748, 0.0006822035625054923, 0.000603282786564705, 0.0004924266877424088, 0.0002995279135666351,393.3975830078125, 21.889741862719372, 130.125, 247.37501525878906, 520, 989,140.125, 217.37501525878906, 560, 869, 16.680723190307617, 226.43532361456582, 13.632253367350204, 252.7011034464362, 21.98078002664553, 210.50572069823178,14.84156198728991, 240.29069019501685, 21.081392542480156, 254.14844734167738, 28.49714621713172, 263.7885080343417,54.43339100148118, 174.34155168422564, 308.4788638513547, 337.20115030074305, -153.52225914898278, 654.2903214064718, -87.72949074753987, 843.7674555106707, -57.48373559660078,2.0721940705444997, 911.0054640447746, 727.1750239786815, 183.83044006609316, 267.5875919892327,0.0, 0.0, 0.0, 0.0, 0.0,2.5625, 4.9375, 9.0625, 15.8125, 19.375,0.0, 0.0, 0.0, 0.0, 0.1875, 2.542105197906494,-2.916534423828125, 1120.9375
0, 105.0, 561, 728, 921, 1088, 0.05528109359741211,0.20442060242930893, 0.32540447060106087, 1.6759949516505004, 0.7287792437087046,3.40258848797248e-05, 0.0002829613949643317, 0.00022042334016987298, 0.0003862606343432162, -0.0006252191277184238,393.879150390625, 17.14331756233593, 162.87501525878906, 215.87501525878906, 651, 863,172.87501525878906, 185.87501525878906, 691, 743, 19.640962600708008, 226.99392380564615, 15.49465300955095, 247.63137842528846, 25.37618213389959, 214.56622191352858,14.013269412824583, 227.13734411783807, 22.46242057552065, 252.42494472727304, 29.36754183383301, 264.4551071765783,117.36347859128902, 209.02985785555774, 342.3114335607258, 1572.9131188427323, -17.674631205713307, 1091.9079151213218, -46.5783844442112, 1572.9131188427323, -17.674631205713307,57.628161789961524, 901.5273084318252, 812.3371609841403, 89.19014744768492, 187.28342271535357,0.0, 0.0, 0.0, 0.0, 0.0,0.6875, 1.5625, 3.0, 3.375, 2.5625,0.0, 0.0, 0.0, 0.0, 0.0, 1.3421056270599365,-3.327606201171875, 753.75
0, 110.0, 554, 694, 914, 1054, 0.05428331756591797,1.2905002014059574, 2.2432821557001437, 3.330850928217988, 3.1502144107967616,-0.00013132332086229325, 0.00046437887178285564, 0.0010458904110328148, 0.001574139394465419, 0.00014998802289937886,710.9669189453125, 82.92655050122194, 161.12501525878906, 207.37501525878906, 644, 829,171.12501525878906, 177.37501525878906, 684, 709, 21.287874221801758, 227.348779453785, 16.963956073802724, 245.90627845262586, 27.038330728485743, 215.83081213281815,14.283153644604159, 231.7706302620729, 22.014323966574217, 256.646807596663, 29.50726569531661, 264.23834429307874,121.57516253775727, 209.39329166104915, 310.95110363661854, 1563.3776871438656, -16.534045460136955, 1066.6766765977754, -46.35188462527146, 1563.3776871438656, -16.534045460136955,51.07041298712322, 902.1510943567699, 811.0272554749425, 91.1238388818274, 189.22451336504844,0.0, 0.0, 0.0, 0.0, 0.0,0.625, 2.4375, 2.0625, 1.8125, 2.875,0.0, 0.0, 0.0, 0.0, 0.0, 6.484210968017578,-3.2362282276153564, 614.0625
0, 115.0, 570, 700, 930, 1060, 0.05660377502441406,1.4703476701512406, 2.599800946236355, 4.17604837488383, 4.084107852273155,-0.00025552617234438915, 0.0007723016822365025, 0.0015679210530424826, 0.0021014116035803455, 0.0003252312227095899,1302.6646728515625, 127.72897291336714, 165.12501525878906, 208.87501525878906, 660, 835,175.12501525878906, 178.87501525878906, 700, 715, 21.139114379882812, 228.23813838561236, 16.903090610480714, 247.0828444125943, 26.842315546096025, 216.50218937106678,14.061344179182601, 232.94322347840236, 21.61415330560106, 257.2171830338724, 29.15888447121129, 265.48981253394345,122.61226071889878, 210.66582489564067, 309.8830124765995, 1564.931960587942, -19.604031890529683, 1059.0598318011464, -49.64734907100652, 1564.931960587942, -19.604031890529683,50.656316174868415, 901.8997754375646, 811.1233948924225, 90.77638054514205, 189.48705234431344,0.0, 0.0, 0.0, 0.0, 0.0,1.4375, 2.8125, 3.375, 3.3125, 3.5,0.0, 0.0, 0.0, 0.0, 0.0, 4.447368621826172,-3.22064208984375, 569.0625
1, 120.0, 588, 704, 948, 1064, 0.05939135360717773,1.8562690966244548, 3.0733334265509624, 4.884914485965855, 5.488890296943715,-0.0003299257642930798, 0.001130014805578412, 0.0022927365497025674, 0.0019979219871424903, 0.0013926244344412452,1610.7796630859375, 150.2227691100667, 169.62501525878906, 209.87501525878906, 678, 839,179.62501525878906, 179.87501525878906, 718, 719, 21.27766990661621, 227.97585912148386, 16.847290471116576, 246.36794835645435, 27.095153286087236, 216.66197569731213,13.810923675058882, 234.99435660691387, 21.070490670122386, 258.4469312731765, 28.70741705524837, 267.199422543576,118.8487220243412, 204.12985201308976, 295.79368397336924, 1553.719161711962, -23.502955611946867, 1039.891245388227, -55.21316631763699, 1553.719161711962, -23.502955611946867,47.376371185753186, 901.6370535743569, 807.3478521756953, 94.28920139866159, 189.6642173095326,0.0, 0.0, 0.0, 0.0, 0.0,1.6875, 2.0625, 2.25, 1.6875, 2.3125,0.0, 0.0, 0.0, 0.0, 0.0, 5.936842441558838,-3.34063720703125, 491.0
1, 125.0, 606, 711, 966, 1071, 0.06238355255126953,2.013038862306275, 3.221009779475863, 5.455138724281569, 6.393877365498335,-0.0002076438066717401, 0.0017274302893156347, 0.0023187834562054376, 0.002976032388492057, 0.001713506261776842,1837.749267578125, 199.44967142384363, 174.12501525878906, 211.62501525878906, 696, 846,184.12501525878906, 181.62501525878906, 736, 726, 21.486713409423828, 227.65139781515157, 16.802038126384407, 245.38359345663042, 27.450851303137597, 216.90750829309326,13.676188570258137, 236.84770111744015, 20.714062936137253, 259.37224432079483, 28.481124197195182, 269.2330840481906,115.42479785315352, 200.19001015880477, 287.75115715199007, 1509.4756623021708, -26.56564559193039, 996.7732532110808, -60.26744816139864, 1509.4756623021708, -26.56564559193039,42.58718271734003, 901.4174670204623, 802.9706239060969, 98.44684311436538, 190.91026937902913,0.0, 0.0, 0.0, 0.0, 0.5625,2.125, 2.0625, 4.0625, 6.625, 7.875,0.0, 0.0, 0.0, 1.0625, 1.75, 6.721053123474121,-3.281890869140625, 447.5
0, 130.0, 594, 719, 954, 1079, 0.060365085601806645,0.18925890511251053, 0.5939538108371198, 2.3879102865920867, 2.5500247032324843,-0.00025283402770128307, -0.0008580044506550167, -0.0007111581103958997, 0.00015448608990141112, 0.0007074332425122521,1271.6484375, 57.716306780776556, 171.12501525878906, 213.62501525878906, 684, 854,181.12501525878906, 183.62501525878906, 724, 734, 21.77927589416504, 227.33585673587532, 16.80201312911407, 244.20079778043564, 27.908171096827356, 217.27676266784164,13.891022785325726, 239.23978362894036, 20.79257684092753, 259.82201227764017, 28.43028956995407, 271.7565967021659,116.13457730717904, 201.2672218848678, 283.26196813286475, 1445.7337693923555, -26.57390108635192, 955.7053473462136, -58.72669427309023, 1445.7337693923555, -26.57390108635192,45.47881348515685, 900.608175995966, 806.8108556373585, 93.79732035860752, 194.87435269909506,0.0, 0.0, 0.0, 0.0, 2.0625,2.4375, 3.5, 6.625, 11.4375, 14.875,0.0, 0.125, 0.8125, 1.6875, 3.5625, 2.542105197906494,-3.379241943359375, 612.3125
1, 135.0, 641, 734, 1001, 1094, 0.06886404418945313,1.5761106908880174, 2.381701000391039, 5.068596485961463, 8.8107202153001,-9.542331633610957e-05, 0.0017132360953883105, 0.0021125651897472156, 0.0023125761770114647, 0.002166209310762497,1668.816162109375, 223.0682980016672, 182.87501525878906, 217.37501525878906, 731, 869,192.87501525878906, 187.37501525878906, 771, 749, 22.03791046142578, 228.17377068287416, 16.901161262707326, 244.4522259906487, 28.25225157725236, 218.52047991567096,14.017262728841583, 236.91985523583216, 21.49631505409983, 258.18228876359524, 29.578944755875817, 270.7308935341267,118.83336276883786, 212.3879762149631, 310.69971799516946, 1413.7399001004808, -21.356302113428388, 912.5544525866246, -54.855273058941115, 1413.7399001004808, -21.356302113428388,43.382433999838995, 901.3192741613418, 806.2392333264345, 95.08004083490732, 192.46617410297532,0.0, 0.0, 0.0, 0.0, 3.875,2.5, 4.5, 7.6875, 10.5, 17.3125,0.0, 0.1875, 0.3125, 1.125, 6.5625, 8.721052169799805,-3.39886474609375, 472.125
1, 140.0, 655, 740, 1015, 1100, 0.07173171997070313,1.889783646582801, 3.0124377116386314, 5.712046047570186, 7.4255870660068455,0.00012028983631466872, 0.0014674966928578215, 0.002240204714325955, 0.002892384355100149, 0.0024976288949483203,2727.208984375, 273.3687160967043, 186.37501525878906, 218.87501525878906, 745, 875,196.37501525878906, 188.87501525878906, 785, 755, 22.251190185546875, 227.0694383771098, 17.172508077113573, 243.2997092851525, 28.422453163369237, 217.34734068720826,13.987489848820891, 235.71337062084112, 21.80593570789027, 257.25181209296437, 29.976357193661755, 268.84351737868974,116.04212875762252, 204.54480670073178, 300.3131417041843, 1428.4770082559846, -16.510503504130313, 941.0839461614635, -47.12009330806027, 1428.4770082559846, -16.510503504130313,50.34842810976549, 901.3590705303001, 815.3122305063497, 86.04684002395038, 195.30218524294753,0.0, 0.0, 0.0, 0.125, 4.25,2.875, 6.0625, 9.9375, 12.75, 18.0,0.0, 0.1875, 1.1875, 3.0, 7.3125, 5.805263519287109,-4.631591796875, 454.625
1, 145.0, 668, 746, 1028, 1106, 0.07455194854736329,2.3335253959125843, 3.7565215955261375, 7.1185168351652095, 8.24308689483907,-0.00020281729776115752, 0.0015380919204562816, 0.002574206088706887, 0.0035557674625692924, 0.0029057902336853654,3376.093994140625, 327.6455473751753, 189.62501525878906, 220.37501525878906, 758, 881,199.62501525878906, 190.37501525878906, 798, 761, 22.028196334838867, 227.1946903861095, 17.251376462080287, 244.2518776620009, 28.024503824480703, 216.79194897322452,13.979164591115238, 233.6422113776831, 22.183803125172926, 255.69772549073303, 30.564247483648487, 265.9448943779631,117.21523110489473, 204.4668606867138, 302.7559473923622, 1451.2794789049517, -11.84998796408254, 984.3706729174891, -38.71841201148576, 1451.2794789049517, -11.84998796408254,60.73778888770571, 901.4473696670279, 830.0092788619971, 71.43809080503081, 197.9378057594805,0.0, 0.0, 0.0, 0.125, 4.4375,2.6875, 4.75, 8.8125, 12.5, 20.5625,0.0, 0.125, 0.3125, 1.375, 7.5625, 4.947368621826172,-4.550323486328125, 457.125
1, 150.0, 686, 759, 1046, 1119, 0.07872858428955078,1.3598796331230552, 2.5241717000107746, 7.263493930511178, 10.55367655104492,-0.0003256019634045515, 0.00026058029297928444, 0.0009736961435282865, 0.0033228695117122693, 0.002711586251009521,4122.671875, 378.7009493977162, 194.12501525878906, 223.62501525878906, 776, 894,204.12501525878906, 193.62501525878906, 816, 774, 21.87970542907715, 227.16372230841267, 17.40380527476062, 244.90431922638965, 27.695678395094248, 216.1247479351321,14.095386420012263, 230.02909594825974, 22.805282287675464, 252.48335650505499, 31.80652538409907, 261.67584856178667,121.21485542792554, 208.29619180053717, 312.157642649931, 1456.2041220694682, -7.572328854966749, 1017.7294707527691, -29.04010069884515, 1456.2041220694682, -7.572328854966749,76.02027397761616, 901.4299813981538, 859.877959264533, 41.55202213362077, 193.09957011214524,0.0, 0.0, 0.0625, 1.125, 3.1875,9.375, 13.0625, 17.375, 19.5625, 24.375,0.0, 0.875, 2.1875, 3.8125, 6.5, 6.436842441558838,-4.892547607421875, 433.0625
1, 155.0, 707, 767, 1067, 1127, 0.08404090881347656,0.9771680453023873, 1.9144816446397457, 6.372921515778871, 9.664947715916204,0.0005205449092591152, 0.0008146793421428811, 0.0008714017286229137, 0.003049008826028512, 0.0037366535563364777,3752.925048828125, 316.338163959679, 199.37501525878906, 225.62501525878906, 797, 902,209.37501525878906, 195.62501525878906, 837, 782, 21.603151321411133, 226.7258252203448, 17.628053287281073, 245.48245198333152, 27.11353857543738, 214.65871846367358,13.913685019093858, 229.28849853655524, 22.50322800294706, 251.78782468149424, 31.870198713975697, 259.8617503182313,119.29624141451602, 203.9032217398337, 302.3493916702988, 1481.3741258021153, -7.107325901062858, 1090.6962916986336, -27.6099118312094, 1481.3741258021153, -7.107325901062858,79.48733393736566, 901.2667055311141, 862.3718642723285, 38.89484125878562, 221.17396410468234,0.0, 0.0, 0.1875, 1.125, 3.25,7.75, 9.5, 11.6875, 16.75, 21.4375,0.0, 1.375, 2.5625, 3.25, 5.8125, 6.805263519287109,-4.31829833984375, 412.9375
1, 160.0, 723, 765, 1083, 1125, 0.08844105529785157,1.9705533338460552, 3.248868540913974, 6.51559368395363, 6.2731395499128855,0.001069340332699653, 0.001392661967756794, 0.001908986493017437, 0.00434984618233898, 0.002164210412371972,2197.929443359375, 243.1935654713282, 203.37501525878906, 225.12501525878906, 813, 900,213.37501525878906, 195.12501525878906, 853, 780, 21.187776565551758, 226.4303648972284, 17.420207260920854, 245.86373176595114, 26.587218638026318, 213.8390676691788,13.652207237878017, 229.97306107630894, 22.077156169277607, 252.64282776179644, 31.589782008101384, 260.3253562383351,115.18944186465052, 197.0275211181547, 291.85717347518886, 1530.991146669105, -7.337532590362559, 1137.0672482590933, -27.737181081800262, 1530.991146669105, -7.337532590362559,79.09067331224253, 900.886324691129, 860.0409456766241, 40.84537901450483, 216.768205335097,0.0, 0.0, 0.5, 2.125, 5.1875,8.0625, 11.1875, 17.0, 20.75, 24.875,0.4375, 1.1875, 4.0, 6.8125, 10.9375, 4.294736862182617,-4.60467529296875, 348.1875
1, 165.0, 736, 772, 1096, 1132, 0.09226339721679688,1.8126113959512435, 3.146833339810837, 6.5152292351389764, 5.120581702417694,0.00029047307408063715, 0.00023245060267186092, 0.0012063177314189488, 0.0042045696713802275, 0.002563381739217334,2357.11767578125, 260.34521508458397, 206.62501525878906, 226.87501525878906, 826, 907,216.62501525878906, 196.87501525878906, 866, 787, 21.1776180267334, 226.5746048321207, 17.3698719585845, 245.9698362855166, 26.603956965785954, 214.05234942754765,13.35736645130192, 233.14800621009766, 21.294058074732696, 254.58130375013778, 30.91252587199032, 262.78355498100103,112.66439171991752, 192.79410338173653, 281.29673583633337, 1505.0577634134524, -11.500805129269752, 1083.7519148155175, -35.56259403690615, 1505.0577634134524, -11.500805129269752,68.65318455759711, 900.5005272873267, 835.7533384232157, 64.74718886411097, 213.15543519280564,0.0, 0.0, 0.625, 2.375, 7.5,8.9375, 12.5625, 20.875, 25.875, 31.75,0.3125, 1.125, 2.5, 5.3125, 11.375, 3.457894802093506,-3.8296730518341064, 338.0625
1, 170.0, 761, 785, 1121, 1145, 0.10030726623535156,1.9477484801337055, 3.471381668252871, 8.600755881611258, 9.601868670578115,-0.00017475584118301413, 0.00027635598451524856, 0.0009766395381029724, 0.004045204164299321, 0.00373145667538779,4786.5361328125, 384.00926480450204, 212.87501525878906, 230.12501525878906, 851, 920,222.87501525878906, 200.12501525878906, 891, 800, 21.275800704956055, 227.34722217065422, 17.380900981699106, 246.53339830235342, 26.753012390465596, 215.01908682361022,13.007172642819418, 236.0668738915243, 19.953025929602646, 256.5534525710873, 29.113207496156473, 264.46995600783384,107.30441491214044, 184.05609331932357, 261.1286837665083, 1524.393148707128, -17.708032973172163, 1062.0521686697955, -46.600655146655384, 1524.393148707128, -17.708032973172163,53.50430543700596, 900.3908343098868, 818.4585519776971, 81.93228233218974, 202.72059995768808,0.0, 0.0, 0.0, 0.5625, 4.75,12.625, 22.4375, 28.9375, 33.0625, 35.375,0.0625, 0.75, 1.5, 4.8125, 9.6875, 5.226316452026367,-3.760223388671875, 302.375
1, 175.0, 781, 793, 1141, 1153, 0.10748027801513672,1.7609152402752077, 3.2274504436983262, 8.521430327550041, 11.129107186803598,0.00011547701985819004, 0.00016614487089100294, 0.0008204182557528839, 0.004246875039068527, 0.004272102643794824,4770.2080078125, 388.82608346465884, 217.87501525878906, 232.12501525878906, 871, 928,227.87501525878906, 202.12501525878906, 911, 808, 21.128128051757812, 228.2385345365842, 17.157137861215883, 247.4755841046869, 26.663237305050174, 215.998341233032,13.286727654133717, 231.60617296723734, 20.487606136426756, 253.51519318296883, 29.22748744236907, 261.22396324629864,107.46472765331572, 186.68096665620644, 270.6722394619149, 1629.127375997305, -8.668018709019078, 1194.1877211792666, -32.96430999079, 1629.127375997305, -8.668018709019078,66.6947953804137, 900.7419244543062, 844.41344053079, 56.32848392351616, 198.36062083009114,0.0, 0.0, 0.0, 0.9375, 2.6875,18.1875, 23.5, 29.75, 30.75, 31.0,0.0, 0.9375, 2.3125, 5.5625, 7.6875, 7.721052646636963,-3.6951904296875, 289.875
1, 180.0, 803, 797, 1163, 1157, 0.11623896789550782,1.6742384386272169, 3.084028056396637, 7.532303547959309, 10.22210888107773,0.00033616617404504725, 0.0007865059863797797, 0.0017283327381983327, 0.004157310538307685, 0.004739995751875768,3623.197021484375, 330.5355728319788, 223.37501525878906, 233.12501525878906, 893, 932,233.37501525878906, 203.12501525878906, 933, 812, 21.277307510375977, 227.67460679795127, 17.30212936585559, 246.7542954423306, 26.806417045284096, 215.49448391752247,13.624525488130956, 229.63115546683645, 21.26937272664485, 251.8454578177108, 29.696932036578822, 260.63283769439073,109.84074214711055, 194.808863731288, 290.01115440424104, 1518.4422908751505, -5.024837562295217, 1124.7126867572701, -24.38343142074538, 1518.4422908751505, -5.024837562295217,73.44667514480379, 900.4973941673583, 876.8011282341572, 23.69626593320106, 208.47497743437992,0.0, 0.0, 0.0, 0.75, 3.125,14.8125, 19.0625, 21.5625, 22.0625, 23.5625,0.0, 0.625, 1.9375, 3.75, 6.0625, 4.5,-5.2752685546875, 282.6875
1, 185.0, 822, 805, 1182, 1165, 0.12463440704345703,1.2520456604396168, 2.5209691645862766, 6.023741537577004, 8.201596927430947,0.0012416389281770534, 0.0018028438698547687, 0.00197199493205062, 0.0032661080704986067, 0.0037558195728445297,2613.720947265625, 284.675386561389, 228.12501525878906, 235.12501525878906, 912, 940,238.12501525878906, 205.12501525878906, 952, 820, 21.672197341918945, 227.0682362638159, 17.658530825853866, 245.7063399231046, 27.203761547089503, 215.0951525680714,13.564109900033449, 231.59865975915034, 21.256497269512995, 252.8338954736384, 29.344027755966295, 262.9915342412279,108.13371242382381, 195.0629466611676, 291.66881377026317, 1437.8032561172267, -5.434925416215397, 1026.6088748717248, -26.526348754488396, 1437.8032561172267, -5.434925416215397,64.74707154506007, 899.7456669060638, 869.7879570686274, 29.95770983743637, 197.30518950933657,0.0, 0.0, 0.25, 1.25, 3.125,10.1875, 15.6875, 21.8125, 23.6875, 22.8125,0.125, 0.75, 2.125, 3.375, 5.5, 4.6315789222717285,-4.524200439453125, 302.0
1, 190.0, 842, 813, 1202, 1173, 0.13441822814941407,1.1788776175698152, 2.2587376075229253, 5.227986717685127, 6.637903134855441,0.0008635226596675237, 0.0012272709330636645, 0.001682542958508293, 0.00259696616187739, 0.003302928359960333,2062.54736328125, 237.60688716911102, 233.12501525878906, 237.12501525878906, 932, 948,243.12501525878906, 207.12501525878906, 972, 828, 21.451974868774414, 227.8106505058396, 17.749546990414963, 247.05251556917955, 26.792312982599388, 215.1998649010455,12.96910918647887, 232.902351626409, 20.627426952086214, 253.81079010986863, 28.559466573062654, 262.1665839932738,101.20339269958639, 180.36747751713602, 268.81610410027673, 1468.295871082558, -7.308662943956881, 1048.076234690363, -28.733823404591387, 1468.295871082558, -7.308662943956881,64.53530896268589, 899.1490249508565, 856.6816962628328, 42.46732868802371, 201.2834617376814,0.0, 0.0, 0.5625, 2.75, 5.25,16.1875, 20.3125, 22.8125, 25.4375, 27.125,0.1875, 1.8125, 2.5625, 4.1875, 7.875, 4.742105007171631,-4.149932861328125, 285.9375
1, 195.0, 860, 822, 1220, 1182, 0.14416146850585937,1.2071327922127966, 2.2021090431587074, 5.005086813155794, 5.436428014033009,0.0006309422984038804, 0.0006828919683789536, 0.0008633866443005899, 0.0025270715945998738, 0.0023908509095599585,2131.37890625, 218.80912796257564, 237.62501525878906, 239.37501525878906, 950, 957,247.62501525878906, 209.37501525878906, 990, 837, 20.791528701782227, 228.78469012299678, 17.516803112794513, 249.14905719521167, 25.88893467810349, 215.1662955115026,12.627619655767674, 230.20963150840151, 20.565841876654186, 251.89688914216103, 28.556563228447914, 258.44118025389537,99.2689956817374, 173.1162561282993, 260.86765078982586, 1590.625450160171, -6.281363135995764, 1185.700987196562, -22.461497797214818, 1590.625450160171, -6.281363135995764,82.70654488425718, 899.2036201365787, 871.5427319048716, 27.660888231707077, 210.09036088819101,0.0, 0.0, 0.5625, 1.625, 4.5625,15.5625, 20.5625, 28.6875, 29.75, 27.8125,0.3125, 0.875, 2.25, 5.3125, 9.0625, 4.642105579376221,-4.10833740234375, 322.9375
1, 200.0, 887, 822, 1247, 1182, 0.160695068359375,1.7427935921424074, 2.8489972182793997, 6.06383952923934, 6.725264324600432,0.0003877066308655231, 0.0012166530218064508, 0.0019543791036721815, 0.003718413033482192, 0.0036006984650367706,1958.4342041015625, 203.32428330171112, 244.37501525878906, 239.37501525878906, 977, 957,254.37501525878906, 209.37501525878906, 1017, 837, 20.661148071289062, 228.92468168022535, 17.58338589519078, 249.59609585873346, 25.63377761262913, 214.91154461079793,12.572233450291954, 228.8636744305588, 20.659541762115108, 250.58131274574652, 28.549942432675174, 256.923771767507,100.41622619079999, 173.18779118203918, 262.41950855336853, 1591.2362476127712, -5.3825099677386845, 1193.725513959719, -20.145650510112084, 1591.2362476127712, -5.3825099677386845,91.36357807395163, 899.0769300706413, 876.0885862869387, 22.98834378370259, 211.04807704769243,0.0, 0.0, 0.0, 1.1875, 3.875,10.9375, 16.8125, 20.6875, 23.25, 27.5,0.125, 0.3125, 0.75, 1.875, 5.25, 4.231579303741455,-4.120574951171875, 314.375
1, 205.0, 894, 830, 1254, 1190, 0.16540225219726562,1.215388315523742, 2.2683923318632875, 5.191608831638005, 5.634102745259003,0.0008130812420017719, 0.0003438266786542954, 0.0008602349593684267, 0.0026002105656985465, 0.0023565430332143935,2057.87109375, 224.14738972393806, 246.12501525878906, 241.37501525878906, 984, 965,256.125, 211.37501525878906, 1024, 845, 20.725496292114258, 228.78687578353117, 17.693511444942605, 249.42287532723813, 25.66187932845335, 214.72347830340073,12.611470124168301, 228.7093804572082, 20.491900704537752, 250.26178283599498, 28.8619400074981, 256.6806716745679,99.86572605966468, 172.79204229443172, 260.0127756617072, 1532.3250613312866, -4.9159773332088985, 1139.0486693031182, -18.541136664259096, 1532.3250613312866, -4.9159773332088985,93.21316137625993, 899.0360454053696, 878.4020799231356, 20.633965482233975, 208.89853027908987,0.0, 0.0, 0.1875, 1.8125, 5.125,12.8125, 14.375, 18.4375, 22.625, 26.1875,0.125, 1.5625, 2.0625, 3.5625, 7.875, 7.131579399108887,-3.675537109375, 346.0625
1, 210.0, 916, 835, 1276, 1195, 0.1814706268310547,1.3628614854795158, 2.4004308911261614, 5.131222843343857, 6.196179916941328,0.0005567662203247892, 0.0007272526768656462, 0.0013148981440463104, 0.0029841310438993678, 0.0028428323879631993,2222.96484375, 207.06274329354682, 251.62501525878906, 242.62501525878906, 1006, 970,261.625, 212.62501525878906, 1046, 850, 20.699499130249023, 229.02647881961522, 17.725622880935756, 249.7338489735882, 25.597671867582555, 214.85325557235936,12.39386278390417, 230.45128360123655, 19.97152816203889, 251.24833535971163, 28.259112503254638, 257.8379106256432,98.02335631802043, 168.94885064853196, 251.2758318003386, 1508.0916622675413, -5.398717247197239, 1108.0792491324767, -21.293823088344578, 1508.0916622675413, -5.398717247197239,87.55461325553098, 898.508324261146, 873.3181969415377, 25.190127319608223, 207.97622173071102,0.0, 0.0, 0.1875, 1.5625, 4.0625,9.8125, 12.1875, 17.25, 21.25, 21.6875,0.3125, 1.25, 3.125, 5.375, 7.5625, 8.199999809265137,-3.028839111328125, 316.875
1, 215.0, 942, 845, 1302, 1205, 0.20327406311035157,1.2650551043049199, 1.865593996858224, 3.9447222306369794, 6.167026780759044,0.0009285838896630593, 0.0016024987084392705, 0.0022329567125132146, 0.0033099198567612116, 0.003496496871000545,2302.9921875, 185.41504101186635, 258.125, 245.12501525878906, 1032, 980,268.125, 215.12501525878906, 1072, 860, 20.758352279663086, 228.94006326623622, 17.661690590130167, 249.4902661702735, 25.73680431147777, 215.00097949115133,12.329033171514961, 233.69372466440336, 19.496586695090286, 253.0220945060289, 27.385776317866185, 260.8675639754074,96.7214902926615, 168.18508853346066, 245.90363002039038, 1474.4879897916223, -6.541420236675009, 1054.9016361876234, -27.165390035216337, 1474.4879897916223, -6.541420236675009,74.27966334242949, 898.0122080258509, 857.4284808691813, 40.583727156669624, 205.73928355553537,0.0, 0.0, 0.6875, 1.6875, 2.75,9.8125, 13.0, 15.8125, 17.0625, 18.5625,0.3125, 1.4375, 3.0, 3.25, 4.25, 7.48421049118042,-2.635345458984375, 209.4375
0, 220.0, 944, 863, 1304, 1223, 0.2050917510986328,0.3886584911166574, 0.8954047290305607, 2.787384057287127, 3.337676390100969,0.0009400601586571611, 0.0012708179792207375, 0.001498941115251, 0.0017628313185264234, 0.0005079936013126484,2070.072021484375, 130.53822101666543, 258.625, 249.62501525878906, 1034, 998,268.625, 219.62501525878906, 1074, 878, 21.127016067504883, 229.01093330906428, 17.617278776813464, 248.7935035393853, 26.359685677206816, 215.9373953662158,12.632538559744853, 233.62450752735444, 19.680648691127825, 252.90738830910772, 28.001976826609177, 261.4282405439954,98.40040244107038, 172.22010065546894, 250.82063774545347, 1465.4855019199995, -5.540499623753117, 1044.5564340602737, -24.781083670145065, 1465.4855019199995, -5.540499623753117,75.66961368664315, 898.2732698513306, 866.7718558701358, 31.501413981194787, 207.49678076299733,0.0, 0.125, 1.3125, 2.5, 3.875,11.5, 14.625, 20.5, 24.125, 25.8125,0.3125, 3.1875, 5.5, 8.1875, 9.9375, 5.305263519287109,-3.077056884765625, 221.9375
1, 225.0, 974, 864, 1334, 1224, 0.23508023071289064,0.8368366243847414, 1.5016758686775578, 2.995384455074091, 5.281833716336987,0.00045603169447048223, 0.0005579624651056747, 0.001100359541034095, 0.0023671814586191434, 0.0016705695975213076,2713.31494140625, 183.4914760976628, 266.125, 249.87501525878906, 1064, 999,276.125, 219.87501525878906, 1104, 879, 21.14674186706543, 229.43067575431823, 17.62773606098462, 249.18318917552756, 26.384320369488336, 216.38107273986532,12.687002922143899, 231.84460121078413, 20.03531478644059, 250.96798341503927, 27.962239619781712, 259.58785973251383,97.38281085127447, 172.01252953570437, 252.59695777155005, 1480.3234724662175, -4.021591529454569, 1067.4899508412288, -20.80786659228491, 1480.3234724662175, -4.021591529454569,87.74950791692574, 897.8334808083001, 878.1061355932106, 19.727345215089485, 208.60633202996976,0.0, 0.0, 0.0, 0.3125, 0.625,12.1875, 18.5, 25.125, 26.3125, 24.875,0.0, 0.3125, 0.9375, 2.0, 3.625, 8.22631549835205,-3.91790771484375, 168.5
1, 230.0, 994, 875, 1354, 1235, 0.25822891235351564,0.7287307634379249, 1.3679674604407042, 2.8958427939144897, 5.260949525308678,0.00016085202907788697, 5.041082233447014e-05, 0.0006952664334653491, 0.0019520807087747016, 0.0018670498169694836,1745.2265625, 154.52660433425632, 271.125, 252.62501525878906, 1084, 1010,281.125, 222.62501525878906, 1124, 890, 20.87392234802246, 229.3702559009203, 17.63506649439431, 249.67744139716135, 25.94119627419386, 215.72380563183742,12.436108272438192, 230.56868089269074, 20.097003200554813, 249.16005966249358, 28.21730189391698, 257.41763542563393,93.90037970894504, 165.4713578584315, 244.9979972763908, 1475.630880021805, -4.070279227800821, 1058.079971196986, -18.642709418986417, 1475.630880021805, -4.070279227800821,98.10451221584856, 897.1490988044009, 879.7727962574111, 17.37630254698979, 206.14211267945515,0.0, 0.0, 0.0, 0.0, 0.125,12.875, 16.625, 22.0625, 24.3125, 20.5625,0.0, 0.5, 2.0625, 2.6875, 2.875, 6.957895278930664,-4.073150634765625, 157.8125
0, 235.0, 1010, 875, 1370, 1235, 0.2788104248046875,1.1411290480295426, 1.7672778332815504, 2.6999577550403773, 3.2336021082397206,0.00017820528365660945, 0.000754980271770478, 0.0013287092967448188, 0.0021922300867981905, 0.0018066089193177958,1051.7825927734375, 96.69173015070218, 275.125, 252.62501525878906, 1100, 1010,285.125, 222.62501525878906, 1140, 890, 20.77117919921875, 229.11167859932195, 17.74436486736335, 249.70176614767752, 25.700607880819756, 215.05929997675034,12.501871676129428, 230.95776944894968, 19.88096234071528, 249.12864079231153, 28.32003223023985, 257.41584591607136,94.7329989851737, 165.82965556009736, 241.09155082122243, 1457.1713827782526, -3.5126194587113604, 1039.4732254093253, -18.17739782939013, 1457.1713827782526, -3.5126194587113604,99.12397984928316, 896.9410850704058, 883.0749775803802, 13.866107490025684, 204.92696669287045,0.0, 0.0, 0.0, 0.0625, 0.5,12.5625, 16.4375, 18.875, 18.8125, 18.875,0.0, 0.4375, 0.6875, 2.0, 2.5625, 2.8894736766815186,-3.4581298828125, 168.625
0, 240.0, 1026, 889, 1386, 1249, 0.30139849853515627,0.5466675299109192, 0.8964382287464103, 2.4618993710004724, 3.2029354908870302,-4.522908026842743e-05, 0.0005111464271044497, 0.0009671835319318234, 0.0013001153853451797, 0.0014164711895728033,2615.873779296875, 105.07960884404876, 279.125, 256.125, 1116, 1024,289.125, 226.12501525878906, 1156, 904, 20.815439224243164, 229.21068902153047, 17.752540345969994, 249.725291151949, 25.766495296778494, 215.23857700678295,12.252388977359878, 232.667570703879, 19.554539044466168, 250.13648984586027, 28.194568934756216, 259.2450661984492,93.02147991453825, 162.77951193109868, 237.16211229534989, 1444.9925852977017, -4.194617119267979, 1003.9534791154045, -27.217321150836934, 1444.9925852977017, -4.194617119267979,96.69903941709856, 896.4876955223916, 879.0598403312724, 17.427855191119193, 203.96421078408204,0.0, 0.0, 0.0, 0.0, 0.0,9.4375, 9.625, 11.375, 13.0, 14.8125,0.0, 0.25, 0.375, 1.0625, 2.0, 4.6315789222717285,-3.002166748046875, 182.625
0, 245.0, 1046, 902, 1406, 1262, 0.3326827392578125,0.5674715349644247, 1.0623451135484356, 2.328467074239161, 4.132225604709237,-3.813696439010528e-05, 0.00027337471551618363, 0.000879511936259405, 0.0012161305154984347, 0.001540133768777139,903.4678344726562, 88.13052195927668, 284.125, 259.375, 1136, 1037,294.125, 229.37501525878906, 1176, 917, 20.984111785888672, 229.6677242996527, 17.69665271465322, 249.81438679309673, 26.076701097470245, 216.15038443855374,11.53473278431962, 239.08685569342376, 18.147072843074934, 255.03249238633046, 26.692514021723387, 264.2844480699763,88.35468433339608, 150.17142520150466, 215.6776004464468, 1418.8944938357606, -7.453825500165186, 930.7727627914461, -34.13551632254743, 1418.8944938357606, -7.453825500165186,77.33803071626247, 895.9007864357827, 853.4344250673605, 42.46636136842221, 201.66840904397404,0.0, 0.0, 0.0, 0.0, 0.125,5.4375, 5.5, 7.8125, 9.875, 9.5,0.0, 0.25, 0.4375, 0.625, 1.0625, 7.447368144989014,-2.83612060546875, 157.1875
0, 250.0, 1053, 917, 1413, 1277, 0.3444751892089844,0.3812327164696762, 0.724899851155933, 1.7859381017737908, 1.665607874187408,0.0002470277896139805, 0.0006200773994009979, 0.0009171350912083653, 0.0008351161185260025, -0.0002714308042612857,726.1998901367188, 45.50614907537691, 285.875, 263.125, 1143, 1052,295.875, 233.12501525878906, 1183, 932, 21.386737823486328, 230.26469649349016, 17.615781533813156, 249.49198773498455, 26.77628479337501, 217.7521571989568,11.1678564545741, 244.09779665724693, 16.9555857629392, 259.4816639512984, 25.79091147444829, 268.0368583773329,84.20709522305411, 142.3628817998621, 199.58750310837797, 1388.1576493549853, -12.099958625948009, 877.5666621616926, -41.68922652478535, 1388.1576493549853, -12.099958625948009,60.023167375440615, 895.21728899132, 830.7696581397721, 64.44763085154784, 199.95628324648618,0.0, 0.0, 0.0, 0.0625, 0.4375,5.5, 5.5625, 10.125, 10.375, 9.8125,0.0, 0.3125, 0.6875, 2.9375, 4.25, 1.4105260372161865,-2.75048828125, 165.5625
0, 255.0, 1070, 907, 1430, 1267, 0.375,0.7506056315937895, 1.0824246095557464, 0.986817534280417, 0.7775961208541411,-0.0002216936080441201, 0.0005246920396848509, 0.0010910517235731732, 0.0008246720716263667, 0.00021107486907624208,433.2221984863281, 27.885312573348628, 290.125, 260.625, 1160, 1042,300.125, 230.62501525878906, 1200, 922, 21.645448684692383, 230.8152097405932, 17.578957788188152, 249.40692771873353, 27.212702061029233, 218.92985061084372,11.738840944620362, 243.45248038446414, 17.10175663098157, 258.9876636893881, 25.757493069419827, 267.69943337195593,87.87828681979163, 150.0425075397809, 205.03458926351536, 1360.1846731939318, -7.193778610094584, 873.3923970292309, -39.35013474843929, 1360.1846731939318, -7.193778610094584,60.16136187840817, 894.7378026099628, 840.8328931195649, 53.90490949039793, 201.12394444299835,0.0, 0.0, 0.0, 0.0, 0.1875,7.625, 7.9375, 9.3125, 9.8125, 11.125,0.0, 0.0625, 0.75, 1.5625, 2.125, 3.6263158321380615,-2.656494140625, 133.75
0, 260.0, 1087, 915, 1447, 1275, 0.408224365234375,0.7042330363531072, 1.0036406878288835, 0.574232896072208, 0.10907370344444643,-0.00034654852315327386, 0.0005928570274136291, 0.00100205401306539, 0.0003052526485805629, -2.9431598815108373e-05,591.0213012695312, 19.812645063675568, 294.375, 262.625, 1177, 1050,304.375, 232.62501525878906, 1217, 930, 21.68392562866211, 231.25724592329806, 17.676623185844555, 249.89257602400653, 27.21070119823095, 219.27654451667837,11.40876826769667, 246.8150098336181, 16.383213425902635, 261.4003597118034, 24.966887148395738, 268.9098385155306,85.12741626692333, 143.15908424992313, 192.49538307647504, 1339.815858336271, -8.602012990284551, 838.7709778892505, -41.863727819974805, 1339.815858336271, -8.602012990284551,57.04614004222587, 894.0587191397451, 830.7333496360219, 63.32536950372321, 200.53387457817985,0.0, 0.0, 0.0, 0.0, 0.125,6.8125, 6.125, 6.25, 5.625, 8.25,0.0, 0.0625, 0.25, 0.625, 2.1875, 3.068420886993408,-2.094491720199585, 87.75
0, 265.0, 1115, 955, 1475, 1315, 0.46856695556640626,0.031019657718134114, 0.2542445790185593, 0.9786869273160118, 0.6654917194641894,2.9403609756570857e-05, -7.625201818427741e-05, 0.0001683168516092337, -0.00017040181767924878, -8.279863227784292e-05,474.252197265625, 22.032064150481226, 301.375, 272.625, 1205, 1090,311.375, 242.62501525878906, 1245, 970, 21.828092575073242, 231.88297321354128, 17.801285882336295, 250.35397425322031, 27.3595590442851, 219.9867682468561,12.268675098074189, 238.64589868060773, 18.22963729959392, 251.7529224148355, 25.82379583026217, 261.59497912201374,96.12997683717451, 151.54260016435526, 206.80321160598402, 1444.9425551879149, -1.1445739336282603, 923.4279663933422, -26.010221925245435, 1444.9425551879149, -1.1445739336282603,106.69838095046008, 896.4280311409788, 885.8966268790184, 10.531404261960347, 197.67356962182117,0.0, 0.0, 0.0, 0.0, 0.0,3.3125, 3.0, 3.6875, 4.25, 6.6875,0.0, 0.0, 0.0, 0.4375, 0.8125, 1.215789556503296,-2.02886962890625, 39.8125
0, 270.0, 1131, 944, 1491, 1304, 0.5057231140136719,0.7110557947892812, 1.1086355103325334, 0.9352805075503421, 0.5916822529642377,-3.130018127961875e-05, 0.0009354209147761593, 0.0011931718130972512, 0.0006021360227634883, -0.00010182193895843738,526.2876586914062, 27.160299994784072, 305.375, 269.875, 1221, 1079,315.375, 239.87501525878906, 1261, 959, 21.953269958496094, 232.3428361899799, 18.415971895817357, 251.27411320855964, 27.152240375589624, 219.6310384335543,11.290690348636042, 243.35416664155096, 16.936351150883144, 255.33940010649582, 24.68323038225004, 263.8721368705393,86.6107960931836, 136.68397197260276, 185.54007803236934, 1417.39197668535, -2.4370053843347357, 857.2294398069276, -27.254845040907444, 1417.39197668535, -2.4370053843347357,101.54796907149448, 895.5026979664278, 875.1625182731009, 20.340179693326945, 197.44643604404044,0.0, 0.0, 0.0, 0.0, 0.0,2.5625, 1.875, 2.8125, 4.125, 6.0,0.0, 0.0, 0.0, 0.0, 0.1875, 2.48421049118042,-2.14715576171875, 34.8125
0, 275.0, 1149, 957, 1509, 1317, 0.5490382690429687,0.4544273434625938, 0.7181654221378266, 0.7315167101664699, 0.6997590674611274,0.00024862400237907423, 0.0006386164956541053, 0.0011131030236128936, 0.0008596383210212365, 3.877200694745399e-05,357.0913391113281, 21.476467992038508, 309.875, 273.125, 1239, 1092,319.875, 243.12501525878906, 1279, 972, 22.219493865966797, 232.68975515830317, 18.437918806330707, 251.10317906076082, 27.567281760150728, 220.4932457534134,11.950276976453727, 242.9234275917333, 17.42836827887093, 255.0763558611803, 24.446789656090342, 265.67611277374476,94.7461460133574, 149.13212369275195, 201.18008680539856, 1415.9413885174015, -0.7161985562730001, 826.3554456426913, -25.383377597962753, 1415.9413885174015, -0.7161985562730001,106.31148100078468, 896.3982000487364, 889.3016330995823, 7.096566949154067, 195.4737960006079,0.0, 0.0, 0.0, 0.0, 0.0,1.6875, 1.625, 3.0, 2.875, 2.75,0.0, 0.0625, 0.125, 0.125, 0.0625, 2.48421049118042,-1.89764404296875, 28.5625
0, 280.0, 1166, 971, 1526, 1331, 0.590365234375,0.4014099869300844, 0.6150852342724101, 0.7178088779710379, 0.5016857572476147,0.00021480428932591167, 0.0007665622520823946, 0.0010877096992962265, 0.0008852786372494847, -5.1086360637384585e-05,393.2808837890625, 20.210412856431127, 314.125, 276.625, 1256, 1106,324.1250305175781, 246.62501525878906, 1296, 986, 22.593822479248047, 232.97908197154493, 18.69472967031089, 250.91334856388718, 27.999441108887762, 221.11465704601002,11.94430444192464, 246.437887768785, 16.917165875016032, 258.1041650598686, 23.31043970972827, 269.0412923362967,95.26782767478836, 148.06708052781596, 196.31945879513836, 1380.937665050542, -0.5053235529453695, 773.2045816533356, -28.133698958019306, 1380.937665050542, -0.5053235529453695,92.66847415668082, 895.6195780254326, 889.4245312741826, 6.195046751249947, 195.84110471257534,0.0, 0.0, 0.0, 0.0, 0.0,1.25, 1.1875, 2.6875, 3.75, 5.875,0.0, 0.0, 0.0, 0.0, 0.375, 2.1000001430511475,-1.4250918626785278, 11.875
0, 285.0, 1212, 986, 1572, 1346, 0.691818115234375,-0.11340441130698309, -0.24269259191831224, -0.06940504073281772, 0.46108043675136273,-0.00015126928554764162, -8.806832124392373e-05, -0.00013437862301884706, 0.0006570875563579648, -0.00011457948646238947,432.40386962890625, 12.864644054194917, 325.6250305175781, 280.375, 1302, 1121,335.6250305175781, 250.37501525878906, 1342, 1001, 22.835693359375, 233.579373637319, 18.781830765060995, 251.10488141279626, 28.331617568754762, 222.06415968047898,12.20673257048615, 244.5346692169393, 17.12779270917838, 256.65621959733926, 21.223746300759945, 268.02061618748667,96.29257307104754, 150.46920850684825, 200.7039408504024, 1367.038821857208, -0.258219186241417, 758.780610203207, -23.624082548353943, 1367.038821857208, -0.258219186241417,106.1339290416941, 893.943236787041, 886.5800149861121, 7.363221800928841, 194.62576187359957,0.0, 0.0, 0.0, 0.0, 0.25,1.0625, 1.25, 3.1875, 5.0, 6.1875,0.0, 0.0, 0.0, 0.625, 2.5, 1.7473688125610352,-1.2656549215316772, 4.375
0, 290.0, 1193, 991, 1553, 1351, 0.65318212890625,0.5718468227016273, 0.747784376539057, 0.7097920105286175, 0.4871227586612804,0.00018194697845615336, 0.0006209332714144012, 0.0007870835210360383, 0.00040950285864397527, -0.0003124717511875019,436.8688049316406, 18.820329776783222, 320.875, 281.625, 1283, 1126,330.8750305175781, 251.62501525878906, 1323, 1006, 23.421836853027344, 234.43960864252543, 19.013363091392513, 250.97081572169603, 29.123133793719525, 223.73395463740044,11.934254876864115, 248.11013664365757, 16.350369946423537, 259.73349302599684, 22.240299154770305, 271.0657094072408,94.89093875945885, 147.16588276720992, 191.05114453902584, 1363.9683770938436, -0.16579034249496263, 724.7747117133495, -27.813072136979716, 1363.9683770938436, -0.16579034249496263,93.78118937287446, 895.1211822329574, 892.2606687407759, 2.8605134921814397, 195.785725445187,0.0, 0.0, 0.0, 0.0, 0.125,0.875, 0.75, 1.8125, 4.4375, 6.25,0.0, 0.0, 0.0, 0.1875, 2.3125, 2.684210777282715,-1.33203125, 5.1875
0, 295.0, 1221, 1000, 1581, 1360, 0.707530517578125,0.32913778389556686, 0.5020022044947837, 0.8950344289990607, 0.9931717726920033,-0.00011509129618502811, 0.0006888053262628091, 0.0009217991200898723, 0.0004876665890216714, 0.0002644659627309665,323.3337707519531, 18.71394857481484, 327.8750305175781, 283.875, 1311, 1135,337.8750305175781, 253.87501525878906, 1351, 1015, 23.402647018432617, 234.2906285563491, 18.88020579781006, 250.65465992655695, 29.178853942701693, 223.78688723265176,11.863211343921895, 248.571638865497, 16.235316135881007, 260.3996823568832, 21.068188685290416, 272.5626409864974,92.87633195565535, 144.8331532325312, 190.34813195706673, 1355.401031180664, -0.11426451170621922, 685.7290794705366, -26.63997621967482, 1355.401031180664, -0.11426451170621922,96.61067981562746, 893.2236048876921, 888.8952771581294, 4.328327729562716, 195.2351331527489,0.0, 0.0, 0.0, 0.0, 0.0,0.4375, 0.4375, 1.625, 5.4375, 7.375,0.0, 0.0, 0.0, 0.0, 1.9375, 2.026315450668335,-1.3335999250411987, 6.9375
0, 300.0, 1255, 1015, 1615, 1375, 0.7458048706054687,-0.2747000420393306, -0.4436497071938356, -0.03394179377704859, 0.7927890598453814,-8.788568821699983e-05, -0.00026351300638339126, 3.1513653905221876e-05, 0.00036366911934806014, 4.618744139335722e-05,437.84173583984375, 11.095324021034191, 336.3750305175781, 287.625, 1345, 1150,346.3750305175781, 257.625, 1385, 1030, 23.66089630126953, 234.85521199314238, 19.095517881383646, 250.9474411581386, 29.45398567266503, 224.5027339924016,11.940909905346754, 245.86525836914947, 16.40804824251306, 258.5347811662812, 19.61733422956638, 271.09081718262973,93.13121911341285, 145.75200337090436, 194.15137250998544, 1304.8911958924714, -0.23197950810391277, 678.6501748937908, -23.69853914880105, 1304.8911958924714, -0.23197950810391277,97.69096577118121, 888.2968927019313, 881.3418914675954, 6.955001234335896, 195.28557334649824,0.0, 0.0, 0.0, 0.0, 0.25,0.0625, 0.5625, 2.3125, 3.6875, 6.6875,0.0, 0.0, 0.0, 0.625, 2.0, 1.7473688125610352,-1.3568115234375, 2.75
0, 305.0, 1259, 1031, 1619, 1391, 0.747738037109375,0.24788019922823867, 0.2886163215507986, 0.42104311012342804, 0.37282791769248436,2.254835098995045e-05, 0.0008922191445049066, 0.0010075155985657604, 0.0002587859033525319, 3.366248358659618e-05,155.62176513671875, 10.227402642651827, 337.3750305175781, 291.625, 1349, 1166,347.3750305175781, 261.625, 1389, 1046, 23.87384033203125, 235.3351830464975, 19.30808652296841, 251.2652335195648, 29.65835961236523, 225.0422811827922,11.994907893309183, 247.30383281213756, 16.310712488513015, 258.9693724427908, 19.700961524150912, 270.5780748816369,90.07013849882384, 142.52581357034276, 187.90303481648579, 1284.7303972192935, -0.20977949217654582, 668.4984555914954, -23.23110541736169, 1284.7303972192935, -0.20977949217654582,98.03103332721336, 887.8085683617173, 881.9918453541653, 5.816723007552014, 195.2338545075475,0.0, 0.0, 0.0, 0.0, 0.6875,0.25, 0.5625, 2.375, 5.0625, 6.125,0.0, 0.0, 0.1875, 1.125, 2.0625, 0.7473680973052979,-1.628753662109375, 4.25
0, 310.0, 1285, 1042, 1645, 1402, 0.7458048706054687,0.2417816688065068, 0.222614715268719, 0.5336905138212024, 0.7085879872245278,-8.67096670816636e-06, 0.0005704723890949026, 0.00047988464082095563, 0.0002555551966116809, -3.258160476718786e-05,278.89276123046875, 11.438465060495872, 343.8750305175781, 294.375, 1375, 1177,353.8750305175781, 264.375, 1415, 1057, 23.9890193939209, 235.38299437068758, 19.460125695517622, 251.2871561171978, 29.744740907746195, 225.05517012908635,11.132757086017966, 249.53634844424792, 15.569385097005148, 261.4139381278734, 18.46684324735738, 274.47747085993217,81.3840448394633, 132.65175129964462, 179.32605659539786, 1176.1670173404136, -0.76871004745028, 636.8286798069887, -25.144974479057517, 1176.1670173404136, -0.76871004745028,77.86837923653201, 884.5717360881854, 873.2223900144477, 11.349346073737706, 198.64129341402068,0.0, 0.0, 0.0, 0.0, 0.3125,0.0, 2.125, 4.8125, 5.375, 5.5,0.0, 0.0, 0.0625, 1.25, 2.25, 1.278947353363037,-1.47174072265625, 3.625
0, 315.0, 1305, 1055, 1665, 1415, 0.7277138061523437,0.22462665351878972, 0.25520483311949643, 0.3812168394745095, 0.9583294347951595,-2.7504225727170707e-06, 0.0006015809442328645, 0.0006314199361253258, 0.00017849486422676363, 7.872799117336625e-05,366.4254150390625, 9.73875803665844, 348.8750305175781, 297.625, 1395, 1190,358.8750305175781, 267.625, 1435, 1070, 24.001523971557617, 235.32118115869898, 19.381182617735806, 251.0649361045945, 29.81637190989222, 225.16261907244078,9.325653656825223, 260.53629980066177, 13.731329667789796, 270.7786911979385, 16.92353890777056, 283.0727448360163,41.03450662330227, 110.5872551516146, 153.30481661517663, 1083.9167785378872, -1.8159244589957682, 719.4721628385445, -26.627997323851538, 1092.5918508324046, -0.4003552319272985,50.91456397971638, 882.5287943651055, 853.4842628818035, 29.044531483301967, 204.4712216484517,0.0, 0.0, 0.0, 0.0, 0.0,0.5, 0.75, 2.125, 3.75, 4.6875,0.0, 0.0, 0.0, 1.125, 2.0625, 1.9210529327392578,-1.57855224609375, 3.3125
0, 320.0, 1338, 1067, 1698, 1427, 0.6722839965820313,-0.09350278782105306, -0.15526727132739324, -0.245796109574585, 0.4379856948688393,0.0001303537728011861, 4.7258018337288374e-05, 7.42754857253658e-05, 0.00025610282014199015, -2.0211014710582748e-05,257.329833984375, 3.6222470350958664, 357.1250305175781, 300.625, 1428, 1202,367.1250305175781, 270.625, 1468, 1082, 24.07400894165039, 235.3499635758614, 19.159473392914453, 250.5085359763608, 30.075412100128002, 225.7607760282326,9.521162233359439, 256.55905332620665, 13.069178894120812, 268.3611830798818, 16.705928815476476, 279.6519265524854,61.70142087375336, 103.90001442609356, 139.9195977061499, 1113.1968532105298, -3.995156820507884, 682.9514080432591, -44.20307562540756, 1113.1968532105298, -3.995156820507884,31.619962753736367, 881.9292256841758, 818.6642694061751, 63.26495627800068, 203.61896289847732,0.0, 0.0, 0.0, 0.0, 0.0,0.75, 1.625, 4.0625, 5.875, 5.4375,0.0, 0.0, 0.0, 1.0, 1.75, 2.736842632293701,-1.61590576171875, 2.5625
0, 325.0, 1365, 1084, 1725, 1444, 0.6119326782226563,-0.145641643506533, -0.2131369451608043, -0.4847024612373207, 0.3714764298356022,0.00014150112143568094, 5.823291327374136e-05, 5.1939204218456326e-05, 0.0002499581856915256, 1.2025147736949292e-05,186.5607147216797, 2.745686177121879, 363.8750305175781, 304.875, 1455, 1219,373.8750305175781, 274.875, 1495, 1099, 23.663707733154297, 234.89664392064765, 19.07043734081784, 250.93998538375584, 29.474744705418782, 224.59616952927536,8.135122792697844, 256.4824732452325, 11.184253788255257, 270.7703856879077, 15.762880894795229, 280.4085339276044,59.29726331819655, 97.78328363579453, 129.50935375049232, 1131.622151999822, -20.07807957778174, 653.2220784043228, -72.39372745340489, 1131.622151999822, -20.07807957778174,16.184158823654435, 883.1278457510078, 778.1557607385429, 104.97208501246496, 200.70449285202724,0.0, 0.0, 0.0, 0.0, 0.0,0.0, 0.0625, 2.1875, 4.0625, 4.1875,0.0, 0.0, 0.0, 0.625, 1.4375, 1.6631577014923096,-1.232879638671875, 1.75
0, 330.0, 1389, 1098, 1749, 1458, 0.5539041137695313,-0.024248147421649265, -0.002242453824437689, -0.2161780995380832, 0.3461301654618001,0.00016245396310807792, 0.00011312505217375701, 3.092683981762434e-05, 7.789471455197374e-05, -3.954433042565579e-06,110.79529571533203, 1.4652572667531574, 369.8750305175781, 308.375, 1479, 1233,379.8750305175781, 278.375, 1519, 1113, 23.732105255126953, 233.50237008461627, 18.15396988070402, 247.37517759497166, 30.15557967549656, 225.20316664281523,7.359368499587328, 251.56966843940404, 9.52174044232111, 268.12239966649815, 14.960219837991486, 279.8492370572288,48.36921763634497, 79.46108911765813, 104.16975723358803, 1178.6918269143287, -42.08770455538494, 658.3059253146048, -102.74026139318102, 1178.6918269143287, -42.08770455538494,5.532986570623713, 881.8224698450744, 734.5015763639498, 147.32089348112459, 199.27493987708192,0.0, 0.0, 0.0, 0.0, 0.0,0.0, 0.0, 1.6875, 3.375, 3.625,0.0, 0.0, 0.0, 0.1875, 0.8125, 0.4263160228729248,-1.17230224609375, 1.0
0, 335.0, 1389, 1120, 1749, 1480, 0.5539041137695313,-0.009451782661053586, 0.010965003863238962, -0.11457230633684957, 0.2531511825762573,0.00016251629744118645, 0.00010923557806563622, 0.00033687624179606245, -0.00011811254596864273, 2.2074910187370734e-05,34.872093200683594, 1.2481037818068303, 369.8750305175781, 313.875, 1479, 1255,379.8750305175781, 283.875, 1519, 1135, 23.35562515258789, 233.03920129661938, 17.880834914637372, 247.44917887631726, 29.727870230834522, 224.43056378199037,7.99758278732325, 253.90516966381986, 9.914710711079712, 268.8294062078645, 14.97537111728548, 279.14497625190876,55.6745009655463, 86.19123497531233, 110.52262400752028, 1183.1713895361695, -36.050448615623985, 703.6879008249506, -88.07839038641411, 1183.1713895361695, -36.050448615623985,10.042924212774388, 881.3844710368812, 753.41799892676, 127.96647211012123, 204.96195291144394,0.0, 0.0, 0.0, 0.0, 0.0,0.0, 0.0625, 1.9375, 3.375, 3.25,0.0, 0.0, 0.0, 0.0, 0.875, 0.9578952789306641,-1.129974365234375, 0.375
0, 340.0, 1408, 1143, 1768, 1503, 0.5080956726074218,-0.1290444159867184, -0.13694317293324276, -0.08945687572311725, 0.28428939502628053,0.0001822633489467762, -7.342067776789918e-05, 0.0003827069084053392, -0.00039502953320379674, 1.330874424642303e-05,27.290056228637695, 0.619182985451938, 374.6250305175781, 319.625, 1498, 1278,384.6250305175781, 289.625, 1538, 1158, 23.467931747436523, 232.9124193252456, 17.80418094248827, 246.7268314194748, 29.94993851977671, 224.7520196430813,7.15724082826724, 260.12464429938507, 9.036639809614089, 273.8195870390765, 15.243331415172939, 283.4598662977943,49.129938148756565, 75.71897063859059, 95.13248877894816, 1120.2241693999329, -60.55457076649952, 660.1224900862616, -105.74672381571759, 1120.2241693999329, -60.55457076649952,4.4048816378229745, 876.7357743870666, 716.8829518252421, 159.8528225618245, 205.81621248386494,0.0, 0.0, 0.0, 0.0, 0.0,0.0, 0.0, 1.3125, 2.4375, 2.625,0.0, 0.0, 0.0, 0.125, 0.3125, 0.7894735336303711,-0.969696044921875, 0.0
0, 345.0, 1432, 1158, 1792, 1518, 0.4528711853027344,-0.13858244288181595, -0.10427551397529897, -0.046593154413276355, 0.3551238912146072,0.00021789103315427382, -3.817142523871553e-05, 0.00026150099267027824, -0.00019459331149221268, 2.4348519169450355e-05,24.26709747314453, 0.5195314363726268, 380.6250305175781, 323.3750305175781, 1522, 1293,390.6250305175781, 293.375, 1562, 1173, 23.052974700927734, 232.30998298007214, 17.42363458405326, 246.51433654654198, 29.526194786232768, 223.98421446347695,5.96950878876088, 259.25931397305783, 7.300855799765322, 276.14884547059097, 14.545191342757743, 284.11865170362034,41.808319945956086, 62.30670713125307, 77.6706659910751, 1203.3856053414745, -90.06594160446605, 674.3591754962245, -136.32623391840198, 1203.3856053414745, -90.06594160446605,1.345884724606117, 878.8866335580858, 695.106751680408, 183.77988187767778, 202.5791525260709,0.0, 0.0, 0.0, 0.0, 0.0,0.0, 0.25, 1.5625, 2.0, 1.25,0.0, 0.0, 0.0, 0.125, 0.1875, 0.0,-0.80218505859375, 0.0
0, 350.0, 1474, 1155, 1834, 1515, 0.36757498168945313,-0.23352238085964924, -0.21822867046343164, 0.15866595963423605, 0.3719625338999322,0.00015483705294798257, -7.273750497972742e-05, -8.828559259228541e-05, 0.00023629994758010762, 0.00014967520173740921,8.708333015441895, 0.5924181753928044, 391.1250305175781, 322.6250305175781, 1564, 1290,401.1250305175781, 292.625, 1604, 1170, 22.79006576538086, 231.46149590023813, 17.168608420712015, 245.88033340655338, 29.26624430894209, 223.0618291097291,5.208637638431588, 259.98052730789783, 5.934808656674443, 274.9681243291492, 14.64630850969239, 281.6689906974169,36.79309380273541, 53.38405660987823, 64.26714217738078, 1248.8379233307742, -111.8063269306903, 727.7799585915246, -148.11359672548568, 1248.8379233307742, -111.8063269306903,1.8457922838122496, 878.8743960231992, 703.6730576002233, 175.20133842297594, 205.16723678711662,0.0, 0.0, 0.0, 0.0, 0.0,0.0, 0.0, 0.0, 0.0, 0.0,0.0, 0.0, 0.0, 0.0, 0.0, 0.0,-0.7708832025527954, 0.0
0, 355.0, 1464, 1191, 1824, 1551, 0.3864186401367188,-0.14378184580622475, -0.13966359453152108, 0.009305363841122016, 0.33305438586394304,0.00016119853675604644, -5.1914527484768766e-05, 0.0005011867135607417, -0.0003934548737888122, 2.9994198412381934e-05,5.856839656829834, 0.22554591314344175, 388.6250305175781, 331.6250305175781, 1554, 1326,398.6250305175781, 301.625, 1594, 1206, 22.333097457885742, 230.37637008641985, 16.69376173031327, 245.0888426455492, 28.83318789674704, 221.92082470736952,4.147705989337288, 266.6601381274685, 5.375901244536988, 285.4105410039932, 13.571311328250898, 287.395475939069,22.706908787955317, 41.25675618961069, 53.51609313278003, 1198.548651446549, -108.03848450892963, 717.8722849425894, -136.98797016096307, 1198.548651446549, -108.03848450892963,1.4160259443872998, 874.737536710885, 699.5898273092909, 175.14770940159417, 211.2391937024787,0.0, 0.0, 0.0, 0.0, 0.0,0.25, 0.625, 0.3125, 0.0, 0.0,0.0, 0.0, 0.0, 0.0, 0.0, 0.0,-0.6041180491447449, 0.0
0, 360.0, 1515, 1187, 1875, 1547, 0.2999249877929688,-0.13343692928785458, -0.18599429677880835, 0.2251976124360226, 0.2820538580408902,0.00011782996724889472, -4.037593261799088e-05, -9.732233666682078e-05, 0.0003014540736785421, 0.00017045367221328435,9.761054992675781, 0.5236234603922038, 401.3750305175781, 330.6250305175781, 1605, 1322,411.3750305175781, 300.625, 1645, 1202, 22.419954299926758, 231.104700478375, 16.487713049923297, 244.81273314832393, 29.08546001417961, 223.38458557274714,6.081331313075811, 253.90758755078605, 7.555861866800501, 266.65460567424077, 16.70835475998428, 276.95554545308283,41.5851686861198, 63.82449683969129, 78.58332365033209, 1341.731090494115, -86.3003238209105, 840.2950836068237, -111.3813874366074, 1341.731090494115, -86.3003238209105,11.558412134264614, 885.2870618707029, 741.381815844736, 143.9052460259669, 208.47333762213307,0.0, 0.0, 0.0, 0.0, 0.0,0.0, 0.0, 0.0, 0.0, 0.0,0.0, 0.0, 0.0, 0.0, 0.0, 0.0,-0.6149957776069641, 0.0