NC_CTL: UH_Thresh: 150.0, u_rad: 5.0, track_on: 100.0 min
Mode, Time, x1, y1, x2, y2, zs_surface, w500m, w1km, w3km, w5km,zvort_suf, zvort500m, zvort1km, zvort3km, zvort5km,UH_Max, UH_Area, UH_X, UH_Y, UHi, UHj,SX, SY, SXi, SYj, meanWnd, meanWnd_dir, rm, rm_dir, lm, lm_dir,shear1km, shear1km_dir, shear3km, shear3km_dir, shear6km, shear6km_dir,srh500m, srh1km, srh3km, sbcape, sbcin, mlcape, mlcin, mucape, mucin,3CAPE, LCL, LFC, LFC-LCL, EL,wA500m, wA1km, wA3km, wA5km, wA8km,zA500m, zA1km, zA3km, zA5km, zA8km,wzA500m, wzA1km, wzA3km, wzA5km, wzA8km, meso_depth, CP_Min, CP_area
bool, min, idx, idx, idx, idx, km,ms^-1, ms^-1, ms^-1, ms^-1,s^-1, s^-1, s^-1, s^-1, s^-1,m^2s^-2, m^2s^-2, km, km, idx, idx,km, km, idx, idx, ms^-1, deg, ms^-1, deg, ms^-1, deg,ms^-1, deg, ms^-1, deg, ms^-1, deg,m^2s^-2, m^2s^-2, m^2s^-2, Jkg^-1, Jkg^-1, Jkg^-1, Jkg^-1, Jkg^-1, Jkg^-1,Jkg^-1, hPa, hPa, hPa, hPa,km^2, km^2, km^2, km^2, km^2,km^2, km^2, km^2, km^2, km^2,km^2, km^2, km^2, km^2, km^2, km, K, km^2
0, 5.0, 167, 480, 527, 840, 0.04999999701976776,1.841896791011095, 3.14416818857193, 4.13402134642005, 2.2674294965714217,-1.2601563185015152e-05, -7.733957514673762e-05, -6.169136004444908e-05, 0.00013752220572683883, 3.654587864843961e-05,3.8453896045684814, 1.8211671496485364, 64.375, 153.875, 257, 615,74.375, 123.87500762939453, 297, 495, 14.275811195373535, 239.70356713396257, 12.718809216065663, 271.2979927481886, 18.929592863387743, 219.09321692491605,8.647146214985684, 222.91559053147486, 30.062216406806275, 270.07447137375345, 35.08124417338199, 270.47473411949454,123.46334642028683, 193.5560408587647, 451.59583583824855, 1363.9526451466932, -6.259442150692956, 965.9379526709071, -13.59525550726478, 1363.9526451466932, -6.259442150692956,115.62126361408275, 901.9306093629092, 881.0187355833226, 20.911873779586585, 226.6349366280174,0.0, 0.0, 0.0, 0.0, 0.0,0.0, 0.0, 0.0, 0.0, 0.25,0.0, 0.0, 0.0, 0.0, 0.0, 0.0,-0.035848647356033325, 0.0
0, 10.0, 188, 544, 548, 904, 0.04999999701976776,2.7890509450808167, 3.9820170160382986, 7.375614514900371, 3.0738370668888093,0.0004612211725438442, 0.0004108550773707975, 0.00025804546484096134, 8.296333686033108e-05, -3.821399212029064e-05,13.896946907043457, 6.932516377900167, 69.625, 169.87501525878906, 278, 679,79.625, 139.875, 318, 559, 14.134773254394531, 228.10600154592927, 9.515521525132936, 257.6225438417959, 20.531402062419364, 214.90687051723722,31.494915059606132, 271.83589519842974, 43.16133778966736, 277.4104633725624, 44.90915724405156, 276.3834761289593,111.90765658888793, 323.10885112639113, 480.63536720836044, 0.9708353728612643, -216.28305843679343, 0, 0, 9.321899809301877, -189.4721369242179,0, 771.1992246065124, 531.1383372741536, 240.0608873323588, 494.80044563432216,0.0, 0.0, 0.0, 2.3125, 14.1875,0.0, 0.75, 8.5, 14.625, 14.3125,0.0, 0.0, 0.5, 2.875, 8.1875, 0.0,-0.8801779747009277, 0.0
0, 15.0, 190, 552, 550, 912, 0.04999999701976776,2.9061070049402784, 4.029423511693021, 7.63520077386871, 3.474233421359677,0.000535540819675191, 0.0006987115612037087, 0.0004479013982745528, 0.0003614458451937708, 0.0003123801937516646,37.17195510864258, 13.205711635174234, 70.125, 171.87501525878906, 280, 687,80.125, 141.875, 320, 567, 14.816530227661133, 233.09541375348857, 10.624769776646898, 261.79514215814277, 20.944531916143898, 218.9959226018183,26.19520334006611, 260.2881590281152, 37.69027300752118, 274.07160735907166, 35.09713036102441, 268.41546942340506,163.52778061076796, 312.03652173117166, 518.4078184782302, 0, 0, 0, 0, 0, 0,0, 714.2659929647924, nan, nan, nan,0.0, 0.0, 0.125, 8.4375, 21.6875,8.25, 17.5, 28.75, 32.3125, 32.625,0.1875, 1.375, 3.125, 6.0, 9.375, 1.215789556503296,-0.24427653849124908, 0.0
0, 20.0, 182, 598, 542, 958, 0.04999999701976776,3.0159319419367243, 4.368854915546254, 5.395172914182768, 0.20066777881234885,0.0006565601830413926, -0.0002733463445702, -5.63851237666313e-05, -0.0007075735452940535, 6.867529841606767e-05,283.6324462890625, 7.501644216802235, 68.125, 183.37501525878906, 272, 733,78.125, 153.375, 312, 613, 18.801298141479492, 227.5149306355347, 12.566346977228907, 243.10080233989126, 25.720897498320937, 219.97199877789242,28.235882885228353, 255.45226215234112, 53.55080607578087, 267.07511310068173, 53.94490711336806, 282.98203992383856,430.1863920130739, 679.5643841531044, 1063.775838213266, 423.29324550343097, 0, 319.1952564165654, -81.67676557443204, 749.2676870037342, -1.007748200187897,3.0068636368500856, 797.0866358248743, 583.0248974294859, 214.06173839538837, 297.51895150714944,0.0, 0.0625, 2.375, 8.5625, 15.9375,11.1875, 21.625, 35.625, 48.875, 58.875,0.875, 4.25, 10.625, 16.75, 22.5, 1.6105263233184814,-0.197021484375, 0.0
0, 25.0, 191, 510, 551, 870, 0.04999999701976776,1.3604578011325787, 1.8864514213462826, 2.4808217875257834, -0.6493408355442807,0.0003828164179446958, 0.00036741672719472264, -9.14935272794537e-05, -0.00045616664669068997, 0.0003023224970988281,446.3432312011719, 20.757544070995785, 70.375, 161.37501525878906, 281, 645,80.37500762939453, 131.375, 321, 525, 19.202590942382812, 220.79026788819866, 12.388606198676541, 232.45106057058126, 26.391314738660544, 215.34597640033132,24.177385088415257, 247.48778346686436, 33.31192257529118, 286.03674640747835, 26.27824405544341, 272.0938714433811,340.2709698749133, 449.49668046424773, 781.0311439336962, 97.98156106940104, -246.3261226104765, 46.38298690194735, -291.59653130477744, 241.24181348740737, -160.076506036015,0, 831.582986326963, 474.7031358217141, 356.8798505052489, 289.5511418284587,0.0, 0.625, 2.5625, 15.1875, 33.4375,22.1875, 38.6875, 60.6875, 76.375, 86.3125,1.875, 8.4375, 16.8125, 24.3125, 30.6875, 1.605263352394104,-1.30804443359375, 16.125
0, 30.0, 192, 522, 552, 882, 0.04999999701976776,2.064547653355403, 2.6272219282423612, -0.3198241964867339, -1.173111387991812,-9.059033752691903e-06, -0.0002895247254627975, -0.0006824916320874763, 0.00016019323226601045, 3.967103283400775e-05,1234.057373046875, 50.750747448703855, 70.625, 164.37501525878906, 282, 657,80.62500762939453, 134.375, 322, 537, 17.862558364868164, 228.92364349147152, 12.571902675386772, 249.35665327407844, 24.343156496387145, 218.53658345785988,24.19548101184058, 228.86031397748715, 32.180857417923015, 272.0319899295008, 28.79251656172493, 261.3302956312974,281.91759420167443, 415.9823152540765, 766.8240446544921, 471.58471108114384, -61.81227564700468, 82.84480466085412, -87.80746346465831, 471.58471108114384, -61.81227564700468,7.400181145385047, 891.9140201587154, 595.8412877359782, 296.0727324227372, 234.45347404391353,0.0, 0.25, 5.4375, 12.5625, 22.75,34.5, 55.625, 70.875, 81.8125, 90.375,1.5625, 10.8125, 22.1875, 32.5625, 39.25, 3.726315975189209,-1.721160888671875, 151.875
0, 35.0, 190, 561, 550, 921, 0.04999999701976776,0.8417647807509638, 1.1249797722138464, 0.7051154695055447, -0.27444484069244934,0.0013687773918832134, 0.00025964812663914927, 0.000473130859891171, 0.00016103354189453967, 4.9438298670452204e-05,1191.362060546875, 45.16240748092708, 70.125, 174.12501525878906, 280, 696,80.125, 144.125, 320, 576, 18.60915184020996, 228.407540737407, 13.678559241423994, 248.81076306109043, 24.85956623102296, 217.34823806666697,23.315976260891567, 232.2025987459412, 24.251457834908116, 269.55451275053144, 29.41062912642638, 267.0183815494356,328.5692098437658, 434.33526706773836, 584.2355298756241, 392.1381451303595, -12.516221043237502, 174.89508339687936, -20.87544664119275, 392.1381451303595, -12.516221043237502,31.063780302366965, 894.9364856241398, 656.9860497546616, 237.95043586947816, 271.05577427147364,0.0, 0.0, 0.9375, 3.875, 9.0,37.625, 55.6875, 73.5, 93.75, 106.875,0.8125, 5.375, 12.0, 18.375, 24.625, 5.631579399108887,-2.259002685546875, 228.4375
0, 40.0, 206, 576, 566, 936, 0.04999999701976776,0.48522593364235944, 0.6134320650430164, 0.3938219019339886, -0.9224487810506253,0.0004022189243369212, 0.0007678115408998565, 0.0004175198766279209, -0.00025502765714009, 0.00033964914670718825,1297.326171875, 30.071492490098624, 74.125, 177.87501525878906, 296, 711,84.12500762939453, 147.875, 336, 591, 16.879533767700195, 231.63541983726333, 11.184916072219952, 252.0960585959103, 23.605825529368555, 222.10157025547335,17.79959202803485, 235.9308028628793, 11.829422147351742, 280.8285222596685, 20.94955303078946, 276.7437822680557,192.81539111229188, 304.71122556121645, 405.54874279623914, 659.4934044582967, -79.69518691174717, 369.7678628118648, -66.70475421595674, 659.4934044582967, -79.69518691174717,21.427114338334437, 896.227217711751, 795.6951027373408, 100.5321149744102, 257.97539951014903,0.0, 0.0, 0.0, 0.6875, 1.5,49.1875, 66.3125, 91.8125, 111.625, 124.4375,0.0, 1.125, 6.1875, 11.625, 14.125, 6.484210968017578,-2.54461669921875, 375.5625
0, 45.0, 232, 652, 592, 1012, 0.04999999701976776,0.3557000098185381, 0.7272254259895999, 2.9428858182125257, 2.869238589154556,0.0003308688241349955, 0.0008925516970566604, 0.0006029484433520338, 0.00042625967803360253, -0.0006568588046502555,775.9891357421875, 39.59099827852558, 80.62500762939453, 196.87501525878906, 322, 787,90.62500762939453, 166.87501525878906, 362, 667, 16.259092330932617, 233.8354784104378, 10.080699426919246, 252.95224106145346, 23.229198301957748, 225.66485062949238,12.884184747504936, 205.1309527252989, 17.74392753722637, 239.85284774846235, 24.35464523725292, 256.12168899289406,76.84706094719994, 164.50653895646914, 472.0861347123405, 889.5519952132722, -7.180319051560842, 526.8979840194472, -37.87103869378725, 889.5519952132722, -7.180319051560842,66.72715796328816, 939.4300117013645, 830.1315616662794, 109.29845003508512, 223.3769554876687,0.0, 0.0, 0.0, 0.0625, 0.1875,35.3125, 54.125, 79.4375, 94.1875, 98.8125,0.0, 0.75, 2.75, 4.875, 5.5, 4.8263163566589355,-2.81512451171875, 631.0
0, 50.0, 300, 472, 660, 832, 0.04999999701976776,0.04538238980458118, 0.2253668681405543, 1.0737405142262286, 1.5635333278484178,-3.0137382646557855e-05, -0.00010981289229221147, -0.0008623606020546503, 0.0010668108624986416, 0.0013726657555622522,345.5281066894531, 26.40816051835608, 97.62500762939453, 151.875, 390, 607,107.62500762939453, 121.87500762939453, 430, 487, 15.707670211791992, 231.62399976097106, 11.816032746231564, 258.8429036349501, 21.594981044357365, 217.13058173409203,10.472892479248962, 236.29494756828936, 18.837204937984257, 266.77357390920406, 27.61897666691479, 272.6357376709949,90.30063708302896, 154.33275142516106, 246.02678073287555, 1123.3376992963895, -34.864830752842835, 643.7995310652329, -70.4201124756607, 1123.3376992963895, -34.864830752842835,35.30637169720515, 901.1151881686917, 803.2646657106077, 97.85052245808401, 228.42604366047868,0.0, 0.0, 0.0, 0.0, 0.0,0.75, 1.8125, 7.3125, 10.5, 13.5,0.0, 0.0, 0.375, 0.3125, 0.1875, 1.5789473056793213,-2.21881103515625, 298.0
0, 55.0, 393, 656, 753, 1016, 0.04999999701976776,0.017081793653997007, 0.0012625552018289453, 0.2714132626279024, 2.8224478655843996,7.301558692347499e-06, -2.2998214615199688e-06, -1.6017126004328475e-05, -0.0001928791805300989, -5.26979070264133e-05,343.2443542480469, 11.269789015558038, 120.87500762939453, 197.87501525878906, 483, 791,130.875, 167.87501525878906, 523, 671, 16.2391414642334, 233.45768698706607, 11.521957486137802, 258.0698567370312, 22.520301297306553, 221.1548540342087,8.92213060641791, 214.24108636101857, 18.496828626191512, 245.29109900713988, 27.555959018806842, 243.46489766837522,75.4506954120972, 115.19018843944478, 193.48686755108127, 1209.1196280658717, -7.274974046427378, 787.855938345096, -18.945091246771206, 1209.1196280658717, -7.274974046427378,77.24415204802591, 902.5338710842025, 875.8695179527003, 26.66435313150214, 215.44296974986437,0.0, 0.0, 0.0, 0.0, 0.0,0.3125, 0.0, 0.0625, 0.375, 1.25,0.0, 0.0, 0.0, 0.0, 0.0, 2.236842632293701,-2.801300048828125, 326.3125
0, 60.0, 392, 619, 752, 979, 0.04999999701976776,0.20286827034375166, 0.2988825856614858, 0.9875500128371641, 2.402238087408478,-2.440063011732718e-06, 0.0002403328715399766, 0.00048682373426686356, 0.00039876402618119753, 0.0007386159280531501,638.377685546875, 27.422884089624777, 120.62500762939453, 188.62501525878906, 482, 754,130.625, 158.625, 522, 634, 13.426933288574219, 230.10165987800195, 11.370034120662428, 264.0409842107034, 18.54150535206119, 210.0803330879093,9.701843914750317, 216.6729752150016, 22.74126084436672, 247.77552567621865, 25.004286118619397, 258.3186603205637,86.93040702909857, 141.4909465121534, 317.4854126268323, 1119.4262181409792, -7.652833733916673, 721.3069884992273, -20.49886998927801, 1119.4262181409792, -7.652833733916673,59.91981209356237, 901.8487277910864, 873.7941973036557, 28.054530487430725, 225.26099003921723,0.0, 0.0, 0.0, 0.0, 0.0,0.0, 0.0, 0.0, 0.8125, 3.6875,0.0, 0.0, 0.0, 0.0, 0.0, 1.6631577014923096,-2.9154052734375, 509.75
0, 65.0, 352, 530, 712, 890, 0.04999999701976776,0.22181039067567326, 0.3396149014052935, 1.1336362843320238, -0.13246739998343401,-7.2774905191863585e-06, 0.00012302012761324476, -6.777045844501117e-05, 0.0003162553711399596, 0.0001539611065027202,458.0714111328125, 18.10129179240501, 110.62500762939453, 166.37501525878906, 442, 665,120.62500762939453, 136.375, 482, 545, 14.707792282104492, 228.86031397748715, 12.130658729346202, 259.43409559224824, 19.949571384117252, 210.84379078903498,11.36355128891565, 243.3842467946557, 23.493305743863253, 279.13964870435615, 27.913643395078584, 280.438928269411,109.26635756427812, 192.87601222656383, 372.348598407633, 1017.1180456077501, -52.6633037568647, 516.8336993121848, -113.56449056533322, 1017.1180456077501, -52.6633037568647,8.157816016955834, 900.5759715752499, 747.9091169237381, 152.6668546515118, 228.30764510057412,0.0, 0.0, 0.0, 0.0, 0.0,0.25, 0.75, 1.0, 1.5, 4.25,0.0, 0.0, 0.0, 0.0, 0.0, 2.3684210777282715,-3.337738037109375, 669.6875
0, 70.0, 332, 665, 692, 1025, 0.04999999701976776,-0.35828922370448707, -0.33458614514325746, 0.9367829823354259, 1.970087430976564,2.52715700275985e-05, -3.164966444273887e-05, -0.0006512778315436663, 0.0004072554757021862, 0.0005502234498248981,565.5887451171875, 14.37321723630849, 105.62500762939453, 200.12501525878906, 422, 800,115.62500762939453, 170.12501525878906, 462, 680, 17.624963760375977, 235.73215364105863, 12.59419300282576, 257.2499738033828, 23.982597353599754, 224.6266676013062,11.627789259022794, 194.2182706959103, 19.642459168247154, 254.5310062370898, 23.960319316800767, 258.37421707927257,85.30699167985108, 167.57829528609898, 385.3856055844059, 1102.8234190251408, -6.732597654585545, 980.9193510898702, -13.75314814089884, 1102.8234190251408, -6.732597654585545,110.80857725232947, 926.1973582213204, 904.8556968756341, 21.34166134568636, 227.6712916805721,0.0, 0.0, 0.0, 0.0, 0.0,2.5, 4.6875, 10.3125, 19.8125, 27.3125,0.0, 0.0, 0.0, 0.0, 0.0, 2.24210524559021,-4.302276611328125, 1149.3125
0, 75.0, 378, 525, 738, 885, 0.04999999701976776,0.18563379034232638, 0.3118751620192779, 1.0764939663768747, 0.17669862459413707,-7.033013499722074e-06, 0.0004941531765337004, 2.45989694610671e-05, 0.0002587464558200736, -0.00020251021798060265,526.5421142578125, 16.663111119271562, 117.12500762939453, 165.12501525878906, 468, 660,127.12500762939453, 135.125, 508, 540, 15.16228199005127, 251.2649463797731, 15.111625217564155, 279.95173104169066, 18.54530536505656, 228.23919970774438,11.127518340185938, 241.504209904853, 21.858145515336766, 275.8183052958974, 27.182400572195256, 278.6076862510389,132.54330271578453, 234.72765113220802, 420.084525901845, 1172.9360440028283, -39.61822387829634, 685.5598563035084, -81.44978715784424, 1172.9360440028283, -39.61822387829634,29.730085166179222, 900.9447882760638, 798.9603688193457, 101.98441945671811, 228.13071667969646,0.0, 0.0, 0.0, 0.0, 0.0,0.0, 0.0, 0.625, 1.125, 2.125,0.0, 0.0, 0.0, 0.0, 0.0, 2.3684210777282715,-4.030364990234375, 543.6875
0, 80.0, 393, 573, 753, 933, 0.04999999701976776,0.08798604567535222, 0.32611301753669975, 2.708277744498337, 1.9503677219175732,-9.774554216733122e-05, 0.00013766914544021346, 0.00019578287019612618, 0.001350924319488058, 0.0006295719782974629,610.0637817382812, 48.01370539529018, 120.87500762939453, 177.12501525878906, 483, 708,130.875, 147.125, 523, 588, 17.184978485107422, 237.44408591500897, 12.691564262093346, 260.9045644085169, 23.28242310610662, 224.9101016529981,11.415768127579584, 221.83459015191528, 23.979036063027163, 255.73500466322295, 29.070513969043326, 273.21872163741216,96.83574019330811, 168.4905902745074, 377.4155829366571, 1208.2220178160146, -6.236231271801842, 818.2729656405053, -20.31775653693473, 1208.2220178160146, -6.236231271801842,95.69459247420986, 902.3600588905248, 878.1507758925018, 24.209282998023014, 223.35149982470506,0.0, 0.0, 0.0, 0.0, 0.0,0.75, 0.5625, 0.5625, 0.4375, 1.4375,0.0, 0.0, 0.0, 0.0, 0.0, 1.1526312828063965,-4.14202880859375, 823.9375
0, 85.0, 274, 802, 634, 1162, 0.04999999701976776,0.5106929073139327, 0.789108492246014, 1.2976321210863533, 1.0836645674414467,5.665343635655518e-05, -0.0005547789148977244, -0.0001697826070130759, -0.00044261716535856974, -4.099634211172543e-05,875.8771362304688, 22.229927077405385, 91.12500762939453, 234.37501525878906, 364, 937,101.12500762939453, 204.37501525878906, 404, 817, 16.739803314208984, 236.62558336563134, 12.943251838570973, 262.00955244927025, 22.481420981142925, 222.33701799453127,11.287093386931906, 220.43800771194444, 17.611541002246163, 264.62015186768247, 20.17479645747473, 271.60980227652396,47.08485945734645, 124.79834078586647, 253.94492273295626, 95.64511584061329, -101.87201327470255, 457.42734678365355, -37.547107128314856, 674.0847692674344, -1.3410443802776044,2.363616349361229, 915.7523273722793, 668.9572282061544, 246.79509916612494, 440.60488326521755,0.0, 0.0, 0.0, 0.0, 0.0,6.3125, 5.25, 7.9375, 10.3125, 11.6875,0.0, 0.0, 0.0, 0.0, 0.0, 2.542105197906494,-4.876861572265625, 429.5
0, 90.0, 249, 770, 609, 1130, 0.04999999701976776,0.1351186882518232, 0.1965250397636555, 0.4687202738082851, 0.9336841959122102,2.4458771780473397e-05, -2.8243752421985845e-05, -0.00046204892286368706, -4.864640298592349e-05, 2.3357601460745063e-05,685.4480590820312, 7.280544521147047, 84.87500762939453, 226.37501525878906, 339, 905,94.87500762939453, 196.37501525878906, 379, 785, 14.788057327270508, 238.76080978320402, 12.251521096131514, 269.1600165981814, 19.994337346819172, 220.69767433702242,17.80841102998266, 239.66347392353458, 20.540811372868745, 253.33928849108432, 23.126259621431252, 257.8331977951159,180.03746732945544, 242.17223477165226, 293.0485741262766, 796.7655607044497, -34.362059068975235, 703.2851277574628, -24.906309932146478, 816.3851701595568, -19.04186819363944,50.54630486985396, 920.1072238352112, 840.8646574361152, 79.24256639909606, 247.37694883368607,0.0, 0.0, 0.0, 0.0, 0.0,11.0, 8.5625, 9.0, 10.4375, 12.9375,0.0, 0.0, 0.0, 0.0, 0.0, 2.8210530281066895,-4.36517333984375, 504.25
0, 95.0, 356, 708, 716, 1068, 0.04999999701976776,-0.044299683376739264, -0.00901390923128929, 1.2450396516601905, 0.15991025537950918,-6.94443251973098e-05, -0.0010791299268475996, -0.0009687062618331765, 0.0007463755489698087, 5.371227153432301e-05,572.44189453125, 16.89076834336693, 111.62500762939453, 210.87501525878906, 446, 843,121.62500762939453, 180.87501525878906, 486, 723, 14.596317291259766, 243.52688846528224, 12.437564473068377, 274.4438533208617, 19.59367173447755, 224.49197050351867,11.345959715458708, 209.1547810898935, 16.6811328634086, 239.48169526896385, 18.582195435228883, 254.1514526249122,92.3255857763055, 142.66347385159105, 319.95908886713715, 287.7142018894642, -88.14749446658594, 455.505003259682, -46.22873181882737, 841.2040312958864, -12.310136513354227,7.446237985689358, 928.6270052914831, 795.7803015062328, 132.84670378525027, 304.69217497584424,0.0, 0.0, 0.0, 0.0, 0.0,1.6875, 2.875, 6.6875, 8.75, 14.0,0.0, 0.0, 0.0, 0.0, 0.0, 1.4105260372161865,-4.811798095703125, 1188.0
0, 100.0, 450, 585, 810, 945, 0.04999999701976776,0.27334618088629214, 0.7321629156917333, 3.0819703464512713, 2.848071113581536,0.00010900658543278041, -0.00026581556169276156, -0.0006888077477287879, 0.0011064855220377012, 0.0013131933582155853,1016.7871704101562, 79.27055554783632, 135.125, 180.12501525878906, 540, 720,145.125, 150.125, 580, 600, 14.001977920532227, 240.89689680461217, 13.30535986152123, 272.6485180803219, 18.099120295227642, 218.13776893203894,11.985432685848957, 221.97167204855742, 24.679399246220385, 261.95312692133257, 28.435755343397776, 272.45633592225533,118.6622810345504, 213.62662803166126, 496.924469402165, 1159.9687674131003, -5.190943077065028, 782.0586931941516, -16.066334261239348, 1159.9687674131003, -5.190943077065028,85.1826123908457, 902.3349013336422, 883.4305656200429, 18.904335713599266, 223.11649220479376,0.0, 0.0, 0.0, 0.0, 0.0,1.0625, 1.125, 3.3125, 5.625, 9.5,0.0, 0.0, 0.0, 0.1875, 0.375, 1.278947353363037,-4.041595458984375, 870.0625
0, 105.0, 473, 590, 833, 950, 0.04999999701976776,0.3306024740275461, 0.8166930919256993, 4.1699521313622245, 4.417378707225435,0.00012949293141161888, 0.0002261307836783999, 0.0001716834533999645, 0.001757893216076809, 0.002180937092603017,1829.2752685546875, 107.7206309503233, 140.875, 181.37501525878906, 563, 725,150.875, 151.375, 603, 605, 17.771236419677734, 235.22602296318234, 13.26836786259542, 257.7502919432506, 23.834515651130168, 222.91298624818967,11.940535512975, 221.19900006851057, 24.887894122252, 259.4676620634999, 29.506636500516578, 272.7657025105219,108.29568496830686, 187.73353236325835, 424.14269398053796, 1155.1736453423855, -4.687660475836459, 774.5076908821393, -13.937716315253489, 1155.1736453423855, -4.687660475836459,90.55085486051762, 902.5652285320328, 885.3269952656381, 17.238233266394786, 221.75849067883416,0.0, 0.0, 0.0, 0.0, 0.0,1.6875, 2.25, 4.0625, 6.5, 7.875,0.0, 0.0625, 0.375, 0.4375, 0.1875, 3.947368621826172,-5.271331787109375, 794.0625
0, 110.0, 471, 513, 831, 873, 0.04999999701976776,1.0719600718765285, 1.7556867375341243, 4.12479799565335, 5.022528240918182,-0.0002728669274711137, 0.0009046232521632191, 0.0010294316442684703, 0.0013335341002584755, 0.0005775729069273438,1282.7901611328125, 141.34403131601792, 140.375, 162.12501525878906, 561, 648,150.375, 132.125, 601, 528, 17.684341430664062, 233.30270999479848, 13.463058715257773, 256.47991003564243, 23.59487041586872, 220.32501770475997,9.806252261339052, 236.51365022551315, 19.35293250577852, 271.55327563095295, 25.540165374783594, 273.17185287932756,76.19109736416654, 126.75896861511157, 219.56280693014799, 1132.5793810877697, -14.289002208938905, 702.3903828555906, -38.616552293302924, 1132.5793810877697, -14.289002208938905,59.28388035236818, 901.4753514638186, 835.2714637249028, 66.2038877389158, 228.97914727658554,0.0, 0.0, 0.0, 0.0, 0.375,2.8125, 3.5625, 4.125, 5.0625, 5.25,0.0, 0.0, 1.1875, 2.1875, 2.8125, 4.742105007171631,-4.933563232421875, 440.75
0, 115.0, 486, 510, 846, 870, 0.04999999701976776,1.2443164013742354, 2.115714897946454, 4.39795236692182, 4.36500025829184,0.0003631415530298909, 0.0005315484624770761, 0.0007947365664995232, 0.0024774005107769882, 0.0016067440563568881,1228.380859375, 147.0099945367268, 144.125, 161.37501525878906, 576, 645,154.125, 131.375, 616, 525, 16.61721420288086, 237.66486494974046, 12.637430768211603, 263.00511957121716, 22.473517199155726, 223.73869615873153,9.764348032254276, 236.05298128675247, 19.314014285268946, 270.8713358838405, 25.637652629202087, 273.63612815797,79.48825631960972, 136.76303900340113, 252.14439787324375, 1113.026156425571, -13.029856934706205, 686.1828503119971, -36.552292712980105, 1113.026156425571, -13.029856934706205,59.28302598581938, 901.5401108912612, 842.6660647428672, 58.87404614839397, 228.64430881778705,0.0, 0.0, 0.0, 0.3125, 0.9375,5.875, 6.5625, 6.875, 8.3125, 9.3125,0.1875, 0.625, 1.375, 2.6875, 5.3125, 3.947368621826172,-4.3985595703125, 401.5
1, 120.0, 500, 520, 860, 880, 0.04999999701976776,0.6516394729202148, 1.4011869672237662, 4.245976587473997, 4.54551544165588,0.000484122447937807, -1.4658091427008912e-05, 5.731315554385219e-05, 0.0018529359346212007, 0.00113490576692584,1217.267822265625, 151.44864180652883, 147.625, 163.87501525878906, 590, 655,157.625, 133.875, 630, 535, 16.666858673095703, 237.48561346516266, 12.677021641173988, 262.72181786266464, 22.524685901301613, 223.60186826634043,9.977006901603026, 236.33448070320537, 19.799580573906635, 270.3569953185819, 26.258474755823425, 274.74373895453596,82.38983614482157, 142.20486163650432, 263.22249876241614, 1092.1841948682286, -12.46174256130002, 665.1152002793484, -35.52244693768403, 1092.1841948682286, -12.46174256130002,61.15790630342993, 901.5986037974434, 845.9047564376208, 55.6938473598226, 227.60254345410516,0.0, 0.0, 0.0, 0.125, 3.5,7.1875, 7.8125, 11.625, 14.0, 16.6875,0.0, 1.0625, 2.125, 4.6875, 7.5625, 4.6315789222717285,-4.866790771484375, 442.1875
1, 125.0, 510, 522, 870, 882, 0.04999999701976776,0.489056556787109, 1.1940341934683965, 4.341961889055092, 3.877312868076333,0.00040914204068940305, -0.0007944279133187138, -0.00038752884443056247, 0.0019255412208224242, 0.0007524227405355078,2047.2071533203125, 150.0186188245734, 150.125, 164.37501525878906, 600, 657,160.125, 134.375, 640, 537, 16.770715713500977, 237.6256323431479, 12.729630212005176, 262.59890678845926, 22.648848722492072, 223.89886856145557,10.032811637360979, 236.1314191791809, 19.97332029849538, 269.9555404774595, 26.31267161622798, 274.726144387234,82.26304764202352, 141.80391176686533, 262.27610753845266, 1113.923779908802, -11.469645341126101, 688.0128548975284, -32.92678765908836, 1113.923779908802, -11.469645341126101,65.06811401164192, 901.6762637889457, 853.1743242943509, 48.50193949459481, 226.41362403398466,0.0, 0.0, 0.25, 0.8125, 1.3125,9.875, 11.125, 13.0625, 14.8125, 16.4375,0.1875, 1.25, 2.5, 3.625, 4.9375, 2.989473342895508,-4.454437255859375, 448.875
0, 130.0, 522, 527, 882, 887, 0.04999999701976776,0.5016286040132399, 1.1279319285442762, 3.922751777799567, 3.3373291835235435,0.00013743604266437616, -0.0007140964415009421, -0.0005815912618174934, 0.0013062815819372988, 0.0006886590080813446,2061.020263671875, 139.36580006041456, 153.125, 165.62501525878906, 612, 662,163.12501525878906, 135.625, 652, 542, 16.693262100219727, 238.08343260245718, 12.788441633397662, 263.39890672173794, 22.50079341551899, 224.01799051112584,10.118127888181554, 235.48447732137564, 20.220822237402707, 269.18958940355594, 26.483476390232894, 274.0849262279532,83.39093337425604, 143.51341323498713, 267.18670823176876, 1134.6266223147143, -10.392351304649173, 712.7703434020802, -29.516369250501253, 1134.6266223147143, -10.392351304649173,70.70639214054638, 901.7762760291732, 861.6700651533188, 40.10621087585446, 226.03775904781818,0.0, 0.0, 0.0, 0.0, 0.75,14.5, 14.8125, 15.375, 16.625, 18.5,0.0, 0.3125, 1.0, 2.25, 3.8125, 1.7473688125610352,-4.738006591796875, 471.6875
1, 135.0, 546, 525, 906, 885, 0.04999999701976776,1.3038282566674753, 2.4394224663078785, 6.347290418604971, 5.436996904250117,-0.00026684341055442927, 8.812853485324013e-05, 0.00038171822778167554, 0.0029504097864924005, 0.001325910253692939,2848.990478515625, 203.75032579830685, 159.125, 165.12501525878906, 636, 660,169.12501525878906, 135.125, 676, 540, 16.720752716064453, 238.35277428218748, 12.921170741544513, 263.7663819820862, 22.465761566897015, 224.0630489239441,10.037931442752233, 233.44936781665697, 20.294502619657912, 267.2689402089484, 26.716238501781618, 272.52172815336905,83.25806933197865, 142.16199346595738, 269.5917091478978, 1140.8807005862584, -9.242447594219342, 726.0559545925979, -24.893946060743158, 1140.8807005862584, -9.242447594219342,76.27610364986695, 901.8845239844863, 868.3142066812428, 33.57031730324354, 226.6843984419337,0.0, 0.0, 0.1875, 0.6875, 1.3125,15.5625, 15.0625, 15.4375, 16.375, 16.5625,0.0625, 0.5, 0.875, 2.625, 3.8125, 5.826315879821777,-5.000457763671875, 383.3125
1, 140.0, 563, 520, 923, 880, 0.04999999701976776,1.6840528418961913, 2.786603564794641, 5.922505340331699, 5.371765776304529,-0.0006680105163593452, -0.00013073813515802614, 0.0004291093417123193, 0.0034361181515737377, 0.002277775470248003,1496.084716796875, 168.88985215021452, 163.37501525878906, 163.87501525878906, 653, 655,173.37501525878906, 133.875, 693, 535, 16.68111228942871, 237.88683243738754, 13.017869599113647, 263.5466101589212, 22.35070801119715, 223.27847535239493,9.952225971933006, 232.36545777651097, 20.15817209110582, 266.4443178100744, 26.70289649983776, 271.5657475563774,82.03807796594488, 139.3621004668117, 265.8079915353166, 1147.350843175887, -8.60036123236133, 737.18546352665, -22.187436252687398, 1147.350843175887, -8.60036123236133,79.5634399042798, 901.9690836127705, 871.0265039701243, 30.94257964264625, 227.0493082901882,0.0, 0.0, 0.0, 0.125, 0.8125,14.5, 12.875, 14.125, 16.8125, 18.75,0.0, 0.1875, 1.1875, 1.3125, 2.625, 4.742105007171631,-4.87847900390625, 346.375
1, 145.0, 588, 537, 948, 897, 0.04999999701976776,1.0513301832368598, 1.9305780980782583, 6.322894875839119, 6.695104226772673,0.0006283304635849163, 0.000549840626031255, 0.0005531258300743502, 0.0022409669385979212, 0.0022447066575841746,2013.1944580078125, 185.0370820325953, 169.62501525878906, 168.12501525878906, 678, 672,179.62501525878906, 138.125, 718, 552, 16.659563064575195, 237.7136461607927, 13.06404708640549, 263.4933060211124, 22.291539436234906, 222.94707946017255,10.303585325892003, 229.71938785053467, 21.121679924166667, 262.5434465109184, 27.983121543309746, 269.62823781243253,87.28862176171839, 147.3382380500194, 285.9321709194271, 1143.4230223536172, -7.238620886487547, 741.7518948187773, -17.918220384915656, 1143.4230223536172, -7.238620886487547,92.63283957417714, 902.2731104629858, 876.2330859313118, 26.040024531673907, 226.97369337732627,0.0, 0.0, 0.0, 0.0, 0.25,12.9375, 13.0, 18.0625, 22.625, 24.125,0.0, 0.1875, 0.4375, 0.6875, 2.625, 7.221052646636963,-4.92572021484375, 423.125
1, 150.0, 609, 526, 969, 886, 0.04999999701976776,1.7879103765077888, 3.1268679218832403, 7.525224696663207, 6.864988917107694,0.00036119934692806053, 0.0009442741439397651, 0.0012571299513638224, 0.003817563650579246, 0.0029325099769584996,1111.114990234375, 189.38217163029807, 174.87501525878906, 165.37501525878906, 699, 661,184.87501525878906, 135.375, 739, 541, 16.98843765258789, 236.61080283626742, 13.373500621108873, 261.7920298639321, 22.602288779681306, 222.02953483672025,10.085921520091443, 229.35406835258738, 20.725791948647288, 262.4614569201216, 27.751190696753266, 269.50123727500534,84.35615300232045, 141.10547175741948, 271.47575410813926, 1139.4392696592163, -7.284863865215991, 739.5238068777255, -17.60900610709034, 1139.4392696592163, -7.284863865215991,91.12929874411896, 902.204236073671, 876.3179528811567, 25.886283192514384, 227.05296855506177,0.0, 0.0, 0.0, 0.0, 0.25,13.25, 16.0625, 20.625, 24.0, 28.875,0.0, 0.4375, 1.5, 2.5625, 4.4375, 3.8263163566589355,-4.5650634765625, 365.5625
1, 155.0, 626, 521, 986, 881, 0.04999999701976776,1.8868530266499146, 3.176496400628239, 6.683040602424589, 5.610162153806888,0.00027532466507523167, 0.0009519902278998416, 0.0014133476684560266, 0.0027844651866598723, 0.00220626962489689,998.4124755859375, 172.02353357860747, 179.12501525878906, 164.12501525878906, 716, 656,189.12501525878906, 134.125, 756, 536, 16.882949829101562, 236.6500491032383, 13.322353416643502, 262.0762824840002, 22.474049431608847, 221.9053302098771,10.010877917660276, 229.13980531832408, 20.60155802245363, 262.28541562445366, 27.68593473530549, 269.70734506339966,83.26171163254494, 139.60105286522108, 271.55200413939986, 1134.8482594385246, -7.158806969792349, 735.7939166434323, -17.18091246958975, 1134.8482594385246, -7.158806969792349,91.3247821864081, 902.1967932445501, 876.8479721823393, 25.348821062210845, 226.68449360254385,0.0, 0.0, 0.0, 0.0, 0.0,12.25, 16.75, 19.0625, 21.8125, 22.75,0.0, 0.125, 0.5625, 1.125, 2.1875, 5.726316452026367,-4.502655029296875, 354.9375
1, 160.0, 645, 528, 1005, 888, 0.04999999701976776,2.4050562748871744, 3.9199834626493977, 8.731127836052327, 8.420696583972312,0.00060822721778095, 0.0018348605553183007, 0.002536603981998269, 0.003835841107811575, 0.0034111518441181945,2048.947265625, 214.12733710109578, 183.87501525878906, 165.87501525878906, 735, 663,193.87501525878906, 135.875, 775, 543, 16.824161529541016, 236.89786202670473, 13.32335400933125, 262.4934304765003, 22.385109254076706, 221.99797525313403,10.110496848407289, 228.29704193701454, 20.941293492639993, 261.08331599090974, 28.071116853572427, 269.6247134348208,84.9082018676494, 142.27162227370093, 280.4752965909225, 1150.372591836501, -6.851739196215637, 749.9838555547427, -16.349944992394477, 1150.372591836501, -6.851739196215637,95.0403356435284, 902.2632176734056, 878.0884368897516, 24.174780783654, 224.20501139822358,0.0, 0.0, 0.0, 0.0, 0.125,10.0, 14.1875, 21.125, 24.4375, 26.5,0.0, 0.3125, 1.0, 1.4375, 2.5, 4.484210968017578,-4.512786865234375, 380.8125
1, 165.0, 658, 537, 1018, 897, 0.04999999701976776,1.384905928504304, 2.692772677119356, 8.980690922471695, 9.851425758554832,0.0008839038494443229, 0.0011046050201116487, 0.001122779978923063, 0.003159142252516176, 0.003021688211703121,1389.98974609375, 250.9969471450968, 187.12501525878906, 168.12501525878906, 748, 672,197.12501525878906, 138.125, 788, 552, 16.851383209228516, 237.08002317186896, 13.415577711903044, 262.69749025750593, 22.370975879120063, 222.0526178185046,10.24286141532808, 227.84731496130422, 21.352557255350213, 260.5888102950008, 28.309775429821435, 269.9001476432908,86.62883031055368, 144.98784234587288, 288.72595209623216, 1188.6633913368028, -6.488562283047356, 788.7718739930566, -15.46624169580141, 1188.6633913368028, -6.488562283047356,99.78673943827967, 902.3135169431588, 879.4743568678723, 22.839160075286486, 222.73680671756782,0.0, 0.0, 0.0, 0.0, 0.5,11.4375, 15.375, 24.625, 30.375, 33.125,0.0, 0.4375, 1.125, 1.6875, 2.125, 4.226316452026367,-4.598175048828125, 443.875
1, 170.0, 679, 528, 1039, 888, 0.04999999701976776,2.4502864446031163, 4.156406785701401, 9.711257368940862, 9.70956368568237,0.001075822682710168, 0.0018816527225226309, 0.002523510093724326, 0.00478391469993312, 0.004267674926555855,2038.1702880859375, 279.5842983423238, 192.37501525878906, 165.87501525878906, 769, 663,202.37501525878906, 135.875, 809, 543, 17.00733757019043, 237.55802713074314, 13.541515129118572, 262.87476927506475, 22.530565321703463, 222.665130790426,10.072963324154232, 227.62022483177964, 20.97181428647129, 260.3452184284415, 27.963512396797896, 269.2959081281764,84.56246742726937, 141.0430725018274, 278.69237954906356, 1190.9709811098035, -6.593990166137341, 792.9634812831819, -15.485421300933172, 1190.9709811098035, -6.593990166137341,98.91132874351148, 902.2866949986243, 879.2831439221966, 23.003551076427698, 223.7658578171893,0.0, 0.0, 0.0, 0.4375, 2.625,12.0625, 15.75, 21.625, 24.625, 30.0,0.0, 1.0, 2.8125, 4.0625, 5.625, 8.721052169799805,-4.743896484375, 394.75
1, 175.0, 694, 524, 1054, 884, 0.04999999701976776,2.692770482541528, 4.366343162801349, 9.132679412716536, 8.452155091041924,0.0011701411595868194, 0.0014624216298579995, 0.0018167273028848285, 0.004907063967889372, 0.003793240142899776,1927.65966796875, 302.544003793134, 196.12501525878906, 164.87501525878906, 784, 659,206.12501525878906, 134.875, 824, 539, 16.9141845703125, 237.5386703746353, 13.552155379155705, 263.1219231075854, 22.383438736515227, 222.382616407867,10.004938139689653, 227.88964847377997, 20.835012746246807, 260.59680161632974, 27.701943499296664, 269.36018020826623,83.36363245604846, 139.324449814072, 275.8169494885351, 1182.162471827604, -6.592615092153752, 786.0176811407839, -15.503568706663227, 1182.162471827604, -6.592615092153752,98.4194433803139, 902.2578742093792, 879.2312572826821, 23.026616926697102, 225.13789328082572,0.0, 0.0, 0.375, 2.625, 5.3125,15.625, 23.75, 30.3125, 34.9375, 36.0625,0.125, 1.875, 4.3125, 7.0625, 11.625, 5.721053123474121,-6.0701904296875, 404.375
1, 180.0, 712, 529, 1072, 889, 0.04999999701976776,2.3777533400198445, 4.119282537760446, 10.806922784462804, 12.53448607401224,0.0009058966736984075, 0.0005977162832459726, 0.0009493805515376153, 0.005143963750074363, 0.005057993803160343,4178.5966796875, 406.2837893037945, 200.62501525878906, 166.12501525878906, 802, 664,210.62501525878906, 136.125, 842, 544, 16.898189544677734, 237.95938270675143, 13.620272474791529, 263.6506004419915, 22.317836980662044, 222.61785124306212,10.041898840509264, 227.65865147605012, 21.028968891479778, 260.1291522242373, 27.84034774447124, 269.1470783061618,84.25237349185821, 140.86806939283852, 281.2925145696361, 1174.4088627929416, -6.5890263673583735, 780.6279704452492, -15.388395231929549, 1174.4088627929416, -6.5890263673583735,99.2795358998873, 902.2599275224147, 879.3458381048666, 22.914089417548098, 226.0740682937357,0.0, 0.0, 0.8125, 3.375, 7.0625,21.6875, 27.25, 35.875, 39.375, 37.125,0.3125, 2.75, 5.8125, 8.1875, 10.3125, 4.726316452026367,-5.831298828125, 411.0
1, 185.0, 734, 532, 1094, 892, 0.04999999701976776,2.0484989467193375, 3.680301589793526, 11.01066075793351, 13.028987663560546,0.0008904488542702893, 0.0002756602514546103, 0.0006730244226037029, 0.005165307078650585, 0.005735311271259889,4705.291015625, 415.86161398793075, 206.12501525878906, 166.87501525878906, 824, 667,216.12501525878906, 136.875, 864, 547, 16.93703269958496, 238.02448806991998, 13.746488772948599, 263.7264668531413, 22.299331117203316, 222.51786161858462,10.052280032847879, 226.80740499979143, 21.147867178108545, 258.855444887435, 28.109041394874126, 267.8792585924241,84.89616703179243, 141.22188481704984, 281.9524663561697, 1178.3960711549305, -6.352808024095862, 788.5093521647332, -14.776532845775757, 1178.3960711549305, -6.352808024095862,103.25079265075995, 902.2719923255515, 880.2644439281653, 22.007548397386245, 226.65565552091874,0.0, 0.0, 1.8125, 4.1875, 7.1875,21.75, 30.625, 40.0625, 42.75, 41.75,0.4375, 2.6875, 4.9375, 7.9375, 12.375, 8.93684196472168,-7.006927490234375, 387.0
1, 190.0, 753, 537, 1113, 897, 0.04999999701976776,1.016959370027762, 2.163826382989064, 9.198729781578296, 13.106596786500887,0.001284717311368695, 0.0007530462255363091, 0.0005151614180249453, 0.003836866516637656, 0.0050559182931760914,6418.4423828125, 424.5106161408284, 210.87501525878906, 168.12501525878906, 843, 672,220.87501525878906, 138.125, 883, 552, 16.903209686279297, 237.7944336382956, 13.85471982269602, 263.66969631962706, 22.180706787667237, 221.97558533864645,10.103630909783712, 225.9589315803358, 21.38757333147744, 257.58497506029926, 28.555447142551234, 266.60825601053307,85.87970797998614, 142.1680175576871, 284.3723175585153, 1169.2330738042992, -6.110302581900607, 785.6732775190322, -14.126883311514538, 1169.2330738042992, -6.110302581900607,107.72354458785068, 902.2692012396104, 881.2390834104874, 21.030117829123014, 227.28873465167703,0.0, 0.0, 1.0625, 2.25, 4.0625,22.875, 34.5, 41.4375, 47.5, 47.5,0.3125, 3.125, 5.5625, 7.6875, 9.6875, 9.089473724365234,-8.623992919921875, 360.0625
1, 195.0, 763, 540, 1123, 900, 0.04999999701976776,-0.09000296387588605, 0.5661448338953778, 5.366802133675665, 8.080643881851575,0.0007824221962823686, 0.0005316431136907341, 0.0004842472439395351, 0.0010285238619121629, 0.001856518874531048,3387.5625, 215.00920370493924, 213.37501525878906, 168.87501525878906, 853, 675,223.37501525878906, 138.875, 893, 555, 16.935415267944336, 237.51087150471335, 13.982536135534216, 263.4000762791205, 22.149611817291284, 221.5109523952945,10.160361505640957, 225.8687047813999, 21.607451154933877, 257.517110300706, 28.730429381254574, 266.47529954814956,86.32573572989692, 142.67552565172923, 285.72165524445376, 1157.8656030882244, -5.837254414029294, 778.4246773992775, -13.52750498877113, 1157.8656030882244, -5.837254414029294,111.52018650570244, 902.30001995934, 882.2950444289054, 20.00497553043465, 227.123964711122,0.0, 0.0, 0.375, 2.6875, 5.875,26.8125, 37.8125, 47.0, 52.0625, 51.0625,0.375, 3.75, 7.5625, 10.3125, 14.8125, 5.647368431091309,-8.220428466796875, 423.25
1, 200.0, 782, 536, 1142, 896, 0.04999999701976776,-0.016642996679875104, 0.6357907949993387, 4.667740585394204, 6.578745216034586,0.0009325942692959188, 0.0011785130517318976, 0.000748562749811299, 0.0022956987813211073, 0.0030940430478358398,1817.5697021484375, 206.50231182546437, 218.12501525878906, 167.87501525878906, 872, 671,228.12501525878906, 137.875, 912, 551, 16.82730484008789, 238.27171359711775, 14.079154478740435, 264.47603456260845, 21.922450502018943, 221.7971549124261,10.108533864494147, 224.99967249254252, 21.485149192227855, 256.5046576996567, 28.744017498143386, 265.30786995483265,86.44295716589411, 142.49432510125442, 284.67600528250955, 1176.9093114905731, -5.570960140715442, 800.1487159337753, -12.931787805642706, 1176.9093114905731, -5.570960140715442,115.73757586140519, 902.3595711315232, 883.3997785792734, 18.959792552249837, 226.67560142988634,0.0, 0.0, 0.5625, 2.0, 3.5,31.1875, 40.9375, 50.1875, 51.125, 51.75,0.375, 4.0625, 6.5, 8.5, 11.6875, 5.484210968017578,-7.31793212890625, 477.0625
0, 205.0, 797, 540, 1157, 900, 0.04999999701976776,-0.5495022727339528, 0.11849396389210597, 4.141085199346999, 4.847552354120417,0.00097972174539791, 0.0011339699070265397, 0.00039525510244175165, 0.0014890172808236456, 0.0023951661419499715,2961.64794921875, 140.75642770409664, 221.87501525878906, 168.87501525878906, 887, 675,231.87501525878906, 138.875, 927, 555, 16.431961059570312, 238.70805340205484, 14.068308447883167, 265.7819687249365, 21.32138407531057, 221.2317776348862,10.140301526950507, 223.48476385539036, 21.61601857338809, 254.96708649483844, 29.02483600703465, 263.15537681903817,86.5319475606662, 141.78889259801258, 284.54345607529285, 1232.528243666446, -5.085801470154673, 863.906323764436, -11.764385429075524, 1232.528243666446, -5.085801470154673,125.89401436154948, 902.398277841861, 885.4676032503118, 16.93067459154929, 225.73548623233222,0.0, 0.0, 0.0, 1.5625, 4.0,25.1875, 38.1875, 45.75, 47.5, 46.75,0.0625, 1.875, 3.3125, 5.0625, 8.25, 3.6210529804229736,-6.5928955078125, 559.5
1, 210.0, 835, 539, 1195, 899, 0.04999999701976776,1.4016397830989444, 2.309838655370986, 6.115505914685781, 8.332794288842706,0.0017853971636298386, 0.0025516567110162214, 0.002886819935495169, 0.0035967038113722083, 0.0030144720404177857,2399.6513671875, 154.05094108599658, 231.37501525878906, 168.62501525878906, 925, 674,241.37501525878906, 138.625, 965, 554, 16.155410766601562, 239.22132845780297, 14.179335276125679, 266.87789128923157, 20.81924673720317, 220.79215213270828,10.047134418560766, 220.7463907529705, 21.431400467761602, 251.12735904913237, 29.684511218863477, 259.3864647746468,87.436007399014, 141.7885732384592, 283.1920957779121, 1255.9360273850643, -4.886246002672167, 897.0272087264606, -11.140020680652409, 1255.9360273850643, -4.886246002672167,133.18630901801825, 902.3032779993383, 886.3079805977036, 15.99529740163473, 227.6931273085012,0.0, 0.125, 1.125, 3.4375, 5.5625,18.5, 26.375, 37.375, 41.3125, 39.375,0.4375, 2.8125, 5.1875, 7.6875, 11.0625, 6.1210527420043945,-6.554962158203125, 471.8125
1, 215.0, 840, 548, 1200, 908, 0.04999999701976776,-0.47977313936440624, -0.2670299784513189, 4.091921695527853, 6.9454678362095725,0.001370401630509406, 0.0009731623847687843, 0.0003473197729726962, 0.0010713173151862066, 0.002734904443609594,1970.196044921875, 164.40556250681348, 232.62501525878906, 170.87501525878906, 930, 683,242.62501525878906, 140.875, 970, 563, 16.02675437927246, 237.89099885278125, 14.277476694612494, 265.7899700618188, 20.551577707090647, 218.92139039981555,10.141461132639304, 220.74580335670188, 21.806686221356216, 251.4502357515772, 29.988670801083043, 259.6288818486689,87.75214291867267, 141.6509541954154, 283.6487733555315, 1242.2138451694102, -4.784020934436131, 890.1042598136924, -10.749136079537003, 1242.2138451694102, -4.784020934436131,137.53760242165555, 902.2326794774484, 886.8104807435866, 15.42219873386182, 229.00608044499336,0.0, 0.0, 0.0, 1.375, 4.3125,24.625, 41.0, 53.4375, 57.25, 51.5625,0.0, 3.4375, 6.375, 10.0625, 13.0, 5.826315879821777,-5.76568603515625, 612.1875
1, 220.0, 872, 532, 1232, 892, 0.04999999701976776,2.0033130761864597, 3.161992292777868, 7.453252703942125, 8.503459836078111,0.0021446957630769253, 0.0029771634848384564, 0.003315525290354344, 0.003532609567350847, 0.003433358367649362,2006.0653076171875, 225.61043799835778, 240.62501525878906, 166.87501525878906, 962, 667,250.62501525878906, 136.875, 1002, 547, 16.194162368774414, 238.53561844626873, 14.387843514992394, 266.1245491218863, 20.73624273004649, 219.79168948851793,9.939173274760403, 219.62502395541614, 21.123669757328518, 249.8105258979106, 29.481374056475367, 258.3464455301073,86.2955090767614, 138.84808027524804, 272.9054311968567, 1251.5853103794675, -4.753449331906499, 896.7317446841336, -10.788086859804622, 1251.5853103794675, -4.753449331906499,136.40456758059673, 902.3067322066299, 886.9160549343385, 15.390677272291441, 228.4066040918799,0.0, 0.0, 0.4375, 2.25, 4.9375,24.875, 36.0, 47.8125, 52.125, 47.75,0.125, 2.5625, 4.4375, 7.4375, 10.75, 4.147368431091309,-4.826446533203125, 455.75
1, 225.0, 879, 522, 1239, 882, 0.04999999701976776,1.4235681760124863, 2.5765733586181887, 6.933790832705563, 4.557914807911729,0.00263227293934051, 0.0018804548722073378, 0.0015768891914876805, 0.004237194505457183, 0.0010683094333217014,1927.264404296875, 174.96629274924018, 242.37501525878906, 164.37501525878906, 969, 657,252.37501525878906, 134.375, 1009, 537, 15.859853744506836, 237.71253967014715, 14.195114978440914, 265.92163187599965, 20.348676637148216, 218.4591781104215,9.922627136874532, 219.90834020218827, 20.918099508285007, 250.55743440440816, 28.82086180413508, 258.99942527513883,83.91869061419192, 135.45447273484518, 265.7914476694918, 1266.0447612537153, -4.6041495799090395, 908.0884505866838, -10.61441580088361, 1266.0447612537153, -4.6041495799090395,136.61278291553353, 902.4976530070987, 887.6721909745129, 14.825462032585847, 226.77593890371415,0.0, 0.0, 0.5, 2.75, 5.8125,23.9375, 33.9375, 45.0625, 48.875, 49.375,0.3125, 2.3125, 4.4375, 6.625, 9.5625, 2.6894733905792236,-4.951873779296875, 411.1875
1, 230.0, 908, 536, 1268, 896, 0.04999999701976776,1.40452367539634, 2.4611218899994856, 7.166518376830502, 9.139724154083522,0.002448819550478447, 0.0030394378488972505, 0.0027177371468701493, 0.003142213048852227, 0.002957471266749962,3529.60205078125, 219.00159503734923, 249.62501525878906, 167.87501525878906, 998, 671,259.625, 137.875, 1038, 551, 15.736437797546387, 238.2005703467229, 14.080931462334078, 266.64767770687183, 20.236065200430122, 218.84323721749664,9.764572301446403, 219.772337475435, 20.858259470355048, 249.8911767716301, 29.39330445809966, 259.21569638501813,84.29005470434383, 135.87115875308874, 271.5050225852545, 1254.0501374608202, -5.1801479742398255, 894.8684599171191, -11.2501841707108, 1254.0501374608202, -5.1801479742398255,134.97321680021432, 902.0022350220466, 885.2777598514053, 16.724475170641313, 226.90727819139602,0.0, 0.0, 0.0, 1.875, 3.9375,22.6875, 32.3125, 41.375, 44.6875, 43.4375,0.0, 2.5, 4.875, 7.25, 8.0, 3.1578948497772217,-4.76556396484375, 388.0625
1, 235.0, 933, 526, 1293, 886, 0.04999999701976776,2.001603191967588, 3.0753885414637625, 7.635897994489059, 7.196987464772537,0.002980771211040291, 0.002082673495190193, 0.0018622488823893946, 0.003846979752781865, 0.0032509731733443912,2371.920654296875, 190.14391972773387, 255.87501525878906, 165.37501525878906, 1023, 661,265.875, 135.375, 1063, 541, 16.090112686157227, 237.28749699809725, 14.098333186863794, 265.06545779540033, 20.773070327546144, 218.84831658252156,9.629073212418634, 219.65881973142936, 20.421746030772052, 249.67956385076477, 28.913194400641643, 259.32657767600415,81.66490129823485, 131.14252292537708, 257.5295892834466, 1250.3797262922126, -5.316858834297027, 888.3663778519233, -11.539388469497164, 1250.3797262922126, -5.316858834297027,131.8518125210207, 901.9884660833625, 884.7446233442521, 17.24384273911039, 226.36161617600584,0.0, 0.0, 0.5625, 3.625, 6.125,22.0, 33.0625, 39.875, 40.4375, 40.6875,0.5, 3.3125, 5.875, 7.8125, 9.9375, 3.268421173095703,-4.51361083984375, 337.75
1, 240.0, 952, 521, 1312, 881, 0.04999999701976776,2.0306603019032625, 3.082396128638648, 6.638085908198263, 6.2171376359014605,0.0017459956578898073, 0.000824934859597306, 0.0008997687728492565, 0.0031032931677384564, 0.003214541027745099,1998.1636962890625, 190.76945325576457, 260.625, 164.12501525878906, 1042, 656,270.625, 134.125, 1082, 536, 16.00848388671875, 237.0156691295091, 13.999658752319625, 264.9471511198891, 20.713585616010512, 218.55902171365452,9.521836357842016, 220.1582021824057, 20.13756675954055, 250.28608464906188, 28.472645111573147, 260.24633094963804,79.90220189257339, 128.75312961006557, 253.20322156500694, 1245.044663123577, -5.515332602026996, 878.8883917643058, -11.933214330634963, 1245.044663123577, -5.515332602026996,128.527438455196, 901.9125138252131, 883.9271119075703, 17.985401917642776, 225.65426035123213,0.0, 0.1875, 0.4375, 1.5625, 4.375,21.5625, 34.6875, 39.625, 40.125, 37.25,0.75, 3.0625, 4.125, 5.875, 7.5625, 5.210526466369629,-4.1417236328125, 303.375
1, 245.0, 968, 528, 1328, 888, 0.04999999701976776,2.0776274773268963, 3.322900788609404, 8.645139594441863, 7.848048235063908,0.0016953610069163007, 0.001360712934588264, 0.001703639061706781, 0.0042109083583432025, 0.003384904772203754,1745.0849609375, 216.3796405105642, 264.625, 165.87501525878906, 1058, 663,274.625, 135.875, 1098, 543, 16.00005531311035, 237.23818303228978, 13.944085725825754, 265.1814495949679, 20.738032119921588, 218.8724837479612,9.312463077663965, 221.9550063869826, 19.81728349281577, 252.2913189063509, 28.078657967848024, 262.4483975984285,77.89390644769905, 126.03143518128094, 249.12783643188868, 1242.430290785699, -6.461070780922978, 866.3442931503355, -13.34532877233751, 1242.430290785699, -6.461070780922978,120.64612945973573, 901.5562352004962, 880.6827261674212, 20.873509033075038, 224.72459291478418,0.0, 0.0, 0.0625, 1.1875, 2.875,19.5625, 32.5, 40.3125, 40.9375, 38.1875,0.3125, 1.875, 3.625, 4.6875, 6.0625, 3.526315689086914,-4.47088623046875, 357.75
1, 250.0, 988, 533, 1348, 893, 0.04999999701976776,1.881315482505015, 3.1466496963193644, 8.556303348813667, 9.264072995111343,0.0017003629275228601, 0.0013684390960588644, 0.0015919978876809183, 0.0039699322024466695, 0.003473802356545548,2960.328369140625, 230.93801654072251, 269.625, 167.12501525878906, 1078, 668,279.625, 137.125, 1118, 548, 16.15492057800293, 237.66000185505143, 13.87060123499838, 265.2691734877573, 21.025445436762244, 219.85776848230643,9.090698229298729, 223.818118068022, 19.41592583453403, 254.16168424828888, 27.706049588008668, 264.1642094198274,75.58628652218789, 122.5694433243645, 241.7359987910402, 1247.6414310589316, -7.538539469297038, 860.7948227349684, -15.070594140616137, 1247.6414310589316, -7.538539469297038,113.09451047563356, 901.2819122494034, 877.2963411477085, 23.98557110169486, 224.73794732853872,0.0, 0.0, 0.0, 0.875, 2.3125,18.5625, 28.4375, 36.4375, 40.125, 38.875,0.0, 1.5, 2.625, 3.9375, 5.625, 4.726316452026367,-4.845306396484375, 351.0625
1, 255.0, 1010, 529, 1370, 889, 0.04999999701976776,2.037875261567242, 3.2198354586330242, 8.296271893578814, 8.374815697586161,0.0019337885221545996, 0.0014777536942801816, 0.0017229169785423436, 0.0040434550748068435, 0.00405411709075679,1507.6563720703125, 203.21088958913006, 275.125, 166.12501525878906, 1100, 664,285.125, 136.125, 1140, 544, 16.30605125427246, 237.65726977938343, 13.789131265334486, 264.9092105339199, 21.31043052461271, 220.42228477979856,8.987698035673805, 224.27198413836933, 19.11025183679322, 254.5177693304783, 27.420895518154627, 264.30312180716714,73.82824157649738, 119.69130847922872, 234.27651088377615, 1247.3127448366463, -7.852780566429609, 858.7436167317717, -15.681987893272936, 1247.3127448366463, -7.852780566429609,110.21177169458315, 901.2180547463525, 876.2575861481376, 24.960468598214902, 225.59112784091272,0.0, 0.0, 0.0625, 1.5625, 3.3125,16.875, 28.5, 36.625, 36.8125, 36.25,0.25, 1.6875, 2.5625, 3.3125, 4.25, 6.484210968017578,-6.25189208984375, 318.0625
0, 260.0, 995, 542, 1355, 902, 0.04999999701976776,-1.0695117858517915, -0.9550254732463509, 1.780680114531424, 3.17528558223974,-1.1077274489252887e-05, -0.0004032488570601345, -0.0009891236340945396, -0.00015490318889533228, 0.0009823769638535396,1930.8194580078125, 67.79193441731441, 271.375, 169.37501525878906, 1085, 677,281.375, 139.375, 1125, 557, 16.229496002197266, 237.5573304514478, 13.717477892442838, 264.9542379905157, 21.23967669382891, 220.2686932766576,8.960041436240125, 226.8283053786517, 19.206454405462193, 258.11219736233255, 26.909476405219646, 267.95168591838285,72.10620551777535, 118.00597666192454, 234.1554627840208, 1242.8758065718764, -8.284110058744595, 856.5450139172474, -16.133732953782967, 1242.8758065718764, -8.284110058744595,109.34687055521677, 900.9707648101943, 875.1025269498423, 25.868237860351996, 227.14360015866234,0.0, 0.0, 0.0, 0.9375, 2.0625,23.875, 40.1875, 53.0625, 59.8125, 57.6875,0.375, 2.375, 3.5, 4.5625, 5.875, 5.447368621826172,-5.721649169921875, 597.3125
1, 265.0, 1033, 533, 1393, 893, 0.04999999701976776,1.0865325263608248, 2.2551631037518383, 7.873834184108999, 9.114991525362713,0.0016710572149327163, 0.0022050733280593706, 0.0013852813772336958, 0.0035275087461627665, 0.003955677633950927,2744.300537109375, 230.34295527113588, 280.875, 167.12501525878906, 1123, 668,290.875, 137.125, 1163, 548, 16.43669319152832, 239.28434378308552, 13.605915877843538, 266.13920207052786, 21.62657665220742, 222.773428489157,8.872622856301671, 226.0854949856561, 18.903839110419977, 256.62756012358193, 27.115668648798373, 266.4023258070572,72.68203199411282, 118.94812472420641, 235.51125651047005, 1241.3513739054529, -8.50863843460777, 851.3102170625742, -16.734663542095884, 1241.3513739054529, -8.50863843460777,106.90614600877598, 901.0213663149515, 874.3028512874407, 26.71851502751076, 227.4501543470329,0.0, 0.0, 0.0, 0.375, 2.125,23.6875, 37.25, 48.5, 51.8125, 53.5625,0.125, 1.75, 3.4375, 4.5625, 5.3125, 7.131579399108887,-5.992889404296875, 473.25
1, 270.0, 1056, 532, 1416, 892, 0.04999999701976776,1.800759651476692, 3.0521025568914033, 8.195065970236318, 9.098575838858379,0.0017092322410803718, 0.0018785823581492877, 0.0016554077861519545, 0.0036970722729256517, 0.0037868162468203074,3350.2763671875, 281.57324302110965, 286.625, 166.87501525878906, 1146, 667,296.625, 136.875, 1186, 547, 16.40998649597168, 238.1296456623815, 13.61778779664677, 265.05629120249637, 21.57848906561044, 221.52386108010825,8.80920404940721, 226.49989622297912, 18.74758286525188, 256.74166526385613, 27.169844215929864, 266.7259674906891,71.64421627266893, 116.92073997089325, 229.37809642619325, 1220.0059842615656, -8.876344804160277, 828.2213752528071, -17.477346563471396, 1220.0059842615656, -8.876344804160277,104.2119844601987, 900.9958175826662, 873.1732234128121, 27.822594169854028, 228.52933071004873,0.0, 0.0, 0.1875, 2.5, 6.375,20.25, 35.4375, 49.0625, 56.3125, 55.5625,0.0625, 1.5625, 3.1875, 5.8125, 9.0625, 4.447368621826172,-7.285064697265625, 458.125
1, 275.0, 1070, 544, 1430, 904, 0.04999999701976776,0.6428215175226797, 1.468885146570392, 7.412028952541294, 10.472793365372345,0.0012769284929044034, 0.0023335627090955314, 0.0019810445947132395, 0.0022114556345968596, 0.002875380247846806,3014.412109375, 252.44327910541045, 290.125, 169.87501525878906, 1160, 679,300.125, 139.875, 1200, 559, 16.421998977661133, 237.92699394970722, 13.619777464459103, 264.8257348811445, 21.595503171555507, 221.34855565639924,8.77791814272552, 227.13111498531504, 18.850087044480794, 256.93780097606225, 27.54179729307366, 267.3196338729682,71.22316676994242, 116.0007431231603, 228.66764574058857, 1209.026904096674, -9.08748072073019, 817.087805916332, -17.653482428464248, 1209.026904096674, -9.08748072073019,106.63213618854309, 901.0258197685642, 872.8379442085628, 28.18787556000143, 230.01512179522015,0.0, 0.0, 0.0, 1.0625, 2.125,21.5, 30.625, 46.5625, 51.0, 51.75,0.0, 0.75, 3.8125, 6.5625, 7.5, 6.484210968017578,-7.6654052734375, 550.6875
1, 280.0, 1089, 537, 1449, 897, 0.04999999701976776,0.9257806465483737, 1.8840090389864055, 7.590854215747676, 9.53594040032942,0.00213858714728417, 0.0027573420546377746, 0.00235963878628354, 0.002964723663139921, 0.0036648374277388025,1934.6375732421875, 211.0777427571686, 294.875, 168.12501525878906, 1179, 672,304.875, 138.125, 1219, 552, 16.4362735748291, 238.28105729590234, 13.708617517661823, 265.1950562282823, 21.56098228598872, 221.55478659670163,8.767320404438527, 226.39830398926435, 18.690433940701762, 256.2663387391366, 27.37424283494275, 266.2686453446217,71.19549870617774, 115.56947333601674, 225.11584438801464, 1228.0625731429081, -8.696418013656118, 839.1680934695835, -16.96608192466988, 1228.0625731429081, -8.696418013656118,108.7425361622436, 901.0647498839743, 873.9246819151033, 27.140067968870994, 229.42583198316922,0.0, 0.0, 0.0, 0.0, 3.0,24.0, 36.4375, 43.5625, 47.375, 51.125,0.0625, 1.6875, 4.875, 7.375, 9.875, 8.721052169799805,-6.306396484375, 527.3125
1, 285.0, 1102, 541, 1462, 901, 0.04999999701976776,0.15078110763803124, 0.7848407284822315, 5.495696490379051, 8.690300816399976,0.0017029822966435403, 0.002627647523745509, 0.002949829632507317, 0.0018279046342058792, 0.002866533155338402,2232.487060546875, 188.581952556677, 298.125, 169.12501525878906, 1192, 676,308.125, 139.125, 1232, 556, 16.2514591217041, 238.19939555418566, 13.657715025345244, 265.52132393819784, 21.31165506522825, 221.0930309817702,8.810628994127374, 226.02309437739888, 18.80572675046379, 255.66891575281392, 27.60253936512689, 265.91236901713546,71.47158263916256, 115.93853528837874, 226.88207883151418, 1226.2373252851723, -8.301375450410314, 841.3945386676382, -16.167231973845464, 1226.2373252851723, -8.301375450410314,113.44663596156279, 901.1654857998327, 875.2292048642393, 25.93628093559346, 229.78430064048473,0.0, 0.0, 0.0, 0.0625, 1.5625,25.125, 33.3125, 42.5, 50.0625, 54.625,0.125, 1.5, 3.8125, 5.3125, 7.9375, 6.305263519287109,-6.585662841796875, 568.375
1, 290.0, 1133, 537, 1493, 897, 0.04999999701976776,1.6314583719676012, 2.550676474350621, 5.914110820686909, 7.2843161231349205,0.002080705986925863, 0.002490204609448483, 0.0026155950915381252, 0.002282362812561587, 0.003967614198725187,1767.3900146484375, 156.59169346873153, 305.875, 168.12501525878906, 1223, 672,315.875, 138.125, 1263, 552, 16.271177291870117, 238.38116054837803, 13.708191350769361, 265.679368742771, 21.309340014599083, 221.22188185581751,8.816529287871123, 225.04999732634715, 18.671875771215063, 254.025176087537, 27.86552069899527, 264.4289885331921,72.16962862129313, 116.58445589909037, 225.7579180136587, 1217.4002460086467, -8.190825332856969, 832.4269230892888, -16.117767545180673, 1217.4002460086467, -8.190825332856969,113.84850300705149, 901.2780172041811, 875.5095993436462, 25.768417860534896, 229.9555979038457,0.0, 0.0, 0.375, 2.0625, 3.6875,24.75, 37.25, 40.5625, 42.9375, 43.9375,0.3125, 3.125, 5.4375, 7.0, 8.125, 2.6210529804229736,-7.058074951171875, 472.375
0, 295.0, 1143, 536, 1503, 896, 0.04999999701976776,1.3864482802888962, 2.101013435127679, 5.757451775225345, 6.75312231473159,0.0019282739348227551, 0.003118427323843207, 0.0022610130661541916, 0.0025712623738081675, 0.0031246186790667707,1006.264404296875, 145.98395468378317, 308.375, 167.87501525878906, 1233, 671,318.375, 137.875, 1273, 551, 16.11063003540039, 237.89038413575594, 13.744764595773757, 265.5615704366629, 21.04010995667073, 220.23000424896802,8.818207286332168, 224.87465270997458, 18.642018718921232, 254.06912152465685, 27.58083914360672, 264.4929054434451,71.27776856441378, 115.05160348378755, 222.48888214396266, 1225.2509824319454, -7.968645932638637, 841.9883926347452, -15.66095928613159, 1225.2509824319454, -7.968645932638637,116.13474509635046, 901.3047776102745, 876.2311119647729, 25.073665645501592, 229.2862616007793,0.0, 0.0, 0.0625, 2.1875, 4.3125,28.4375, 37.375, 46.5625, 52.3125, 53.1875,0.1875, 2.6875, 6.9375, 10.375, 13.0, 3.268421173095703,-5.81256103515625, 497.4375
1, 300.0, 1162, 536, 1522, 896, 0.04999999701976776,1.3216818459029307, 2.2120960086083503, 5.989139470830561, 6.7501130432425995,0.0013388104987575391, 0.002784453068734365, 0.002415150742294827, 0.0028537790951781972, 0.003022554526398835,1724.543212890625, 157.4063356249391, 313.125, 167.87501525878906, 1252, 671,323.1250305175781, 137.875, 1292, 551, 15.964642524719238, 238.5124777653607, 13.776310560946337, 266.50515504449237, 20.795502312451553, 220.39693848865252,8.814013370857674, 224.02507279987339, 18.54462752102507, 253.02518175153375, 27.549153603397183, 263.2089255021311,71.37592106802609, 114.96845774209503, 221.89018717202563, 1249.6813403371839, -7.671622482037829, 868.4659684209363, -15.085350891064461, 1249.6813403371839, -7.671622482037829,120.21294932591923, 901.3937899565659, 877.2366350990101, 24.157154857555838, 229.17885092921185,0.0, 0.0, 0.0, 0.9375, 1.75,24.6875, 36.75, 45.25, 46.3125, 46.6875,0.125, 1.6875, 4.5625, 5.8125, 7.75, 2.989473342895508,-4.569976806640625, 472.4375
0, 305.0, 1176, 537, 1536, 897, 0.04999999701976776,0.9378443407313898, 1.6813370224647224, 5.628241115855053, 6.8130226279445925,0.0014244912376238973, 0.0026457110020282923, 0.002368195245926472, 0.001781165951138064, 0.002682260207177478,1550.6781005859375, 145.47456555683172, 316.625, 168.12501525878906, 1266, 672,326.6250305175781, 138.125, 1306, 552, 15.7932767868042, 238.53436169146144, 13.788705130630666, 266.88289702227473, 20.523810052109326, 219.93115491521704,8.829050658264944, 223.37181984727502, 18.517752159194515, 252.27137475397447, 27.518302869279108, 262.36718664919704,71.33011398073586, 114.54162998789921, 220.46368841403716, 1272.4507462365614, -7.355959477552636, 893.5872964169635, -14.456351911995844, 1272.4507462365614, -7.355959477552636,124.56506837058886, 901.4686870686803, 878.3241718380311, 23.144515230649176, 228.85198041827897,0.0, 0.0, 0.25, 3.5, 6.125,25.9375, 32.625, 42.1875, 45.75, 46.25,0.25, 1.875, 4.8125, 7.25, 9.25, 5.100000381469727,-5.329010009765625, 493.125
0, 310.0, 1188, 541, 1548, 901, 0.04999999701976776,0.008348981069866568, 0.4560948157380335, 4.8612775992788375, 6.672026010069531,0.000992473099884137, 0.0016221376759585837, 0.0011796770753153395, 0.001684821253093105, 0.0013191188745804538,1510.312255859375, 135.8227811542422, 319.625, 169.12501525878906, 1278, 676,329.6250305175781, 139.125, 1318, 556, 15.78803825378418, 238.55064486244274, 13.780892153125686, 266.90933252480187, 20.52099723113251, 219.94941026991012,8.862463240709564, 223.2150533454449, 18.603017544791747, 251.95840182582614, 27.575616829088617, 262.7956717365886,71.57732951276188, 114.98281630982169, 222.57925958712875, 1258.0969662910213, -7.218711440967694, 880.1195021727399, -14.204444650478466, 1258.0969662910213, -7.218711440967694,126.54776463985795, 901.5499245477848, 878.8343477247632, 22.715576823021593, 229.41266229486064,0.0, 0.0, 0.0625, 0.75, 2.375,27.125, 38.875, 50.0, 55.625, 57.4375,0.125, 2.0625, 4.3125, 6.4375, 7.875, 3.1578948497772217,-5.129241943359375, 531.3125
0, 315.0, 1211, 537, 1571, 897, 0.04999999701976776,0.5484774332365486, 1.2627304250956513, 5.033351861955598, 6.020375845916569,0.002135987906921173, 0.0013981130255706375, 0.0010780533572506102, 0.003085995228464071, 0.0020713414814531464,1175.3985595703125, 130.43464113502156, 325.3750305175781, 168.12501525878906, 1301, 672,335.3750305175781, 138.125, 1341, 552, 15.896706581115723, 238.6290964152495, 13.734128792160213, 266.7578784296262, 20.71917651419395, 220.4183153385241,8.788949531802118, 223.16870368173718, 18.36579088939193, 251.708389581447, 27.451455266671317, 262.8425678154299,70.76257138628311, 113.65841978554313, 219.19432710681926, 1240.1417123385015, -7.50111435632836, 859.1637504993804, -14.73919958517229, 1240.1417123385015, -7.50111435632836,123.35437660628789, 901.5045747945433, 877.9051744674766, 23.599400327066633, 229.5096413807854,0.0, 0.0, 0.0, 0.875, 2.125,22.375, 35.625, 49.25, 54.375, 58.4375,0.0625, 2.1875, 4.9375, 8.0625, 9.8125, 5.589474201202393,-4.569488525390625, 437.3125
0, 320.0, 1227, 532, 1587, 892, 0.04999999701976776,1.0291450204123973, 1.8759234657400519, 4.539337123375153, 5.101678084935992,0.002757387511712751, 0.002349143483870648, 0.0020756000622895953, 0.002777485131634876, 0.0026252180469919038,1273.1995849609375, 123.48238939812954, 329.3750305175781, 166.87501525878906, 1317, 667,339.3750305175781, 136.875, 1357, 547, 15.897684097290039, 238.36789632100988, 13.703478186947613, 266.48947044111713, 20.74095935080108, 220.22335457818272,8.71606342864247, 223.4624564575611, 18.143760508424727, 252.11986749780525, 27.10621360954605, 263.2779104127482,69.48434812305894, 111.73869728767988, 214.79137044066192, 1231.7498237458938, -7.648927155790387, 849.3559977356207, -15.043397714787526, 1231.7498237458938, -7.648927155790387,121.10058167771143, 901.4068064899088, 877.2916570649516, 24.11514942495728, 229.3545949855555,0.0, 0.0625, 1.0625, 1.6875, 2.25,24.375, 35.5625, 46.125, 54.0, 56.6875,0.3125, 3.125, 5.125, 7.3125, 9.5, 5.210526466369629,-4.727630615234375, 401.3125
0, 325.0, 1240, 539, 1600, 899, 0.04999999701976776,0.7173234376061007, 1.4067034143325872, 4.953307056662162, 4.856499562396202,0.0014903565200768297, 0.0011229437990095902, 0.0011495470678767104, 0.0024817657321864316, 0.002307558693405554,1084.0489501953125, 123.66914430584941, 332.6250305175781, 168.62501525878906, 1330, 674,342.6250305175781, 138.625, 1370, 554, 15.84846019744873, 238.6939422312296, 13.676026219936087, 266.9154690142873, 20.683657264856265, 220.47376337565714,8.684615042020054, 223.692251341997, 18.103666876935737, 252.3053481149061, 26.97081443222894, 264.6877980612222,69.19262043567831, 111.43695993639379, 215.5810875041279, 1236.169928475461, -7.925072859613821, 848.4178621326946, -15.440754501072941, 1236.169928475461, -7.925072859613821,120.16904913624701, 901.466908438102, 876.682751500714, 24.784156937388047, 228.85720209108263,0.0, 0.0, 0.0625, 0.9375, 2.125,27.125, 38.625, 47.8125, 46.75, 42.625,0.0625, 0.8125, 3.0, 4.625, 7.0, 5.100000381469727,-4.60125732421875, 430.0
1, 330.0, 1246, 547, 1606, 907, 0.04999999701976776,-0.13320555195678024, 0.5921068701532204, 5.4708380669518375, 6.142163171580759,0.000718200808819347, 0.0009157062272652183, 0.001421519548462129, 0.0018338455524826713, 0.001954933182651075,1537.2724609375, 153.4493308336148, 334.1250305175781, 170.62501525878906, 1336, 682,344.1250305175781, 140.625, 1376, 562, 15.910531044006348, 239.05036882287754, 13.556686871957027, 267.11096558912305, 20.856802463193482, 221.24659801289602,8.696622609654753, 224.00307959074595, 18.17417447104499, 252.69998278477112, 26.729523798070716, 266.71232077272737,68.62333765771933, 110.95317429502221, 217.53030710751835, 1240.1034480381334, -7.840045437195881, 849.5213845176548, -15.257644319320061, 1240.1034480381334, -7.840045437195881,121.79384104659668, 901.5972678439012, 877.1129639760651, 24.48430386783616, 228.38632023792925,0.0, 0.0, 0.25, 1.0, 1.8125,26.75, 33.8125, 42.75, 47.5, 49.0625,0.125, 1.5625, 2.8125, 4.9375, 6.8125, 2.3684210777282715,-4.803955078125, 519.1875
0, 335.0, 1255, 552, 1615, 912, 0.04999999701976776,-0.7031052421918139, -0.3965929667721502, 4.066932542165741, 5.596281819494907,-0.00022368373766084914, 0.000808121166123783, 0.0009769697544152222, 0.0007847634807058057, 0.0018480920070442152,1350.593017578125, 111.55720966495224, 336.3750305175781, 171.87501525878906, 1345, 687,346.3750305175781, 141.875, 1385, 567, 15.96484661102295, 239.69874502040852, 13.417879266842283, 267.58867834276407, 21.02886527765815, 222.33284030697934,8.666234365459482, 224.36648663572564, 18.085541778088775, 253.1087832669747, 26.3717800557023, 268.0182392816555,67.64733654928907, 109.83628797697344, 217.38133855574034, 1246.261709254945, -7.850853872716916, 852.8906286728765, -15.232026595662138, 1246.261709254945, -7.850853872716916,122.60608650975176, 901.687079270464, 877.2351683437703, 24.4519109266937, 227.79831230018374,0.0, 0.0, 0.0, 0.1875, 0.6875,23.125, 34.5625, 43.5625, 45.5, 47.1875,0.125, 1.375, 2.75, 3.25, 4.9375, 2.1315791606903076,-4.991424560546875, 562.25
0, 340.0, 1263, 549, 1623, 909, 0.04999999701976776,-0.875725373160094, -0.6134985990275162, 3.163982276981697, 4.194405730340513,-0.00012344038139417535, -0.0003543978479865473, -0.00019881324477864836, 0.0011362820187241596, 0.002118742443913106,1124.9193115234375, 92.2243138234432, 338.3750305175781, 171.12501525878906, 1353, 684,348.3750305175781, 141.125, 1393, 564, 15.999359130859375, 240.1876363008197, 13.36449588213021, 267.972957732606, 21.115143026463635, 223.02718147600822,8.545065765794131, 224.82091278158492, 17.77198150182127, 253.77217222030137, 25.827112518433136, 268.29099605597077,65.74910519892782, 107.16555547243686, 212.585287038232, 1242.4695869717325, -7.935337057981241, 853.6147283114623, -15.232680763074713, 1242.4695869717325, -7.935337057981241,121.85971331617253, 901.5209535161562, 876.9460076925734, 24.574945823582766, 228.93131675021314,0.0, 0.0, 0.0625, 0.75, 1.9375,29.75, 33.8125, 45.1875, 47.4375, 47.0,0.0, 1.75, 3.625, 5.5, 7.0, 4.447368621826172,-5.324676513671875, 598.375
0, 345.0, 1283, 544, 1643, 904, 0.04999999701976776,-0.14699823276489035, 0.5462815791950562, 4.879800819604425, 5.102349288091063,0.0012582919544206561, 0.0008098215870813874, 0.0003185853439299535, 0.00298829533524895, 0.0022392036402652596,1485.03955078125, 133.24512282998697, 343.3750305175781, 169.87501525878906, 1373, 679,353.3750305175781, 139.875, 1413, 559, 15.923311233520508, 240.71623830106532, 13.355343352275879, 268.6790646676749, 21.00567751241557, 223.37127096522852,8.444454731544171, 225.07148510147601, 17.477732296009435, 254.11021194270364, 25.586507698682574, 268.2169977865028,65.14933562116393, 106.42343974725324, 210.55942356487967, 1237.8862970676541, -8.363930429840313, 847.4257230868398, -15.969485543911652, 1237.8862970676541, -8.363930429840313,117.88918711950241, 901.3911520010801, 875.6067387106195, 25.78441329046052, 229.5421485170407,0.0, 0.0, 0.0, 0.625, 2.6875,30.8125, 40.5, 47.9375, 51.125, 49.8125,0.0, 1.6875, 4.375, 7.4375, 10.5625, 2.1315791606903076,-6.427642822265625, 548.25
0, 350.0, 1305, 543, 1665, 903, 0.04999999701976776,0.5069268976035528, 1.1275308556249366, 5.406943334757817, 6.327313278244109,0.0015753540240302755, 0.0016956141404216396, 0.0016826776153720858, 0.0032615796759955626, 0.00296285940143207,1792.701416015625, 141.86189551433839, 348.8750305175781, 169.62501525878906, 1395, 678,358.8750305175781, 139.625, 1435, 558, 15.931766510009766, 240.4258596386914, 13.326100163088743, 268.3562509339108, 21.037048942341055, 223.16568445102885,8.392817374556211, 225.18471597753648, 17.30282880928177, 254.06003737306074, 25.504146842540948, 268.20395212518815,64.55472872551606, 105.37768089479536, 207.33210287577845, 1234.5413937231074, -8.643970915135501, 840.7416388017012, -16.54264475998518, 1234.5413937231074, -8.643970915135501,115.58863277404338, 901.4113496036413, 874.7731831287977, 26.638166474843615, 229.6110990969246,0.0, 0.0, 0.0, 0.875, 2.25,24.9375, 33.875, 41.4375, 43.1875, 43.25,0.125, 1.125, 2.9375, 5.5, 7.25, 1.6631577014923096,-6.141357421875, 502.0
0, 355.0, 1321, 548, 1681, 908, 0.04999999701976776,0.08877033077529632, 0.34959075462917105, 3.28709840686759, 4.620752821429632,0.0014584014734225546, 0.0015209893229985027, 0.0012192224220234492, 0.0023212948563605096, 0.0030398568528261197,1493.788818359375, 110.20961668818777, 352.8750305175781, 170.87501525878906, 1411, 683,362.8750305175781, 140.875, 1451, 563, 15.975201606750488, 239.9891100224041, 13.292861315395996, 267.799280869544, 21.123777867989045, 222.91618643980385,8.417915285356713, 225.0729740827151, 17.307280688793465, 253.6357596821979, 25.5416955201261, 268.27218571499657,64.4160455569654, 105.04337018760187, 206.34298012428266, 1236.072376200173, -8.466800727279306, 839.0709687727602, -16.336478314614066, 1236.072376200173, -8.466800727279306,117.44626081178522, 901.599274372382, 875.3646997080162, 26.23457466436571, 228.31847051037218,0.0, 0.0, 0.0625, 1.0, 2.125,21.6875, 30.0, 40.1875, 42.8125, 44.75,0.0625, 1.0, 2.625, 4.375, 7.4375, 3.947368621826172,-5.3277587890625, 496.125
0, 360.0, 1342, 549, 1702, 909, 0.04999999701976776,0.6353021070110844, 1.2552982650825288, 3.8994850847031923, 4.783973706937394,0.0019650297789303296, 0.0018048235027208648, 0.0013410377324498768, 0.0019567944404025183, 0.002615577997582932,2215.392333984375, 135.5969810723411, 358.1250305175781, 171.12501525878906, 1432, 684,368.1250305175781, 141.125, 1472, 564, 16.021013259887695, 239.98557198441404, 13.250326133405343, 267.660940785262, 21.21967408550145, 223.1260452216627,8.446112183103379, 225.0072130213862, 17.305636191134514, 253.27534426007466, 25.68441598721404, 268.2313685045166,64.76695458944994, 105.65068418426537, 207.18726396108462, 1232.2491741453202, -8.491180907485544, 830.8507460705708, -16.55417298861514, 1232.2491741453202, -8.491180907485544,116.56543513374564, 901.7005034446388, 875.229207854194, 26.47129559044481, 227.0370963390432,0.0, 0.0, 0.4375, 1.8125, 2.6875,18.25, 28.0, 37.25, 40.9375, 42.125,0.3125, 0.5, 1.875, 4.1875, 5.5, 7.957894802093506,-6.29791259765625, 462.0