NC_MOD: UH_Thresh: 150.0, u_rad: 5.0, track_on: 100.0 min
Mode, Time, x1, y1, x2, y2, zs_surface, w500m, w1km, w3km, w5km,zvort_suf, zvort500m, zvort1km, zvort3km, zvort5km,UH_Max, UH_Area, UH_X, UH_Y, UHi, UHj,SX, SY, SXi, SYj, meanWnd, meanWnd_dir, rm, rm_dir, lm, lm_dir,shear1km, shear1km_dir, shear3km, shear3km_dir, shear6km, shear6km_dir,srh500m, srh1km, srh3km, sbcape, sbcin, mlcape, mlcin, mucape, mucin,3CAPE, LCL, LFC, LFC-LCL, EL,wA500m, wA1km, wA3km, wA5km, wA8km,zA500m, zA1km, zA3km, zA5km, zA8km,wzA500m, wzA1km, wzA3km, wzA5km, wzA8km, meso_depth, CP_Min, CP_area
bool, min, idx, idx, idx, idx, km,ms^-1, ms^-1, ms^-1, ms^-1,s^-1, s^-1, s^-1, s^-1, s^-1,m^2s^-2, m^2s^-2, km, km, idx, idx,km, km, idx, idx, ms^-1, deg, ms^-1, deg, ms^-1, deg,ms^-1, deg, ms^-1, deg, ms^-1, deg,m^2s^-2, m^2s^-2, m^2s^-2, Jkg^-1, Jkg^-1, Jkg^-1, Jkg^-1, Jkg^-1, Jkg^-1,Jkg^-1, hPa, hPa, hPa, hPa,km^2, km^2, km^2, km^2, km^2,km^2, km^2, km^2, km^2, km^2,km^2, km^2, km^2, km^2, km^2, km, K, km^2
0, 5.0, 168, 516, 528, 876, 0.023915739059448243,2.0595754997432234, 3.5037296929955484, 4.54687437966466, 2.509006654620171,-6.5826671036717245e-06, -3.237409105452116e-05, 2.50350052489523e-05, 0.00029677039586204043, 6.792920183315232e-05,7.332185745239258, 3.4002977689617175, 64.625, 162.87501525878906, 258, 651,74.625, 132.875, 298, 531, 14.369917869567871, 264.7289431207824, 12.731421659680006, 296.1228401020681, 19.06305282744894, 244.37000991343746,8.329471663157566, 246.28486421062004, 35.519357181234604, 281.6253594489989, 39.72852642606106, 285.4933502174905,122.15883236031232, 178.8457806649976, 534.4196650058653, 1365.1623715850549, -6.017927274826402, 1009.3927585659184, -13.914113022180985, 1365.1623715850549, -6.017927274826402,125.4710908116438, 899.7624762361095, 877.9318502696859, 21.830625966423554, 228.9743944587586,0.0, 0.0, 0.0, 0.0, 0.0,0.0, 0.0, 0.0, 0.0, 0.625,0.0, 0.0, 0.0, 0.0, 0.0, 0.0,-0.051277898252010345, 0.0
0, 10.0, 176, 497, 536, 857, 0.024255439758300783,2.102286675199866, 3.621268557459116, 5.869843116872944, 2.2225785230845214,3.306215922833644e-05, 7.960990110802868e-05, 0.00019661696697369278, 0.0010245008748191251, 0.0002704355741053632,20.62437629699707, 12.063107730448246, 66.625, 158.125, 266, 632,76.625, 128.125, 306, 512, 12.293044090270996, 247.24042133588316, 8.734262048845345, 284.3925689047469, 18.397025218153455, 230.5783395869593,6.30328067422058, 239.36354665670098, 37.86794028632151, 284.7373029178834, 37.82500790583139, 288.2177487528685,102.19929609313826, 134.5004474696652, 580.16080221506, 1100.4331861537607, -28.258989871080992, 602.01103153864, -30.55238995136754, 1100.4331861537607, -28.258989871080992,122.26222100638829, 898.5299830933749, 848.4818851871266, 50.048097906248245, 238.35881571409678,0.0, 0.0, 0.0, 0.75, 8.8125,0.0, 2.75, 14.6875, 19.1875, 18.6875,0.0, 0.0, 1.0625, 8.125, 20.5, 0.0,-0.2624773383140564, 0.0
0, 15.0, 251, 502, 611, 862, 0.02781999969482422,-1.1571209492528578, -1.5113851073617113, -0.43586016170680525, 1.9917239490803331,-0.00011621635544940996, -0.00034395716944104023, -0.0005490664826425018, -0.0012508585929680292, 0.0001709017567839055,53.69804000854492, 10.547036438648357, 85.37500762939453, 159.375, 341, 637,95.37500762939453, 129.375, 381, 517, 13.475961685180664, 240.8880722002045, 9.132628353759564, 272.88092317051377, 19.806518135365486, 226.74802686233755,8.154316540363297, 250.54052285602322, 18.7291657782161, 281.71012209659875, 24.182012155865632, 287.63464184304615,40.19250465482716, 63.42074557532628, 120.73089786208027, 1151.9578431541845, -10.051536533748381, 789.372830073813, -26.959401849370256, 1151.9578431541845, -10.051536533748381,50.60204284163101, 899.4430148908425, 862.0164957097078, 37.42651918113472, 232.91151195320091,0.0, 0.0, 0.0, 1.1875, 10.3125,7.125, 21.25, 36.3125, 41.5, 40.125,0.0625, 2.25, 6.6875, 11.0625, 12.25, 0.0,-0.01801995560526848, 0.0
0, 20.0, 116, 630, 476, 990, 0.021870416641235353,-1.7148931824602187, -2.3031423299014566, 1.495116779175587, 2.7635043483367197,0.00014098913132670532, -0.0005129079280891347, -0.0006660598928783656, 7.771940212847995e-05, 0.00011193847461754558,132.3579559326172, 2.2864262389430388, 51.625003814697266, 191.37501525878906, 206, 765,61.625003814697266, 161.37501525878906, 246, 645, 13.828917503356934, 265.393575168538, 12.11303518687522, 298.15956435644006, 18.66151902913524, 244.8270742955007,6.210191538564417, 295.27595695813295, 31.397698742032567, 73.51235364550693, 12.349897184466304, 18.450729009935785,21.281001699565593, 135.68001607520935, 135.68001607520935, 1439.419029305856, -165.70380522832983, 729.4993327583377, -202.1449581376038, 1439.419029305856, -165.70380522832983,52.893884797494486, 897.6623114370846, 761.2138456159171, 136.44846582116747, 230.5801380211442,0.0, 0.0625, 1.1875, 2.8125, 5.3125,10.375, 15.125, 17.875, 21.25, 21.9375,0.8125, 3.125, 4.4375, 6.25, 8.375, 0.9631580114364624,-0.10238038748502731, 0.0
0, 25.0, 247, 596, 607, 956, 0.02761086082458496,-0.20222567738848737, 0.09608286566712193, 1.6494232933147577, -0.2816483314614743,-1.149771802658961e-05, 0.00042744969756313366, 0.0006274560443443988, -0.00041432634785678604, 0.001116127468403647,297.29547119140625, 17.88820330713213, 84.37500762939453, 182.87501525878906, 337, 731,94.37500762939453, 152.875, 377, 611, 14.7681884765625, 275.1842041937317, 11.61470554550123, 245.06925829990888, 20.342010731168063, 291.8313662282286,12.821228707757598, 271.66067352546224, 20.309047090161474, 278.4630365047964, 17.587564430095973, 291.2615815753496,37.01162326764792, 38.13697716452026, 81.77473726414263, 1239.8339258697147, -136.40541845284454, 743.5371869001114, -201.99023445248346, 1239.8339258697147, -136.40541845284454,24.111508907232462, 899.1090205001165, 735.5665240875949, 163.5424964125216, 230.59702601126617,0.0, 0.5625, 1.375, 2.375, 4.375,12.5, 30.9375, 52.0, 64.625, 72.375,0.5625, 3.4375, 7.375, 11.375, 16.0625, 1.6631577014923096,-0.94989013671875, 0.0
0, 30.0, 181, 567, 541, 927, 0.024471395492553713,2.5193374034878797, 3.829222907129442, 4.922566552604549, 2.7854094171151518,-0.0005787271925487403, 0.00015091333222017056, 0.0007894608700121353, 0.0008403500081738003, 2.4298557048894073e-05,840.5689086914062, 68.34403936498036, 67.875, 175.62501525878906, 271, 702,77.875, 145.625, 311, 582, 12.709936141967773, 253.7031053474142, 6.687146788229863, 281.7595485748846, 19.77035759247251, 244.54910546602844,22.906207664677183, 253.16214070477085, 27.495257729595718, 281.57831310599585, 37.92420475382323, 296.0688872792581,263.2538307106158, 382.80392703921075, 789.6680941261789, 359.64388649437734, -52.66213808229516, 325.37861707884986, -30.636023186117118, 470.3798168686675, -0.09530448465455914,9.612799486797392, 888.2353473168772, 736.0590721318454, 152.17627518503184, 314.6591190137608,0.0, 0.0625, 4.8125, 13.3125, 24.25,32.3125, 57.375, 76.875, 96.25, 112.9375,2.1875, 9.8125, 19.5625, 28.9375, 36.625, 3.473684310913086,-1.1832275390625, 0.5625
0, 35.0, 213, 573, 573, 933, 0.02592354965209961,-0.15585459388326853, 0.32433274981798604, 1.7123718405398543, 0.36846837799064813,-0.00021109981477252405, -0.0006511090301864897, -0.0004303992409040802, -0.0006914304741076194, -0.0005143380129544538,887.718505859375, 56.85014309888332, 75.875, 177.12501525878906, 303, 708,85.87500762939453, 147.125, 343, 588, 16.564971923828125, 250.06549685962716, 10.174448737831565, 267.4578699649056, 23.61730764721186, 242.6667747264605,17.225580974482433, 192.93950901912217, 19.69043683081112, 262.420776313425, 22.064660990087653, 272.3367939514018,35.294366953757404, 171.05432677117352, 618.8724162548426, 624.9670701918913, -3.8679287840842305, 498.1642527934771, -12.048072387288252, 624.9670701918913, -3.8679287840842305,46.09746045671186, 901.02272535813, 887.0689688895988, 13.953756468531196, 236.31347540067503,0.0, 0.0, 0.375, 1.8125, 6.75,45.125, 65.125, 81.6875, 99.3125, 117.375,0.4375, 5.5, 9.6875, 14.6875, 19.5, 4.147368431091309,-1.874053955078125, 229.125
0, 40.0, 206, 612, 566, 972, 0.025595170974731445,0.32739521272014827, 0.2290442634234205, -0.9667115947743877, -1.4787971792160535,-0.0012106571105368858, -0.000845452625217149, -0.0009832420910515793, -0.00046896104413463036, -0.0005986797464993288,1348.24365234375, 38.07888380323215, 74.125, 186.87501525878906, 296, 747,84.12500762939453, 156.875, 336, 627, 17.151453018188477, 254.9198352461603, 11.852659046245762, 276.37438385296235, 23.671906587588406, 244.3671465596242,16.529019126009057, 276.4243479809526, 25.04873187125465, 317.04774501306053, 30.322861541635742, 308.96671597958664,173.1853970640598, 324.8951284030078, 461.9981435509562, 116.10261416002328, -160.48116553433118, 77.90180372788909, -162.92345681072496, 116.10261416002328, -160.48116553433118,0, 899.1104358411601, 676.7812883179123, 222.3291475232478, 341.0925043906641,0.0, 0.0, 0.375, 1.375, 2.625,41.125, 51.5, 74.375, 92.8125, 111.8125,0.3125, 2.375, 4.25, 6.375, 11.5625, 5.100000381469727,-1.885894775390625, 196.0
0, 45.0, 215, 555, 575, 915, 0.02601851463317871,1.2131580668478272, 1.3792957468828535, 1.1551674296380952, -0.3608021563547663,0.00047912567494222456, 0.0015105946747280541, 0.0012557764953180595, 0.0012612326181351819, 0.00028236017045173866,784.6901245117188, 31.72318214280837, 76.375, 172.62501525878906, 305, 690,86.37500762939453, 142.625, 345, 570, 17.374229431152344, 244.30408203055967, 11.129589586082885, 261.48352434147216, 24.338445967343358, 236.54164586182438,17.979562452386293, 251.08602274427545, 25.58484773016675, 304.2964921723204, 29.983033133688306, 294.672578046854,144.590024024588, 266.2666802411922, 476.98849969544625, 704.9972118652014, -24.250291516086627, 487.929897593203, -10.8654426909712, 704.9972118652014, -24.250291516086627,15.471402840699689, 901.2100043476647, 683.7546538952298, 217.4553504524349, 252.9355673368562,0.0, 0.0, 0.0, 0.0, 0.125,35.25, 41.5625, 57.125, 68.6875, 81.625,0.0, 1.5, 2.625, 3.9375, 5.875, 3.8684210777282715,-2.394439697265625, 240.875
0, 50.0, 236, 558, 596, 918, 0.02704759216308594,1.1834039679093986, 1.490535429433221, 1.0341527948412113, 0.17552210814552383,3.350804924366457e-05, 0.0013058447097682802, 0.001743363513546683, 0.0016380190307882002, -2.7282029093385064e-05,603.7884521484375, 27.39615795359029, 81.62500762939453, 173.37501525878906, 326, 693,91.62500762939453, 143.375, 366, 573, 16.09374237060547, 256.96012203426983, 10.549095518489242, 279.30984799545706, 22.786698743341162, 246.82088850274977,12.676105796381016, 231.9000486864663, 17.441699815777493, 312.4032983397219, 24.691866443276986, 294.58460521034425,110.34606018956381, 217.76465121486285, 421.54351555936495, 719.5150273617244, -81.86275392593068, 486.0562738552921, -49.08077142386651, 719.5150273617244, -81.86275392593068,18.82483733197031, 895.2950977792825, 769.1662242640235, 126.12887351525899, 261.166657482776,0.0, 0.0, 0.0, 0.0, 0.0,31.3125, 39.3125, 54.9375, 60.75, 62.9375,0.0, 0.1875, 0.875, 1.3125, 2.375, 3.736842632293701,-2.673492431640625, 405.0625
0, 55.0, 367, 578, 727, 938, 0.0350709457397461,0.10925172100280178, 0.31462015050870834, 1.6478421524446458, 0.6312278332002461,9.978697778876721e-05, 0.0002339513343690669, -0.00010318386771814403, -0.0005360949951000294, 0.00048312805969317194,618.3670654296875, 23.01195451422594, 114.37500762939453, 178.37501525878906, 457, 713,124.37500762939453, 148.375, 497, 593, 15.99273681640625, 260.4466740583729, 10.986923692951033, 284.7692471873105, 22.434856327430875, 248.80999664590877,8.870688841947198, 258.94053538411504, 25.99340662941494, 275.82483495674387, 37.349031170888225, 290.5627712609873,91.37243914337864, 125.99821037298335, 324.27054064304576, 1003.5386550155374, -65.88164768893571, 474.7312234268181, -115.73123405400918, 1003.5386550155374, -65.88164768893571,35.345707607804236, 900.8650561497499, 767.5973032717862, 133.26775287796363, 225.74904206338522,0.0, 0.0, 0.0, 0.0, 0.0,0.125, 1.25, 2.4375, 5.0, 8.125,0.0, 0.0, 0.0, 0.0, 0.0, 1.215789556503296,-2.636810302734375, 761.4375
0, 60.0, 352, 485, 712, 845, 0.0339857063293457,0.31287793947267345, 0.5382525040890322, 2.334519174286397, 1.9421325947903096,-4.7510492844935473e-05, 0.00029119667512190973, 0.00020956986481223793, 0.0014276797858110513, 0.000885519581306653,539.2006225585938, 33.66710392185544, 110.62500762939453, 155.125, 442, 620,120.62500762939453, 125.12500762939453, 482, 500, 13.365180015563965, 246.5441655122704, 10.93115955194506, 280.6741718363144, 18.71539055061487, 227.41447255971613,10.772691264395522, 247.9060915723926, 26.20324404705077, 298.3048180059534, 31.55483072927858, 295.43482715822745,94.47378582807062, 166.15043446853286, 420.77406528099345, 1048.0460034475807, -42.210888905910764, 702.7628601760372, -81.85268153703174, 1048.0460034475807, -42.210888905910764,36.16376227884127, 898.6315653080767, 753.9904552254918, 144.64111008258487, 242.36380181947374,0.0, 0.0, 0.0, 0.0, 0.0,1.1875, 1.4375, 2.625, 4.875, 7.5625,0.0, 0.0, 0.0, 0.0, 0.0, 1.6631577014923096,-2.64251708984375, 521.875
0, 65.0, 371, 508, 731, 868, 0.035368976593017576,0.2102984286757419, 0.4117375134385657, 2.62208218227257, 2.3901356348430274,-0.00012731471546828743, 0.00024792232042841533, -5.45378318861367e-05, 0.0002839966029432617, 8.08458284882363e-05,570.8833618164062, 38.51229071965877, 115.37500762939453, 160.87501525878906, 461, 643,125.37500762939453, 130.875, 501, 523, 15.694990158081055, 250.09895112618187, 10.731467591776019, 275.1199655102904, 22.135967043687852, 238.26678840267027,9.600110429461873, 245.39941214699792, 21.78392608229855, 284.3854798737361, 29.810342127420522, 292.0813818606696,80.25706338449612, 128.24729901347172, 313.5989728518979, 1103.9350092714258, -20.151124474515253, 704.4990584162813, -43.127419010902706, 1103.9350092714258, -20.151124474515253,65.69854181937609, 898.8328198452488, 827.9670889240515, 70.86573092119727, 229.17334294857363,0.0, 0.0, 0.0, 0.0, 0.0,0.5625, 0.875, 1.0, 1.5, 2.9375,0.0, 0.0, 0.0, 0.0, 0.0, 3.947368621826172,-2.83966064453125, 705.5625
0, 70.0, 359, 520, 719, 880, 0.03448589324951172,0.26915768362465314, 0.6667543719243259, 1.977145810039947, 1.046846007341519,-3.12371122396371e-05, -5.866738620170508e-05, -0.0007864230846598729, 0.0003533913983164894, 0.0018717656175886077,550.2794189453125, 32.309248539234694, 112.37500762939453, 163.87501525878906, 449, 655,122.37500762939453, 133.875, 489, 535, 15.709094047546387, 250.20040675611324, 11.382643110562404, 276.68534030076944, 21.828575940303526, 236.75317885020877,12.50829584955815, 255.9424238479379, 25.552265841418272, 276.7443696643244, 29.333699124388612, 292.2892381774914,86.30169775505429, 167.8744869058495, 433.27747531444993, 924.4097171481849, -26.232298434636853, 511.4781074423563, -59.62721495126294, 924.4097171481849, -26.232298434636853,55.272172221639245, 898.8267410308529, 825.0647513504008, 73.76198968045207, 227.43672200344255,0.0, 0.0, 0.0, 0.0, 0.0,1.375, 2.25, 4.4375, 7.625, 8.75,0.0, 0.0, 0.0, 0.0, 0.0, 1.5789473056793213,-3.277679443359375, 971.125
0, 75.0, 388, 513, 748, 873, 0.03667822647094727,0.40808497889782297, 0.7269976634491467, 2.756630647695856, 2.6436637396656444,-0.00010520689409077022, 0.0005671376189457078, 0.00048134938160274035, 0.0012667689994464127, 0.0019142900279666719,739.5321044921875, 57.050381902162925, 119.62500762939453, 162.12501525878906, 478, 648,129.625, 132.125, 518, 528, 15.728224754333496, 254.15512726668567, 11.08598776268008, 279.9317989384881, 22.008066613980827, 241.50179914243247,9.803028404535178, 239.96211711480422, 26.540402915912594, 278.5891081364964, 29.02217855864413, 289.18550459598924,92.75547604660805, 144.1122061865462, 437.71645966440764, 1187.2114747069188, -14.164932330625087, 795.3925209806528, -39.28208059739599, 1187.2114747069188, -14.164932330625087,83.94851260354417, 899.2720542428798, 845.6710519691003, 53.6010022737795, 228.16530848988774,0.0, 0.0, 0.0, 0.0, 0.0,0.0, 0.125, 1.0625, 1.25, 3.375,0.0, 0.0, 0.0, 0.0, 0.0, 4.147368431091309,-3.707305908203125, 872.3125
0, 80.0, 393, 520, 753, 880, 0.03707690048217774,0.18386360305186827, 0.5269911857601255, 2.6988872253097362, 1.7781480883539187,-0.00013124926307625629, -6.471427731639778e-05, -5.44471384478129e-05, 0.0011556433579505666, 0.001401555554928109,1278.1986083984375, 65.14211946308134, 120.87500762939453, 163.87501525878906, 483, 655,130.875, 133.875, 523, 535, 15.804559707641602, 255.19491428479338, 11.893033883410283, 282.1869326989165, 21.693869226692964, 240.7872720421966,10.551273362237108, 236.23676801693918, 24.5525657203035, 283.98945184528037, 31.348904520932134, 292.4032613554956,107.039960356266, 165.77383731888065, 446.57193383708614, 1100.4084829651092, -6.580942877865655, 766.2239908225597, -20.379770957063997, 1100.4084829651092, -6.580942877865655,95.9989409383175, 899.2002768223168, 868.7651571141694, 30.435119708147454, 224.7136795380767,0.0, 0.0, 0.0, 0.0, 0.0,0.5, 0.5625, 1.875, 2.375, 4.6875,0.0, 0.0, 0.0, 0.0, 0.0, 1.278947353363037,-4.5458984375, 1027.625
0, 85.0, 326, 470, 686, 830, 0.03221871185302735,0.7985289989429294, 1.2826117309238179, 1.24521504456643, 0.7107913963543251,-9.260255453455101e-05, 0.0005337776417673012, 0.0008691400858447196, 0.0006902524272118172, 0.00017720181748131844,920.7374267578125, 52.53997785002432, 104.12500762939453, 151.375, 416, 605,114.12500762939453, 121.37500762939453, 456, 485, 16.970590591430664, 257.8742062508926, 12.747934595666125, 282.2015913264866, 22.934515871403757, 244.6372641046235,13.307586026362099, 259.8978410378056, 21.896516891250812, 296.0493939193668, 27.03686218255383, 298.32749423399787,101.47591210966976, 195.99897281193222, 320.68022977521167, 1047.6277963871814, -6.318084648792088, 729.774553624081, -30.13204768920692, 1047.6277963871814, -6.318084648792088,48.28870077115651, 898.7892520946976, 865.6509910907026, 33.13826100399501, 230.89478684331033,0.0, 0.0, 0.0, 0.0, 0.0,1.25, 3.0, 4.4375, 5.6875, 5.75,0.0, 0.0, 0.0, 0.4375, 0.9375, 1.6631577014923096,-4.583740234375, 439.3125
0, 90.0, 423, 512, 783, 872, 0.039608715057373046,-0.0016658397996798158, 0.18214424853969832, 1.8661757230201328, 1.8368258006684481,-8.041126300440737e-05, 6.98837737490976e-05, -0.0004717801619472084, 0.0013130986335841042, 0.0012676179156005673,1215.4442138671875, 63.2721221133344, 128.375, 161.87501525878906, 513, 647,138.375, 131.875, 553, 527, 16.769407272338867, 262.7389675060992, 12.641196051082433, 287.5738120606925, 22.696392562313434, 249.21044610269692,11.563715607282605, 241.83842472132008, 25.364097757443066, 287.3063556307786, 32.20473115299929, 294.0780510607394,123.21188342897592, 203.19534938300126, 496.0540574160712, 1108.0079126662667, -10.523514413351341, 765.6209015319045, -28.64636985091527, 1108.0079126662667, -10.523514413351341,90.23076852570006, 898.3057566834799, 850.5821517821399, 47.72360490133997, 228.2559434066245,0.0, 0.0, 0.0, 0.0, 0.0,0.1875, 0.125, 0.75, 1.1875, 4.75,0.0, 0.0, 0.0, 0.0, 0.0, 2.8210530281066895,-4.850372314453125, 1072.6875
0, 95.0, 425, 512, 785, 872, 0.03978647994995117,-0.15387336974294155, -0.03711209966801107, 1.0075393723871093, 0.44213078697852326,-6.189727003174994e-05, 8.197664321869524e-05, -0.0006498872650035992, 0.000529347011279242, 0.00031640259654523104,1571.6749267578125, 36.97983456512712, 128.875, 161.87501525878906, 515, 647,138.875, 131.875, 555, 527, 17.379188537597656, 259.45233511900244, 12.680830721805611, 282.1634204023045, 23.574751363763763, 247.46622682091194,10.739279088617117, 247.75306801422764, 26.197073147865947, 295.15357362858464, 31.525512565867935, 302.38783678989535,107.27363510403005, 170.9761968480234, 426.6209057546397, 1082.6434853417234, -10.555617503104278, 691.1592727853354, -14.96797496647514, 1082.6434853417234, -10.555617503104278,119.94366699008174, 899.2045848126621, 868.8404746642304, 30.364110148431678, 225.61771659375933,0.0, 0.0, 0.0, 0.0, 0.0,0.5625, 0.4375, 1.6875, 4.25, 9.5,0.0, 0.0, 0.0, 0.25, 0.1875, 2.24210524559021,-4.79339599609375, 1175.625
0, 100.0, 451, 437, 811, 797, 0.04220828247070313,0.9028060710793943, 1.4745136559777892, 2.4326372294081375, 0.7273828820185736,-0.00017463607466538633, 5.908964567765906e-05, 9.745783107518946e-05, 0.0014203636784282023, -0.00019536400130505172,1610.2235107421875, 66.45877363129863, 135.375, 143.125, 541, 572,145.375, 113.12500762939453, 581, 452, 17.787899017333984, 261.42478446827533, 12.81256535676597, 282.8489161154344, 24.107196821269042, 250.23062852721213,10.639760344252055, 252.37672359173274, 20.966336068065793, 288.1133288208373, 29.432583883500858, 295.019005241557,92.09666273688448, 157.540631916758, 283.04115854642936, 1103.902819448686, -13.952152777138684, 720.0724378781525, -40.337389088682336, 1103.902819448686, -13.952152777138684,53.47428155847207, 898.781024713867, 803.4428997497271, 95.33812496413998, 224.79162826102916,0.0, 0.0, 0.0, 0.0, 0.0,0.125, 1.625, 2.0625, 3.0625, 4.75,0.0, 0.0, 0.0, 0.0, 0.0, 1.5789473056793213,-3.904266357421875, 571.125
0, 105.0, 466, 434, 826, 794, 0.04370527267456055,1.03603248328669, 1.698617206775816, 3.621578256026843, 2.5093907150242014,-0.00015369029795909482, -4.3048845291195904e-05, 0.00044510752687244805, 0.0015470104615997115, 0.0002412786017248436,2056.530029296875, 94.57643928346737, 139.125, 142.375, 556, 569,149.125, 112.37500762939453, 596, 449, 16.474218368530273, 258.4263041018831, 12.466145242604345, 283.98237108402634, 22.358331197898128, 244.5085462977208,10.910863792875817, 251.57287862831396, 21.08082752624861, 286.20015185318175, 29.718701180000625, 294.70869608718505,95.19057465742785, 161.39308922816372, 292.43674457933815, 1146.214565699949, -10.396509772485926, 767.5006871052275, -32.72858011770566, 1146.214565699949, -10.396509772485926,62.30784526223391, 899.1523113769534, 853.0106033980793, 46.14170797887414, 223.5053295788074,0.0, 0.0, 0.0, 0.0, 0.0,0.375, 0.6875, 2.5, 2.6875, 2.8125,0.0, 0.0, 0.0, 0.0, 0.0, 2.494736909866333,-4.426116943359375, 596.3125
0, 110.0, 484, 434, 844, 794, 0.04560684204101562,1.0716575769596965, 1.927384343763988, 5.169255586107028, 5.277705165408552,-0.00015351189955254086, -0.00020175130059783456, 0.00045713942027077794, 0.001741755205953268, 0.0011144316865079418,1651.55517578125, 107.03432917652194, 143.625, 142.375, 574, 569,153.625, 112.37500762939453, 614, 449, 16.487430572509766, 258.1706228004928, 12.261050626447863, 283.3402168764619, 22.490828532758286, 244.76431888645075,11.417459074448361, 248.92400832477796, 21.993780425405223, 282.6127179350376, 30.49645572310946, 296.2047397418496,100.54896647069975, 170.8102092316945, 319.070645100507, 1067.9556944222309, -7.150111471947986, 743.2066405836962, -23.25393108443007, 1067.9556944222309, -7.150111471947986,66.55565296273798, 898.4473211162973, 865.3890266495407, 33.05829446675659, 227.37118420257113,0.0, 0.0, 0.0, 0.0, 0.0,0.375, 0.75, 1.9375, 2.4375, 2.0625,0.0, 0.0, 0.0, 0.0, 0.0, 5.647368431091309,-5.4873046875, 626.0625
1, 115.0, 411, 457, 771, 817, 0.03856631088256836,1.1863012921414338, 1.8817324347936664, 4.8139381255488845, 5.52585208948236,-4.880375353650379e-05, 0.0010614438533002612, 0.0015215506008826193, 0.0014948537041163945, 0.0007754438333176949,1763.8197021484375, 175.84536797728387, 125.37500762939453, 148.125, 501, 592,135.375, 118.12500762939453, 541, 472, 16.66364288330078, 257.17092899281306, 12.16549588695399, 281.5037888635587, 22.800322591029, 244.4707461599727,9.845298075236393, 259.0356662588749, 20.419255163252938, 297.02258659306693, 26.006890620643635, 305.61434985191767,73.69261092732994, 130.973547970582, 270.7296250930244, 954.1341116148927, -10.596959231407824, 610.9925313885567, -15.563978450179013, 954.1341116148927, -10.596959231407824,63.6602934547541, 897.4077434296288, 869.5982888152795, 27.809454614349306, 230.22370517922096,0.0, 0.0, 0.0, 0.0, 0.5625,4.4375, 7.0, 10.75, 14.75, 16.875,0.0, 0.0625, 1.4375, 3.5, 4.1875, 3.947368621826172,-4.981201171875, 713.1875
0, 120.0, 423, 440, 783, 800, 0.039608715057373046,1.3510427253978559, 2.125873948443914, 4.155111989236902, 2.7944447973952626,-0.0002637897686517476, 0.00157357146485424, 0.001878246390078857, 0.002177646362631549, 0.0019962158018142872,1384.231201171875, 130.3666498433304, 128.375, 143.875, 513, 575,138.375, 113.87500762939453, 553, 455, 17.22522735595703, 261.75998283198294, 12.265182110891589, 284.0764124622441, 23.568671302024335, 250.36288877154377,10.906959001113977, 261.2044835467858, 20.8594612028301, 295.6079314725522, 26.974996766818567, 305.184935858799,86.70982167124451, 157.37742802459138, 290.1075288048438, 1003.2478688071764, -9.396918621528323, 626.9444355386951, -22.568205441480778, 1003.2478688071764, -9.396918621528323,64.5914824623902, 899.3230807882328, 867.3818520696796, 31.941228718553248, 227.2389897505743,0.0, 0.0, 0.0, 0.3125, 1.0,5.5625, 6.75, 11.125, 17.75, 17.625,0.0, 0.4375, 1.0, 2.0, 2.9375, 6.089474201202393,-5.138458251953125, 613.1875
1, 125.0, 535, 422, 895, 782, 0.051704082489013675,1.33917704503343, 2.534960084418417, 7.495428476249801, 8.314849021444097,0.0004158534149786419, 0.0013027508264713105, 0.0015710652028383266, 0.003387624801371203, 0.0031906376891538456,2292.945556640625, 230.50477596434078, 156.375, 139.375, 625, 557,166.37501525878906, 109.37500762939453, 665, 437, 17.21814727783203, 261.44083541282487, 12.241568658248152, 283.72489525781145, 23.570600700454886, 250.0827842590536,11.007726192986867, 247.92277089434577, 22.41040854678048, 280.14382311613144, 31.560977044551908, 294.4870564486181,100.22811310347033, 171.8910938615052, 336.8320329173489, 997.6521336552057, -6.701933598638486, 685.1208339720829, -17.024981464984833, 997.6521336552057, -6.701933598638486,78.81406072487195, 897.8343641258082, 871.8083526684876, 26.02601145732058, 229.83677959315068,0.0, 0.0, 0.0, 0.0, 0.375,3.0, 3.3125, 6.875, 7.8125, 10.875,0.0, 0.0, 0.0, 0.0, 0.625, 3.763157844543457,-5.1680908203125, 607.125
1, 130.0, 555, 424, 915, 784, 0.054424236297607426,0.904426097891992, 1.8393903672206213, 6.880734323421497, 9.863854564689099,0.0003495725380469139, 0.0013698386184080391, 0.001560886191505233, 0.0026128001002598466, 0.002367672980235511,1603.548583984375, 203.16759129424412, 161.37501525878906, 139.875, 645, 559,171.37501525878906, 109.87500762939453, 685, 439, 16.42281150817871, 255.034281895893, 12.711906237532983, 281.10388934815046, 22.14328039806234, 240.421546047284,10.551688694775857, 246.69195714553115, 22.268974870902912, 278.120734744352, 31.01059178798875, 288.94512291833985,92.24990054875404, 151.84379859871825, 297.24797706317196, 1074.6441371787855, -7.301586595921081, 758.9752767955442, -15.73874685939984, 1074.6441371787855, -7.301586595921081,95.0283669748321, 898.0554299166471, 871.5262186415962, 26.529211275050898, 233.7784237472279,0.0, 0.0, 0.0, 0.0, 0.5625,3.1875, 3.5625, 9.3125, 11.125, 12.3125,0.0625, 0.3125, 0.625, 0.8125, 1.75, 4.726316452026367,-5.7635498046875, 633.125
1, 135.0, 560, 399, 920, 759, 0.055136924743652345,1.9737152762542243, 3.3698659498913908, 7.914903375321301, 8.431256803914438,0.0007079866138303714, 0.0016096038033293779, 0.0014583497896032327, 0.0030465067975569585, 0.0031788352199015437,1765.482421875, 254.04633859770692, 162.62501525878906, 133.625, 650, 534,172.62501525878906, 103.62500762939453, 690, 414, 16.066158294677734, 254.40238011464012, 13.292941516731943, 281.9887922554423, 21.261245510360023, 237.57255366247506,10.344664849435011, 248.99321180144852, 21.836217726616304, 280.14894575800895, 30.606018696119783, 290.154667458079,89.27539555040254, 148.96398648264713, 275.4697800515269, 1057.0408117829625, -6.844109311207626, 753.9571566991331, -15.706324582286852, 1057.0408117829625, -6.844109311207626,98.91703148392081, 897.8191994445649, 872.7853163927384, 25.03388305182648, 234.91569518283882,0.0, 0.0, 0.0, 0.125, 2.1875,4.9375, 8.25, 11.5, 14.5, 15.0,0.0, 0.125, 0.5625, 1.375, 2.6875, 3.947368621826172,-5.659637451171875, 520.75
1, 140.0, 585, 402, 945, 762, 0.05891305923461914,1.5405854692542926, 2.7963230330639637, 8.236677386041265, 11.815848263129594,0.0008705156340059263, 0.002170963635317094, 0.0019893475228354874, 0.003551590842516817, 0.0027564755730509205,2243.34375, 297.03873006844384, 168.87501525878906, 134.375, 675, 537,178.87501525878906, 104.37500762939453, 715, 417, 16.05699348449707, 255.71600307695198, 13.083068656881853, 283.1963419960739, 21.377262364685528, 239.3120450852225,10.37820594399866, 244.74049013738846, 21.503815909598462, 275.6473183402153, 31.19691937289813, 282.0335861953122,90.63954048082998, 146.02239365679438, 269.5690686245082, 1097.9462303933753, -5.440879207305632, 833.0105724010418, -12.755392365544603, 1097.9462303933753, -5.440879207305632,114.60364795764023, 897.6816560580353, 876.7123056715642, 20.969350386471092, 241.8311892218201,0.0, 0.0, 0.0, 0.5625, 1.6875,6.5, 8.375, 11.3125, 16.1875, 18.125,0.0, 0.75, 1.4375, 2.25, 3.4375, 5.805263519287109,-6.23394775390625, 526.0
1, 145.0, 598, 399, 958, 759, 0.06102721405029297,0.979211575363879, 2.034389371727593, 8.072537614228203, 11.141238386800978,0.000928602439162205, 0.0020735372711760645, 0.0015158702579083183, 0.0030738729741915448, 0.0028992173038272996,2320.324462890625, 269.9373708242726, 172.12501525878906, 133.625, 688, 534,182.12501525878906, 103.62500762939453, 728, 414, 15.831019401550293, 253.2289809359886, 13.34980120927326, 281.4067907289544, 20.869239114125794, 235.64720485988357,10.4833701045469, 243.46258906443575, 21.625053919406003, 273.933377990649, 32.01617636522164, 280.06669662002366,92.00705845542925, 147.58600116608415, 267.15926411267964, 1075.2230346051024, -4.8950954888029505, 826.5084676279089, -11.824904872315184, 1075.2230346051024, -4.8950954888029505,122.66497219386889, 897.6650005462627, 878.9416827131605, 18.723317833102215, 247.85454125662898,0.0, 0.0, 0.1875, 0.8125, 1.4375,6.0, 10.5, 17.1875, 21.5625, 23.1875,0.125, 0.9375, 2.5, 4.125, 5.375, 4.5,-5.95098876953125, 550.25
1, 150.0, 615, 387, 975, 747, 0.06396247100830078,1.5032225685019511, 2.6727210619696415, 8.967760010650382, 11.753808483742182,0.0009345421087546414, 0.0021216588370896257, 0.002068784467282967, 0.0037926925127931095, 0.0034886231732389208,2015.073974609375, 256.27006613770584, 176.37501525878906, 130.625, 705, 522,186.37501525878906, 100.62500762939453, 745, 402, 15.95943546295166, 252.95756287875065, 13.50807343119789, 280.89301570872874, 20.962802638002806, 235.3870992467191,10.234150555183772, 243.93104441885023, 21.273651869033284, 273.91966297079557, 31.99301520143789, 280.1409407763017,88.54030842912253, 142.15764003440623, 256.5772829121906, 1087.4459480582723, -4.944143497600324, 833.8889553570051, -12.002667263884446, 1087.4459480582723, -4.944143497600324,124.3421316718823, 897.5424635588898, 878.996314888765, 18.546148670124808, 244.17706834286815,0.0, 0.0, 0.6875, 1.5, 2.125,8.9375, 16.5, 22.75, 28.0, 30.5,0.0, 2.125, 4.25, 5.0625, 6.125, 6.089474201202393,-5.31005859375, 468.4375
1, 155.0, 618, 386, 978, 746, 0.06450170135498047,0.27470010972931047, 1.2260898529668338, 7.53836999510415, 10.129346935034844,0.000828845252526662, 0.001570507237665879, 0.0009632203157889308, 0.0014996723948092951, 0.002276166484971327,1186.9443359375, 237.0358514653183, 177.12501525878906, 130.375, 708, 521,187.12501525878906, 100.37500762939453, 748, 401, 15.909586906433105, 253.6296261723232, 13.608420176816388, 281.7056112344835, 20.821642157446018, 235.71509392364604,10.153998576728732, 244.71217217308958, 21.626835142854745, 274.7710323904593, 32.38253219252899, 281.3001195011012,89.57995064587513, 142.7404630908347, 267.4920722172129, 1113.9867715931803, -5.209567044874609, 847.2356498118555, -11.65364531649412, 1113.9867715931803, -5.209567044874609,127.2864831817112, 897.5167203498022, 878.1876797444355, 19.329040605366686, 235.74626460880648,0.0, 0.0, 0.5625, 2.0625, 4.125,14.0, 23.875, 32.875, 37.9375, 41.4375,0.0, 1.9375, 6.25, 9.6875, 11.0, 6.947368144989014,-5.9530029296875, 574.0
1, 160.0, 638, 367, 998, 727, 0.06827118682861329,2.186122781087179, 3.7241134685406005, 9.61891180121631, 10.690505354063351,0.0006942320882922104, 0.0013650673367669695, 0.002252350631816853, 0.003961061912170862, 0.004649895553635304,1723.526123046875, 296.13212276613245, 182.12501525878906, 125.62500762939453, 728, 502,192.12501525878906, 95.62500762939453, 768, 382, 16.281526565551758, 254.20591655335386, 13.775520289181419, 281.507763174653, 21.28171081543522, 236.9344356984009,9.81677598471587, 244.80084168889468, 21.035986688046755, 274.84642401851795, 31.90373682140477, 280.9138586431586,84.7643469286766, 134.7786103184809, 249.12238956370925, 1120.3390121274656, -5.178435454875065, 852.9955691109943, -11.19628409098553, 1120.3390121274656, -5.178435454875065,126.72717726946613, 897.3190019458074, 878.5883636513302, 18.730638294477217, 234.24033085887112,0.0, 0.0, 0.0, 2.4375, 6.375,16.875, 27.4375, 36.5, 44.375, 47.625,0.0625, 1.5, 6.0625, 11.6875, 13.75, 5.936842441558838,-5.578582763671875, 463.375
1, 165.0, 658, 371, 1018, 731, 0.07236867523193359,1.5343779875454497, 2.869157899126876, 9.350045215287247, 12.886141327554359,0.0003404154498866774, 0.001645967381182345, 0.0018098635758087766, 0.0032135553869147766, 0.004312117421641233,3701.49365234375, 370.35324644698454, 187.12501525878906, 126.62500762939453, 748, 506,197.12501525878906, 96.62500762939453, 788, 386, 16.07517433166504, 254.29621165418143, 13.717681033326276, 282.03743027119134, 21.00351605243106, 236.59756689261,9.73730666540749, 245.80787111974303, 20.823045547339113, 274.941882742358, 32.45028608916871, 280.468858158354,86.15610866239577, 136.76712813139576, 250.5393482502791, 1117.6902354501099, -5.812216041557197, 838.0685519863001, -12.54652456662075, 1117.6902354501099, -5.812216041557197,123.5157018210748, 897.2598357012304, 876.0074000766185, 21.25243562461185, 234.91985138575063,0.0, 0.0, 0.9375, 2.0625, 3.5625,20.6875, 25.5, 36.625, 42.4375, 46.25,0.1875, 2.0, 4.5625, 7.375, 9.125, 7.6315789222717285,-5.82415771484375, 506.875
1, 170.0, 665, 350, 1025, 710, 0.07388707733154297,2.6796434489660896, 4.250451644603163, 8.982456049369066, 10.01555718967982,0.0008354519336955944, 0.0019902815162276964, 0.0023272371173879945, 0.0037728522059103397, 0.00418922335138916,1790.701904296875, 294.026992839194, 188.87501525878906, 121.37500762939453, 755, 485,198.87501525878906, 91.37500762939453, 795, 365, 15.977980613708496, 252.91293442271376, 13.51633977510151, 280.80882468118466, 20.985716738461146, 235.37482186303947,9.731269926006515, 245.47024120869096, 20.915741871330294, 274.85776213254013, 32.09956213773867, 281.42921007641445,81.41910153585779, 130.99537493928312, 242.12700054660087, 1118.0439044347902, -5.05604470943735, 849.5748335158632, -11.139574509357006, 1118.0439044347902, -5.05604470943735,128.79148882322744, 897.137467142635, 879.0966127780442, 18.040854364590814, 233.72715530306908,0.0, 0.0625, 1.125, 4.0, 7.0625,21.1875, 26.0625, 29.5, 36.3125, 41.8125,0.625, 2.75, 5.5625, 7.8125, 10.0, 6.484210014343262,-5.298187255859375, 461.125
1, 175.0, 673, 356, 1033, 716, 0.0756794204711914,0.6371500978595577, 1.7423092057858591, 7.438584461167921, 9.178196269096807,0.0012332368000375028, -0.00021237791734165511, 0.00010455759316755575, 0.0034376786671191438, 0.0035835897542119714,1279.75244140625, 208.2619049864535, 190.87501525878906, 122.87500762939453, 763, 491,200.87501525878906, 92.87500762939453, 803, 371, 15.925999641418457, 253.83919003643754, 13.483594674950421, 281.84289802380965, 20.927676196852424, 236.23047011598157,9.71520479986366, 246.63578566979695, 21.007226408368105, 275.9027537547954, 32.66167220800824, 282.9196119948246,84.08310778716024, 135.87954897825395, 253.52640395167913, 1132.0235898085207, -5.5955839502597025, 854.3621020650634, -11.846199048583625, 1132.0235898085207, -5.5955839502597025,128.55152148769687, 897.0194924488267, 877.4534200828707, 19.56607236595596, 233.92641174247746,0.0, 0.0, 0.6875, 2.1875, 5.3125,22.8125, 32.0625, 43.0, 50.375, 54.25,0.1875, 1.875, 3.625, 4.75, 7.875, 7.447368144989014,-7.1016845703125, 566.75
1, 180.0, 703, 354, 1063, 714, 0.08299008178710937,1.1365718913113232, 2.095105308134807, 7.768972007851117, 11.376244405396283,0.0025133802588675285, 0.002280135070182041, 0.0020193318923884362, 0.0030493541447594906, 0.004253688656310715,1909.9766845703125, 251.6251519435105, 198.37501525878906, 122.37500762939453, 793, 489,208.37501525878906, 92.37500762939453, 833, 369, 16.02883529663086, 254.29709957877353, 13.405823964653212, 282.03053517579826, 21.13364597773011, 237.12795830663927,9.111580053470204, 250.14659852583188, 19.744157117421086, 278.4386254087027, 32.272199899772524, 283.72221386381443,79.11360909453715, 125.226634924659, 225.60961142021375, 1106.643817252823, -8.249657486299835, 789.6576341841609, -15.997938439091804, 1106.643817252823, -8.249657486299835,109.90911060369628, 896.8009074936733, 868.7806658685678, 28.02024162510554, 231.62637274406796,0.0, 0.0, 1.125, 4.25, 7.25,21.3125, 29.0, 40.0, 47.25, 50.6875,0.125, 2.4375, 5.25, 8.3125, 12.9375, 7.457895278930664,-5.41827392578125, 486.5
1, 185.0, 706, 340, 1066, 700, 0.08377641296386719,0.8015098311938346, 1.8556045421259477, 6.919049876292702, 7.9039471635734655,0.002146813483332153, 0.0015491623609887029, 0.000883038620690968, 0.004273319093840655, 0.0038643954861424844,2161.150390625, 200.9983224306931, 199.12501525878906, 118.87500762939453, 796, 475,209.12501525878906, 88.87500762939453, 836, 355, 16.151817321777344, 253.41588223243684, 13.418767429397533, 280.85928507739425, 21.31194838819656, 236.54705670116445,9.18270751508697, 249.5199559902399, 20.141308806464565, 278.00182115090206, 32.304962309415515, 284.8214098673229,76.9856174448116, 123.51617477205706, 225.4765514645119, 1107.2257901635421, -7.0795778831184855, 806.1312148262948, -14.128231840853285, 1107.2257901635421, -7.0795778831184855,118.52770708710298, 896.6767190740777, 872.3696334557471, 24.307085618330575, 233.0041928077026,0.0, 0.0625, 2.0625, 3.9375, 6.5625,25.9375, 34.5625, 42.0625, 46.875, 51.3125,1.375, 3.3125, 5.3125, 9.3125, 13.75, 3.1578948497772217,-4.90899658203125, 453.125
1, 190.0, 739, 339, 1099, 699, 0.09317899322509766,1.8899702036875532, 3.1358176823210675, 7.024633013673591, 9.059087584156078,0.0028361955217769724, 0.003295641421509572, 0.003307752363393774, 0.0034732802840335346, 0.004181749510686359,2191.961669921875, 222.00030730255065, 207.37501525878906, 118.62500762939453, 829, 474,217.37501525878906, 88.62500762939453, 869, 354, 16.06557846069336, 254.5384101621501, 13.35262955191836, 282.15778417525735, 21.222933249801127, 237.58009479443564,9.028171534901196, 248.7228319329644, 19.17429598636629, 276.71463102067815, 32.564469852639384, 280.74901885772954,77.79750324869123, 121.53643565828408, 211.24310548752487, 1178.6032975937965, -7.171774368740485, 874.2356513823313, -14.344743158544075, 1178.6032975937965, -7.171774368740485,119.55343966739972, 896.7279806602445, 871.5461869206888, 25.1817937395557, 232.37948643741305,0.0, 0.0, 0.875, 2.875, 6.0,21.8125, 29.75, 41.6875, 42.4375, 40.1875,0.875, 4.4375, 8.0, 11.875, 12.875, 4.947368621826172,-7.13983154296875, 406.0
1, 195.0, 740, 334, 1100, 694, 0.09348705291748047,0.626458720745286, 1.5799478338262996, 5.161062480241526, 5.823380260074046,0.0019894373352758524, 0.0011794939947276362, 0.0010990238036151822, 0.003514124205526059, 0.003680609012692458,1742.1629638671875, 177.13725138916146, 207.62501525878906, 117.37500762939453, 830, 469,217.62501525878906, 87.37500762939453, 870, 349, 15.419161796569824, 253.56290888451053, 13.296609396574315, 282.6587940517137, 20.278098304753176, 234.9691993188058,9.019061096130171, 248.95861006311324, 19.47538901915323, 277.0555257621535, 32.594545349547005, 282.1057129929476,76.99062545663865, 121.70707578663259, 217.06712179626905, 1182.5273772181388, -7.00698036508521, 880.8703782504608, -13.786326487698632, 1182.5273772181388, -7.00698036508521,125.60063430119382, 896.6445596029537, 872.6084941420053, 24.036065460948407, 233.37173768879603,0.0, 0.0625, 1.0, 2.9375, 5.0,25.0625, 36.4375, 46.125, 49.75, 50.375,0.625, 3.75, 5.9375, 9.1875, 13.25, 3.5315792560577393,-6.33795166015625, 450.0
0, 200.0, 773, 314, 1133, 674, 0.10452635192871094,1.5107847910983756, 2.354877552343241, 4.435461311926191, 4.560356013071723,3.9939409371072615e-05, -7.358480890957254e-05, 0.0006963143141877027, 0.0021271460549951372, 0.0026912293034615682,2010.6048583984375, 137.2905566985, 215.87501525878906, 112.37500762939453, 863, 449,225.87501525878906, 82.37500762939453, 903, 329, 15.632495880126953, 254.18665541989444, 13.22668437971632, 282.78784561247534, 20.64714707300852, 236.32832589573752,8.642224107331478, 249.67635366185485, 18.408579005249145, 277.532218324707, 31.74912240649378, 281.39597437591317,71.8762588420562, 113.1190033641104, 196.69648961589198, 1130.2044257752239, -7.320503976906007, 826.996639248152, -14.567997153451477, 1130.2044257752239, -7.320503976906007,119.02473870295233, 896.4349388587339, 870.9306831554095, 25.50425570332436, 235.68304218168976,0.0, 0.0, 0.25, 1.625, 3.6875,23.5625, 31.5625, 37.0625, 36.5625, 36.3125,0.125, 3.8125, 7.9375, 10.75, 13.0, 5.826315879821777,-5.6898193359375, 316.4375
0, 205.0, 775, 317, 1135, 677, 0.1052539291381836,1.3191665472288878, 2.2067208840779493, 4.84877784531447, 5.574575261855498,0.0007237238087765264, 0.0009442789528299045, 0.0011847985674961592, 0.0021420921772937617, 0.0012960754491109583,1309.302978515625, 147.7760408520566, 216.37501525878906, 113.12500762939453, 865, 452,226.37501525878906, 83.12500762939453, 905, 332, 15.627896308898926, 253.75658572861542, 13.228568983739317, 282.36900305571305, 20.638973969934224, 235.8816643826204,8.759718325685569, 250.14893445052803, 18.93366058265078, 277.4922480576841, 32.64218884617441, 283.8597055718068,74.23333629790129, 117.5916155478157, 208.39942681635455, 1067.0132782562328, -7.433573693169321, 757.7060516499419, -14.976944499782864, 1067.0132782562328, -7.433573693169321,119.3280937040275, 896.3854983164072, 870.3971937200969, 25.988304596310286, 234.61082920752676,0.0, 0.0, 0.75, 2.0, 2.9375,23.875, 34.125, 42.0625, 38.375, 41.5,0.1875, 3.0625, 6.125, 8.8125, 10.6875, 3.299999952316284,-5.712921142578125, 393.375
1, 210.0, 694, 316, 1054, 676, 0.0806937484741211,1.4815911764837801, 2.6391822976898403, 7.508091628053227, 8.496539843464273,-0.0004100280309671689, 0.0002443244718870119, 0.000580238609600201, 0.001325435982733438, 0.003007103062859074,1628.4852294921875, 178.41612509083004, 196.12501525878906, 112.87500762939453, 784, 451,206.12501525878906, 82.87500762939453, 824, 331, 15.772172927856445, 253.0194580530093, 12.964043913301886, 281.1673384401312, 21.02276028308651, 236.10688852885275,9.94195924795398, 248.70257359188614, 22.481602171987134, 279.67337334647925, 31.517476636938838, 291.64832054653414,82.2404394638855, 134.98396858388247, 270.56732246882325, 1099.8294141777103, -4.067059827099752, 845.6250679154009, -9.482151105449969, 1099.8294141777103, -4.067059827099752,144.16021166835887, 897.1655629163068, 882.6375601854666, 14.528002730840285, 235.0731957842064,0.0, 0.0, 0.0625, 0.3125, 1.125,29.0, 41.125, 50.625, 54.5625, 61.75,0.0625, 1.0, 1.75, 4.0, 7.6875, 7.947368144989014,-7.714202880859375, 630.8125
1, 215.0, 816, 321, 1176, 681, 0.12189374542236328,1.6253163297305584, 2.592031506104978, 5.307011749439407, 5.011982352805208,0.0011936531419922856, 0.001168116079625179, 0.001252536842821428, 0.0022760382645788013, 0.0011048869493532718,1920.6904296875, 161.61883129697142, 226.62501525878906, 114.12500762939453, 906, 456,236.62501525878906, 84.12500762939453, 946, 336, 15.960587501525879, 257.9067862532336, 12.831779744170365, 285.46114310909763, 21.385185651931547, 241.79166330403032,8.535652763363606, 251.29688434433208, 17.58064537580745, 278.6087381001711, 32.60316674091557, 283.6771346152924,76.1839827733153, 119.24788847268123, 202.00960046593096, 1109.2837307989753, -8.510987364963936, 776.6687693803033, -18.295291214861592, 1109.2837307989753, -8.510987364963936,109.32121251709843, 896.1527475943684, 864.8652645422247, 31.28748305214367, 232.57874060330192,0.0, 0.0, 0.0, 0.875, 1.8125,22.75, 29.6875, 34.5625, 38.5625, 40.1875,0.0, 1.8125, 4.0625, 5.875, 8.125, 9.199999809265137,-4.94281005859375, 442.5625
0, 220.0, 831, 321, 1191, 681, 0.12890972900390626,1.2789867520669942, 2.138321167370304, 4.432290490453597, 5.136433367528953,0.0011714977192730201, 0.0016250002461129043, 0.0013135018490356741, 0.0014644265913102573, 0.0013782930706338447,2821.89306640625, 134.84903354733447, 230.37501525878906, 114.12500762939453, 921, 456,240.37501525878906, 84.12500762939453, 961, 336, 15.851207733154297, 253.52755582536653, 13.391479181125193, 281.67268542868635, 20.873184566766074, 235.91193239603413,8.15483068774524, 256.3307474230098, 16.768292989884046, 282.98093343319294, 30.937847064054797, 284.9158987043009,70.16972738497232, 107.33961939383887, 170.8585215797391, 1033.3670480408005, -11.560098254447452, 695.0472332839341, -25.78545432222616, 1033.3670480408005, -11.560098254447452,94.96970946984275, 895.8905824055388, 853.2597033745262, 42.63087903101257, 237.58959707451427,0.0, 0.0, 0.0625, 0.4375, 0.875,18.3125, 26.75, 37.25, 40.0625, 39.75,0.0625, 1.0625, 3.1875, 6.0625, 6.8125, 6.436842441558838,-4.999664306640625, 458.125
1, 225.0, 754, 299, 1114, 659, 0.09795726776123047,0.7929158209357411, 1.743476024158299, 6.314661333640107, 8.420097102464643,-0.000672683770317235, 0.0006484842030681648, 0.001129638905331376, 0.0012933424792663573, 0.002182752267515298,2891.336669921875, 223.59036861369106, 211.12501525878906, 108.62500762939453, 844, 434,221.12501525878906, 78.625, 884, 314, 15.761070251464844, 253.91406257011923, 13.19226248692044, 282.1989233857746, 20.863530226858238, 236.4790017162754,9.241182971662177, 248.84210069625115, 21.37409738860164, 279.05159390557634, 31.731962672674737, 289.71138818094516,77.47252020216659, 125.5058611026376, 250.5760160413328, 1089.2996797223584, -5.183828563558828, 824.3964206985082, -10.56257337194165, 1089.2996797223584, -5.183828563558828,142.42884363595806, 896.561123608607, 878.743918926105, 17.817204682501938, 240.12996906866098,0.0, 0.0, 0.125, 0.5, 0.375,35.375, 49.8125, 65.875, 74.75, 80.375,0.125, 1.9375, 5.0625, 8.5625, 12.625, 5.726316452026367,-6.016510009765625, 643.0625
1, 230.0, 772, 284, 1132, 644, 0.10416522216796875,1.9939691494539147, 3.1763427160214635, 6.896952414049301, 6.551104901770014,0.0001179669953580742, 0.001348304131547593, 0.002221571930749633, 0.0032368136933155255, 0.002278829111626237,2076.909423828125, 208.05972517690324, 215.62501525878906, 104.87500762939453, 862, 419,225.62501525878906, 74.875, 902, 299, 15.920144081115723, 256.9537153168284, 13.161099946667767, 284.833050213698, 21.123149581968807, 240.0147960788584,9.083958176487851, 247.62511125031662, 20.93525188329389, 277.8180480810937, 31.73602064351634, 287.6655279584729,77.56227917542346, 126.107987756759, 253.39184665054498, 1121.8445673581634, -4.797400624595277, 862.741284616955, -10.067374389045511, 1121.8445673581634, -4.797400624595277,147.4610253716033, 896.5203762806599, 879.6913371436573, 16.82903913700261, 241.75584012116005,0.0, 0.0, 0.0, 0.375, 1.375,35.0625, 49.5625, 66.6875, 74.4375, 75.0625,0.0, 1.5625, 4.5, 6.75, 8.875, 6.826315879821777,-5.649810791015625, 616.875
1, 235.0, 861, 309, 1221, 669, 0.1447310485839844,1.2627816259727114, 2.394146193936467, 6.897867008801551, 9.082471760292536,0.0010682681133420146, 0.0018069298201498895, 0.0021065145911143193, 0.00189454141539727, 0.003088156224391696,2792.05615234375, 197.89098420279316, 237.87501525878906, 111.12500762939453, 951, 444,247.87501525878906, 81.12500762939453, 991, 324, 15.758697509765625, 256.8653463293467, 13.174749951018978, 285.14885559674485, 20.8710107125929, 239.4613961615792,7.777226590221874, 260.2077540412058, 16.347708460141504, 285.9083661718388, 30.255863071431474, 287.58370229221623,69.20789769733864, 104.91526717132618, 168.67794429852628, 1174.2442660676836, -13.512943602327443, 781.6890805602965, -29.197144454388294, 1174.2442660676836, -13.512943602327443,96.89899927804643, 895.580758021716, 844.7446482456727, 50.83610977604326, 229.87335091562147,0.0, 0.0, 0.4375, 1.8125, 3.9375,21.9375, 27.375, 31.75, 34.125, 39.1875,0.25, 2.6875, 5.125, 7.6875, 9.375, 8.221052169799805,-5.65228271484375, 526.25
0, 240.0, 812, 268, 1172, 628, 0.12011339569091797,2.3170435809035554, 3.253528724387288, 4.190802512001246, 4.838032820175868,0.002923476889343991, 0.0030861091268172907, 0.0037284553614125603, 0.0016093163194818771, 0.0016716884664151623,1817.5042724609375, 133.36250109029146, 225.62501525878906, 100.87500762939453, 902, 403,235.62501525878906, 70.875, 942, 283, 16.292051315307617, 254.26428735000079, 12.839511143266385, 280.87893906133803, 21.874843890603472, 239.01923550773606,8.735195511257583, 246.55695162639668, 19.989124275823716, 276.43470254773433, 31.76170054875235, 285.6465513605739,69.59353169105879, 110.77667066888355, 216.48495692657633, 1075.1284692438294, -5.095440571743021, 810.8607379006813, -10.53259118462713, 1075.1284692438294, -5.095440571743021,146.9980026797516, 896.3092931602523, 878.2701785940767, 18.039114566175613, 243.5316840728116,0.0, 0.0, 0.125, 2.125, 7.0,25.75, 35.5, 48.375, 58.375, 66.875,0.1875, 3.5625, 7.6875, 12.25, 16.3125, 2.8368425369262695,-6.5224609375, 600.4375
1, 245.0, 885, 298, 1245, 658, 0.15938372802734374,1.3274326927005313, 2.259216912317206, 5.6607398900698165, 7.527674468093319,0.0015870349063892774, 0.0011916348815429955, 0.0007037820623736479, 0.0015025174699451326, 0.003944451428333195,1671.4583740234375, 153.05650750855264, 243.87501525878906, 108.37500762939453, 975, 433,253.87501525878906, 78.375, 1015, 313, 15.900279998779297, 256.8330122138159, 13.383929874280154, 284.8612627390611, 20.952522598124492, 239.3655435802074,7.665629969140891, 262.6758565581682, 16.65509133897758, 287.277204383401, 30.072207672208318, 291.96873838087777,69.46037670312963, 105.23170513785571, 175.69552974891488, 1139.854798397322, -14.83063653648835, 736.6655996449116, -32.30346341899475, 1139.854798397322, -14.83063653648835,91.65682887788434, 895.3246448871298, 838.1811557647837, 57.14348912234607, 230.9063603366227,0.0, 0.0, 0.25, 2.4375, 8.3125,17.4375, 22.1875, 32.1875, 40.4375, 44.9375,0.125, 1.875, 4.375, 7.75, 11.5, 4.447368621826172,-6.0968017578125, 524.1875
0, 250.0, 842, 263, 1202, 623, 0.13441822814941407,1.1998441269621254, 1.8641012651706115, 4.261434167288244, 6.3254445084393955,0.002468676939932381, 0.0031338630014306544, 0.0024554566276538026, 0.0014569286644609747, 0.0013083694164379267,1483.8270263671875, 113.27631870401731, 233.12501525878906, 99.62500762939453, 932, 398,243.12501525878906, 69.625, 972, 278, 16.777742385864258, 254.5571522012326, 12.677085036294804, 279.42272750472955, 22.688693818589147, 240.9687694703408,8.532269016156013, 247.56126264195535, 19.399102639082585, 277.066795574284, 32.19579808584267, 285.98528776227147,66.21965936079917, 104.1505071100845, 198.31401510778943, 1123.6906048926926, -5.712188044007673, 838.0172234144773, -11.387800550269448, 1123.6906048926926, -5.712188044007673,145.6538291657508, 895.9577543172916, 876.0121154648217, 19.94563885246987, 237.30427935307924,0.0, 0.125, 0.75, 2.0625, 4.8125,31.6875, 49.875, 64.25, 74.0, 80.5,0.375, 1.8125, 4.1875, 7.625, 11.6875, 3.268421173095703,-6.520904541015625, 638.375
0, 255.0, 893, 286, 1253, 646, 0.16471841430664064,0.0998400184395723, 0.5354554240591824, 3.5277864405047152, 4.268043181193061,-0.0005438423188479646, -0.0013969360820738075, -0.000699551579814397, 0.002116616806906677, 0.0024323235178962932,1232.5299072265625, 88.2009516020937, 245.87501525878906, 105.37500762939453, 983, 421,255.87501525878906, 75.375, 1023, 301, 16.275915145874023, 256.09009253779357, 13.239790556254327, 283.107068079956, 21.61061800793488, 239.9313207096533,7.755015595972411, 264.7205829692383, 17.960654777225606, 288.5356120964625, 31.25335735811296, 297.2836500835232,71.72756414941875, 109.54440824757393, 199.00233434405575, 1037.9936809523, -17.174711709233833, 623.0387045692012, -35.70977512540826, 1037.9936809523, -17.174711709233833,83.11172310356058, 894.8795294094464, 830.051128713013, 64.82840069643339, 228.26588071057873,0.0, 0.0, 0.3125, 0.625, 1.375,32.5, 38.4375, 48.625, 57.0, 61.75,0.25, 2.9375, 5.9375, 8.3125, 10.5, 3.6473686695098877,-5.18695068359375, 576.75
0, 260.0, 878, 247, 1238, 607, 0.15490745544433593,1.9473870381619782, 2.8989246045285832, 5.735967722694622, 7.18781224647537,0.0009340783767842709, 0.0020462257673625572, 0.002233942186089735, 0.0026513196647283623, 0.0014732592354312147,1480.01220703125, 127.20458950773441, 242.12501525878906, 95.62500762939453, 968, 382,252.12501525878906, 65.625, 1008, 262, 16.633581161499023, 255.4521118881794, 12.807289585469631, 280.9848204669374, 22.401460428748567, 241.18606077539135,7.998558815554289, 253.99289661351952, 18.30836486011842, 282.72410466002214, 31.166747671179067, 292.32750089722185,64.49262694635341, 103.44357405343204, 195.95311404403944, 1020.7419749077709, -8.881259699505767, 681.4566274665631, -17.396484680424628, 1020.7419749077709, -8.881259699505767,116.78707346335786, 895.367698435154, 864.709790880449, 30.657907554705048, 235.77560798505056,0.0, 0.0, 0.0625, 0.3125, 1.375,28.875, 40.875, 57.5, 65.375, 63.3125,0.125, 2.3125, 5.25, 8.25, 9.875, 4.984210968017578,-6.10247802734375, 543.125
0, 265.0, 886, 231, 1246, 591, 0.1600375518798828,1.9544266189355404, 2.8328053838433696, 5.317362089144881, 4.824349969213945,0.001273840849768249, 0.0014657737174729845, 0.0016295970552164362, 0.0016466547730431104, 0.001876384059817724,1346.41650390625, 89.63406376856237, 244.12501525878906, 91.62500762939453, 976, 366,254.12501525878906, 61.625003814697266, 1016, 246, 16.6033878326416, 256.64195816235224, 13.041521112276042, 282.56161451937317, 22.220793464864773, 241.7769394398599,8.21185065752489, 251.09410968825273, 18.536464282747012, 280.8138510133314, 30.805007696764537, 292.02715015865965,67.27402428869178, 108.71928958596648, 207.88758513389405, 1051.6146939433204, -7.2963874363794385, 721.8961268712412, -14.950619406148826, 1051.6146939433204, -7.2963874363794385,124.20712012994368, 895.5121492220911, 869.4157387166345, 26.096410505456674, 233.11098583925943,0.0, 0.0, 0.0, 0.1875, 0.375,27.1875, 37.6875, 51.8125, 58.8125, 58.8125,0.0, 1.375, 3.875, 5.25, 7.375, 4.226316452026367,-5.622039794921875, 481.125
0, 270.0, 897, 242, 1257, 602, 0.16747708129882813,1.076284951895941, 1.9130858443840408, 5.829975958379219, 5.992768066031859,0.000807380534179174, 0.0013958894657980635, 0.001511318417151415, 0.0012493472726919207, 0.0020136294834060212,1828.5826416015625, 134.38687281253632, 246.87501525878906, 94.37500762939453, 987, 377,256.875, 64.375, 1027, 257, 16.468271255493164, 256.88298187778366, 12.98022391109994, 283.1312171863194, 22.05497051709206, 241.7958209172328,7.8451837796193065, 257.51784796113634, 18.18492960953538, 285.9812989317962, 30.788633962587753, 295.5658028657516,66.66738813264139, 106.65478853489797, 202.59105097197002, 1085.542829917912, -10.616830919802121, 712.018948184969, -21.192140005214764, 1085.542829917912, -10.616830919802121,109.27583241447866, 895.0676625166712, 858.0845228869115, 36.98313962975976, 231.9337593088035,0.0, 0.0, 0.0, 0.0, 0.3125,34.4375, 49.0, 62.0625, 67.8125, 69.25,0.0625, 1.6875, 5.0, 7.5625, 8.875, 2.8947367668151855,-5.0560302734375, 622.375
0, 275.0, 919, 222, 1279, 582, 0.18382241821289064,2.2383817536220882, 3.45906435912475, 5.988600683193654, 4.610559802586213,0.0004350159765257901, 0.0018509627132880268, 0.001820004969108595, 0.002272838421408778, 0.002202013235364575,1390.4189453125, 113.49825547333162, 252.37501525878906, 89.37500762939453, 1009, 357,262.375, 59.375003814697266, 1049, 237, 16.933490753173828, 256.9807218848066, 12.972610395216746, 281.79442435123013, 22.752968487914035, 243.13699226402682,7.807366616880924, 256.60571717861615, 17.624137277429785, 285.3024874113236, 30.12780655176511, 295.1139312106419,64.65214665610522, 102.65517638125559, 190.191331022918, 1075.6122959088796, -9.910863227058092, 698.9322766895233, -20.91529191375848, 1075.6122959088796, -9.910863227058092,107.86044874859084, 894.9923749341817, 858.8638195316702, 36.12855540251155, 231.92205721530473,0.0, 0.0, 0.0, 0.0, 0.5,28.125, 36.75, 45.6875, 49.75, 54.5625,0.0, 1.4375, 3.6875, 5.625, 6.875, 2.494736909866333,-4.39019775390625, 468.1875
0, 280.0, 969, 271, 1329, 631, 0.22970729064941406,0.102467821437167, 0.1673998614482116, 1.2267406226065942, 3.1977817970036995,0.001800917855833859, 0.0006790833531829321, 0.001083249585428234, 0.0014284866521165895, 0.0006538610483858065,1688.23779296875, 51.40718024351204, 264.875, 101.62500762939453, 1059, 406,274.875, 71.625, 1099, 286, 16.88701629638672, 257.3236656830329, 13.023129219886888, 282.35769324812964, 22.654816035703096, 243.24513213963962,8.379682948091757, 248.08020675471457, 17.572384916314398, 273.54297803806935, 32.53207891270374, 285.6680801168377,70.55780774492958, 109.14026683828683, 193.9242165295625, 1124.8255913330047, -5.910596132336613, 782.9754125392489, -15.012376122922255, 1124.8255913330047, -5.910596132336613,135.26471432322927, 895.1016227227128, 870.1905992278357, 24.9110234948771, 243.6830172111336,0.0, 0.0, 0.1875, 1.3125, 1.9375,22.8125, 31.625, 38.8125, 42.375, 45.9375,0.1875, 1.375, 3.9375, 5.75, 7.0, 2.026315450668335,-4.2904052734375, 458.6875
0, 285.0, 981, 267, 1341, 627, 0.24287367248535158,0.17162563040226816, 0.2685264656585059, 1.3732563609560018, 2.6509625579637937,0.0010681113340925206, 0.00031820117872655374, 0.0005955707524708487, 0.0015871245367497977, -0.0006200798862960256,1234.6763916015625, 50.746534323824676, 267.875, 100.62500762939453, 1071, 402,277.875, 70.625, 1111, 282, 16.77056312561035, 252.4217891798765, 13.429597828843226, 278.2764389027966, 22.240715992798563, 237.15442438230554,8.38061416072786, 248.70907593197597, 17.670266735850205, 273.64666030967015, 32.60860151129217, 287.92709688292774,70.4324496278598, 107.8075997253373, 188.67160972395533, 1084.955407940429, -6.157310426022319, 712.733889607825, -16.149484064842554, 1084.955407940429, -6.157310426022319,128.90211614176835, 894.9155059165989, 868.5909553565464, 26.324550560052558, 224.06670363251027,0.0, 0.0, 0.6875, 1.625, 2.75,21.875, 29.4375, 38.25, 41.25, 45.5625,0.0, 1.5625, 4.4375, 6.375, 6.75, 1.6631577014923096,-3.913970947265625, 444.0
0, 290.0, 937, 212, 1297, 572, 0.1988216552734375,1.164713907785481, 2.1129298783268315, 4.187537247575819, 3.805819503492676,0.0011201339200897565, 0.0003712131678344122, -0.0004440705682372936, 0.0005285359779372812, 0.0020850972317543893,2098.11572265625, 113.7650235443086, 256.875, 86.87500762939453, 1027, 347,266.875, 56.875003814697266, 1067, 227, 17.112516403198242, 252.20926101366237, 13.613733109431388, 277.3122067935074, 22.64603117666819, 237.43350512014476,7.8848617098441744, 256.6235303119716, 18.060664443392593, 286.2904606143876, 28.987858848542416, 297.8499820487439,63.11304977266165, 98.13712283607498, 180.54174224612245, 1051.7789337600257, -9.626242975920237, 673.677657862942, -20.16525144738777, 1051.7789337600257, -9.626242975920237,109.78273336388445, 894.8591341681224, 859.7244676391306, 35.13466652899183, 235.14613301147176,0.0, 0.0, 1.4375, 2.6875, 3.6875,24.1875, 34.125, 42.375, 49.0625, 55.125,0.0625, 3.0625, 5.6875, 7.1875, 8.25, 2.494736909866333,-5.50335693359375, 599.0625
1, 295.0, 982, 217, 1342, 577, 0.24401353454589844,0.6607395134365652, 1.6766559403279095, 7.29885585773969, 10.341024423618801,0.0011222929465532162, 0.0016351893764658598, 0.0015537443663970407, 0.002703156310151371, 0.00320954699952381,1517.0281982421875, 172.29840740940327, 268.125, 88.12500762939453, 1072, 352,278.125, 58.125003814697266, 1112, 232, 17.311275482177734, 258.24247639056136, 13.106465842100256, 282.03622763482724, 23.239644563970458, 245.09070714082975,7.839728356756647, 259.647528265103, 17.030073219840432, 285.4283131562136, 30.19541399264868, 294.23656609099703,67.4039959584892, 104.32939325882748, 185.6876887172323, 1015.3816630825401, -9.838839456743411, 617.3344602470228, -24.66417628719883, 1015.3816630825401, -9.838839456743411,106.77865212149794, 894.4295293200987, 853.6505995514915, 40.77892976860721, 235.35462912600548,0.0, 0.0, 1.125, 2.6875, 4.0,22.1875, 27.4375, 36.8125, 43.5, 49.875,0.25, 2.625, 5.1875, 7.75, 9.5, 5.984210014343262,-5.869781494140625, 497.1875
1, 300.0, 992, 199, 1352, 559, 0.2557893829345703,2.5722526994557118, 4.038239186191931, 9.07208092572633, 10.575978316692636,0.0009981237797666155, 0.002411507785182039, 0.0031610380895290293, 0.004045691085507315, 0.0023958088757899533,2150.020263671875, 204.49682091655322, 270.625, 83.62500762939453, 1082, 334,280.625, 53.625003814697266, 1122, 214, 17.831987380981445, 255.56121732998116, 13.556661019011148, 278.42036674090446, 23.76292180904857, 242.75707856354967,7.888617988908639, 259.25554370863597, 17.083473213172674, 285.54444003248216, 29.371583459805002, 296.05898350496153,65.87778257280522, 100.54672697341583, 175.7453819419561, 990.3376140360416, -9.323396150540855, 592.5866343140805, -24.23268403488761, 990.3376140360416, -9.323396150540855,103.97390492517302, 894.3476514205261, 854.9946574274564, 39.35299399306962, 238.53482271398323,0.0, 0.0, 0.0625, 1.8125, 4.875,24.625, 33.8125, 41.4375, 48.0, 49.1875,0.1875, 2.25, 4.9375, 8.1875, 10.625, 7.200000286102295,-5.6708984375, 437.875
1, 305.0, 1005, 190, 1365, 550, 0.2721705322265625,2.494077483074507, 3.7076616699650193, 7.943208786278264, 9.712299865982493,0.0016632203527304065, 0.0037093602222876146, 0.0039109721440991055, 0.00353298895697435, 0.003472965912478685,2676.870361328125, 204.12647085554485, 273.875, 81.37500762939453, 1095, 325,283.875, 51.375003814697266, 1135, 205, 17.882436752319336, 256.35365587748606, 13.5101930206676, 278.96273215938106, 23.86499035410641, 243.78344501297025,8.022205627965816, 258.6439002684614, 17.200397141683894, 284.8341686606925, 29.188271695400186, 296.71789185419266,67.58662305920711, 103.82694126349418, 184.16825063420805, 969.532180671841, -8.520067698451166, 566.1343255477424, -23.379592731889446, 969.532180671841, -8.520067698451166,104.2667725373133, 894.2720666530186, 857.5026804362686, 36.76938621674992, 237.83289151286232,0.0, 0.25, 1.375, 2.6875, 4.375,21.625, 29.8125, 41.3125, 43.9375, 46.875,0.3125, 2.5625, 5.6875, 7.5625, 9.125, 6.305263519287109,-5.645355224609375, 419.125
1, 310.0, 1019, 189, 1379, 549, 0.29125930786132814,2.007607789645262, 3.0655501184015876, 7.374888514142951, 8.931937694055959,0.0024469078981551456, 0.003345136924585859, 0.0034450866281895286, 0.003978403553512635, 0.003772943119183765,1809.397216796875, 196.7330173699835, 277.375, 81.12500762939453, 1109, 324,287.375, 51.125003814697266, 1149, 204, 17.899505615234375, 256.975435318389, 13.663242955779776, 279.80109989274786, 23.803369460421614, 244.10936865439578,8.191361415047702, 257.4447922577739, 17.331343785665855, 283.2740578316133, 29.249544550214537, 295.4715735759621,69.33591606133052, 106.56584939238235, 188.3815142941879, 997.0132368984763, -7.446797746953008, 589.1551371755531, -21.211276731752818, 997.0132368984763, -7.446797746953008,111.52920895481186, 894.2184718489526, 861.1842207684663, 33.03425108048634, 235.44108441247707,0.0, 0.0, 0.6875, 1.9375, 2.75,23.375, 32.3125, 42.75, 49.1875, 52.625,0.3125, 3.6875, 6.8125, 8.1875, 8.0, 8.699999809265137,-6.030731201171875, 412.25
1, 315.0, 1034, 185, 1394, 545, 0.3134927673339844,1.5993109396749055, 2.5660268029369764, 6.64384455225663, 8.625530684008265,0.0026669267879634597, 0.0032956161455160787, 0.0028850501301644726, 0.002687688732994502, 0.002885277415848577,2506.896484375, 181.8917946046688, 281.125, 80.125, 1124, 320,291.125, 50.125003814697266, 1164, 200, 17.855741500854492, 257.4372244081735, 14.011505937142108, 280.92891658108636, 23.53364943118228, 243.70829028161967,8.302635228901341, 255.78543878005433, 17.261528175116748, 281.5028121949105, 28.920734472240213, 292.9447724132726,70.13615214734213, 107.53170091457436, 187.18269052529737, 1028.9683052806224, -6.186295439335126, 626.3288664308092, -25.873679293519043, 1028.9683052806224, -6.186295439335126,121.85733817777093, 894.1786763496733, 865.0067073003135, 29.17196904935986, 238.35193107570765,0.0, 0.0, 0.4375, 1.4375, 2.5,20.9375, 31.25, 46.0, 52.875, 54.0,0.375, 4.125, 7.5625, 9.75, 9.5, 6.700000286102295,-6.474212646484375, 449.75
0, 320.0, 1032, 187, 1392, 547, 0.31041760253906253,0.5402994173113257, 1.409380189711228, 5.385878700437024, 5.221625391764101,0.0022176217014202846, 0.002408037994455299, 0.002138904206285588, 0.002117643838428194, 0.0017799412513340939,1382.7305908203125, 141.55861743120016, 280.625, 80.62500762939453, 1122, 322,290.625, 50.625003814697266, 1162, 202, 17.884777069091797, 257.61691302485826, 14.401821730757847, 281.5024206251605, 23.341336968231563, 243.14925533320914,8.432036443678127, 255.00013095004294, 17.860601894493463, 281.492266382832, 28.678191143614573, 292.7120951890069,71.92070001470397, 110.64107369256408, 196.8590208246731, 1022.7090616845255, -5.844238571792358, 635.5636907472716, -23.485281429773572, 1022.7090616845255, -5.844238571792358,129.56873553594593, 894.2535478706611, 867.2690056368444, 26.984542233816683, 241.92127928574186,0.0, 0.0, 0.5, 2.3125, 3.625,27.4375, 40.25, 49.0625, 55.1875, 58.125,0.375, 3.75, 7.625, 10.875, 14.6875, 4.815789699554443,-6.026580810546875, 593.625
1, 325.0, 1060, 183, 1420, 543, 0.3567182006835938,0.7926405440410599, 1.9374086950486527, 6.318123825145304, 8.227685899948703,0.0011796717514494046, 0.0011100392554999417, 0.001746734200728497, 0.0026622070109851843, 0.00332559356585989,1430.2535400390625, 162.38911831158444, 287.625, 79.625, 1150, 318,297.625, 49.625003814697266, 1190, 198, 18.076377868652344, 258.22458129493594, 14.518606068959864, 281.7404832283253, 23.56312712261272, 243.9925526438732,8.475469584788067, 252.77504656374956, 17.24605759798825, 277.6733710140945, 28.846330949200194, 287.99149190642265,70.84712925080947, 107.96930525793428, 184.78679155181527, 1021.226508701346, -4.3956350084440965, 635.6735080542969, -21.47942163598797, 1021.226508701346, -4.3956350084440965,142.28986685518638, 894.0549571168802, 870.8317977071405, 23.223159409739765, 246.40840467402373,0.0, 0.0, 0.4375, 2.3125, 4.875,28.25, 38.8125, 48.5625, 55.25, 57.75,1.0, 4.625, 7.6875, 10.875, 11.6875, 4.173684120178223,-5.948089599609375, 501.875
0, 330.0, 1071, 175, 1431, 535, 0.37687966918945315,0.9441811877204236, 1.8983759138360619, 6.078340366436169, 7.476310849576256,0.001963444238090233, 0.0020025117710520137, 0.0020438397585894564, 0.003203765078609421, 0.0030024258271441795,1364.902099609375, 147.30187537063193, 290.375, 77.625, 1161, 310,300.375, 47.625003814697266, 1201, 190, 18.0867862701416, 257.1947936737731, 14.901422122179724, 281.0641033280326, 23.33905063287887, 242.2219883693375,8.551927695981302, 251.8508809879118, 17.313328396313114, 277.05558040366685, 28.734049319933778, 288.18022369356845,71.61458410921863, 108.81318289850554, 184.21041754490705, 1017.7860375892856, -3.8325654167131784, 627.3450308769993, -20.152779075539833, 1017.7860375892856, -3.8325654167131784,147.05590911279293, 893.9855834251017, 872.6394858955574, 21.346097529544295, 246.22223770511377,0.0, 0.0, 0.3125, 2.125, 3.8125,27.1875, 37.4375, 48.1875, 53.5, 57.6875,0.375, 3.375, 6.5625, 8.5625, 10.3125, 7.805263042449951,-5.352569580078125, 467.375
0, 335.0, 1093, 164, 1453, 524, 0.4205862731933594,1.5449071422722775, 2.283850347988773, 4.547406004080548, 5.78150379584171,0.0025807359939165058, 0.0024681765489344798, 0.0018936323145430835, 0.0023605608375623886, 0.00288348938998297,1512.3837890625, 112.4988353649506, 295.875, 74.875, 1183, 299,305.875, 44.875003814697266, 1223, 179, 18.239553451538086, 257.18303208802234, 14.864533354218617, 280.65267113770324, 23.598903929213233, 242.654693221533,8.509660327369373, 251.45298148762356, 16.858933501341195, 275.78944091646486, 28.497506121094077, 287.4496666599439,70.01236915616944, 105.50026260841088, 175.30148839826307, 1005.1364265500756, -3.0195332184323807, 598.2255467620257, -19.71484937219342, 1005.1364265500756, -3.0195332184323807,150.89165010239714, 893.7463749171044, 874.3154543856988, 19.430920531405604, 245.85111187438562,0.0, 0.125, 0.4375, 1.5625, 2.0625,27.25, 38.3125, 47.75, 50.8125, 53.3125,0.625, 4.4375, 6.5, 8.5, 10.875, 7.700000286102295,-5.221282958984375, 351.25
0, 340.0, 1043, 157, 1403, 517, 0.32776498413085936,0.7406985664705279, 1.4928299219999461, 3.1841813713544975, 2.4900377113721337,0.0019016035446350087, 0.001841309992882998, 0.0011489271964819636, 0.0015007978079449912, 0.001404243250271975,1654.7900390625, 106.99540070624994, 283.375, 73.125, 1133, 292,293.375, 43.125003814697266, 1173, 172, 18.269243240356445, 257.48111520378006, 15.033585974607755, 281.03892983432627, 23.53766643225771, 242.69134534240166,8.640987242764542, 252.78493667766773, 18.19430219860082, 284.1860793311067, 26.431867814329802, 298.67908505171346,70.72955502106663, 114.89311202422053, 208.56131997054638, 1020.4859892240968, -4.171456980987936, 635.9327170884578, -19.244525283443547, 1020.4859892240968, -4.171456980987936,134.80545516143962, 894.332950882761, 874.4963495794574, 19.83660130330361, 234.17665556566052,0.0, 0.0, 0.4375, 1.375, 2.75,39.625, 49.75, 58.5625, 63.75, 71.1875,0.3125, 3.625, 7.9375, 12.375, 15.5, 2.24210524559021,-5.948760986328125, 711.1875
0, 345.0, 1064, 145, 1424, 505, 0.3639186706542969,1.3833017685730011, 2.4110336127341725, 4.795040848311037, 4.151755952970125,0.0008185046945774843, 0.0013411782196908468, 0.0013237091429982683, 0.0012043655402067088, 0.00150688994068787,1781.167236328125, 128.33034525898336, 288.625, 70.125, 1154, 280,298.625, 40.125, 1194, 160, 18.096595764160156, 261.03624232715003, 14.032911604460475, 283.85111935647285, 23.886207590302465, 247.86854107383317,8.777125416467355, 250.55013976237458, 18.017971660954913, 281.9172544133686, 26.43680192080814, 296.62971411200783,69.48069093194277, 115.34089284691045, 218.10387600308422, 1055.2415003613185, -3.205601561384389, 663.6707711506035, -17.24881467045891, 1055.2415003613185, -3.205601561384389,145.57543018453987, 894.2264553255417, 877.0718031684751, 17.154652157066607, 233.6842755023344,0.0, 0.0, 0.625, 1.4375, 2.0625,37.6875, 51.6875, 61.75, 66.25, 71.6875,0.4375, 3.3125, 7.1875, 11.5, 12.9375, 6.436842441558838,-4.842529296875, 639.4375
0, 350.0, 1104, 150, 1464, 510, 0.4440760192871094,1.0807157277187798, 1.8121940927521791, 5.305840736155515, 6.45642352064897,0.001122685757401314, 0.0021431010402329777, 0.0027618694077500548, 0.0023713525290804684, 0.0013048960064816128,1867.5546875, 108.34032371893588, 298.625, 71.375, 1194, 285,308.625, 41.375003814697266, 1234, 165, 18.039958953857422, 260.7771186104181, 14.223500675818164, 284.0298623295772, 23.686962879766458, 247.06394871556813,8.975392781336188, 249.5722069373905, 18.010001747320956, 277.5979930464142, 27.312903225726153, 292.80177557280916,72.30999329596591, 115.70076632331144, 213.32779198237236, 1058.2741598470739, -2.106657969376953, 642.9308831004334, -15.661738136201842, 1058.2741598470739, -2.106657969376953,165.23466724711864, 893.8278285679746, 879.2248929829398, 14.602935585034857, 239.28090868834946,0.0, 0.0, 0.25, 0.8125, 2.4375,32.125, 43.0625, 52.25, 57.75, 63.125,0.25, 3.6875, 6.5, 8.5625, 12.3125, 5.947368621826172,-5.176849365234375, 531.3125
0, 355.0, 1104, 129, 1464, 489, 0.4440760192871094,1.2383429954759777, 2.0980052294733467, 5.76082805681741, 6.3116468561161305,0.0010318841073126352, 0.0018277431189152081, 0.0021322982736481323, 0.001255461655528052, 0.0018474318247467638,1144.88037109375, 128.0439118876489, 298.625, 66.125, 1194, 264,308.625, 36.125, 1234, 144, 18.606369018554688, 259.02734708846583, 14.87448074237246, 281.57836515046824, 24.158720354380893, 245.36947328589827,9.059710716630029, 247.9038376099665, 17.812188375882307, 278.60257726953967, 26.2189941781824, 294.08910230681647,71.59843330271568, 115.58356286479174, 205.96601043727068, 1049.6087844788299, -1.7273099740839806, 640.1592320840781, -14.730163046962149, 1049.6087844788299, -1.7273099740839806,164.29259653864472, 893.9534097587914, 881.8041102273561, 12.149299531435304, 236.7895023223222,0.0, 0.0, 0.6875, 2.25, 5.375,32.5, 45.1875, 56.125, 65.3125, 65.3125,0.25, 3.3125, 6.4375, 8.9375, 12.625, 5.447368621826172,-5.20086669921875, 500.9375
0, 360.0, 1128, 125, 1488, 485, 0.4986370849609375,1.2707969100291667, 2.0125601996941254, 5.644741467945278, 7.131102857512888,0.0011341681409592751, 0.0012980175871598481, 0.0008809901291692766, 0.0010094432693608724, 0.001572426880761668,1256.74267578125, 119.83236671283133, 304.625, 65.125, 1218, 260,314.625, 35.125, 1258, 140, 18.574155807495117, 259.53991180454034, 14.633592442916035, 281.85795625089094, 24.25606148342396, 246.29581298994597,9.125367595042581, 248.38066677630343, 17.657871482491704, 277.65428746555347, 26.177399570763725, 294.5187348659887,72.33719802239536, 116.42647742172771, 209.08193309293253, 982.8250098791518, -1.1623183996152775, 555.3537251350248, -14.836107473609013, 982.8250098791518, -1.1623183996152775,168.29965329572104, 893.6064033605246, 883.8119952309378, 9.794408129586827, 240.51235150419168,0.0, 0.0, 0.0625, 0.25, 3.1875,28.0625, 35.9375, 49.875, 60.8125, 67.5,0.0, 2.0625, 4.0, 6.75, 12.9375, 6.984210014343262,-5.339080810546875, 380.0625