NC_RLTRN_ALL: UH_Thresh: 150.0, u_rad: 5.0, track_on: 240.0 min
Mode, Time, x1, y1, x2, y2, zs_surface, w500m, w1km, w3km, w5km,zvort_suf, zvort500m, zvort1km, zvort3km, zvort5km,UH_Max, UH_Area, UH_X, UH_Y, UHi, UHj,SX, SY, SXi, SYj, meanWnd, meanWnd_dir, rm, rm_dir, lm, lm_dir,shear1km, shear1km_dir, shear3km, shear3km_dir, shear6km, shear6km_dir,srh500m, srh1km, srh3km, sbcape, sbcin, mlcape, mlcin, mucape, mucin,3CAPE, LCL, LFC, LFC-LCL, EL,wA500m, wA1km, wA3km, wA5km, wA8km,zA500m, zA1km, zA3km, zA5km, zA8km,wzA500m, wzA1km, wzA3km, wzA5km, wzA8km, meso_depth, CP_Min, CP_area
bool, min, idx, idx, idx, idx, km,ms^-1, ms^-1, ms^-1, ms^-1,s^-1, s^-1, s^-1, s^-1, s^-1,m^2s^-2, m^2s^-2, km, km, idx, idx,km, km, idx, idx, ms^-1, deg, ms^-1, deg, ms^-1, deg,ms^-1, deg, ms^-1, deg, ms^-1, deg,m^2s^-2, m^2s^-2, m^2s^-2, Jkg^-1, Jkg^-1, Jkg^-1, Jkg^-1, Jkg^-1, Jkg^-1,Jkg^-1, hPa, hPa, hPa, hPa,km^2, km^2, km^2, km^2, km^2,km^2, km^2, km^2, km^2, km^2,km^2, km^2, km^2, km^2, km^2, km, K, km^2
0, 120.0, 1601, 957, 1961, 1317, 0.0,0.3084638491051737, 0.34211542122939137, 0.2883062310316018, -0.07633023718590266,0.00024018868514076531, 0.0003553726399653101, 0.0003350538972563299, 0.00016490522690901344, -7.221446820125265e-05,265.8414001464844, 2.6627678628178684, 422.8750305175781, 273.125, 1691, 1092,432.8750305175781, 243.12501525878906, 1731, 972, 14.057366371154785, 240.27727570348694, 12.89584957732882, 272.22017023842113, 18.4774506707462, 218.6077044999763,8.650918352707192, 223.13784488706708, 15.60380676420747, 255.2301444005323, 23.87809240901719, 257.73616812776663,58.468308974146346, 109.38400669841735, 185.74926999538286, 1049.8444961361627, -5.879619562746973, 913.6691131441254, -14.45471255485826, 1049.8444961361627, -5.879619562746973,75.60746709367069, 890.7457411571655, 865.186070041984, 25.559671115181573, 244.97866560132752,0.0, 0.0, 0.0, 0.0, 0.0,1.5625, 1.125, 1.75, 1.375, 1.5,0.0, 0.0, 0.0, 0.0, 0.0, 1.494736909866333,-1.458038330078125, 0.5625
0, 125.0, 1338, 901, 1698, 1261, 0.5421674194335938,-0.07554415309641628, -0.02840913877938874, 0.263341258247965, 0.13087627444845565,-8.06429544115872e-05, 0.00019734546054564817, 0.00016834706644715424, -4.548420635273942e-05, -0.0001383246762429735,327.2170715332031, 6.1241973612207365, 357.1250305175781, 259.125, 1428, 1036,367.1250305175781, 229.12501525878906, 1468, 916, 14.040887832641602, 240.64154335230208, 13.27498423278571, 272.3555811416663, 18.181524521738368, 218.07117309478252,5.612828394780779, 228.6516926794783, 13.587033701011487, 260.755904042856, 21.071920482727485, 264.7241619883634,52.075305834199625, 88.82272241048094, 163.88468816391443, 944.6710472927745, -3.5139618595205198, 695.927494128461, -25.0862434288955, 988.1290249040186, -0.4886749442331554,121.70153249164993, 884.9709312210542, 868.6774400358207, 16.293491185233506, 244.39300040383938,0.0, 0.0, 0.0, 0.0, 0.0,3.125, 1.9375, 2.3125, 1.6875, 2.0,0.0, 0.0, 0.0, 0.0, 0.0, 2.026315450668335,-0.8336181640625, 0.0
0, 130.0, 1614, 974, 1974, 1334, 0.021111967086791993,0.10384587114662282, 0.15763738785171882, 0.2445297891765949, 0.30713381983048754,-0.00022317333668070205, -9.62674900199545e-05, 4.674469095675704e-05, -1.6870227696017537e-05, 6.943808487960723e-05,226.8328399658203, 4.970385624762294, 426.1250305175781, 277.375, 1704, 1109,436.1250305175781, 247.37501525878906, 1744, 989, 16.208616256713867, 242.31839577467522, 13.783062711950159, 269.78564402421114, 21.165200196950252, 224.83876581862526,8.645105106469522, 221.00708541321154, 16.377033846287496, 252.0662368524423, 24.28349014554732, 258.83354730095596,48.42972116483453, 107.99704200956077, 188.32045372445927, 1032.4909519978212, -3.64218394037402, 908.1947942293782, -11.121907631513746, 1032.4909519978212, -3.64218394037402,94.79300023805469, 891.4051047652792, 873.7289665311853, 17.67613823409397, 244.63003716517423,0.0, 0.0, 0.0, 0.0, 0.0,1.875, 2.3125, 2.375, 2.5625, 1.875,0.0, 0.0, 0.0, 0.0, 0.0, 1.215789556503296,-0.9156494140625, 0.0
0, 135.0, 1634, 978, 1994, 1338, 0.011870984077453614,-0.10558208071102854, -0.1852207338565495, -0.18315835596731633, -0.08123814025428146,-0.00021912335769911807, -3.19953066286871e-05, -0.00017385805232834173, 3.1244528132106096e-05, 5.798969182990277e-05,206.2321014404297, 3.1407576486163014, 431.1250305175781, 278.375, 1724, 1113,441.1250305175781, 248.37501525878906, 1764, 993, 14.053738594055176, 240.37221533295013, 13.258502705016111, 272.0781829287703, 18.21338146355508, 217.8783970563437,9.004356367094557, 218.03528376571734, 16.146371697963268, 251.49321130183492, 23.803075307325354, 258.3910603257658,51.63204166187854, 113.03984228957344, 199.6112817930491, 1040.6193919391753, -3.8878499881595885, 914.588569074411, -13.588021588211936, 1040.6193919391753, -3.8878499881595885,83.77202261171207, 891.4593453758622, 869.0947156391392, 22.364629736723032, 242.35444428208214,0.0, 0.0, 0.0, 0.0, 0.0,1.75, 1.0, 1.625, 2.125, 1.875,0.0, 0.0, 0.0, 0.0, 0.0, 1.278947353363037,-1.078643798828125, 0.125
0, 140.0, 599, 805, 959, 1165, 0.0,-0.07274919167975895, -0.03197693528723903, 0.6968835699267221, 2.4240120562585066,1.2706550583416742e-05, -0.0006572930658995803, -0.0010048905474062053, -0.0006094787499270636, -0.0004420027241195612,309.0549621582031, 19.819258119034235, 172.37501525878906, 235.12501525878906, 689, 940,182.37501525878906, 205.12501525878906, 729, 820, 14.074728012084961, 240.8365315927276, 13.271806997715798, 272.49834237622457, 18.23609195137237, 218.37808104265153,8.525319641208556, 225.0465002694921, 17.78761365441329, 259.477347271743, 24.732652221941915, 263.8666727192033,60.999781966346134, 122.87843712113799, 229.17443584919585, 1039.6284546143613, -7.777005310290651, 862.2468373482437, -17.949461460363526, 1039.6284546143613, -7.777005310290651,57.43964840824203, 892.523328959903, 858.4570347350701, 34.06629422483286, 238.77457419980468,0.0, 0.0, 0.0, 0.0, 0.75,0.75, 6.4375, 18.3125, 30.0, 30.6875,0.0, 0.0, 0.75, 2.375, 5.1875, 0.0,-0.3898445963859558, 0.0
0, 145.0, 537, 883, 897, 1243, 0.0,0.8754644854960498, 1.3335964482079727, 0.945266880800482, -1.355027164135827,0.00013510291182114998, -0.00014256089255923143, 0.0004243567816683935, 0.0001972978047723473, -1.4253262161219027e-05,910.7984008789062, 28.86375013087162, 156.875, 254.62501525878906, 627, 1018,166.87501525878906, 224.62501525878906, 667, 898, 13.754020690917969, 237.1124938911832, 11.724068207756638, 270.14494598850047, 18.798733191825303, 217.2376001133245,26.535347629262024, 232.52981944869816, 36.8363934732171, 283.66412993511267, 25.3426921615548, 261.045039610801,328.3678402000023, 550.3034978274832, 1048.1577553823813, 448.0042187720162, -280.30081065018146, 138.42081805241335, -347.43180677434214, 448.0042187720162, -280.30081065018146,0, 892.4192170127338, 537.3007215768042, 355.1184954359296, 236.1373895838084,0.0, 0.5625, 2.375, 19.0, 36.125,21.4375, 35.6875, 56.0, 76.5625, 92.125,2.0625, 7.5625, 13.25, 21.9375, 27.8125, 3.5315792560577393,-1.720428466796875, 108.5625
0, 150.0, 546, 839, 906, 1199, 0.0,0.8770240266260224, 1.0506657595559954, -0.8072800260037184, -3.4407558482792227,-6.006261835409532e-05, 0.0014631426016694605, 0.0009899217360180045, 5.808879044252535e-05, 0.00036374886540585294,810.2660522460938, 18.45326031167597, 159.125, 243.62501525878906, 636, 974,169.12501525878906, 213.62501525878906, 676, 854, 18.56492805480957, 231.45372314496265, 15.665210667858519, 254.85468565283128, 23.58843389383703, 216.16053938434493,7.036034238742961, 226.43731802980346, 24.02512957171153, 279.82049562120136, 29.32631009182478, 272.5123161526928,103.13892588510144, 133.86596119459512, 347.00850594547074, 1424.9643664725218, -8.369382998592178, 1278.6787949911004, -17.233623645803224, 1424.9643664725218, -8.369382998592178,93.45114879608856, 892.0797831708181, 856.7993634460283, 35.280419724789795, 229.506975871062,0.0, 0.4375, 2.8125, 7.375, 14.8125,20.8125, 29.75, 46.9375, 60.25, 81.4375,0.875, 6.0, 11.4375, 19.1875, 26.125, 4.5,-2.419097900390625, 214.5
0, 155.0, 520, 931, 880, 1291, 0.0,1.4052322701501543, 1.9315571634471416, 0.8044205353735014, -0.4623998361395206,-0.0015983204420763285, -0.000754030984317069, -0.00019278316124200502, 6.193707727106812e-06, -0.0002848367002712848,961.0686645507812, 51.022115116228086, 152.625, 266.625, 610, 1066,162.62501525878906, 236.62501525878906, 650, 946, 15.948164939880371, 222.98641959316788, 10.143582176694784, 244.50762927972428, 22.766107341397873, 213.57919665276006,25.543099179771623, 254.8656445252854, 25.444587484968917, 283.9693301079855, 29.986772469749624, 270.0841702423749,301.60261972021124, 419.9739252753942, 562.6238462465019, 127.98840207791689, -242.41287599646188, 66.36514957408546, -235.7864730621526, 127.98840207791689, -242.41287599646188,0, 868.4945110433355, 598.5587063716483, 269.93580467168715, 327.0110919703129,0.0, 0.0, 0.0625, 2.0, 7.9375,37.6875, 55.9375, 75.25, 95.0625, 112.5625,0.75, 3.75, 6.3125, 9.5, 13.25, 3.75789475440979,-2.966322183609009, 262.1875
0, 160.0, 532, 935, 892, 1295, 0.0,0.8550397520884871, 1.0552855666191316, 0.22864201676333323, -1.34944554889109,-0.0018653258702943276, -0.00048056252515380035, 0.00027491781198477836, 2.1345569549566716e-05, -0.0009289651330101378,588.7459716796875, 27.288400855138903, 155.625, 267.625, 622, 1070,165.62501525878906, 237.62501525878906, 662, 950, 16.493471145629883, 238.0985819620363, 12.440621771951422, 263.5490875884302, 22.400894909315053, 224.29129526710747,21.837228868297956, 247.54025298006837, 25.302051379011665, 297.26108313850546, 30.234448711701006, 282.814249496688,342.678815746025, 592.3594685995764, 793.1887526613583, 636.2446665701814, -21.203402559457736, 410.81094894090165, -27.812584495232855, 636.2446665701814, -21.203402559457736,36.93935167659421, 902.1862686636996, 844.0421547897126, 58.14411387398695, 260.2702337115477,0.0, 0.0, 0.1875, 0.9375, 1.8125,42.625, 62.6875, 87.875, 105.625, 117.3125,0.125, 2.75, 5.75, 8.375, 9.8125, 4.052631855010986,-3.22393798828125, 290.9375
0, 165.0, 635, 841, 995, 1201, 0.0,0.21747203957522288, 0.5213150873228733, 2.5903777510486545, 3.559727046309272,-0.00010335591283492817, -0.0006423742714730451, -0.0007639084228139837, 0.0005911395042767254, 0.0012187451402849094,382.0115966796875, 36.14417590249257, 181.37501525878906, 244.12501525878906, 725, 976,191.37501525878906, 214.12501525878906, 765, 856, 18.193931579589844, 230.45229446923372, 11.135452517671657, 240.67143508811162, 25.505686586328864, 226.00991392257427,10.182783386690378, 237.4952167111357, 19.736535579308093, 270.5857656746423, 28.788365634091228, 274.9923578403244,64.38561245882764, 117.07567361467255, 203.27986880939855, 881.1426673228831, -43.92815685528204, 611.3261707085408, -74.15855541693023, 881.1426673228831, -43.92815685528204,15.278640389130343, 892.2236429900286, 780.0098006907021, 112.21384229932642, 240.49117267772036,0.0, 0.0, 0.0, 0.0, 0.0,8.5625, 8.9375, 15.75, 19.875, 21.0625,0.0, 0.0, 1.0, 2.375, 2.1875, 3.9052629470825195,-3.26470947265625, 406.1875
0, 170.0, 652, 841, 1012, 1201, 0.0,0.571632975343382, 1.1056130269239657, 3.4315959324920553, 3.7873857608088293,-2.3140596964594807e-05, -0.0002599222159278725, -0.00011426706390921026, 0.00021315566066277826, 0.00154830354936621,448.8597412109375, 52.46521775683456, 185.62501525878906, 244.12501525878906, 742, 976,195.62501525878906, 214.12501525878906, 782, 856, 16.656112670898438, 232.5946516042999, 11.456187114030335, 255.15767080355982, 23.154004704671408, 221.6507648464027,9.993793337805856, 238.62207498078274, 20.330724069896224, 272.7811250776678, 28.28062079397678, 279.7178925194894,78.48338898451486, 147.3035710745333, 276.84567130666824, 800.1142532056698, -41.76452656223829, 535.1162747486245, -76.8278283827121, 800.1142532056698, -41.76452656223829,7.624727559919315, 892.1658526182135, 775.228280350707, 116.93757226750654, 241.13301474473684,0.0, 0.0, 0.0, 0.0, 0.0,3.0625, 7.375, 13.75, 17.375, 18.6875,0.0, 0.0, 0.0, 0.0, 0.375, 1.4105260372161865,-3.598785400390625, 497.125
0, 175.0, 676, 833, 1036, 1193, 0.0,1.0223379656131146, 1.6332079912006157, 3.7350333751062856, 2.9387058726267425,6.95190907769927e-05, 0.00045742011612162517, 0.0008496499597367801, 0.0016133565766631363, 0.0015274585886629664,678.1450805664062, 67.94389430290279, 191.62501525878906, 242.12501525878906, 766, 968,201.62501525878906, 212.12501525878906, 806, 848, 17.065223693847656, 234.1275236389692, 11.755502591473014, 255.68160225666855, 23.595589563395926, 223.58115431406105,9.64384079017687, 237.43654538616528, 20.325034509305713, 271.7471027392196, 27.826024940300027, 280.1362825872877,70.86146522983815, 137.7032656966713, 270.95672196263826, 786.2939503195382, -31.936683185129194, 544.0596124991146, -57.517060287192926, 786.2939503195382, -31.936683185129194,15.408015151423143, 892.1252918531212, 780.7404521780164, 111.38483967510479, 241.31946185619057,0.0, 0.0, 0.0, 0.0, 0.0,2.25, 6.4375, 9.6875, 9.8125, 9.4375,0.0, 0.0, 0.0, 0.0625, 0.0, 3.6473686695098877,-3.7952880859375, 450.625
0, 180.0, 688, 839, 1048, 1199, 0.0,1.0646500208665384, 1.6971546156401747, 3.889465194954538, 2.531965974802733,-5.6356185036072755e-05, 0.0005061853879612954, 0.0008422907989552186, 0.001671929818355693, 0.0014212148015099047,871.9188842773438, 77.51352553622951, 194.62501525878906, 243.62501525878906, 778, 974,204.62501525878906, 213.62501525878906, 818, 854, 16.791339874267578, 235.27446266477608, 11.831059738163132, 258.2968519276112, 23.16083404429028, 223.75049189913446,9.91252471377602, 239.44243534161464, 21.238679286362352, 274.0194247138128, 27.659806432770175, 282.1333069571944,74.97399566096165, 147.59926773210785, 298.08883809986844, 840.4897613099721, -34.01572648603942, 593.842400375398, -60.71313787363233, 840.4897613099721, -34.01572648603942,13.050949140107306, 892.0544358969046, 778.6373984882716, 113.41703740863295, 239.4100114982582,0.0, 0.0, 0.0, 0.0, 0.125,3.1875, 7.625, 9.75, 13.875, 13.375,0.0, 0.0, 0.125, 0.1875, 0.25, 4.226316452026367,-4.7275390625, 485.6875
0, 185.0, 699, 844, 1059, 1204, 0.0,1.1480649716401239, 1.85110179420677, 4.651153960726224, 3.181106783091964,-0.00014440189594040477, 0.0005318806610972614, 0.0007011377107073713, 0.0012319300256831412, 0.0011806055825144312,988.1671752929688, 82.96982162721082, 197.37501525878906, 244.87501525878906, 789, 979,207.37501525878906, 214.87501525878906, 829, 859, 16.646085739135742, 236.3119000978093, 11.887779039789693, 260.09471440528637, 22.920841862138737, 224.2390953014182,10.082421815958865, 239.51580523367892, 21.766437025745876, 274.2517057871066, 27.255800769531472, 280.5145931050364,74.32896756385173, 149.59810845150258, 305.07880719623154, 913.8951493444246, -29.506904007131812, 679.1656872301875, -53.471137556214266, 913.8951493444246, -29.506904007131812,19.20048772645862, 891.9860650012, 785.0011920353047, 106.9848729658953, 239.5453240624752,0.0, 0.0, 0.0, 0.0, 0.0,2.9375, 6.375, 9.5625, 12.375, 12.5,0.0, 0.0, 0.0, 0.0, 0.0, 1.6631577014923096,-5.31988525390625, 515.5
0, 190.0, 723, 844, 1083, 1204, 0.0011527757644653322,1.5024344343564013, 2.3724618873267893, 6.026976063568147, 4.66973235760117,4.147580001657047e-05, 0.0005477575275017444, 0.0011038663088243084, 0.002879291059921343, 0.00185129580059197,897.4263916015625, 120.04386408600841, 203.37501525878906, 244.87501525878906, 813, 979,213.37501525878906, 214.87501525878906, 853, 859, 16.441680908203125, 236.66607272703118, 12.058940527104433, 261.62810482891064, 22.533078750993248, 223.61323481547828,9.962105041172123, 237.3765490044959, 21.581746665101218, 271.5016257404493, 27.230192040429603, 277.0129053817326,70.24994621945638, 145.74564609793018, 297.38530393017976, 952.8693001663055, -18.87967227011779, 747.0477048465981, -39.110008330134455, 952.8693001663055, -18.87967227011779,26.9660343146879, 891.8543888829314, 797.3568117859395, 94.4975770969919, 241.10555314034428,0.0, 0.0, 0.0, 0.0, 0.0,0.1875, 0.5, 1.6875, 3.625, 6.875,0.0, 0.0, 0.0, 0.0, 0.0, 1.494736909866333,-5.514556884765625, 447.625
0, 195.0, 738, 853, 1098, 1213, 0.004607156753540039,1.3108869239583147, 2.131185804416891, 6.196245664891322, 6.3665609980816935,1.9735603452204486e-05, 0.0005052911649545422, 0.001018469436335181, 0.002456657922230079, 0.002414586888667145,1067.040283203125, 133.61485682905018, 207.12501525878906, 247.12501525878906, 828, 988,217.12501525878906, 217.12501525878906, 868, 868, 16.22059440612793, 235.97877811160947, 12.181905027171778, 261.95986885219065, 22.143091842032938, 222.03294420082707,10.160274596483653, 237.5633136971607, 22.05593503287992, 271.40772429974, 27.47006289156029, 274.7522083891067,72.64563900464705, 149.51315395316215, 305.8135967677137, 918.6601747582149, -17.66672828147452, 718.8555208685718, -37.0045385775029, 918.6601747582149, -17.66672828147452,30.473334105637132, 891.6144169575065, 801.0180358408163, 90.59638111669017, 244.42994177563756,0.0, 0.0, 0.0, 0.0, 0.0,0.375, 0.5, 1.9375, 4.6875, 6.25,0.0, 0.0, 0.0, 0.0, 0.0, 5.3263163566589355,-5.1566162109375, 498.75
0, 200.0, 750, 856, 1110, 1216, 0.00916133213043213,1.1407657925621606, 2.0395218626153655, 7.009977803928778, 6.643802862900776,0.00021657800217269595, 0.000573618633809474, 0.0008454083109836574, 0.0026582311460924754, 0.00306312332642392,793.5003051757812, 129.7548963292718, 210.12501525878906, 247.87501525878906, 840, 991,220.12501525878906, 217.87501525878906, 880, 871, 16.48832893371582, 235.70843922426036, 12.570730863034704, 261.37488921186423, 22.320544924952024, 221.58948135045253,10.333699283635442, 238.449134590998, 22.260315409079134, 271.8759884088577, 27.752151283665103, 274.09129196425965,73.14104152529569, 151.96029625832466, 304.23786659080133, 888.6212750872345, -16.827152980571046, 690.8005857748133, -35.829733000364676, 888.6212750872345, -16.827152980571046,33.80231963402551, 891.4443555398204, 803.8325571376097, 87.61179840221075, 244.78124980140964,0.0, 0.0, 0.0, 0.0, 0.0,0.5, 0.8125, 2.4375, 4.125, 5.375,0.0, 0.0, 0.0, 0.0, 0.125, 5.984210014343262,-4.8497314453125, 531.5
0, 205.0, 718, 831, 1078, 1191, 0.0,0.5414239562686999, 0.91412334941444, 1.7353099295269931, 1.5295810794581481,-6.08539504548844e-05, -8.80907315274726e-05, 0.00015726547975418724, 0.0010116791448416507, 0.0002415632308725435,720.0216674804688, 41.02381931730834, 202.12501525878906, 241.62501525878906, 808, 966,212.12501525878906, 211.62501525878906, 848, 846, 16.552478790283203, 235.61171008523465, 12.664319666565605, 261.20391436895306, 22.36255960079551, 221.45184159279015,9.892684514484772, 240.87461672753957, 20.362548862284942, 275.5907780342659, 25.837995183104198, 276.40693099856907,65.96285014497221, 136.3306723789064, 255.40201397997347, 935.1807769691909, -19.8324507011406, 725.7951632107414, -38.98284817099764, 935.1807769691909, -19.8324507011406,35.039752172347406, 891.688090555229, 803.8481341792173, 87.83995637601174, 243.2247687382009,0.0, 0.0, 0.0, 0.0, 0.0,1.9375, 3.9375, 4.625, 7.875, 9.4375,0.0, 0.0, 0.0, 0.0, 0.0625, 2.24210524559021,-5.206329345703125, 594.125
0, 210.0, 768, 838, 1128, 1198, 0.03229085922241211,1.7724483731167855, 3.1134496280783783, 6.531756229801104, 5.386339513990097,0.00011554699486552523, 0.00044235446727270756, 0.0011117462545371382, 0.003493271205270502, 0.0028329204446572473,1138.4281005859375, 142.73529536327894, 214.62501525878906, 243.37501525878906, 858, 973,224.62501525878906, 213.37501525878906, 898, 853, 16.033784866333008, 238.1888907232422, 12.264307449716458, 264.9230568416791, 21.823181855133445, 223.54503032806014,10.098288139160863, 237.78769907177397, 21.315234426656, 271.16917311278814, 27.121737688742808, 273.802812094475,69.9438196251799, 148.2148402750295, 297.08029840085715, 887.0204177727813, -11.587563893451888, 697.0723859701174, -28.531555134798513, 887.0204177727813, -11.587563893451888,40.8017333359686, 891.0698864684628, 818.0419896204226, 73.0278968480402, 245.08112827320113,0.0, 0.0, 0.0, 0.0, 0.0,3.125, 3.1875, 4.375, 5.875, 9.625,0.0, 0.0, 0.25, 0.6875, 1.5, 2.8368425369262695,-5.74859619140625, 460.875
0, 215.0, 775, 840, 1135, 1200, 0.0417589225769043,1.219870985200396, 2.2078072057582903, 5.966737486300991, 6.720059655045625,5.326897885652216e-05, 0.0003791433533660893, 0.0003825549036628217, 0.00249505005156152, 0.0022287140788421313,835.6689453125, 127.93709546415178, 216.37501525878906, 243.87501525878906, 865, 975,226.37501525878906, 213.87501525878906, 905, 855, 16.32942771911621, 236.10347004509723, 12.551122548757828, 262.2591359983693, 22.096826394126257, 221.6032708457203,10.332620999443483, 239.07184293762808, 21.552278066762522, 271.7092634912177, 27.572698552311653, 274.39832262783005,70.55229603734782, 148.44347536613847, 288.4771842719267, 873.8446347845972, -11.022539699987748, 681.635572392684, -27.852622356237767, 873.8446347845972, -11.022539699987748,43.3736233159763, 890.8460804634981, 824.3503261291067, 66.49575433439134, 244.81357704049586,0.0, 0.0, 0.0, 0.0, 1.3125,4.0, 4.9375, 6.75, 9.25, 12.0625,0.0, 0.375, 0.9375, 1.8125, 2.1875, 3.6210529804229736,-6.15283203125, 505.4375
1, 220.0, 811, 849, 1171, 1209, 0.06584246826171875,2.1783019284124028, 3.584372840715806, 7.426112975417636, 7.348438691957853,0.0010985008337650014, 0.0014291726494820977, 0.0025500150389143527, 0.0044031904384655715, 0.0026401677208821184,1344.309326171875, 213.07951636491046, 225.37501525878906, 246.12501525878906, 901, 984,235.37501525878906, 216.12501525878906, 941, 864, 16.564517974853516, 235.9609103367407, 12.602401622307182, 261.4227764487729, 22.415308243601316, 221.97369236534408,11.12509986527946, 237.92099704361596, 22.98953753841668, 268.0478003403833, 29.6403535521425, 273.6794452176862,79.54482769044529, 165.66979044636963, 321.36507872968065, 836.1631075207175, -8.963594325656713, 638.147804272463, -23.514712346005496, 836.1631075207175, -8.963594325656713,48.830958082834734, 890.5092395879391, 844.3693014589373, 46.139938129001735, 244.6611213414451,0.0, 0.0, 0.0, 0.875, 2.8125,5.625, 5.375, 6.1875, 9.9375, 13.375,0.375, 1.25, 2.0, 2.3125, 2.4375, 3.6473686695098877,-5.7357177734375, 437.3125
1, 225.0, 827, 848, 1187, 1208, 0.0684372329711914,2.4342084988813446, 3.9772072981638487, 7.739279497779207, 8.139328536754475,0.0014337500198848831, 0.0023661043364199942, 0.0034091491515664527, 0.004776569730579468, 0.002795467201543148,2008.0745849609375, 279.9164788928875, 229.37501525878906, 245.87501525878906, 917, 983,239.37501525878906, 215.87501525878906, 957, 863, 16.813459396362305, 234.00191646013266, 12.575633461730135, 258.5721509336745, 22.79776808110139, 220.74210279940135,11.177843914763798, 236.8832181011242, 23.06761664986633, 267.16732065447695, 29.87475947849295, 274.47484806729085,72.09730155496567, 161.84832213920927, 315.2564317585762, 813.1287862687262, -7.288636236365666, 629.0136589234689, -21.381500365240917, 813.1287862687262, -7.288636236365666,51.18086236416966, 890.4972388470861, 848.6377714455342, 41.85946740155191, 244.4892455204468,0.0, 0.0, 0.0, 0.25, 2.75,7.0, 7.8125, 9.8125, 12.8125, 14.5,0.125, 0.9375, 1.8125, 1.9375, 2.25, 5.226316452026367,-5.538360595703125, 418.4375
1, 230.0, 840, 845, 1200, 1205, 0.08525471496582031,2.3262128951330663, 3.7949866012900024, 7.384510130935815, 7.653166890246793,0.0016278518773253836, 0.002582425061154936, 0.003194075277115189, 0.004205657901461564, 0.0038892791430885153,1518.744384765625, 247.9945430026545, 232.62501525878906, 245.12501525878906, 930, 980,242.62501525878906, 215.12501525878906, 970, 860, 16.86321449279785, 233.9355133610218, 12.64654874471975, 258.456927191147, 22.83201225247027, 220.64519823197688,11.341203479389097, 237.3173039436352, 23.42849327581946, 267.2412369616748, 30.257926575504744, 275.1408598132588,77.16237922570261, 165.09691583833242, 321.58526068501743, 800.209181215361, -6.6160836947727475, 614.4476071601769, -20.74494689642672, 800.209181215361, -6.6160836947727475,51.69569410443206, 890.1025880915097, 851.4712144930406, 38.631373598469054, 244.93152506175082,0.0, 0.0, 0.0, 0.5, 4.6875,7.875, 12.5625, 16.8125, 19.625, 22.6875,0.0, 0.5625, 1.8125, 4.3125, 6.25, 8.22631549835205,-4.975921630859375, 406.1875
0, 235.0, 826, 855, 1186, 1215, 0.09602729034423828,-0.22190352811827324, 0.02906338747125119, 3.3090764011011924, 3.637112225428573,0.0006832184619554482, 0.0004989289632521831, -0.00021234446113567175, 0.00046983038755911373, 0.0014326743348522086,1939.32470703125, 79.63106221568195, 229.12501525878906, 247.62501525878906, 916, 990,239.12501525878906, 217.62501525878906, 956, 870, 16.8106689453125, 234.04269268947763, 12.673654143114954, 258.7909054386797, 22.739297520505406, 220.5499303276918,11.394682457458655, 241.17778150403976, 23.79133788803108, 271.2509714582882, 29.837909328695474, 278.49007039353125,70.6440773242801, 163.7828722985588, 327.5192649112117, 808.9417209531442, -6.128698469208636, 619.022882264267, -20.190580955815282, 808.9417209531442, -6.128698469208636,52.798466340569966, 890.3157642829501, 855.2691282239158, 35.04663605903431, 245.02612225392346,0.0, 0.0, 0.0, 0.5625, 3.5,12.0625, 17.375, 23.8125, 27.1875, 27.6875,0.125, 0.875, 1.5, 3.125, 4.6875, 4.5,-5.369319438934326, 641.5
1, 240.0, 864, 841, 1224, 1201, 0.1448611297607422,2.152068401167635, 3.348403845364227, 4.89417502740398, 4.143097524382174,0.0021158044998730936, 0.0027631815847087193, 0.0030400533760939655, 0.0029539099984253877, 0.0017901569265552553,1957.0067138671875, 212.41287168981694, 238.62501525878906, 244.12501525878906, 954, 976,248.62501525878906, 214.12501525878906, 994, 856, 16.9468936920166, 236.19611473099926, 12.846722958951426, 260.77012540577715, 22.844169238547007, 222.6711452881933,11.489983171781983, 236.66145551915224, 23.667124458675694, 265.8221695389563, 30.31417612623732, 273.65310800824665,73.10939235453351, 164.733506765457, 325.6287918574929, 825.2596366169867, -2.982900135764816, 651.4320829861881, -14.645187444789299, 825.2596366169867, -2.982900135764816,69.84709451633503, 889.3545637219105, 868.1806115496141, 21.173952172296367, 246.36794717439773,0.0, 0.0, 0.4375, 2.4375, 6.4375,17.8125, 23.5625, 29.5, 32.375, 34.3125,1.1875, 4.1875, 6.75, 9.3125, 10.8125, 4.742105007171631,-5.584930419921875, 407.125
1, 245.0, 884, 847, 1244, 1207, 0.18781732177734375,2.2780645663628825, 3.764278453806182, 6.33599003664218, 4.872320425934159,0.0017409200146653349, 0.0029754423915733246, 0.0036986136576092573, 0.00360659746042529, 0.0020046521338383627,2176.2353515625, 222.55203539930153, 243.62501525878906, 245.62501525878906, 974, 982,253.62501525878906, 215.62501525878906, 1014, 862, 16.590618133544922, 235.48690886872015, 13.019367748656668, 261.41884468540525, 22.21470750195444, 220.6368501569849,12.008227809476791, 234.30252674588328, 24.29795853429977, 263.0266004324268, 30.854047425597507, 271.3573038432869,90.30190421620802, 181.08671165656608, 347.0746493760511, 815.1244497239893, -2.985444884476167, 627.5136440214869, -13.4456380903996, 815.1244497239893, -2.985444884476167,83.38539025429083, 888.3732544483354, 870.0811874341227, 18.29206701421265, 250.4626572604744,0.0, 0.0, 0.25, 3.6875, 7.5625,20.375, 26.0, 32.1875, 38.4375, 40.8125,0.1875, 3.5625, 5.625, 9.75, 14.0, 3.3157896995544434,-5.66961669921875, 403.1875
1, 250.0, 894, 859, 1254, 1219, 0.3036322021484375,1.5843369184900076, 2.9941795966681095, 8.409286570376716, 7.169395329607651,0.0020520003912224637, 0.002884993445264854, 0.0033607456156823914, 0.004171556347855585, 0.0015657016956902225,2169.8662109375, 217.54469917167023, 246.12501525878906, 248.62501525878906, 984, 994,256.125, 218.62501525878906, 1024, 874, 16.6697940826416, 235.7414836794649, 13.41701258974267, 261.85758918172144, 22.096330346150413, 220.2386011326002,12.3795590379917, 234.84160625631569, 24.792144787376543, 262.217414261077, 31.076940587012473, 269.4213104013378,94.36696794846932, 183.3977433642791, 345.61091102303453, 858.3072158789935, -1.626700909367475, 628.0211395853346, -11.33910676609958, 858.3072158789935, -1.626700909367475,116.14450347528859, 888.5507817191533, 878.22145071314, 10.329331006013263, 251.6253855633131,0.0, 0.0625, 3.125, 6.5, 9.0,19.1875, 23.6875, 32.9375, 40.3125, 44.875,1.0, 4.125, 6.6875, 8.75, 10.75, 5.457895278930664,-6.275238037109375, 490.9375
1, 255.0, 906, 859, 1266, 1219, 0.41722463989257813,1.6764001366589218, 2.836983607086586, 7.602884732566309, 6.3526594330416986,0.001946381325819857, 0.0029110154567933933, 0.0032015841656789236, 0.002784471666736863, 0.002053280727282072,1573.0916748046875, 195.74853329532846, 249.12501525878906, 248.62501525878906, 996, 994,259.125, 218.62501525878906, 1036, 874, 16.976438522338867, 236.62951755459326, 14.018203055652283, 262.44465762010975, 22.189838106849407, 220.66137017562298,10.960523536004672, 235.85409983850005, 24.05976653765795, 263.0477057169621, 30.31424451543877, 268.9257118751617,57.342660761170606, 144.7710717007594, 302.3448132477126, 879.4333933273223, -1.1166195914506065, 698.1276540513777, -11.436415688680878, 880.3104513862216, -1.116360362275688,136.71765345929637, 887.0600911069331, 871.5627182643607, 15.497372842572418, 252.64337326911698,0.0, 0.0, 4.25, 7.625, 10.4375,23.5625, 31.375, 38.3125, 42.75, 50.4375,1.1875, 6.375, 10.375, 12.5625, 15.8125, 3.299999952316284,-6.899169921875, 511.1875
0, 260.0, 937, 851, 1297, 1211, 0.16844960021972658,2.402260073467769, 3.880662389225909, 5.599346430741136, 3.768665802695322,0.0037278773047630417, 0.0036073718827151426, 0.004385853427747861, 0.004004436168564209, 0.0025192380857123452,1837.857177734375, 144.44398780156163, 256.875, 246.62501525878906, 1027, 986,266.875, 216.62501525878906, 1067, 866, 16.978120803833008, 238.42277006080175, 14.489955780373698, 264.49260307051526, 21.887308940579892, 221.5086459174212,11.748014887565581, 237.9679067828356, 23.816406936147278, 259.3526553382552, 30.99103834306612, 265.6754707359628,106.60578725424145, 167.12098829764946, 301.7449348614181, 882.3857987875352, -6.68033719771371, 683.5849839050295, -12.004335604977532, 882.3857987875352, -6.68033719771371,109.79869475505804, 886.1038600417269, 865.1549723665998, 20.948887675127025, 254.00455648413103,0.0, 0.3125, 1.4375, 4.9375, 8.75,27.625, 29.375, 33.75, 38.875, 43.3125,1.875, 5.0, 6.875, 9.1875, 13.0, 5.436842441558838,-5.70904541015625, 344.8125
0, 265.0, 933, 865, 1293, 1225, 0.23378619384765625,0.0700179268233478, 0.6846351206558756, 5.721266387521754, 5.620564299828839,0.0036006876893895875, 0.003223921801895813, 0.0022283812970090365, 0.001670691741214796, 0.0015129713520900623,1709.0186767578125, 133.412663961307, 255.87501525878906, 250.12501525878906, 1023, 1000,265.875, 220.12501525878906, 1063, 880, 16.298892974853516, 235.99370890513512, 13.638097740995745, 263.19590849880393, 21.396498895274316, 219.05339625288346,11.642607758050506, 237.47907014393778, 24.633119015043775, 259.5424116537765, 31.254750452496957, 266.0444648756835,92.3322590468276, 157.62529090343884, 309.4399843464992, 875.5241405173412, -2.9989873936566767, 731.8047957491954, -10.292613496246789, 875.5241405173412, -2.9989873936566767,127.16206339152605, 886.1908226012507, 875.1428603864715, 11.047962214779204, 251.6928037737013,0.0, 0.0, 0.125, 2.1875, 6.125,31.3125, 36.5, 44.9375, 51.9375, 55.0,0.5, 3.4375, 5.375, 8.3125, 12.4375, 4.642105579376221,-5.38177490234375, 464.875
1, 270.0, 958, 872, 1318, 1232, 0.27999658203125,0.10677867973805409, 0.8013925906911027, 5.84940807602834, 7.837857680614107,0.0024617385555006878, 0.002652541469560674, 0.002581828500465235, 0.0026617454488814473, 0.0014891129217994602,1928.57177734375, 183.74680388532576, 262.125, 251.87501525878906, 1048, 1007,272.125, 221.87501525878906, 1088, 887, 16.4912166595459, 236.87483062882345, 13.855987831915789, 263.73507173068805, 21.55068438100985, 219.98728323424538,10.631700468619607, 237.83365258450982, 23.907658573778654, 259.6939598910808, 31.132895035065633, 268.2774313002791,72.12568797813714, 139.87432995031696, 295.3239122070939, 839.4842898348327, -6.487700155635821, 645.4291302699351, -8.182924869105502, 839.4842898348327, -6.487700155635821,130.7734432181685, 882.6582739367121, 863.1200142393309, 19.53825969738125, 252.70705292294542,0.0625, 0.1875, 1.125, 2.125, 4.8125,27.8125, 37.8125, 45.75, 48.5625, 50.9375,1.3125, 4.0625, 6.8125, 10.3125, 12.3125, 7.98421049118042,-4.074981689453125, 352.0
1, 275.0, 986, 852, 1346, 1212, 0.5091376342773437,1.8740090796968434, 2.9847906353377036, 5.522736017430434, 5.662978814106901,0.0013928083961593529, 0.0017098925208301808, 0.0022025063480668903, 0.002320529485176621, 0.0011584324211071362,1307.2718505859375, 152.9451659871073, 269.125, 246.87501525878906, 1076, 987,279.125, 216.87501525878906, 1116, 867, 16.77450942993164, 235.8602196879964, 13.638783618963537, 261.8912360048886, 22.1190389911032, 220.1600529315772,13.061309835834143, 241.84586962751538, 22.558809802121218, 263.07069613370834, 30.426583484753028, 267.30339168312196,128.7921900654447, 183.9792831601626, 273.1079696946078, 770.8016634995397, -15.765132171060712, 360.63652689151735, -45.175181362461586, 770.8016634995397, -15.765132171060712,86.47917097245839, 872.6905647526379, 808.1099907839921, 64.58057396864581, 261.30460093234,0.0, 0.0, 0.375, 1.6875, 3.125,24.0625, 30.75, 37.875, 45.5, 50.0625,0.5625, 2.8125, 4.5625, 6.5, 11.0, 2.6894733905792236,-4.00787353515625, 201.6875
1, 280.0, 996, 851, 1356, 1211, 0.636912353515625,2.033290008206386, 3.136354506973877, 5.775202880701981, 6.167958834224846,0.001836695739239076, 0.0011469516497186305, 0.0012684372135709054, 0.0025741511760497813, 0.0026922976548326,1511.00927734375, 192.73748851422843, 271.625, 246.62501525878906, 1086, 986,281.625, 216.62501525878906, 1126, 866, 17.79328155517578, 238.2119357815018, 14.380805288220865, 262.3110459227581, 23.21409331321403, 223.56002339492878,13.220928108424014, 234.95475517010613, 22.313446388881303, 260.68359966030226, 29.827018954405766, 265.7723774599069,132.29796354358837, 197.98446669106735, 294.87759966337484, 834.4729869810797, -4.886030682756464, 385.38202354128066, -28.6564589924868, 834.4729869810797, -4.886030682756464,111.70111358898448, 881.116131058318, 851.7666165467674, 29.349514511550638, 254.27035780626764,0.0, 0.0, 0.375, 1.3125, 3.0,30.5, 38.4375, 46.375, 49.875, 52.0,0.5, 2.5625, 5.25, 6.4375, 7.6875, 4.294736862182617,-3.33721923828125, 139.6875
1, 285.0, 1009, 858, 1369, 1218, 0.6043740844726563,1.862074696085183, 3.2049396853230423, 7.160796729829164, 7.112124094056199,0.002190705660818821, 0.0017008830648683215, 0.0017088815605120545, 0.0031946014685195223, 0.002599468478701965,1344.12890625, 200.48871968880613, 274.875, 248.37501525878906, 1099, 993,284.875, 218.37501525878906, 1139, 873, 18.08354377746582, 239.3242047670817, 14.722031756625382, 263.0361221593958, 23.44762131932597, 224.69929443283337,9.786578280256888, 244.45135456944348, 22.848084658376457, 265.34905599552786, 30.62436669462788, 272.2520313038019,100.50979338055677, 156.31491658278009, 291.80732894050993, 745.0962969864476, -2.286894567969073, 599.6089179534468, -15.455920116102984, 745.0962969864476, -2.286894567969073,118.51830451706363, 872.0625822499936, 856.1265937932328, 15.93598845676081, 263.5406968897121,0.0, 0.0, 0.125, 1.1875, 2.4375,38.5, 42.375, 50.1875, 53.6875, 53.375,1.0, 2.6875, 4.5, 6.75, 9.1875, 3.978947401046753,-4.037445068359375, 71.5625
1, 290.0, 1025, 859, 1385, 1219, 0.573120849609375,2.1038441948749824, 3.469530793889426, 7.719734630247111, 7.460080353957601,0.0013087864535600599, 0.0022488472439079034, 0.002418970399421596, 0.0037713592559339305, 0.002765187565157703,1956.9661865234375, 209.45698505646206, 278.875, 248.62501525878906, 1115, 994,288.875, 218.62501525878906, 1155, 874, 17.32667350769043, 238.39282651148042, 13.997065841912047, 263.31409490558383, 22.73783979362937, 223.35891928135095,11.466638562231795, 241.27569909598108, 22.74026470433819, 266.8141452328739, 29.83314961341467, 274.3783648150753,125.53812987413559, 177.83074169922816, 293.32881262628126, 729.4166112818396, -8.47941531632925, 388.9920371468199, -25.899132666602853, 729.4166112818396, -8.47941531632925,111.33451898973247, 871.2069096075962, 829.845096000714, 41.361813606882265, 258.0623449887625,0.0, 0.0, 0.0, 0.6875, 2.3125,30.8125, 32.8125, 43.875, 47.875, 49.4375,0.9375, 2.375, 4.0, 6.0, 6.625, 5.700000286102295,-4.064849853515625, 100.0625
1, 295.0, 1041, 863, 1401, 1223, 0.9069708862304687,1.7671033132239247, 3.3924111916823314, 8.073500847378746, 8.27384162754053,0.0008211262687473209, 0.001521355999966545, 0.0019174814131292805, 0.0033702642184834986, 0.002587724126531157,1274.4359130859375, 204.98614257397847, 282.875, 249.62501525878906, 1131, 998,292.875, 219.62501525878906, 1171, 878, 17.63458251953125, 237.9960608225944, 13.700173933242276, 261.7017026729246, 23.38294832079335, 224.37167455812278,10.469828490053317, 260.03742278368406, 21.063678684268993, 269.5949474704179, 27.579760776313865, 280.59270314838466,108.29309221039709, 142.06932026051635, 234.09211989276776, 653.5141774537194, -1.4407018961681302, 140.629188077886, -18.435550069996474, 653.5141774537194, -1.4407018961681302,124.07876845958516, 860.5941568722183, 847.1036802482259, 13.490476623992322, 260.9216363869058,0.0, 0.0, 0.0, 0.0, 1.3125,32.5, 37.3125, 43.625, 44.5, 46.3125,0.25, 0.875, 1.5625, 2.25, 4.25, 5.210526466369629,-4.31121826171875, 128.375
1, 300.0, 1052, 859, 1412, 1219, 1.028776123046875,2.33309863247443, 3.742006781286327, 7.895891372708138, 6.770769660165534,0.001758707514559319, 0.0014714513056469515, 0.0016413772860357767, 0.0035720307149608747, 0.002674347130789556,1353.8570556640625, 214.13712203291482, 285.625, 248.62501525878906, 1142, 994,295.625, 218.62501525878906, 1182, 874, 19.85863494873047, 240.90742895631232, 14.701309073882197, 259.24543187371705, 26.17445937212296, 230.72909109883264,11.999065804351083, 250.60383870962923, 20.35596981103886, 267.768172395763, 26.290723612080576, 278.2755887932145,97.1814331544649, 149.39134123919962, 224.18302087493612, 670.5002346413876, -0.290066012905954, 168.7462634550394, -19.567773482164174, 670.5002346413876, -0.290066012905954,136.16779523800776, 853.4514930044475, 846.8615025434019, 6.589990461045545, 261.3987167230309,0.1875, 0.0, 0.3125, 1.3125, 3.0625,40.75, 44.0, 52.5625, 52.75, 48.375,2.125, 3.8125, 4.375, 6.125, 6.5625, 4.742105007171631,-5.428436279296875, 161.0625
1, 305.0, 1076, 864, 1436, 1224, 0.565662109375,2.049607657941524, 3.6166751320680492, 9.271579117169601, 8.513129713593516,0.0014628148979261369, 0.0010361027540761825, 0.0015443511623880113, 0.004752174486560534, 0.003556839734612822,1672.909912109375, 272.3412964240425, 291.625, 249.87501525878906, 1166, 999,301.625, 219.87501525878906, 1206, 879, 19.710975646972656, 243.2971072412247, 15.388934133740625, 263.56701119874197, 25.548500284098033, 231.25225934015094,10.033335636265022, 243.01040322062423, 19.881197942839357, 270.3248251275911, 27.135900315693252, 278.20863927897005,82.37491919485926, 140.5284010608645, 230.48398197353936, 658.6590367286636, -11.381830341464607, 391.4637738857947, -33.24556180797395, 658.6590367286636, -11.381830341464607,62.054625111856, 859.8237151272649, 804.0272775743979, 55.79643755286702, 266.54920027323027,0.0, 0.0, 0.0625, 1.0625, 2.8125,42.875, 41.1875, 43.4375, 44.5625, 44.75,0.5625, 2.0625, 3.875, 5.1875, 6.1875, 4.447368621826172,-6.57421875, 137.4375
1, 310.0, 1093, 860, 1453, 1220, 0.69234912109375,1.7334781627252234, 3.376206048728199, 8.126156487104018, 7.627408371141646,0.002287623517531756, 0.00031153727101354886, 0.0013861537531829526, 0.00472635085031925, 0.004001841463482378,1464.7764892578125, 245.26364362306313, 295.875, 248.87501525878906, 1183, 995,305.875, 218.87501525878906, 1223, 875, 17.722579956054688, 240.3082437811838, 13.630071163872644, 263.6385653493885, 23.55633286185237, 227.06120290689492,10.082243884177716, 242.12348949651974, 21.242710051856243, 268.03038335799977, 28.395680488823757, 276.63680784527503,83.32043849321443, 128.2856268817344, 255.25413222736984, 961.1480957871282, -5.57326662370537, 475.46193315075726, -16.599719213921556, 961.1480957871282, -5.57326662370537,150.33941672550736, 882.5233101100554, 857.2565733665623, 25.266736743493084, 247.06905590510996,0.0, 0.0, 0.1875, 0.0625, 0.625,46.125, 37.25, 36.8125, 38.25, 39.5,0.0625, 1.6875, 3.625, 6.5625, 8.0625, 4.226316452026367,-6.012451171875, 146.1875
1, 315.0, 1104, 859, 1464, 1219, 0.6014693603515625,1.6730665950116237, 3.1393710601318174, 7.2339533530629705, 6.822233014490923,0.00043890760430599586, 0.001180132151853286, 0.0015577463997078667, 0.004100065300101505, 0.0033386188202571532,1698.58837890625, 248.67599048265595, 298.625, 248.62501525878906, 1194, 994,308.625, 218.62501525878906, 1234, 874, 17.744529724121094, 238.973010100338, 13.718461152439014, 262.3727637684044, 23.53806616981299, 225.58975978443186,9.418387816874096, 243.62501096289864, 20.839813813525147, 268.2427475996738, 28.172656922586366, 276.63749086419205,69.65099418366036, 116.79563529924009, 235.14520334617697, 986.3767667379736, -4.243302997993572, 561.0143128036442, -17.569546592225446, 986.3767667379736, -4.243302997993572,130.61918934050325, 887.9429494688447, 854.6082400346934, 33.334709434151364, 243.3578858880364,0.0, 0.0, 0.1875, 0.5625, 1.25,39.125, 37.1875, 43.0625, 43.5, 40.25,0.5625, 1.0, 3.3125, 6.0, 8.375, 2.989473342895508,-5.89404296875, 178.0625
1, 320.0, 1122, 859, 1482, 1219, 0.34064129638671875,1.8796356717357414, 3.2453890322800727, 6.672687616813928, 5.639262138725026,0.0004807094937689271, 0.0017948074872958842, 0.0021427676912571768, 0.003780637134282188, 0.0018844878333561612,1214.2755126953125, 176.2757066673826, 303.125, 248.62501525878906, 1212, 994,313.125, 218.62501525878906, 1252, 874, 17.09432029724121, 239.4002794140573, 13.261322253401936, 264.12353717288784, 22.82693501532932, 225.33811605858304,7.698964307542873, 245.97608501862211, 18.706010096210928, 266.9414053174896, 25.89305174908995, 275.70291608005914,34.07055894283813, 73.16675007956157, 187.33160873178656, 827.6214028651476, -19.15872114370434, 550.5376335022182, -23.372348361904873, 827.6214028651476, -19.15872114370434,75.84661798591301, 883.7476594622427, 829.4316316963723, 54.316027765870444, 251.09734121977434,0.0, 0.0, 0.25, 0.5, 1.25,39.4375, 38.9375, 42.625, 41.4375, 38.875,2.3125, 2.8125, 3.6875, 5.0, 6.375, 7.131579399108887,-5.45745849609375, 182.625
0, 325.0, 1138, 858, 1498, 1218, 0.3629637756347656,1.6076369678939229, 2.6963530317787074, 4.981182044352172, 4.379726132829673,0.001819969105179098, 0.0023574672677045784, 0.0024761767696952573, 0.002846483469516556, 0.0019512799130845338,1886.455810546875, 139.85529027034886, 307.125, 248.37501525878906, 1228, 993,317.125, 218.37501525878906, 1268, 873, 16.192224502563477, 241.11917848096107, 13.20269075203065, 268.3283705543039, 21.507328191029686, 224.81802781580842,6.038672010468307, 259.20815585617447, 18.55070063988295, 266.715558282394, 25.5745434309553, 275.5822402978034,22.765373679077683, 58.23102877488711, 186.00935573325097, 732.8557218800898, -11.989171879279763, 631.0765524621247, -22.226430403173154, 732.8557218800898, -11.989171879279763,91.04932191422638, 873.4061810925824, 827.4021934750278, 46.00398761755457, 266.6594527343762,0.0, 0.0, 0.0, 0.0, 0.3125,36.125, 31.0, 35.25, 39.25, 46.0,0.375, 1.0, 2.75, 2.8125, 5.3125, 7.200000286102295,-4.89556884765625, 173.625
0, 330.0, 1162, 872, 1522, 1232, 0.7698086547851563,1.186650141237769, 2.108042165182997, 4.985183412162587, 5.301129929070593,0.0013765954192047046, 0.001400727114281608, 0.002089770843409724, 0.0034057272579912025, 0.0025107982117151552,2361.823974609375, 141.23685781343133, 313.125, 251.87501525878906, 1252, 1007,323.1250305175781, 221.87501525878906, 1292, 887, 16.384681701660156, 240.28041759050515, 13.324852206188352, 267.07616107194485, 21.722428923868566, 224.22696107906117,7.313092397852324, 242.6422013828472, 19.279706684283507, 264.24552965208557, 26.408376446159, 270.8351632019961,61.921822523437854, 95.0522284580833, 230.15412237229532, 660.751064669618, -0.7468689951620435, 456.87601303446905, -14.968450636637394, 660.751064669618, -0.7468689951620435,120.24337127981478, 862.159482105738, 852.4005868436461, 9.758895262091869, 279.17734773564143,0.0, 0.0, 0.4375, 1.75, 3.0,39.4375, 40.125, 45.4375, 47.8125, 45.75,0.4375, 2.125, 4.1875, 6.9375, 9.1875, 2.494736909866333,-4.213134765625, 125.0
0, 335.0, 1167, 862, 1527, 1222, 0.44898538208007815,1.4886065983236765, 2.594653953064699, 4.016167983467458, 1.2482710848574061,0.0018601855813631118, 0.0018286099444640058, 0.0020373373299105426, 0.003206088171482406, 0.0005022387229718107,1279.3658447265625, 94.28478490549715, 314.375, 249.37501525878906, 1257, 997,324.3750305175781, 219.37501525878906, 1297, 877, 17.819549560546875, 241.6734893132426, 15.246265327779813, 266.35200996828036, 22.6963460114447, 225.38503316240815,8.655064736518035, 255.24571723183993, 20.514111809107224, 264.3781582653889, 27.602591614110306, 273.1165556678071,79.55109192984627, 102.67197318531483, 211.24466066269983, 700.9189282111223, -11.524586811203639, 485.1896076760803, -23.1568715991767, 700.9189282111223, -11.524586811203639,101.96641234129773, 862.1143928212063, 832.7207353231519, 29.39365749805438, 274.7888268216961,0.0, 0.0, 0.0, 0.125, 1.125,41.8125, 41.6875, 44.25, 42.6875, 39.375,0.625, 1.9375, 2.8125, 3.625, 5.375, 4.294736862182617,-4.402313232421875, 128.3125
0, 340.0, 1178, 860, 1538, 1220, 0.8120700073242187,1.4351344034296927, 2.3756351022352464, 2.9442049141030293, 0.8843133120893617,0.0017462099521912933, 0.0019432001041968761, 0.0019212638069029707, 0.002612300536661678, 0.000318474475188566,1368.3392333984375, 91.71609602708095, 317.125, 248.87501525878906, 1268, 995,327.1250305175781, 218.87501525878906, 1308, 875, 16.50092124938965, 241.02292745517724, 13.958411899840627, 267.9069329194057, 21.499384243230132, 223.95051016793136,11.885116083982384, 263.88135762591884, 22.121999693414597, 271.44374671742264, 28.52779801630163, 276.39145378990986,106.23984137257158, 138.93800002742293, 239.75802103021567, 632.0189184781779, -7.621175971722921, 257.0827032047059, -22.639449023414006, 632.0189184781779, -7.621175971722921,105.94227876597635, 856.3749703938479, 806.9502656204434, 49.42470477340453, 279.2643630959556,0.0, 0.0, 0.0, 0.0625, 0.25,32.5, 32.6875, 35.0, 38.5625, 37.6875,0.0, 0.375, 0.9375, 1.8125, 3.5, 3.526315689086914,-4.082550048828125, 121.625
0, 345.0, 1192, 861, 1552, 1221, 0.8931495361328126,1.3226319573901129, 2.2358198963210456, 2.9741154574148827, 1.0649161907023519,0.0017103464640194942, 0.0015593908824894243, 0.001872959560714662, 0.0022957390919145838, 0.00022699437326394902,992.8947143554688, 75.05263158986229, 320.625, 249.12501525878906, 1282, 996,330.6250305175781, 219.12501525878906, 1322, 876, 18.13016700744629, 242.57331209487845, 14.707459242917883, 266.1549272361876, 23.528631997086883, 228.09168064822845,10.436172970046218, 254.49382268724824, 19.495673231621016, 268.1130696280919, 25.17715438842037, 272.49933879326977,91.57927230265298, 119.40330677762887, 198.10926055924358, 731.4336586662984, -1.6423293462083817, 293.55967901648273, -17.063114582906422, 731.4336586662984, -1.6423293462083817,137.01208302101253, 864.6014340188875, 849.4789796998776, 15.122454319009876, 263.0277711188289,0.0, 0.0, 0.0, 0.0, 0.4375,33.75, 33.1875, 32.8125, 34.1875, 35.125,0.0, 0.9375, 1.5, 2.25, 3.375, 4.231579303741455,-3.04425048828125, 71.125
0, 350.0, 1211, 882, 1571, 1242, 0.6997032470703125,1.0620451789768413, 1.7698590510012582, 4.529754335002507, 3.8038140835054217,0.0009471688165058368, 0.0009933942365569237, 0.0017034820357321222, 0.003017146528322883, 0.0010364561669274509,1395.400634765625, 101.45748644266668, 325.3750305175781, 254.37501525878906, 1301, 1017,335.3750305175781, 224.37501525878906, 1341, 897, 18.59992027282715, 243.9206215501768, 15.40220190395919, 267.04242579408685, 23.815672605520472, 229.20861552483737,9.144987018776682, 246.72502892149234, 20.085307834864373, 266.29988662988535, 27.10374868183128, 270.36868860244095,61.75454848618607, 107.99621407053301, 192.9720287419782, 819.0754314832919, -4.308256211729897, 484.29807212441403, -19.63686535533844, 819.0754314832919, -4.308256211729897,132.2581184291012, 858.0662797077756, 833.2541196853309, 24.812160022444687, 263.6457812438805,0.0, 0.0, 0.1875, 0.6875, 1.375,29.6875, 26.25, 27.5, 28.9375, 31.25,0.625, 1.0, 1.125, 2.125, 3.0625, 2.3684210777282715,-2.667449951171875, 74.375
0, 355.0, 1219, 885, 1579, 1245, 0.38483706665039064,0.9865323211008217, 1.8020473216497341, 3.3239391762320882, 1.6945294522558105,0.0014264865255108816, 0.001570138007255082, 0.0023251312738921115, 0.002285692261236818, 0.0011195114517806813,978.071044921875, 62.960044894377134, 327.3750305175781, 255.12501525878906, 1309, 1020,337.3750305175781, 225.12501525878906, 1349, 900, 17.045652389526367, 243.71993693198348, 14.713273611865947, 269.7318322931783, 21.843263810346645, 226.5380950646894,8.164018709777997, 264.6101114896025, 20.441915503615224, 272.75541624563186, 28.655466280970888, 274.294872582661,20.05527319563123, 71.3756850909993, 170.14146840829372, 810.65575859166, -15.405579991545325, 647.63848476611, -19.148290457640254, 810.65575859166, -15.405579991545325,103.33512030983563, 860.3563648375075, 827.8975939513997, 32.4587708861078, 268.21069275860907,0.0, 0.0, 0.0625, 0.4375, 1.0,24.75, 22.25, 23.4375, 20.5625, 24.8125,0.8125, 1.1875, 1.625, 2.4375, 3.1875, 3.763157844543457,-3.29986572265625, 79.8125
0, 360.0, 1250, 883, 1610, 1243, 0.7112670288085937,1.4224190451193135, 2.221308164574439, 3.6240809735376383, 1.8071282854012678,0.0005268726244730715, 0.001147385694039258, 0.0019919185345042933, 0.0026787219315883705, 0.0009414620141063779,994.5082397460938, 85.55577659109402, 335.1250305175781, 254.62501525878906, 1340, 1018,345.1250305175781, 224.62501525878906, 1380, 898, 15.458074569702148, 240.43294937504987, 12.982829080318949, 269.37345889061777, 20.53899427640051, 222.6220165130876,8.093817758523194, 264.6547536060177, 17.540152502425865, 267.83976643864304, 24.893804178433243, 271.5407627243935,68.19183423997552, 81.44965028140302, 143.96599271446095, 730.8428254130711, -27.129188516651553, 240.09776635494546, -29.255084578892266, 730.8428254130711, -27.129188516651553,104.55245476961198, 859.0128321730614, 801.4953495242693, 57.51748264879211, 267.64939231998864,0.0, 0.0, 0.0, 0.0625, 0.3125,17.9375, 15.75, 16.875, 17.9375, 18.6875,0.375, 0.375, 0.5625, 1.0625, 2.4375, 1.8157892227172852,-2.3167724609375, 101.5625
0, 365.0, 1253, 881, 1613, 1241, 0.7355698242187501,1.0473900081880856, 1.7953839595534373, 2.958145384163363, 1.5264691494597356,0.0011139378441930602, 0.0009115133899604189, 0.0012251037244323014, 0.0020040118213864844, 0.0007165646554292948,1744.3021240234375, 97.31017217809608, 335.8750305175781, 254.12501525878906, 1343, 1016,345.8750305175781, 224.12501525878906, 1383, 896, 17.20928192138672, 245.34023538802893, 14.957436321702213, 271.10491030607676, 21.93385328133055, 228.0975153494084,8.909956185671021, 266.8820646339805, 17.64418285406131, 268.79218167688794, 24.63505840513086, 271.1679709994942,81.62821141891669, 91.646842826604, 159.19413955584457, 730.0823253246697, -29.56470405573758, 213.27255484222155, -32.426619941121665, 730.0823253246697, -29.56470405573758,95.60111311658059, 862.1258322019695, 795.8824480378067, 66.24338416416276, 266.2114704374344,0.0, 0.0, 0.0, 0.0, 0.0625,18.375, 14.8125, 10.6875, 12.125, 18.0,0.125, 0.25, 0.25, 0.25, 0.5625, 2.989473342895508,-2.886962890625, 104.5625
0, 370.0, 1275, 885, 1635, 1245, 0.7466633911132813,0.4194593656115466, 1.3331302723678526, 3.0964061745390064, 2.368746151545929,0.0003357676318728409, 0.0010335081850507777, 0.0015475710639839236, 0.0016486427405561698, 0.0010102816097855793,1140.9312744140625, 77.20659500660139, 341.3750305175781, 255.12501525878906, 1365, 1020,351.3750305175781, 225.12501525878906, 1405, 900, 17.105783462524414, 246.8550484025327, 15.142896716518813, 272.8464926939735, 21.642744675715647, 228.99917953762005,5.319373927540369, 251.74871501830677, 17.71346710687382, 260.27728536695656, 25.280649473956164, 267.50794218838547,53.133034580181956, 69.70148858216572, 179.16661647277817, 791.9653332153108, -8.156431134177817, 431.53919233683393, -19.91418675519808, 791.9653332153108, -8.156431134177817,153.9549056321724, 863.3134232099617, 832.9933678297278, 30.32005538023384, 268.2330399903914,0.0, 0.0, 0.0, 0.0, 0.125,14.625, 13.375, 12.0, 13.4375, 14.6875,0.5, 0.5625, 0.8125, 1.0625, 1.25, 4.726316452026367,-2.74432373046875, 59.375
0, 375.0, 1305, 888, 1665, 1248, 0.76769873046875,0.3695671043690527, 0.875685201843735, 3.4142415087250995, 3.748979264041409,0.00022428764322967253, 0.0005792031868770664, 0.0009568441847045506, 0.002157614305235711, 0.001903597266659176,1392.1160888671875, 82.54418289224249, 348.8750305175781, 255.87501525878906, 1395, 1023,358.8750305175781, 225.87501525878906, 1435, 903, 17.00457191467285, 244.71834666409927, 15.210980515371949, 270.8891130856088, 21.434480996019282, 226.47885536944023,7.652892237323604, 260.11475418546695, 18.321809490402, 261.0964709352512, 24.49170324065081, 270.9356489450654,38.57531611806638, 77.9302852469923, 162.59860410971882, 722.2139338125895, -9.236516973297528, 330.96605669553446, -21.853539438584697, 722.2139338125895, -9.236516973297528,138.610348123007, 865.143263417912, 819.2331158714595, 45.910147546452436, 268.55827858603,0.0, 0.0, 0.0, 0.0, 0.0625,12.5625, 9.375, 10.6875, 11.625, 12.8125,0.0, 0.1875, 0.375, 0.4375, 0.875, 5.984210014343262,-3.37237548828125, 40.5625
0, 380.0, 1308, 885, 1668, 1245, 0.6666069946289063,0.46232123326393776, 0.963468161962228, 2.838157114847563, 2.455266881299904,-8.655110762902041e-05, 0.0012511548963414043, 0.0013066205187124073, 0.001674719414631909, 0.0010168132573767253,791.8983154296875, 70.64283791728037, 349.6250305175781, 255.12501525878906, 1398, 1020,359.6250305175781, 225.12501525878906, 1438, 900, 17.473291397094727, 244.32317923947903, 15.45629554784847, 269.71546928380945, 22.00533470254066, 226.7938751165315,8.395671046266948, 237.38434908052804, 18.801188267423296, 255.8052873097824, 25.51533141135212, 266.169266092198,59.117129001834, 105.98638912420611, 195.85382878022523, 715.2912790777677, -1.7480277199520642, 424.0037144668633, -21.461806469004397, 715.2912790777677, -1.7480277199520642,133.4070724782438, 869.3755459391447, 853.8185271325673, 15.55701880657739, 269.65520076626285,0.0, 0.0, 0.0, 0.0, 0.0,13.0, 10.5625, 10.6875, 13.5, 14.5625,0.0, 0.3125, 0.4375, 0.875, 1.375, 3.6263158321380615,-3.93695068359375, 52.5625
0, 385.0, 1326, 891, 1686, 1251, 0.7105432739257813,0.4673674267390743, 0.8859307295252803, 2.8429320886380447, 2.5806896836217494,-5.0588639060151766e-05, 0.00046700060306648083, 0.0008742577124257878, 0.0013435046292624975, 0.0007933961844497616,734.0338745117188, 55.04428669532954, 354.1250305175781, 256.625, 1416, 1026,364.1250305175781, 226.62501525878906, 1456, 906, 17.467985153198242, 244.65239435747364, 15.54367956024281, 270.06589660312864, 21.935245585653842, 226.94829621028512,8.267710433914306, 242.4052484601611, 17.473949606727867, 260.242109892731, 22.85653887651868, 271.5001230988319,38.00902040801614, 98.87623802447189, 185.33846184967058, 819.6500508066988, -1.105018986415871, 446.8054664548501, -19.62106722078746, 819.6500508066988, -1.105018986415871,147.30008860832825, 882.5728001122209, 871.112971641698, 11.459828470522893, 251.6088016404199,0.0, 0.0, 0.0, 0.0, 0.0,19.1875, 13.5625, 13.4375, 13.5625, 13.25,0.0, 0.9375, 1.3125, 1.0625, 1.0625, 4.1210527420043945,-3.266021728515625, 48.6875
0, 390.0, 1285, 884, 1645, 1244, 0.9386768188476563,0.27360139733646066, 0.4248802985675865, 0.4074740868716617, 0.12511494162128656,0.00026432065957124, 5.306325006927182e-05, -0.00011538207531259558, 8.541870925768083e-05, -4.731769164791898e-05,710.649169921875, 9.081595442666455, 343.8750305175781, 254.87501525878906, 1375, 1019,353.8750305175781, 224.87501525878906, 1415, 899, 17.87804412841797, 244.33932580667692, 15.375373375135023, 268.961353899244, 22.701250686916314, 227.9489594724072,8.01221148921234, 245.5946872553686, 17.909399048027236, 258.1055310977026, 24.234009259393506, 263.3784098161958,65.12361267278422, 78.87180626297413, 148.8511859700449, 779.5401576417906, -4.4844616250052525, 387.62309221418553, -11.57560529961666, 779.5401576417906, -4.4844616250052525,178.95637289763306, 858.7343086229846, 825.6286704881676, 33.10563813481701, 269.67274745413914,0.0, 0.0, 0.0, 0.0, 0.25,20.4375, 13.5625, 11.625, 13.6875, 18.0625,0.125, 0.5625, 1.375, 2.1875, 3.0, 1.7105261087417603,-2.935821533203125, 62.375
0, 395.0, 1302, 890, 1662, 1250, 0.7974622192382813,0.054268162964144724, 0.15257213296950795, 0.22671625829912953, 0.2498952053359244,0.0002852942646018164, 0.0005395737919189969, 5.233499774703887e-05, 2.467163806386452e-05, -0.00010992820884510478,1061.40576171875, 11.429303640962441, 348.1250305175781, 256.375, 1392, 1025,358.1250305175781, 226.37501525878906, 1432, 905, 17.124814987182617, 245.79759851523133, 16.276947526838406, 271.58836088832584, 20.83457532970854, 225.92623522803987,7.4718867824664725, 248.10535551123857, 18.15109591098075, 263.244196599005, 23.442162997720505, 268.1409777810406,46.7008981438149, 83.80948098681992, 166.3507834124707, 751.682592941945, -3.6121250759152304, 392.8877453797291, -16.0861017394548, 754.5232201986829, -2.7333321923667873,154.93598335220284, 868.5510170473088, 829.0847356535161, 39.46628139379277, 263.27930313898645,0.0, 0.0, 0.0, 0.0, 0.0,15.25, 9.25, 11.3125, 11.6875, 15.75,0.0, 0.1875, 0.25, 0.5, 1.75, 2.989473342895508,-2.9780147075653076, 48.6875
0, 400.0, 1372, 901, 1732, 1261, 0.4386017761230469,0.22862540564732625, 0.49936125956708566, 2.815099170434987, 2.1641542034142183,0.0003290770879993943, 0.0005963924001389386, 0.0005734030587291272, 0.0007488189697141933, 0.0005761173634755323,592.0640869140625, 53.156747448667936, 365.6250305175781, 259.125, 1462, 1036,375.6250305175781, 229.12501525878906, 1502, 916, 17.197755813598633, 245.9543103755481, 16.099109720429688, 271.7176160393094, 21.091331909519038, 226.57783294569532,7.468562941472205, 227.23951008744314, 16.71228259445545, 251.45141054411445, 22.770555686619602, 265.1727961338065,67.8742884218927, 104.08695431952266, 189.89978720787715, 1003.498545037896, -8.877234006298512, 553.5981923604587, -27.974984390585504, 1003.498545037896, -8.877234006298512,123.65193536355824, 890.8841137147631, 835.0457022726249, 55.83841144213818, 237.62220679677148,0.0, 0.0, 0.0, 0.0625, 0.5625,16.0, 13.1875, 14.0, 14.75, 16.6875,0.125, 0.75, 1.625, 2.125, 2.625, 3.3157896995544434,-2.444610595703125, 42.0
0, 405.0, 1396, 901, 1756, 1261, 0.43398876953125,-0.07186455641029169, 0.2685871188296005, 3.2543387210031502, 3.0891552652243996,0.0007005760336892308, 0.001088544731493357, 0.00026611894498273613, 0.0016538497028744817, 0.0015156000952401883,518.2100219726562, 51.23250642467333, 371.6250305175781, 259.125, 1486, 1036,381.6250305175781, 229.12501525878906, 1526, 916, 16.1213321685791, 244.29176036929695, 14.511164928355427, 272.0011112177564, 20.535842722312605, 225.10966195684443,6.424247422899723, 237.05818022690326, 15.330106585593182, 261.903006993203, 21.184543205130208, 273.4145704816731,53.32206376298514, 83.44897103906075, 160.0149451562495, 1023.0630111884735, -10.84855845339799, 579.2758688403251, -30.071783113200873, 1023.0630111884735, -10.84855845339799,117.06913266135179, 890.0240875584421, 827.806397510936, 62.21769004750615, 235.04662318469653,0.0, 0.0, 0.0625, 0.5, 0.75,13.125, 12.6875, 13.25, 19.125, 21.0,0.0625, 0.6875, 2.25, 3.875, 4.375, 3.8684210777282715,-2.545745849609375, 28.3125
0, 410.0, 1414, 904, 1774, 1264, 0.3695945739746094,0.039902613576850855, 0.45613914834684693, 3.3618323306855746, 3.2353615970769902,0.0006898196539782475, 0.0002664764899736838, 0.0006544075793942738, 0.001745677908131711, 0.0013516115561787957,859.8560180664062, 49.32287160981477, 376.1250305175781, 259.875, 1504, 1039,386.1250305175781, 229.87501525878906, 1544, 919, 16.201425552368164, 243.7803158042464, 14.047654814168748, 271.32945670198785, 20.97941426687993, 225.73961614312216,5.822980435411597, 253.97243336676615, 14.915470624775038, 266.5608544976932, 23.054058690241366, 274.7233986511876,35.83691273724806, 56.01755077613279, 133.8166193054603, 1099.1544600962175, -9.582938791214024, 724.7913297429877, -26.41172954645808, 1099.1544600962175, -9.582938791214024,114.13016965254013, 886.1783376103923, 844.5486310803522, 41.62970653004015, 236.5710244776043,0.0, 0.0, 0.0, 0.0, 0.125,18.625, 15.0, 15.75, 17.125, 18.6875,0.0, 1.0, 2.4375, 3.6875, 4.0, 4.642105579376221,-2.02899169921875, 7.625
0, 415.0, 1427, 899, 1787, 1259, 0.4824555969238281,0.22917298815620593, 0.5443622837399016, 2.516944052191684, 2.7295276136253963,0.0012026687890374888, 0.0003019752974989842, 0.00039475665558256877, 0.0012551505960911413, 0.0014655009432487987,640.382080078125, 41.7810982783345, 379.3750305175781, 258.625, 1517, 1034,389.3750305175781, 228.62501525878906, 1557, 914, 15.410197257995605, 244.2484979510941, 13.323852972882008, 273.3663371321461, 20.24656292846745, 225.5718827660806,6.842529862445092, 259.5027145943204, 13.086964496675792, 265.12122820557295, 22.859124064637374, 275.275933634285,53.64222020872176, 74.50948504085488, 125.26820839344114, 1044.1195810207255, -24.714296271251282, 478.2797119696823, -44.512222394605125, 1044.1195810207255, -24.714296271251282,90.5741165710529, 884.0931764866981, 809.0410762064182, 75.05210028027989, 240.7833261462189,0.0, 0.0, 0.0, 0.0, 0.0625,19.1875, 17.1875, 17.75, 18.6875, 18.5625,0.0625, 1.4375, 2.25, 4.4375, 5.0625, 2.1315791606903076,-1.316162109375, 0.5
0, 420.0, 1447, 902, 1807, 1262, 0.488818603515625,0.5400625043350737, 0.9963042554236017, 2.319716774753761, 1.8761119732793308,0.0007732392980233272, 0.0005000039336982809, 0.0008638551135345551, 0.001753300922049448, 0.0013699427330379876,768.8540649414062, 32.70948760505662, 384.3750305175781, 259.375, 1537, 1037,394.3750305175781, 229.37501525878906, 1577, 917, 15.974544525146484, 244.41305086857804, 12.855874236488393, 271.9479125190828, 21.391555873719703, 228.28258689811986,4.290211539395371, 259.02039395589077, 10.594880773430218, 271.5074177408655, 19.166013630378952, 279.97868280237884,27.700312784189208, 44.605662531083496, 84.4938521925592, 941.7625172442739, -39.232152222221536, 372.07068226464486, -64.36994898839738, 941.7625172442739, -39.232152222221536,62.37615976087531, 877.4407633977638, 782.0265266276259, 95.4142367701379, 243.64867353500202,0.0, 0.0, 0.0, 0.0, 0.0,15.75, 14.375, 18.25, 17.3125, 20.9375,0.0, 0.5, 1.25, 1.25, 1.5625, 5.457895278930664,-1.559051513671875, 0.8125
0, 425.0, 1466, 915, 1826, 1275, 0.35940295410156253,0.31854767686018026, 0.7173254847957287, 2.3165176261775198, 2.353957058168016,0.0006675707296199107, 0.001416307869822049, 0.0009604512149280709, 0.0013971367670069415, 0.0013843937387355255,728.7498779296875, 44.68380697281634, 389.1250305175781, 262.625, 1556, 1050,399.1250305175781, 232.62501525878906, 1596, 930, 16.0257568359375, 245.43234731917573, 12.607950364694773, 272.59551860944316, 21.61456365747895, 229.9884168892909,3.6138161252882015, 283.7945045859899, 9.007296205341488, 281.43436003904867, 19.472335718587104, 281.2048520225579,19.894774061769212, 31.898292160572836, 64.16743315265452, 994.747635082628, -45.135942509838316, 497.05346640380253, -62.868528716416556, 994.747635082628, -45.135942509838316,65.60867803076057, 878.5914406445635, 787.6802254205747, 90.91121522398873, 250.61176427900972,0.0, 0.0, 0.0, 0.0, 0.0,12.0625, 12.6875, 17.0625, 17.9375, 19.1875,0.0, 0.0, 0.0, 0.0625, 0.1875, 1.6631577014923096,-0.75897216796875, 0.0
0, 430.0, 1484, 915, 1844, 1275, 0.3423213195800781,0.5609535484598018, 0.9625466440798482, 2.584460392065812, 2.319635105789639,0.0005990352096546303, 0.0006929399977389039, 0.0007181064726944441, 0.00139333530215481, 0.0012788539592634154,629.2095947265625, 54.81929831546978, 393.6250305175781, 262.625, 1574, 1050,403.6250305175781, 232.62501525878906, 1614, 930, 15.324105262756348, 245.03222117721805, 12.532122371482574, 274.1237450068822, 20.618008949861757, 227.8430325422054,3.812887176847648, 286.5718507478138, 10.179071945957274, 282.98814611295654, 20.154112187616033, 277.9325903534748,29.860773327833712, 38.100993058944404, 71.9439067238329, 991.4149702532353, -61.044871765825555, 493.49143197277465, -69.4569758531839, 991.4149702532353, -61.044871765825555,54.43002598075101, 878.7352903954718, 772.0608476650882, 106.67444273038359, 252.84618676426274,0.0, 0.0, 0.0, 0.0, 0.0,11.5625, 12.0, 14.75, 15.75, 13.8125,0.0, 0.0, 0.0, 0.0, 0.0625, 1.8157892227172852,-0.906158447265625, 0.0
0, 435.0, 1497, 926, 1857, 1286, 0.3732304077148438,0.16786531833640767, 0.424328354926547, 2.7063506012572907, 3.127494264853885,0.00031797026255389935, 0.0005220337589844349, 0.0007728435563922176, 0.0011981167320277563, 0.0011377572070580299,1119.8768310546875, 56.27607931825368, 396.8750305175781, 265.375, 1587, 1061,406.8750305175781, 235.37501525878906, 1627, 941, 15.35591983795166, 244.77894410241564, 12.80037320416948, 273.90774567995265, 20.50021987121407, 227.0843752488037,4.329386478421383, 268.67777600829027, 11.254692309193453, 278.57479205999607, 21.47815217184384, 272.5610427222316,37.37739079141023, 54.19784967966307, 90.96874570414582, 957.3460835713787, -53.19533562202337, 481.81451154943005, -68.63640458354979, 957.3460835713787, -53.19533562202337,58.4666818706106, 879.744309236173, 775.7998504121355, 103.9444588240375, 256.8058124646015,0.0, 0.0, 0.0, 0.0, 0.0,14.5, 10.8125, 12.0625, 16.1875, 16.5625,0.0, 0.0, 0.0, 0.3125, 0.625, 4.642105579376221,-1.10479736328125, 0.5
0, 440.0, 1508, 930, 1868, 1290, 0.398876953125,0.11334373105783016, 0.41189369393658126, 2.0995716695673763, 2.349799045851978,0.0003803057173900015, 0.00010058673673029262, 0.0002795964203050971, 0.00033493715392751255, 0.000427629511153782,1157.8946533203125, 48.198387207693926, 399.6250305175781, 266.375, 1598, 1065,409.6250305175781, 236.37501525878906, 1638, 945, 15.505152702331543, 245.4443547917366, 13.612636563308403, 274.3718527266462, 20.199397285182826, 226.4197875321613,5.2990664385577455, 262.71226146644443, 11.936020810534037, 270.4458697400621, 22.830239369469698, 268.36427032538666,49.065654425206105, 62.589672253677314, 109.92379454493371, 1002.2206619603487, -32.49065496203679, 565.1569470606386, -42.176432128852184, 1002.2206619603487, -32.49065496203679,86.31993016547241, 880.6095536457589, 807.3413134448979, 73.26824020086099, 255.17292634402898,0.0, 0.0, 0.0, 0.0, 0.0,11.8125, 7.8125, 8.625, 11.125, 12.5625,0.0, 0.0, 0.125, 0.25, 0.5625, 3.726315975189209,-1.411376953125, 3.625
0, 445.0, 1535, 931, 1895, 1291, 0.39244268798828125,0.21950712282559834, 0.608315940236207, 2.367438456211239, 2.743370776756201,0.00024448297818935316, 0.00020838857821672718, 0.0005962550516892406, 0.0012412491629379475, 0.0011881198531119707,670.3899536132812, 53.26291031837063, 406.3750305175781, 266.625, 1625, 1066,416.3750305175781, 236.62501525878906, 1665, 946, 15.222455024719238, 244.5651455210159, 13.590884444422628, 274.04956912584686, 19.779640000432654, 224.79856863049918,8.411591527804, 230.86205117792113, 15.634396137049125, 253.09495896409462, 24.2039048216845, 260.36300424104024,71.14767005578122, 111.9518352372995, 180.4063778060239, 933.6399651883748, -8.575404779493507, 541.7505584044181, -32.74144026715611, 933.6399651883748, -8.575404779493507,94.14929273298495, 887.6472605484788, 825.4676679191133, 62.179592629365516, 250.02568534373285,0.0, 0.0, 0.0, 0.0, 0.0,11.25, 9.3125, 9.8125, 8.0, 9.5,0.0, 0.0, 0.0, 0.0, 0.0, 2.984210729598999,-2.321533203125, 12.125
0, 450.0, 1549, 926, 1909, 1286, 0.04408699798583984,0.13559105531545357, 0.450909092623624, 1.7094270892854544, 1.6769864107714967,0.00047537311678752303, -0.00017635472874417247, 0.0005717975134211884, 0.0007238499380946451, 0.000648647767631303,631.0870361328125, 40.22455289330189, 409.8750305175781, 265.375, 1639, 1061,419.8750305175781, 235.37501525878906, 1679, 941, 15.604596138000488, 243.55556159941796, 14.54042347263113, 272.0887154061068, 19.69981979112768, 222.91122606578176,7.073720332682874, 216.43786644339144, 15.638376409027996, 254.00975352039111, 23.521293414710513, 259.7119232885979,28.254752681945263, 98.30338097114668, 187.2787166455144, 969.843788881539, -4.426668929280763, 840.6025312852375, -16.84293674308657, 969.843788881539, -4.426668929280763,72.41081392837755, 890.0375559293051, 860.9655055936108, 29.072050335694257, 249.67679468632716,0.0, 0.0, 0.0, 0.0, 0.0,14.75, 9.4375, 8.75, 7.5, 7.4375,0.0, 0.0, 0.0, 0.125, 0.125, 1.5789473056793213,-1.86029052734375, 15.375
0, 455.0, 1574, 924, 1934, 1284, 0.0,0.3385331700829556, 0.7816104241268477, 2.0637142138252966, 1.5932737233361698,0.0006087187731009181, 0.0007135094526188368, 0.0006974522638932967, 0.0012273863949144469, 0.0006797083336931564,613.502685546875, 47.5113799403991, 416.1250305175781, 264.875, 1664, 1059,426.1250305175781, 234.87501525878906, 1704, 939, 14.818291664123535, 244.1262785460859, 14.552628592077845, 273.6977217728722, 18.435958141446253, 221.19938173013512,6.963210174623016, 209.68086958052453, 17.773515094904855, 250.34467401176227, 25.019825493931066, 257.230624846159,34.77188175208277, 92.93171225688974, 229.66767241828518, 1013.0777819079022, -2.9169307044044026, 921.9452693599429, -7.5458157761955515, 1013.0777819079022, -2.9169307044044026,98.10680954853983, 891.1883482127595, 882.74810551205, 8.440242700709518, 244.20809094678373,0.0, 0.0, 0.0, 0.0, 0.0,13.625, 8.25, 7.5, 7.0, 5.875,0.0, 0.0, 0.0, 0.0, 0.0625, 5.226316452026367,-1.8089599609375, 12.375
0, 460.0, 1598, 947, 1958, 1307, 0.01421102237701416,0.023012428783695214, 0.24364388192479963, 2.046161284158006, 2.022159382838872,0.0003559820888938248, 0.0005256138792248066, 0.00016782361560899517, 0.0001802655150697774, 0.0009180518091443445,665.6790771484375, 30.508746495793314, 422.1250305175781, 270.625, 1688, 1082,432.1250305175781, 240.62501525878906, 1728, 962, 14.631973266601562, 243.23454270842737, 14.211915784427234, 273.33192400072613, 18.40409602942282, 220.4514540050194,6.1350078533332475, 219.04751780071322, 13.16644681472475, 259.13724483221137, 22.623788489330806, 261.09125267072534,45.72192908430078, 82.59085483849499, 142.31319678338954, 1069.8525002138279, -25.960746271425222, 798.6247611494828, -40.55214831504162, 1069.8525002138279, -25.960746271425222,62.5262595759361, 890.9181725478466, 812.5871761056884, 78.33099644215815, 237.30681598504455,0.0, 0.0, 0.0, 0.0, 0.0,8.4375, 5.75, 8.1875, 8.3125, 5.8125,0.0, 0.0, 0.0, 0.0, 0.0, 2.3684210777282715,-2.166107177734375, 13.0
0, 465.0, 1596, 929, 1956, 1289, 0.0,0.06489444986917078, 0.3759217421867652, 1.451639810191118, 0.854556581453653,0.0004904312719645531, 0.00043643238562481203, 0.00023373086514027363, 0.000632622419418567, 0.00018346794833348667,954.1259155273438, 25.296777651747547, 421.6250305175781, 266.125, 1686, 1064,431.6250305175781, 236.12501525878906, 1726, 944, 14.643412590026855, 244.02964502970855, 13.317043173005791, 274.6810353107961, 19.07918838903756, 223.1845008052378,7.321797004984256, 209.92127857893064, 15.88590944946814, 255.87215486175683, 23.600589542564133, 261.293357968266,25.748031600958655, 96.72709513548395, 203.31086990229892, 1027.9277116940673, -6.621849128282119, 899.9788643161705, -15.815047893773652, 1027.9277116940673, -6.621849128282119,89.95001904361567, 890.7272589923191, 861.2708158036334, 29.45644318868574, 241.74432976726658,0.0, 0.0, 0.0, 0.0, 0.0,10.1875, 4.0, 4.5625, 3.0625, 2.9375,0.0, 0.0, 0.0, 0.0, 0.0, 3.268421173095703,-1.61822509765625, 17.6875
0, 470.0, 1611, 938, 1971, 1298, 0.0,0.05200240250502247, 0.2305179982294794, 1.3149941801151728, 0.7282904490758665,-6.83062717712346e-06, 0.0002874699044906492, 0.00020617410503632528, 0.00038897613924518735, 5.446222275566015e-05,466.764892578125, 19.197572807485646, 425.3750305175781, 268.375, 1701, 1073,435.3750305175781, 238.37501525878906, 1741, 953, 14.428229331970215, 242.8006071300781, 13.76205425860153, 273.543022014465, 18.424263243919153, 220.35373313649936,6.608566942986938, 209.05541549784814, 14.833558113027415, 261.7562808694528, 22.528830419090017, 263.90833687314034,32.69598109600956, 80.14803956865521, 162.90918318689643, 1080.6957165687525, -21.303963208918415, 856.8508405528116, -28.46939086483873, 1080.6957165687525, -21.303963208918415,74.85541228980141, 890.857898141798, 835.9194734841454, 54.938424657652604, 239.7050358959101,0.0, 0.0, 0.0, 0.0, 0.0,7.0, 2.0625, 1.9375, 3.0, 4.25,0.0, 0.0, 0.0, 0.0, 0.0, 3.526315689086914,-1.8125, 16.5