NC_RLTRN_NO_OUT: UH_Thresh: 150.0, u_rad: 5.0, track_on: 240.0 min
Mode, Time, x1, y1, x2, y2, zs_surface, w500m, w1km, w3km, w5km,zvort_suf, zvort500m, zvort1km, zvort3km, zvort5km,UH_Max, UH_Area, UH_X, UH_Y, UHi, UHj,SX, SY, SXi, SYj, meanWnd, meanWnd_dir, rm, rm_dir, lm, lm_dir,shear1km, shear1km_dir, shear3km, shear3km_dir, shear6km, shear6km_dir,srh500m, srh1km, srh3km, sbcape, sbcin, mlcape, mlcin, mucape, mucin,3CAPE, LCL, LFC, LFC-LCL, EL,wA500m, wA1km, wA3km, wA5km, wA8km,zA500m, zA1km, zA3km, zA5km, zA8km,wzA500m, wzA1km, wzA3km, wzA5km, wzA8km, meso_depth, CP_Min, CP_area
bool, min, idx, idx, idx, idx, km,ms^-1, ms^-1, ms^-1, ms^-1,s^-1, s^-1, s^-1, s^-1, s^-1,m^2s^-2, m^2s^-2, km, km, idx, idx,km, km, idx, idx, ms^-1, deg, ms^-1, deg, ms^-1, deg,ms^-1, deg, ms^-1, deg, ms^-1, deg,m^2s^-2, m^2s^-2, m^2s^-2, Jkg^-1, Jkg^-1, Jkg^-1, Jkg^-1, Jkg^-1, Jkg^-1,Jkg^-1, hPa, hPa, hPa, hPa,km^2, km^2, km^2, km^2, km^2,km^2, km^2, km^2, km^2, km^2,km^2, km^2, km^2, km^2, km^2, km, K, km^2
0, 120.0, 1794, 1149, 2154, 1509, 0.03166269493103027,0.3318793304255814, 0.5760057862993563, 1.1563266738568199, 0.5717043386149453,-0.0002443062746499436, 0.0004771921868007212, 0.00040718364832741826, 5.744176021266867e-05, -1.7767510264548037e-05,464.1396484375, 17.80081595613687, 471.1250305175781, 321.125, 1884, 1284,481.1250305175781, 291.125, 1924, 1164, 13.60321044921875, 244.8005411605712, 12.644480091038117, 277.7490452110427, 17.964180601024125, 222.29173549163815,6.325794115644431, 245.57016687624824, 13.737703727781355, 271.046434613403, 21.09610270174932, 268.9181850066964,43.83662354666916, 74.70260616002426, 140.90587558633973, 1149.5603967990517, -17.842591774230673, 853.3320048408384, -26.41937708658951, 1149.5603967990517, -17.842591774230673,69.35189111456948, 898.9620388612419, 847.862161949406, 51.09987691183596, 235.89931716093653,0.0, 0.0, 0.0, 0.0, 0.0,1.25, 0.5, 1.1875, 1.5, 2.75,0.0, 0.0, 0.0, 0.0, 0.0, 2.494736909866333,-1.728302001953125, 2.6875
0, 125.0, 1791, 1159, 2151, 1519, 0.024662538528442385,0.27742564009648046, 0.5954406922031193, 0.8998659439734183, 0.5132187172949488,-7.774427795538941e-05, 0.0002612710209962188, -0.00012756552849168656, 0.00016156864601043707, -6.705265497970467e-06,438.2808532714844, 21.090696034698844, 470.3750305175781, 323.6250305175781, 1881, 1294,480.3750305175781, 293.625, 1921, 1174, 14.125212669372559, 244.6060720145226, 12.413632627037627, 276.6160692640344, 18.90621579853824, 224.2387904953017,7.717557968587876, 231.9038735924015, 15.047702026515315, 260.81539499052684, 22.67441976282233, 263.45341895366084,50.69699227053761, 90.20851601560798, 161.9497259537629, 1251.3185025696457, -7.032201908305037, 1037.4211951104419, -14.98369646300371, 1251.3185025696457, -7.032201908305037,104.90488779507504, 899.7658691742663, 872.1751798613087, 27.59068931295758, 233.89987425450212,0.0, 0.0, 0.0, 0.0, 0.0,0.5, 0.3125, 0.375, 1.5, 3.0625,0.0, 0.0, 0.0, 0.0, 0.0, 1.494736909866333,-1.37335205078125, 1.1875
0, 130.0, 1808, 1153, 2168, 1513, 0.09162642669677734,0.5479088349068479, 0.7888847967062608, 1.10406140853971, 0.8225876755392529,0.0002838915146060117, 0.0003529943852311135, 0.0005288007988997379, -1.4015080599847352e-05, -0.0003248626561602919,385.7205810546875, 21.676972885562016, 474.6250305175781, 322.1250305175781, 1898, 1288,484.6250305175781, 292.125, 1938, 1168, 13.452134132385254, 244.60257495766757, 12.547381023878847, 277.90368379964855, 17.80401818415293, 221.83864504035665,6.784378130731509, 240.03420293130452, 14.251734226219202, 267.1502588419303, 21.664068861344937, 266.8642378402468,40.477401793534824, 80.29946989063654, 149.81040034300713, 1201.3648060235405, -8.455854000828305, 931.704017675328, -17.553305428454767, 1201.3648060235405, -8.455854000828305,98.36828733375683, 900.1349982124423, 868.7842136691108, 31.35078454333143, 235.83454825598045,0.0, 0.0, 0.0, 0.0, 0.0,1.5, 2.25, 2.25, 2.5625, 3.8125,0.0, 0.0, 0.0, 0.1875, 0.5625, 1.9894737005233765,-1.715972900390625, 1.625
0, 135.0, 1820, 1157, 2180, 1517, 0.07885028076171875,0.4900300291960593, 0.7119544667875745, 1.3200987756473477, 0.7454745384067064,2.402662721578963e-06, 0.00045696580628600713, 0.0007994955300137008, 0.00030686311324870983, 5.845781991169475e-05,514.3274536132812, 27.36813902143443, 477.6250305175781, 323.1250305175781, 1910, 1292,487.6250305175781, 293.125, 1950, 1172, 14.116310119628906, 244.68104017085267, 12.4776334049198, 276.69199069908893, 18.850705836299028, 224.14045935184532,6.392664192340767, 243.43647042104962, 13.53093265187836, 269.8401239408647, 20.437599030964883, 270.09561763942384,37.494437977171316, 73.10238643476967, 137.62411768668133, 1084.2947886730412, -13.164604860532956, 794.74336508003, -25.09521395202459, 1084.2947886730412, -13.164604860532956,74.5003641426177, 899.4002533339747, 850.3826918422541, 49.017561491720585, 237.88979174192605,0.0, 0.0, 0.0, 0.0, 0.0,1.875, 1.1875, 1.0625, 1.5, 2.75,0.0, 0.0, 0.125, 0.25, 0.25, 1.9894737005233765,-1.727935791015625, 4.4375
0, 140.0, 298, 799, 658, 1159, 0.0,-0.023213553859677633, -0.04245232347981073, 0.6890638582082466, 2.370314513053745,-0.00016102468624723087, -0.001061960183804445, -0.001125698218506841, -0.0008671262131075961, -0.0005192639295023582,439.01568603515625, 26.509478715778823, 97.12500762939453, 233.62501525878906, 388, 934,107.12500762939453, 203.62501525878906, 428, 814, 14.439287185668945, 245.1823487351749, 12.395889085254408, 276.4744470145573, 19.38628299211942, 225.78526984779393,7.770769780439578, 230.63966021854552, 16.936585598486655, 263.1560188568202, 23.36409078275222, 265.4035472447262,62.418242400849216, 100.54331958496834, 193.44294038115922, 1271.704956988384, -9.610451970087677, 864.5551167240436, -20.077426810213463, 1271.704956988384, -9.610451970087677,77.34366262955484, 906.5901259516263, 874.7262981194478, 31.86382783217846, 225.74059841894388,0.0, 0.0, 0.0625, 0.5, 2.25,2.9375, 11.0, 24.125, 35.9375, 39.75,0.0, 0.5625, 3.75, 6.0, 10.4375, 0.4263160228729248,-0.8167524337768555, 0.0
0, 145.0, 1836, 1163, 2196, 1523, 0.0957529067993164,0.4511850312165916, 0.8913837790051186, 1.1906493789120578, 0.3892769983183825,0.00011079235834017709, 5.0704958698588595e-05, 0.00045407984106986987, 0.000418850457047597, -0.00010142083802577417,631.2477416992188, 24.13793824832738, 481.6250305175781, 324.6250305175781, 1926, 1298,491.6250305175781, 294.625, 1966, 1178, 13.302200317382812, 241.95038518219494, 11.524741547949803, 276.1743145825901, 18.264101114443747, 221.16334027054197,7.59818976992538, 239.15519856625892, 15.627759155761469, 265.9635544547756, 22.295602034479845, 268.02874411259893,45.96514101282847, 84.40796181086608, 167.67965876935114, 1076.6363279056177, -6.848811291496353, 813.2330293991395, -16.431055438838953, 1076.6363279056177, -6.848811291496353,86.92851600491551, 900.122997677474, 875.1339267664179, 24.98907091105616, 234.11963417833996,0.0, 0.0, 0.0, 0.0, 0.0,1.625, 0.75, 0.4375, 0.875, 2.125,0.0, 0.0, 0.0, 0.0, 0.0, 1.7105261087417603,-1.203765869140625, 1.125
0, 150.0, 1849, 1168, 2209, 1528, 0.10542713928222656,0.5521032212027057, 1.0046522619819735, 1.6757383240660417, 0.8670317270688248,-0.00013498883296506392, 0.0003728486793625052, 0.00047799012589393896, 0.0003189086562713328, -0.00011253238563426748,1365.776611328125, 43.35249537303797, 484.8750305175781, 325.8750305175781, 1939, 1303,494.8750305175781, 295.875, 1979, 1183, 14.46103286743164, 244.45099939960664, 12.738984933038532, 275.6495813340183, 19.195343882317875, 224.34399649771544,8.071557453783724, 231.12730840452775, 16.64102849939298, 260.16145901901143, 23.609394383065048, 262.4547223535999,54.87141441106454, 96.17390673293781, 187.9466080810372, 1138.3882451953423, -3.819264538720704, 964.6121739930952, -10.40188005903347, 1138.3882451953423, -3.819264538720704,117.94123546129008, 898.1412405721773, 884.6394466269372, 13.501793945240024, 234.68522739060603,0.0, 0.0, 0.0, 0.0, 0.0,0.9375, 0.5625, 0.9375, 1.5625, 3.3125,0.0, 0.0, 0.0, 0.0, 0.0, 3.994737148284912,-1.0723876953125, 0.375
0, 155.0, 261, 897, 621, 1257, 0.0,0.7415083772060461, 0.9687907109595835, 0.7415906856919174, -1.2558467273740097,-0.0001301729748672642, 0.0002440123411906825, 0.00027579917892580854, 0.0007969710416864473, 0.0008354017456031215,695.6021728515625, 30.284628850119194, 87.87500762939453, 258.125, 351, 1032,97.87500762939453, 228.12501525878906, 391, 912, 14.01641845703125, 244.0599983903801, 13.096334845249274, 275.947241235998, 18.273094205851443, 221.81322361119808,11.971435478238197, 203.8682215024928, 36.33308878574405, 258.62290426695273, 27.195668412934605, 277.4671812634301,101.03651551245915, 257.3247667278565, 756.7306537559604, 1297.9040623053838, -53.48469335232448, 742.9050932157342, -77.89878489801606, 1297.9040623053838, -53.48469335232448,55.35908884781411, 905.7010020709714, 820.6076731638841, 85.09332890708731, 214.27234918551756,0.0, 0.0, 0.625, 2.125, 5.75,34.125, 52.5, 75.6875, 93.625, 110.4375,0.6875, 4.5, 10.0625, 16.125, 20.8125, 3.1578948497772217,-2.468414306640625, 483.6875
0, 160.0, 1879, 1174, 2239, 1534, 0.13614134216308593,0.2734854957032258, 0.47321163579355924, 1.879042640114203, 1.8041811978956686,-2.0066293955096627e-05, 0.0005467847111924585, 0.0006665170800556553, 0.0005065130022330778, 1.086193944615843e-05,836.3339233398438, 42.66194049979548, 492.3750305175781, 327.3750305175781, 1969, 1309,502.3750305175781, 297.375, 2009, 1189, 16.512788772583008, 235.34066085821186, 11.504745770552754, 258.71038391302085, 22.92346296706644, 223.857742648708,7.206487037029914, 237.25428861835266, 15.148618817989, 266.5943634057612, 21.74773038004665, 268.9581279529626,37.63365787182539, 60.301844379604226, 114.74250898583017, 1079.559987529576, -8.144146903084689, 748.6622323131573, -17.247334691151348, 1079.559987529576, -8.144146903084689,82.45223353649037, 900.1847923972437, 871.1954326221116, 28.989359775132016, 230.59660999784248,0.0, 0.0, 0.0, 0.0, 0.0,2.0, 2.8125, 3.5625, 4.0, 4.125,0.0, 0.0, 0.125, 0.3125, 0.9375, 4.147368431091309,-1.616943359375, 9.625
0, 165.0, 1884, 1178, 2244, 1538, 0.08017118072509766,0.4928149374765053, 0.8459981011971831, 2.488912185325753, 1.989974077009829,-0.00019260698009929912, 0.0005579910409710464, 0.0007341988268876776, 0.0002712339730078384, -4.735251372437688e-05,729.6591796875, 42.89413981486624, 493.6250305175781, 328.3750305175781, 1974, 1313,503.6250305175781, 298.375, 2014, 1193, 14.833221435546875, 244.24347093186498, 12.858153993057236, 274.61500707515427, 19.677825558924138, 224.9516534900314,8.371386760621121, 233.47500834680122, 16.76725413304187, 261.4436494507629, 23.42087669438154, 266.21154496316035,60.791775708156074, 101.43573218497994, 189.98227008452042, 1133.5290049117527, -6.293204018397396, 852.4011314611399, -13.848554873082731, 1133.5290049117527, -6.293204018397396,97.78122597004241, 900.7941362976984, 878.5227718022916, 22.27136449540683, 230.0726824712634,0.0, 0.0, 0.0, 0.0, 0.0,4.0625, 3.625, 3.3125, 3.5, 4.375,0.0, 0.0625, 0.25, 0.375, 0.1875, 2.542105197906494,-1.422943115234375, 7.0625
0, 170.0, 1901, 1184, 2261, 1544, 0.06252555847167969,0.5718986750757904, 0.7942937687959055, 2.317236933768727, 2.5346779135509863,9.172916845386681e-05, 0.0007656230734914972, 0.0009422253132174773, 6.982670854540629e-05, 0.00032705420712744634,483.3341979980469, 48.90782174031199, 497.8750305175781, 329.8750305175781, 1991, 1319,507.8750305175781, 299.875, 2031, 1199, 14.318998336791992, 243.74121980143724, 12.736627989567024, 275.24013920959203, 18.982774891263865, 223.21945643661246,8.021723836063554, 227.337933113383, 15.876421395746117, 258.6255133992157, 22.328827289219834, 264.1578300231426,59.0042224752409, 97.80276437783105, 185.82322047182743, 1328.4880166789949, -5.815111222301837, 975.1018123635441, -12.117821056410662, 1328.4880166789949, -5.815111222301837,117.07314461477827, 904.477871693796, 885.541884011969, 18.935987681826987, 224.29562553711256,0.0, 0.0, 0.0, 0.0, 0.0,3.4375, 2.25, 3.5, 3.875, 4.8125,0.0, 0.0, 0.0, 0.0625, 0.1875, 3.1210529804229736,-1.4700927734375, 8.9375
0, 175.0, 1911, 1187, 2271, 1547, 0.057295516967773436,0.46401187413954176, 0.8023437322408425, 2.5106170222081707, 2.615991140427068,1.4008362941240193e-05, 0.00063564602690235, 0.0008137420679815931, 0.0006287770675407955, 0.000723541329505224,1280.2459716796875, 85.61073078612954, 500.3750305175781, 330.6250305175781, 2001, 1322,510.3750305175781, 300.625, 2041, 1202, 13.987586975097656, 243.9982944614182, 12.498678299755666, 276.27636765566467, 18.643718526098155, 223.02019992382836,7.624481213962939, 229.9212745820219, 14.699132837399308, 261.93310080668607, 20.47711245611362, 267.4525903353517,57.16141654270337, 94.36921595035327, 175.5166119963688, 1237.6987012420166, -9.580363697454024, 841.618803462968, -21.718813900462735, 1237.6987012420166, -9.580363697454024,76.86505628743967, 904.1734101800524, 868.7936710718589, 35.379739108193576, 225.0334357468237,0.0, 0.0, 0.0, 0.0, 0.0,2.0, 1.875, 2.75, 2.8125, 4.0625,0.0, 0.0, 0.0, 0.0, 0.0, 3.3263163566589355,-1.856689453125, 13.4375
0, 180.0, 1908, 1188, 2268, 1548, 0.08019906616210938,0.444963357487577, 0.8406400729526647, 1.9894778064638377, 1.3987637222744524,-1.154139567461243e-05, 0.00020481986786535344, 0.00026925298397145525, 0.0005662986223933331, 0.0005154510376752341,1242.9671630859375, 64.7297232354694, 499.6250305175781, 330.8750305175781, 1998, 1323,509.6250305175781, 300.875, 2038, 1203, 14.46843147277832, 245.0102962699823, 12.35071691876954, 276.23311274350016, 19.458437763324273, 225.80099216125996,6.964383552412942, 233.31723097697392, 14.473827404943547, 265.0620104654689, 20.252465374434085, 268.426752895914,54.60454951727378, 85.40242421909969, 166.22926412369983, 1214.648378949345, -12.291114764919254, 805.7125922731573, -24.59393912028862, 1214.648378949345, -12.291114764919254,73.32087811912146, 903.0794450601301, 861.8990961517133, 41.18034890841682, 227.31726039491113,0.0, 0.0, 0.0, 0.0, 0.0,4.0, 3.75, 3.5, 2.125, 2.5,0.0, 0.0, 0.0, 0.0625, 0.1875, 3.457894802093506,-2.4747314453125, 30.3125
0, 185.0, 1919, 1197, 2279, 1557, 0.04440558624267578,0.35201914598001166, 0.8136931001278572, 2.2918779648735654, 1.6343493282400596,-0.000215317447682537, 0.0001323987670684801, 0.0002766108239029563, 0.0006750909008019334, 0.00032033160462617615,893.2068481445312, 58.12959538838302, 502.3750305175781, 333.1250305175781, 2009, 1332,512.375, 303.125, 2049, 1212, 14.580429077148438, 245.0352401208312, 12.39359284411345, 275.9880894134898, 19.59787385286262, 226.0538534779305,8.495221180767574, 230.8291706472567, 16.50619760386228, 262.7467402613746, 22.649917915976268, 267.8337831929301,63.90959733343637, 105.61725827669719, 200.5205599216976, 1208.3184704363105, -7.364776473228734, 839.3022373536219, -17.479807293734723, 1208.3184704363105, -7.364776473228734,86.77371776720032, 905.1669614947278, 877.3804002737376, 27.78656122099028, 229.10884093586745,0.0, 0.0, 0.0, 0.0, 0.0,2.375, 1.5625, 2.0, 2.9375, 3.6875,0.0, 0.0, 0.0, 0.0, 0.5625, 2.1315791606903076,-2.66546630859375, 53.5
0, 190.0, 1943, 1187, 2303, 1547, 0.032646419525146485,0.1071592805092223, 0.513402683713357, 2.4534901102131697, 2.3525378455856116,0.0005290692396681607, -6.543591644401658e-05, 0.00022847488959058638, 0.0012507157057063977, 0.0009247259739871084,1294.07373046875, 75.51238248511902, 508.3750305175781, 330.6250305175781, 2033, 1322,518.375, 300.625, 2073, 1202, 14.298921585083008, 244.3127290500489, 12.505661965328805, 275.9147388098398, 19.105672354845947, 224.2532245194878,8.85356550044715, 228.0586683349811, 17.600843482533413, 257.53204109423166, 23.669064500925856, 264.29664678783394,63.91693723991714, 110.01125275574755, 214.5271236647622, 1284.5814976121155, -4.873047433737799, 944.2804141226175, -12.729522998856194, 1284.5814976121155, -4.873047433737799,115.14583733159456, 905.7121719919112, 888.7388420406479, 16.97332995126328, 226.0594430571989,0.0, 0.0, 0.0, 0.0, 0.0,2.8125, 1.4375, 2.0, 3.375, 4.3125,0.0, 0.0, 0.0, 0.0, 0.25, 4.742105007171631,-2.869171142578125, 98.9375
0, 195.0, 416, 831, 776, 1191, 0.0,1.1934614179798517, 2.156862927468028, 5.983948153895326, 3.7665042051731144,0.00011936352739624567, 0.00033148673559026066, 0.0006175448489375413, 0.0029106282138809544, 0.0008897569208920686,878.3756713867188, 91.59395922590073, 126.62500762939453, 241.62501525878906, 506, 966,136.625, 211.62501525878906, 546, 846, 13.993914604187012, 243.5749183555258, 12.531909818755748, 275.8258264880402, 18.630902658214556, 222.539801674846,9.580653579908835, 244.04968480473337, 20.78465788095255, 278.49000209163955, 25.588635164550926, 278.8353091353187,90.0155014823007, 154.5563377898813, 306.36376919355064, 1176.1708114816502, -22.783440230418034, 738.8299809365016, -51.79605287195627, 1176.1708114816502, -22.783440230418034,44.12452700476838, 905.9606766651694, 808.1300961375158, 97.83058052765364, 228.3521498173866,0.0, 0.0, 0.0, 0.0, 0.0,0.5625, 1.1875, 3.125, 5.3125, 7.6875,0.0, 0.0, 0.1875, 0.125, 0.0625, 1.3421056270599365,-4.802703857421875, 536.6875
0, 200.0, 442, 822, 802, 1182, 0.0,1.865599632738158, 3.089380338108167, 6.720280930772423, 5.010634020497091,0.00022880171523326, 0.0012148125330350013, 0.0015346854252879895, 0.003197363569565823, 0.0020315496229613927,907.8055419921875, 119.06408610496725, 133.125, 239.37501525878906, 532, 957,143.125, 209.37501525878906, 572, 837, 15.876982688903809, 241.21866701641147, 11.903436002780749, 267.97168025391613, 21.793699953573704, 226.9857810073714,9.224492042079296, 241.13927289749924, 20.173620057542, 275.4233017958172, 25.46545011595154, 276.5817975016997,76.01276845538463, 128.23280942381314, 259.2701291636414, 1156.7279756567104, -15.392075816505795, 738.0183428300506, -41.373561425743844, 1156.7279756567104, -15.392075816505795,48.36114891717746, 906.178074784802, 827.3463386072663, 78.83173617753573, 229.39498566462882,0.0, 0.0, 0.0, 0.0, 0.0,0.625, 0.625, 1.3125, 2.0, 2.875,0.0, 0.0, 0.0, 0.0, 0.0, 2.6894733905792236,-4.182647705078125, 412.1875
1, 205.0, 460, 829, 820, 1189, 0.0,1.7365186700491175, 3.016728716369253, 7.631846388059202, 6.6904834050918005,0.0003434417047435545, 0.0011735764603190545, 0.0018035589646842709, 0.003570603870170998, 0.0029738345149417002,837.25732421875, 151.8799702814892, 137.625, 241.12501525878906, 550, 964,147.625, 211.12501525878906, 590, 844, 15.758147239685059, 240.57739421561732, 11.997048778091042, 267.87409633931696, 21.568709020049553, 225.79883693831283,9.342303104175574, 240.24039268196887, 20.512567795331268, 274.241679069405, 26.101698882590416, 275.1179786795393,77.60229487598734, 130.83363939389932, 266.7273614634841, 1131.6558852238277, -13.377573765091368, 717.80942141467, -37.15524095941412, 1131.6558852238277, -13.377573765091368,53.745035477601455, 906.2733098366593, 846.8004023977285, 59.47290743893086, 229.0436023485713,0.0, 0.0, 0.0, 0.0, 0.0,0.8125, 1.5625, 3.875, 5.5, 7.5625,0.0, 0.0, 0.0, 0.0625, 0.5, 2.984210729598999,-4.008453369140625, 440.4375
0, 210.0, 1991, 1198, 2351, 1558, 0.011762378692626953,-0.0789814999140799, 0.2223634138435591, 2.6367243960167976, 3.0882152995525396,0.0001983293649391271, 0.00012290878395901928, 0.00019343962998163988, 0.001039385027223716, 0.000820182351131109,1125.3360595703125, 78.22075785887543, 520.375, 333.3750305175781, 2081, 1333,530.375, 303.375, 2121, 1213, 15.94371509552002, 239.80968095290788, 12.232840768943445, 266.7979931177524, 21.708563048003775, 224.99326306246135,8.008398036600004, 235.35131595331708, 16.522652671779927, 265.3582767509074, 22.96373709845845, 267.4054756904569,50.42619199954432, 84.36921274685534, 159.924313948097, 1265.8636029717413, -10.143649217389699, 862.385779593068, -20.867273139523707, 1265.8636029717413, -10.143649217389699,84.91505693957365, 905.6138188276149, 872.5806675287939, 33.03315129882094, 228.2878160400724,0.0, 0.0, 0.0, 0.0, 0.0,10.125, 7.75, 7.875, 8.625, 8.6875,0.0, 0.3125, 0.8125, 1.25, 1.6875, 2.24210524559021,-2.86309814453125, 219.375
0, 215.0, 2002, 1201, 2362, 1561, 0.047625251770019535,-0.27887617703701845, -0.07069179143931255, 2.324486698968103, 2.4203631157442578,0.00032308950575043126, 0.00032633316423471117, -0.00018741885358849686, 0.0009359319302478752, 0.0003825986400170223,1232.38232421875, 67.9803778392618, 523.125, 334.1250305175781, 2092, 1336,533.125, 304.125, 2132, 1216, 14.248226165771484, 243.9682962705835, 12.585732616433974, 275.66212187721635, 18.976912902914947, 223.5764362299011,7.4994827880623465, 234.24009881686936, 15.701530364754385, 265.60274288168046, 22.220477318579558, 266.26406911787774,53.921413008895, 91.17744324065997, 178.39590993456616, 1293.281247167864, -9.13642634984634, 905.2718579429667, -18.73948553304138, 1293.281247167864, -9.13642634984634,92.54685017047728, 904.5117364727496, 874.0875348091275, 30.424201663622057, 230.87281965158903,0.0, 0.0, 0.0, 0.0, 0.0,7.625, 8.1875, 10.75, 11.375, 11.0625,0.0, 0.3125, 0.6875, 1.25, 1.5, 2.1315791606903076,-3.19281005859375, 199.5
1, 220.0, 490, 833, 850, 1193, 0.0,0.8627074093557894, 1.9405898383446039, 8.587864396726946, 10.7073301514145,0.00030142464587584077, 0.000825939326855405, 0.0004575828563338291, 0.0033864354949673723, 0.0026866168335800467,2708.05126953125, 264.9913497670281, 145.125, 242.12501525878906, 580, 968,155.125, 212.12501525878906, 620, 848, 14.237462997436523, 243.94006026855467, 12.738317658865679, 275.6064855008367, 18.85857826312786, 223.17105643515944,9.71760864956333, 240.8763925767238, 21.241767104595176, 274.0221977706158, 27.2522697214065, 277.17620154440925,91.5144686867471, 157.08683652666525, 323.55976358947777, 1108.4408212726742, -11.668741197342822, 694.2822509510687, -31.560725201344557, 1108.4408212726742, -11.668741197342822,61.54938112282542, 906.4468056717543, 863.3740710968767, 43.072734574877586, 226.7993506912731,0.0, 0.0, 0.0, 0.375, 2.8125,4.8125, 9.3125, 14.875, 18.375, 20.4375,0.0, 0.1875, 0.625, 1.8125, 3.5, 2.8368425369262695,-4.248172283172607, 543.4375
1, 225.0, 513, 818, 873, 1178, 0.0,2.6324637541803533, 4.370748769292841, 9.934821285053621, 9.89230135919759,0.0006813050044956981, 0.0022538305894977385, 0.0027470061911481023, 0.004802371554371802, 0.0044013456875450175,1540.0523681640625, 314.93760464917864, 150.875, 238.37501525878906, 603, 953,160.87501525878906, 208.37501525878906, 643, 833, 16.650541305541992, 239.90936073365503, 12.472089367570852, 264.86916574335305, 22.61477491654662, 226.45185284150114,9.459052951374135, 239.43258620883148, 20.66029283898062, 271.9803673597538, 26.944847713538373, 275.6339994713337,76.66681138444508, 128.74343362207557, 259.71817600542084, 1112.0496351463432, -10.566016654106685, 704.1328955553397, -26.54258473125992, 1112.0496351463432, -10.566016654106685,66.24030441406778, 906.5297449478973, 869.5615374451874, 36.9682075027099, 227.09103966346686,0.0, 0.0, 0.0, 0.125, 3.375,7.875, 10.875, 16.4375, 21.375, 21.875,0.0, 0.5625, 1.0625, 1.5, 4.0, 4.984210968017578,-4.012176513671875, 416.8125
1, 230.0, 514, 831, 874, 1191, 0.0,0.03365847085835412, 0.5782217055733782, 5.043162840302102, 7.772971105289471,0.0007264205444880645, 0.0015293953430409602, 0.0015868978565458747, 0.0007616162483327571, 0.0019917624920117306,2566.958740234375, 198.83810370413, 151.125, 241.62501525878906, 604, 966,161.12501525878906, 211.62501525878906, 644, 846, 16.404516220092773, 239.49500047746704, 12.470214886692466, 265.29117315425185, 22.25331587267177, 225.38056787111316,9.90121891592938, 241.43104491846384, 21.58166062353726, 274.07585573673543, 27.60512600122943, 279.2647914303291,82.50325119884027, 140.8412116337307, 287.5192907613039, 1086.2294974063911, -10.917239300802272, 675.5358937727311, -29.385679704499996, 1086.2294974063911, -10.917239300802272,62.920900654306564, 906.514926726164, 867.3780564925656, 39.136870233598415, 226.56081800217297,0.0, 0.0, 0.1875, 1.5625, 3.375,11.25, 17.1875, 22.5, 24.625, 26.5,0.0625, 1.625, 3.1875, 4.8125, 6.875, 4.968421459197998,-5.47686767578125, 574.625
1, 235.0, 540, 807, 900, 1167, 0.0,2.3046612948560514, 3.6418804540250855, 5.822279867368634, 4.317302463720843,0.001616370976857411, 0.001957616646710107, 0.002272747938432644, 0.002824823142616424, 0.0011543694539648186,1129.34375, 198.3479274578835, 157.625, 235.62501525878906, 630, 942,167.62501525878906, 205.62501525878906, 670, 822, 16.858198165893555, 240.40024642930385, 12.613473699766564, 264.88092093725817, 22.842897901087476, 227.1727813697952,9.442321702537916, 239.5940655411889, 20.676426372077056, 271.32949131298665, 27.04995955595966, 275.92752002072586,76.15405138671922, 127.8652803584857, 258.6910153924415, 1104.0221551295804, -9.976939991097812, 697.9259027802859, -23.721769457221857, 1104.0221551295804, -9.976939991097812,70.21585889409394, 906.6203416562131, 872.1010305341473, 34.5193111220658, 226.56977571351442,0.0, 0.0, 0.4375, 2.1875, 5.0625,16.8125, 20.625, 23.4375, 27.5, 28.375,0.25, 3.0625, 4.75, 5.5, 7.0, 3.736842632293701,-5.69171142578125, 387.875
1, 240.0, 573, 820, 933, 1180, 0.0,2.959447354076546, 4.860111497132457, 10.95696973007871, 10.760584228395016,0.0014063843359451767, 0.002803085558607565, 0.003619888746948163, 0.00637510525088203, 0.004560244106651226,1558.27294921875, 353.5847625394439, 165.87501525878906, 238.87501525878906, 663, 955,175.87501525878906, 208.87501525878906, 703, 835, 16.30442237854004, 239.98065424821164, 12.533019461785104, 266.1924981805038, 22.07015592090825, 225.45436499759995,9.746276994393432, 236.51808984847366, 21.69943931971841, 267.0665343830842, 28.62879693280548, 274.17620487602125,81.53880261730404, 137.22333123821994, 286.9802255439945, 1126.3013395954486, -8.380148884257128, 730.0063685835291, -18.08311951522834, 1126.3013395954486, -8.380148884257128,83.52645831814007, 906.8703814065458, 878.3238075306896, 28.54657387585621, 226.86249283545575,0.0, 0.0, 0.0, 1.8125, 5.6875,18.375, 22.4375, 31.4375, 35.6875, 33.875,0.0, 0.875, 2.375, 4.6875, 7.1875, 2.494736909866333,-6.150909423828125, 368.8125
1, 245.0, 576, 812, 936, 1172, 0.0,2.691972408136935, 4.482828142399666, 9.224645942104981, 8.072523208840284,0.0015884639621890529, 0.0017807727883109691, 0.0018461511488874294, 0.004148346215893071, 0.0034894615901976066,2040.578125, 292.1215907787253, 166.62501525878906, 236.87501525878906, 666, 947,176.62501525878906, 206.87501525878906, 706, 827, 16.27779197692871, 238.8205602780633, 12.763093577828679, 265.39496306835827, 21.898320850546824, 223.7067868063905,9.68326984922525, 237.54537762040027, 21.4564612338825, 268.490833730707, 28.003628376460355, 274.185835442751,78.5914256558552, 131.78699197354044, 271.3189440158541, 1141.2528507568568, -8.469704373940766, 745.1819295890307, -18.08774510193971, 1141.2528507568568, -8.469704373940766,83.95593006678712, 906.8580764764502, 878.2132927596278, 28.644783716822303, 226.43866647260072,0.0, 0.0, 0.75, 3.6875, 8.8125,23.125, 29.9375, 39.9375, 44.75, 47.5625,0.25, 2.375, 4.4375, 8.4375, 11.8125, 3.268421173095703,-6.836090087890625, 433.5
1, 250.0, 610, 810, 970, 1170, 0.0,2.837464037542811, 4.444015285914646, 8.535515747196039, 8.76270013826084,0.002372969203609046, 0.0037538785784681753, 0.004508915033093217, 0.004258870931524258, 0.004121364968204944,1898.242919921875, 277.6575802543352, 175.12501525878906, 236.37501525878906, 700, 945,185.12501525878906, 206.37501525878906, 740, 825, 16.127836227416992, 240.13806278782374, 12.80157218091788, 267.19302647971693, 21.65257459362307, 224.53826292701342,9.657466672070619, 234.57988706769916, 21.527547279557744, 264.2332353115795, 28.61115864209751, 270.75697119637783,79.5971199268322, 132.96222103991585, 276.40229509033634, 1166.1461012558873, -7.424357978359704, 782.0053695430636, -15.352778421910738, 1166.1461012558873, -7.424357978359704,96.96074875544797, 907.027720214317, 882.4412635771357, 24.5864566371813, 227.7116747174209,0.0, 0.0, 0.8125, 2.9375, 6.0625,21.375, 34.125, 42.9375, 44.0, 44.375,0.0625, 2.5625, 5.9375, 10.8125, 13.8125, 2.8368425369262695,-7.7127685546875, 343.75
1, 255.0, 615, 803, 975, 1163, 0.0,2.3913923421991052, 3.7261690318980247, 6.820298498098272, 6.269280954595888,0.0022838240880258807, 0.002579535783717688, 0.00231405489730264, 0.0038411133095291915, 0.0015578343993718135,1494.78955078125, 221.06054870307773, 176.37501525878906, 234.62501525878906, 705, 938,186.37501525878906, 204.62501525878906, 745, 818, 15.865720748901367, 238.98490828987215, 12.920953266614717, 266.861657828399, 21.189411718739258, 222.4190473652184,9.656459297010361, 235.14986635393672, 21.3688754977028, 265.115367903265, 28.233727084217698, 270.5924319392723,77.97233114437536, 129.9962352246271, 266.958103505804, 1168.724541989896, -7.3633326809829835, 787.063626577786, -15.168033181270522, 1168.724541989896, -7.3633326809829835,98.01617255864808, 907.0570855734207, 882.768277548424, 24.288808024996797, 227.8886848272325,0.0, 0.25, 2.125, 4.5, 6.875,19.4375, 32.625, 44.1875, 47.375, 54.75,0.5, 4.625, 8.0625, 10.25, 10.5625, 2.48421049118042,-6.769195556640625, 395.5
1, 260.0, 635, 802, 995, 1162, 0.0,2.1047123620271306, 3.393610719371064, 6.6928037464624515, 6.20277400200721,0.0029799886891419183, 0.0023676372936199644, 0.002209497878151865, 0.0036278173434948265, 0.002232229325527442,2266.295166015625, 221.1164195006698, 181.37501525878906, 234.37501525878906, 725, 937,191.37501525878906, 204.37501525878906, 765, 817, 15.759122848510742, 239.98492994663206, 12.961582909094593, 268.1650637138266, 21.00469659323485, 223.0423441561064,9.711239734309306, 233.71864119449558, 21.539125564200067, 262.98320141044053, 28.645251466543247, 268.6422590246062,79.01769987300028, 131.79968895768764, 272.5343310189157, 1182.0890399929922, -6.692532758922234, 808.6641945391157, -13.729867617775403, 1182.0890399929922, -6.692532758922234,107.57035647885564, 907.1869007444893, 885.4417808281243, 21.74511991636507, 228.426252396039,0.0, 0.0, 1.4375, 3.5625, 5.1875,26.875, 40.3125, 56.6875, 66.0, 68.3125,0.125, 4.25, 7.9375, 10.6875, 14.1875, 4.742105007171631,-7.597991943359375, 362.6875
1, 265.0, 639, 821, 999, 1181, 0.0,-0.3736089818528853, 0.15440026706957727, 3.7412505562615115, 5.6569880070607175,0.0004551385281865805, 0.00071744634802144, 0.0005872451539812573, 0.0012724545849232527, 0.0023408120164646108,1688.8070068359375, 151.40347312550531, 182.37501525878906, 239.12501525878906, 729, 956,192.37501525878906, 209.12501525878906, 769, 836, 15.563569068908691, 239.8620821642202, 13.085703943850756, 268.5823781368836, 20.632830679405515, 222.11816878967377,9.986805957255779, 232.01493246830591, 22.58549227014764, 261.4536351873295, 29.53086886001517, 267.11971423596196,80.98608157930192, 135.98580643410224, 290.20183877711304, 1206.2759764943844, -5.752770476197161, 844.2976272992067, -11.739816134986976, 1206.2759764943844, -5.752770476197161,124.44726791991127, 907.3997244138002, 889.383187782999, 18.01653663080117, 226.88010430981535,0.0, 0.0, 1.6875, 3.5, 4.125,37.1875, 60.0, 75.25, 80.625, 78.625,0.6875, 6.0, 8.0625, 10.625, 13.1875, 3.1578948497772217,-7.122894287109375, 532.25
1, 270.0, 676, 817, 1036, 1177, 0.0,1.200210708740633, 1.8512254408246374, 5.733391115712003, 7.969870090247132,0.0018220366622244914, 0.002621533372848717, 0.0020306018352130193, 0.0027655298092031442, 0.0028924008263334143,2172.169189453125, 155.28808371546643, 191.62501525878906, 238.12501525878906, 766, 952,201.62501525878906, 208.12501525878906, 806, 832, 15.627199172973633, 240.97842194254542, 13.52823151386351, 269.6501025960719, 20.44274144826631, 222.46621569052155,9.818242423383202, 230.48139107509797, 22.292934737458832, 258.07487720870756, 29.922081598042546, 264.61459209369804,81.77829500601301, 136.3031875016186, 286.9810910980309, 1229.402135534765, -5.719700887283566, 867.4669723227727, -11.445811464140796, 1229.402135534765, -5.719700887283566,129.70593719846528, 907.3916881108253, 889.6535600718884, 17.738128038936907, 226.370449699793,0.0, 0.0, 0.5, 2.1875, 3.8125,28.0, 45.8125, 57.6875, 58.375, 61.5625,0.3125, 4.0, 7.3125, 9.75, 13.125, 4.6210527420043945,-6.202056884765625, 391.75
1, 275.0, 696, 797, 1056, 1157, 0.0,1.7090522562809938, 2.591790235023072, 5.689588192430091, 3.9022399324271824,0.003535464870867597, 0.0022369639265593833, 0.0016354368627230543, 0.00325710840564625, 0.0019899314474105265,1766.39208984375, 152.04671748171214, 196.62501525878906, 233.12501525878906, 786, 932,206.62501525878906, 203.12501525878906, 826, 812, 15.395955085754395, 239.69513868052675, 13.484424165719975, 268.847548168054, 20.118180261442674, 220.63823454582663,9.751050881694027, 231.1506676514892, 21.622202240327272, 258.3167205468394, 29.192607696818346, 263.94013823391595,78.37920530732973, 129.3407207443991, 262.5088351095885, 1242.2987506233267, -5.825389433278015, 879.0406076244922, -11.701279463959784, 1242.2987506233267, -5.825389433278015,126.78760081087572, 907.4379948358965, 889.3041221862936, 18.133872649602836, 226.87089178571097,0.0, 0.0, 0.1875, 1.25, 3.3125,27.9375, 42.3125, 54.1875, 57.3125, 55.8125,0.3125, 3.5625, 5.9375, 10.0625, 14.4375, 4.5,-4.826019287109375, 297.8125
0, 280.0, 681, 819, 1041, 1179, 0.0,-0.6742598593677394, -0.13544327871641143, 2.414019389094319, 2.749413068347203,0.0003146782947032989, 8.112323085697426e-05, -0.0003641704404031996, 0.0013365465991455495, 0.0021448260290719643,4027.185546875, 112.64977090239115, 192.87501525878906, 238.62501525878906, 771, 954,202.87501525878906, 208.62501525878906, 811, 834, 15.003957748413086, 240.15027516605974, 13.322380235014682, 270.1107941808815, 19.62782858063216, 220.3361569642605,9.901296287718743, 231.58204873908886, 22.261676033958114, 260.3885628089144, 29.20744427602129, 265.1056280535086,78.11509175477295, 130.64944762892483, 275.0097683652751, 1260.8588110812957, -5.392721364954387, 902.4565776578966, -10.715747727594316, 1260.8588110812957, -5.392721364954387,136.6881331198294, 907.4754336083839, 891.0705658504814, 16.40486775790248, 225.1019534650613,0.0, 0.0, 0.875, 3.1875, 5.75,38.5, 59.75, 76.9375, 78.125, 72.8125,0.25, 3.8125, 6.75, 10.3125, 12.3125, 4.052631855010986,-5.0745849609375, 532.375
0, 285.0, 710, 824, 1070, 1184, 0.0,0.24943697128008352, 0.9544755166117102, 4.368445239719003, 5.388906695077893,0.0013950900659915537, 0.0010062749119481395, 0.001140736324757654, 0.0024168059959242785, 0.0026407100482094847,1561.242431640625, 131.14203835180209, 200.12501525878906, 239.87501525878906, 800, 959,210.12501525878906, 209.87501525878906, 840, 839, 15.30234432220459, 241.70634252315037, 13.52495974193265, 271.0450443565935, 19.94740523603053, 222.30302866515132,9.792127710320441, 232.34018607658192, 22.338001454269886, 259.58646637392314, 29.79746845464502, 265.3268032392119,79.59123541082339, 132.7684452691121, 281.57812934327774, 1255.1166531452611, -5.832042571798454, 907.2449820246006, -11.254396567042637, 1255.1166531452611, -5.832042571798454,133.74318836471116, 906.4260063844546, 888.4592886937561, 17.966717690698488, 225.32731253160583,0.0, 0.0, 0.875, 2.0625, 2.1875,31.5625, 46.0, 61.8125, 68.1875, 63.875,0.3125, 2.625, 4.875, 9.0625, 10.0625, 2.24210524559021,-4.83563232421875, 519.0625
0, 290.0, 733, 818, 1093, 1178, 0.03383700180053711,0.36561325297341685, 1.026605584648205, 5.018469992607133, 6.576143747646129,0.0012464215678312483, 0.001557161459400049, 0.0014745229395543903, 0.0023812665008517797, 0.0026742643850207054,1670.1417236328125, 111.20122742902609, 205.87501525878906, 238.37501525878906, 823, 953,215.87501525878906, 208.37501525878906, 863, 833, 15.458200454711914, 240.51745247546128, 13.306563478314926, 269.5289847145006, 20.330943794329738, 222.01036204546753,9.767852095993193, 234.21145300349033, 22.04097879505827, 260.1657210570536, 29.716289948618254, 266.1284625420964,78.89307685028024, 128.55092831097102, 266.313434064905, 1223.1993715877138, -6.186007867154081, 873.6982558826473, -11.807222261258243, 1223.1993715877138, -6.186007867154081,129.6445842603686, 905.2372038942048, 885.6033860492338, 19.633817844970963, 226.329627925832,0.0, 0.125, 0.5, 0.6875, 1.125,28.6875, 45.1875, 61.375, 62.0625, 56.3125,0.5, 2.5625, 4.3125, 5.9375, 7.1875, 5.984210014343262,-5.104217529296875, 446.6875
0, 295.0, 731, 828, 1091, 1188, 0.012624019622802735,-0.6982331133843401, -0.5440857954486273, 2.2332886247860735, 3.6956833911471767,0.0004601589014396268, 0.0008697507201304688, 0.00046810185890080905, 0.0013023711598634691, 0.0013117672386351842,938.461669921875, 76.03721771664814, 205.37501525878906, 240.87501525878906, 821, 963,215.37501525878906, 210.87501525878906, 861, 843, 15.563515663146973, 239.99752481546156, 13.143527414448949, 268.7359438042507, 20.595963592904873, 222.1289364526017,9.830149751551456, 236.8259811158795, 22.243296760600842, 263.8414966419226, 29.386387158052926, 271.3162134252401,78.61966344852043, 129.02033641190314, 270.7490197888113, 1202.269767378829, -7.124846811359795, 848.8488677158094, -12.95233059684276, 1202.269767378829, -7.124846811359795,120.6485643803343, 905.1271821320821, 883.0199859627365, 22.10719616934557, 225.34107489360073,0.0, 0.0, 0.0, 0.375, 0.375,24.25, 32.125, 46.25, 49.0625, 43.6875,0.0, 1.6875, 3.875, 4.75, 5.75, 2.6894733905792236,-4.585205078125, 582.3125
1, 300.0, 770, 802, 1130, 1162, 0.0655538330078125,1.654459960067179, 2.7222127365088093, 7.259402994830163, 5.972307516252623,0.0015402571772506234, 0.0016361508648515156, 0.0018014364414693773, 0.0038089367725297053, 0.0021591429376144333,1483.1959228515625, 152.13867512066776, 215.12501525878906, 234.37501525878906, 860, 937,225.12501525878906, 204.37501525878906, 900, 817, 15.85212516784668, 241.26029018921352, 12.866906187462954, 269.13696720149653, 21.201944631949697, 224.77578387913843,9.599068087652284, 236.84309756993954, 21.45843224959522, 261.51525715402136, 29.166576125073288, 267.6875351824218,73.68994233336508, 120.6501682333518, 248.94125019486177, 1154.3056984959471, -6.395714543955618, 836.9501878872328, -12.432681380596756, 1154.3056984959471, -6.395714543955618,119.5386703338025, 902.7036052090665, 881.2957299636091, 21.407875245457376, 228.6429602732801,0.0, 0.0, 0.0, 0.0, 0.6875,20.0625, 28.875, 38.5, 40.3125, 43.1875,0.0625, 0.8125, 1.5625, 2.9375, 3.9375, 3.0789475440979004,-4.400848388671875, 345.25
1, 305.0, 786, 803, 1146, 1163, 0.07807457733154297,1.4544888951466417, 2.4545417694677596, 7.030217538175637, 7.176768662752578,0.0012202715090211314, 0.0013523738654998853, 0.0016853160886057595, 0.0033522750020074455, 0.002797124383837399,1921.3658447265625, 182.1939035847184, 219.12501525878906, 234.62501525878906, 876, 938,229.12501525878906, 204.62501525878906, 916, 818, 15.393463134765625, 240.1171214278285, 12.939603207246169, 269.2002961348147, 20.469100824197493, 222.22196058347427,9.81394983334454, 238.59661203555692, 21.498417486412805, 262.41663721878797, 29.214472339985043, 269.0574935450079,79.46154305956887, 124.69945059247435, 249.4023356208894, 1150.1894214163578, -7.763095294842168, 829.7670103939649, -13.37889784619427, 1150.1894214163578, -7.763095294842168,114.17112109312268, 901.650100456901, 876.6296319847355, 25.020468472165476, 228.7513759343785,0.0, 0.0, 0.0, 0.0, 0.0,20.4375, 25.125, 30.375, 32.5, 35.6875,0.0, 0.8125, 1.5, 2.375, 3.3125, 3.526315689086914,-4.739501953125, 367.625
1, 310.0, 805, 803, 1165, 1163, 0.11864570617675782,1.504299433887936, 2.594468464255333, 6.929667103628162, 7.34308365338715,0.0013167849224237213, 0.0018336534832815233, 0.0016957885061856359, 0.0034092789617216116, 0.002814666362753541,1198.589599609375, 156.31940078572433, 223.87501525878906, 234.62501525878906, 895, 938,233.87501525878906, 204.62501525878906, 935, 818, 15.396122932434082, 240.3238166124914, 12.775139504979546, 269.341515788635, 20.576126584757844, 222.79577312768896,10.199327144761174, 238.2656893702698, 21.566949698338863, 262.78608215099393, 29.300925879941122, 269.7321796312218,82.20486341891407, 131.60699657470218, 253.13523724506118, 1204.234876093754, -7.070498550436428, 827.9561946938945, -14.783830064841414, 1204.234876093754, -7.070498550436428,115.78329548570474, 903.0694385392457, 877.2169239039735, 25.8525146352722, 226.35254616768333,0.0, 0.0, 0.0, 0.0625, 0.375,16.0, 23.0, 28.125, 28.375, 28.1875,0.0, 1.25, 2.125, 3.25, 3.5625, 2.984210729598999,-5.07855224609375, 359.3125
0, 315.0, 793, 794, 1153, 1154, 0.13911595153808595,0.8330198383564129, 1.4339115506736562, 3.6284255552536346, 2.6604563421849163,0.0008365289035555179, 0.0008587841437747557, 0.0006660674011436641, 0.000921218563844377, -5.566259460465517e-06,916.5291137695312, 73.83239138323755, 220.87501525878906, 232.37501525878906, 883, 929,230.87501525878906, 202.37501525878906, 923, 809, 15.557135581970215, 240.32918514117904, 12.700679544178895, 268.8906630784894, 20.862446550308125, 223.40778554084577,9.80176455863311, 240.82572623346064, 21.2891185268372, 265.7532529302309, 28.31643003197915, 271.9153439588553,75.40509678039656, 122.78722995549123, 244.24499499747583, 1159.3282219982584, -5.821251980862069, 822.1451535274119, -12.764703926447522, 1159.3282219982584, -5.821251980862069,119.999146029752, 901.562418491432, 880.0169980109042, 21.54542048052781, 228.35839674882675,0.0, 0.0, 0.0, 0.8125, 2.0,22.25, 31.5, 37.1875, 39.75, 39.1875,0.125, 2.0, 3.4375, 5.6875, 7.75, 4.231579303741455,-5.84075927734375, 472.1875
0, 320.0, 828, 805, 1188, 1165, 0.06809417724609375,1.0582139573805034, 2.0826098928740246, 6.56553020507563, 7.437435835236683,0.001170706972014841, 0.001668507010817848, 0.0015044390813136487, 0.0017125332353634802, 0.0019785127700743033,910.0751342773438, 127.41251595579945, 229.62501525878906, 235.12501525878906, 918, 940,239.62501525878906, 205.12501525878906, 958, 820, 15.716594696044922, 241.1245879907837, 12.654516015974242, 269.22062687408663, 21.127847355242633, 224.7404430296652,10.144021338854241, 238.53399286124625, 21.716152617902903, 264.2148894234689, 29.192029266143706, 273.3169943991903,83.6602281952192, 133.5960353861733, 266.6644312272932, 1152.6234981272207, -8.364612556738175, 805.981523031084, -15.260990094520846, 1152.6234981272207, -8.364612556738175,100.54654310691467, 902.6876899933034, 875.4109363987409, 27.27675359456248, 228.797849099146,0.0, 0.0, 0.25, 1.5625, 3.1875,16.5625, 20.0625, 27.25, 32.8125, 38.375,0.25, 2.125, 3.625, 5.875, 7.8125, 3.5315792560577393,-5.353271484375, 441.3125
0, 325.0, 836, 803, 1196, 1163, 0.09831969451904297,1.1320826490491163, 2.2327095504594032, 6.111041993503458, 6.786321445057402,0.0008005306784207278, 0.0010514656671830381, 0.001211027075310085, 0.002264320160029456, 0.0020416642151485577,1058.9259033203125, 122.50739077955944, 231.62501525878906, 234.62501525878906, 926, 938,241.62501525878906, 204.62501525878906, 966, 818, 15.70520305633545, 240.16728233709307, 12.24613579129794, 267.9315675572389, 21.35038509584352, 224.66996767047647,10.402973901658871, 240.9915768868869, 21.846686887079052, 266.01318260928485, 29.110431324441, 275.54806203119665,84.68138068211353, 134.95519824086023, 264.47604372836787, 1126.223258284668, -8.527983447384713, 765.2036103698822, -17.00834564442576, 1126.223258284668, -8.527983447384713,99.2998779041035, 902.198388241893, 872.7101911042405, 29.48819713765249, 229.5643144807626,0.0, 0.0, 0.0625, 0.8125, 2.1875,24.625, 31.25, 33.25, 38.625, 43.625,0.0, 1.4375, 4.0625, 7.625, 11.5, 8.43684196472168,-4.47174072265625, 472.625
1, 330.0, 854, 801, 1214, 1161, 0.12439985656738281,1.443458326775581, 2.6483517708489672, 7.223634442398323, 7.719955169456079,0.0008255538673438423, 0.0016746856795271014, 0.0021121100137224858, 0.0027954024487962677, 0.002218302437690909,4135.6142578125, 168.93791604437234, 236.12501525878906, 234.12501525878906, 944, 936,246.12501525878906, 204.12501525878906, 984, 816, 15.828618049621582, 240.42454824237075, 12.140963625226798, 267.67292171328893, 21.591371418920613, 225.50566636099245,10.364504208147142, 241.72746146806406, 22.044811584629766, 266.3729833143828, 29.48083309757697, 276.24001483563234,82.35078986028242, 132.45057737439367, 264.5259081471495, 1074.8565684698353, -7.697361578345628, 753.2097984506511, -15.902360689095474, 1074.8565684698353, -7.697361578345628,95.87295083621152, 900.282505194156, 872.9125028172675, 27.370002376888465, 232.58274326832196,0.0, 0.0, 0.0, 0.625, 2.5625,25.75, 30.125, 37.4375, 38.875, 39.8125,0.1875, 1.0625, 3.875, 6.375, 8.625, 5.631579399108887,-4.537994384765625, 402.625
1, 335.0, 867, 800, 1227, 1160, 0.08925334167480468,1.5704913258226585, 2.7701984731387355, 7.483826638589962, 9.043412546520122,0.001076933511280913, 0.0018912759437444038, 0.002160350687695427, 0.0033138118680903954, 0.0027949133946663096,1795.0294189453125, 195.80393070628944, 239.37501525878906, 233.87501525878906, 957, 935,249.37501525878906, 203.87501525878906, 997, 815, 15.77810287475586, 240.30847600761555, 12.084016540560626, 267.65123655782145, 21.549329922887555, 225.3828870424084,10.214308860799036, 241.10423402705706, 21.95721397027659, 265.5106992524254, 29.44818670374196, 276.11425739263404,80.33494920101744, 129.8009469108896, 263.39689979894604, 1050.0433271579625, -8.919664110344165, 761.4921658966372, -15.799783943978225, 1050.0433271579625, -8.919664110344165,92.6404735690839, 899.3547380177515, 869.6634753693185, 29.691262648433053, 234.47464113796477,0.0, 0.0, 0.0625, 1.625, 2.9375,19.0625, 21.6875, 28.125, 31.1875, 34.125,0.375, 2.9375, 4.5, 7.5625, 9.4375, 8.699999809265137,-3.940643310546875, 366.6875
0, 340.0, 860, 781, 1220, 1141, 0.09749205780029296,1.573137417130638, 2.4451785461290276, 4.718822690650705, 4.544628613084788,0.0002573442802554382, 0.0009973822343476968, 0.0011661041401714554, 0.0015404182432871495, 0.0017544242005374142,2189.287841796875, 121.04497161919151, 237.62501525878906, 229.12501525878906, 950, 916,247.62501525878906, 199.12501525878906, 990, 796, 15.629165649414062, 240.3276005372916, 12.050873275438626, 268.1173553594538, 21.349896888311086, 225.0698845954221,10.284854843945798, 240.2246286053645, 21.364493104313823, 265.9796737012168, 28.089122162965534, 275.3299194494848,80.90286233316503, 129.4161818304762, 254.49494937887945, 1071.1848635238944, -7.451339552947895, 776.7222508004929, -15.395129499438648, 1071.1848635238944, -7.451339552947895,96.05670974719028, 900.0117982767707, 872.4678624196772, 27.543935857093516, 231.23585679033098,0.0, 0.0, 0.0, 0.5, 4.4375,23.0625, 24.125, 27.9375, 30.0, 29.4375,0.25, 1.3125, 2.75, 4.8125, 7.25, 2.8368425369262695,-3.284210205078125, 326.75
1, 345.0, 885, 786, 1245, 1146, 0.13249139404296875,1.798171555243898, 3.0856473930168438, 6.109930497722809, 6.626245579262034,0.001010823600307731, 0.002179242823283403, 0.0028533262348014424, 0.003453671851826812, 0.0020620402693282357,2383.30810546875, 177.11760884324474, 243.87501525878906, 230.37501525878906, 975, 921,253.87501525878906, 200.37501525878906, 1015, 801, 15.445384979248047, 241.6318524800622, 12.130009242378403, 270.08388118801315, 21.035273296754927, 225.685954802141,10.197443549494404, 239.5710204829293, 21.394877085098944, 265.03623333154127, 28.334100879153283, 275.1416657755809,87.62757052593425, 134.52947014166378, 264.64089631433524, 970.7511169945872, -9.442726728805177, 730.0913623605086, -16.33269913061587, 970.7511169945872, -9.442726728805177,87.10526341817199, 895.0544303149685, 862.7277381131865, 32.32669220178195, 239.54160148172522,0.0, 0.0, 0.9375, 3.1875, 5.0,23.9375, 25.125, 28.25, 31.875, 28.625,0.1875, 1.5625, 3.375, 6.1875, 9.9375, 6.700000286102295,-3.27056884765625, 310.3125
0, 350.0, 903, 803, 1263, 1163, 0.11048265838623048,0.15323237040429377, 0.6960575125023024, 5.128119673721376, 6.9968732017418365,0.0010731589678584896, 0.0013977313259829313, 0.000967221260466431, 0.0025615509123008452, 0.002336388267708571,2106.09228515625, 145.68283121738568, 248.37501525878906, 234.62501525878906, 993, 938,258.375, 204.62501525878906, 1033, 818, 15.54626750946045, 241.60077511933866, 12.258138523683927, 269.86388823468496, 21.109497546327933, 225.64051113651215,11.030821786906314, 241.7597682628382, 23.265849111858948, 264.0421402789809, 30.444948696400942, 274.2128829918642,85.48687287993958, 140.21986281303606, 285.3287468995149, 946.255257447705, -6.961491770877577, 745.3077165688779, -13.95849155416728, 946.255257447705, -6.961491770877577,97.91260400799622, 895.3270828012293, 868.7626293591908, 26.564453442038484, 244.5474261483394,0.0, 0.0625, 0.1875, 0.9375, 3.8125,23.25, 28.0, 32.9375, 34.375, 36.125,0.125, 2.1875, 5.1875, 9.4375, 11.4375, 5.957895278930664,-4.854217529296875, 296.1875
1, 355.0, 919, 787, 1279, 1147, 0.15150901794433594,1.9046508405706843, 3.3803745085047554, 7.520173981506377, 7.271217465517113,0.0008567787815366045, 0.001396574907221293, 0.0023405322917574266, 0.003526115337936062, 0.002518825920804488,1663.7161865234375, 217.51946238790921, 252.37501525878906, 230.62501525878906, 1009, 922,262.375, 200.62501525878906, 1049, 802, 15.460477828979492, 240.74074501980732, 12.491671103783434, 269.43559615669903, 20.844924739440323, 224.01834762478452,11.24610513512518, 239.06856444682646, 22.924627755511473, 262.59896228849226, 30.031842970653113, 272.3331602907633,91.0361044406085, 143.6265775824125, 276.76199779935564, 988.0228751861325, -5.701713982056657, 767.9422583694119, -12.982555828454396, 988.0228751861325, -5.701713982056657,104.56844701761514, 896.2612018939956, 873.2748255441804, 22.986376349815146, 241.4417931654817,0.0, 0.125, 1.5, 2.1875, 3.8125,18.375, 24.0625, 27.8125, 30.5625, 36.125,1.75, 2.6875, 4.0625, 5.875, 7.8125, 4.984210968017578,-3.6265869140625, 207.5
1, 360.0, 925, 781, 1285, 1141, 0.1674996032714844,2.0677244041219818, 3.4911358319688595, 6.474571884116158, 5.711859002215787,0.001031339802719913, 0.002164245739522812, 0.0023777613132006077, 0.002295685630319895, 0.0017938415877245006,1770.505859375, 191.26423727114738, 253.87501525878906, 229.12501525878906, 1015, 916,263.875, 199.12501525878906, 1055, 796, 15.246668815612793, 241.56014915415543, 12.596889593307187, 270.88688252941324, 20.46314251584198, 224.01188127328015,11.188880349893504, 238.44398462836384, 22.623020232100757, 262.29941751225215, 29.422979699603975, 271.1364155255287,91.16351138588817, 141.82281804181662, 273.357405316926, 988.5043966117927, -5.099533612376349, 784.9531978956645, -12.053740678362544, 988.5043966117927, -5.099533612376349,106.95702948924611, 895.1932680730921, 873.9548996606533, 21.23836841243883, 242.01756822439742,0.0, 0.0, 0.0, 0.6875, 1.1875,16.875, 19.8125, 25.625, 31.1875, 33.75,0.0625, 0.875, 1.9375, 3.125, 4.1875, 4.936842441558838,-3.561187744140625, 188.9375
1, 365.0, 942, 780, 1302, 1140, 0.18281022644042969,2.016198828399647, 3.3729856158897733, 6.887105845694898, 5.68636152142426,0.0009645639114410187, 0.0018806157725316552, 0.0023620592056340685, 0.0024583098505922864, 0.0015377880227379138,1150.15185546875, 170.98253571587952, 258.125, 228.87501525878906, 1032, 915,268.125, 198.87501525878906, 1072, 795, 15.028566360473633, 242.54443405506763, 12.784725174601267, 272.46456409791915, 20.019150923263584, 223.96972368340184,10.454621441054186, 236.64457129152396, 21.851505041473395, 260.29136921702514, 28.742275694266414, 268.9448500652161,83.3620573517716, 135.31736140946043, 266.1246447749874, 941.2241955814756, -5.007895501348052, 768.2052294428222, -12.402431166300977, 942.8442594524236, -5.015099320765654,110.03023939335135, 891.4181654409425, 866.7045713689758, 24.713594071966668, 247.72140198056516,0.0, 0.0, 0.0, 0.1875, 0.5625,15.625, 19.125, 23.0625, 24.125, 24.0625,0.0625, 0.375, 0.9375, 1.375, 2.1875, 3.763157844543457,-4.623016357421875, 189.625
1, 370.0, 950, 780, 1310, 1140, 0.2368182373046875,1.753551107586827, 3.1374865819624396, 6.968832105153706, 5.318552236271498,0.0009016387188921726, 0.0017516992191667668, 0.0021236739185701483, 0.003000126292528762, 0.001158990353981153,1347.9429931640625, 164.32074537778138, 260.125, 228.87501525878906, 1040, 915,270.125, 198.87501525878906, 1080, 795, 14.968118667602539, 243.16740194888615, 13.127229021067329, 273.22910951563205, 19.70444181950854, 223.67241355301135,11.351518259543099, 232.22491980414878, 21.978701894384965, 257.5275878108928, 28.538451026840814, 265.84871165407094,92.9863090570367, 155.24924126114786, 280.1296563865516, 987.2775018498701, -3.205489694048264, 774.5677798288323, -12.188807847774342, 987.2775018498701, -3.205489694048264,126.64576707535332, 893.0115389783514, 876.4421102963265, 16.569428682024864, 245.07245622117574,0.0, 0.0, 0.0, 1.0625, 3.1875,21.5, 24.125, 28.9375, 28.9375, 27.75,0.125, 1.125, 2.125, 3.0, 4.375, 4.231579303741455,-4.5128173828125, 207.0
1, 375.0, 971, 786, 1331, 1146, 0.18390943908691407,1.094896638583159, 2.163272228804417, 7.078731756547932, 7.324371674992144,0.0010046145839487507, 0.0015697191515516807, 0.001623178118402393, 0.0026884984930165964, 0.0024014942440521735,1634.32861328125, 200.42220870938104, 265.375, 230.37501525878906, 1061, 921,275.375, 200.37501525878906, 1101, 801, 15.060678482055664, 243.98340464902756, 13.476739263310535, 273.8010502399452, 19.609323936452153, 224.00079594386054,11.448986999532298, 232.2721164113136, 22.851041318782578, 256.5297654750457, 29.640225224875582, 264.5995520171457,90.47884314250483, 151.79062880459958, 284.45177883560615, 970.3426457654538, -4.2371071378542835, 786.1658710010045, -11.139384653788786, 970.3426457654538, -4.2371071378542835,121.78116050421956, 894.2515688850732, 876.3546643947334, 17.896904490339807, 245.1006545223189,0.0, 0.0, 0.125, 0.625, 1.5,25.0625, 29.6875, 31.125, 31.9375, 31.25,0.6875, 2.0625, 2.6875, 3.6875, 4.875, 5.589474201202393,-4.8583984375, 197.9375
0, 380.0, 984, 779, 1344, 1139, 0.21276968383789063,1.2202197378966957, 2.212324664494954, 6.362481801290997, 6.467688757415161,0.0003071988410988524, 0.0013878190698756042, 0.0018005523370698028, 0.0028793331600525103, 0.002440521660867034,1267.6494140625, 135.53330675798819, 268.625, 228.62501525878906, 1074, 914,278.625, 198.62501525878906, 1114, 794, 14.864228248596191, 243.63664960524434, 13.472942495846068, 273.82309618943896, 19.309852647121037, 223.09879246644712,11.309856287017828, 236.41125202947632, 22.54813248819023, 257.5963814762132, 29.354290890446027, 265.2892235383986,68.62997332003826, 136.15784543624736, 262.19632122181497, 959.1566475177077, -2.458612974453018, 796.2698984657859, -9.941255585462146, 959.1566475177077, -2.458612974453018,126.47008880080222, 893.9833669958066, 881.0499756579934, 12.933391337813191, 245.75876556790251,0.0, 0.0, 0.25, 0.6875, 2.125,27.4375, 27.375, 30.5625, 29.9375, 32.8125,0.4375, 3.375, 6.375, 8.875, 11.4375, 3.0789475440979004,-5.2069091796875, 201.1875
1, 385.0, 992, 788, 1352, 1148, 0.2320420379638672,0.06995136730081868, 0.679206717768684, 4.992855597659945, 6.2443444663169805,-3.361511728144251e-05, 0.0015046127932237142, 0.0017746929977306535, 0.001512140572390308, 0.0014619417249468825,1463.6839599609375, 155.8924161173403, 270.625, 230.87501525878906, 1082, 923,280.625, 200.87501525878906, 1122, 803, 14.957276344299316, 243.9607147606048, 13.578576072944822, 273.9407105634099, 19.379435338410673, 223.46589395230242,11.549380355139538, 239.7808575546104, 23.385875065593275, 259.53040418121566, 30.317528943845165, 266.9559672808001,82.71095089309578, 140.39029957376437, 273.7633585508818, 922.1457573816805, -3.3530207238292604, 759.3423729314165, -9.815815081934794, 922.1457573816805, -3.3530207238292604,127.21037753621445, 890.8499741811189, 874.6592391240584, 16.190735057060465, 248.84788046445883,0.0, 0.0625, 1.0625, 3.125, 4.125,30.8125, 32.125, 32.1875, 36.3125, 37.125,0.4375, 2.75, 5.0, 5.0, 6.125, 4.721053123474121,-4.61846923828125, 259.3125
1, 390.0, 1009, 775, 1369, 1135, 0.3253646850585938,1.4899757966015024, 2.4471579378220483, 5.866204158386681, 5.875768676722656,0.00041194154106960923, 0.002150112940184954, 0.002401072728739564, 0.002981760512420806, 0.0025466217625626088,1544.8798828125, 188.06274476614342, 274.875, 227.62501525878906, 1099, 910,284.875, 197.62501525878906, 1139, 790, 15.051980018615723, 243.91309468171144, 13.428565564591732, 273.7582079050077, 19.6290043806096, 224.00840123540422,9.899278696484426, 240.30280695060446, 21.228504893366146, 259.41912673925776, 28.444747500693314, 266.76491322933646,81.09324121744, 117.81706221660221, 234.6648850549779, 955.3836286450662, -6.554913016971961, 695.9540711496736, -14.903776947513403, 955.3836286450662, -6.554913016971961,138.62258249801144, 890.9215337894336, 866.8201616307982, 24.1013721586354, 247.795799955917,0.0, 0.25, 0.625, 1.3125, 2.375,28.5625, 28.625, 35.3125, 37.3125, 39.875,1.375, 3.5625, 4.75, 6.0, 7.875, 2.3684210777282715,-4.983062744140625, 263.9375
1, 395.0, 1027, 776, 1387, 1136, 0.364875244140625,1.6707416162046138, 2.5401824607513843, 5.9938107633520845, 6.610610450571404,0.0008993344362329481, 0.0025643455655858815, 0.0027240776909138727, 0.002344047424762721, 0.00291001810166108,1230.0318603515625, 193.0964683232974, 279.375, 227.87501525878906, 1117, 911,289.375, 197.87501525878906, 1157, 791, 15.45021915435791, 244.7299579856883, 13.71884076232663, 273.75819080092026, 20.042753657698213, 225.33142065151551,9.145629462035131, 247.33891266371475, 20.118747337631223, 262.46727624129437, 27.616932618380037, 268.9597398776067,63.30786674835574, 100.7631744870746, 200.1702835643505, 914.7861834990991, -7.249862295014981, 649.3334693915052, -18.248375430338893, 914.7861834990991, -7.249862295014981,131.23855019116905, 886.6397093055084, 853.3362971510767, 33.303412154431726, 251.29343644228354,0.0, 0.125, 0.5, 2.125, 2.8125,30.75, 31.6875, 35.8125, 39.625, 42.3125,0.8125, 3.5625, 5.875, 7.375, 9.4375, 3.457894802093506,-4.90179443359375, 228.5
1, 400.0, 1046, 776, 1406, 1136, 0.7037846069335938,1.260608267771313, 2.3302531425294, 6.031370025083889, 6.099535566573031,0.001211672844565328, 0.0017831561949356, 0.0017208107332976395, 0.002668358158315982, 0.002267239193520254,1881.410888671875, 152.40651459135168, 284.125, 227.87501525878906, 1136, 911,294.125, 197.87501525878906, 1176, 791, 15.720843315124512, 245.59430476477507, 14.005385472630753, 274.07901411462495, 20.264229568516033, 226.34854463882832,11.841873534668135, 246.7985627380967, 21.259873226927766, 259.9871525913927, 27.947478468952415, 266.61589216202515,107.25449013205534, 149.85865746786283, 233.44217607848935, 887.4185521574092, -1.0188301713122654, 433.45819325277625, -18.53807959893654, 887.4185521574092, -1.0188301713122654,162.05734481994972, 884.8585082343378, 867.1259891647462, 17.732519069591604, 253.07936521662037,0.0, 0.0, 0.0625, 0.3125, 1.5625,26.1875, 24.75, 30.875, 36.875, 44.5,0.375, 2.25, 3.375, 5.5, 8.8125, 6.700000286102295,-4.602142333984375, 196.4375
1, 405.0, 1062, 779, 1422, 1139, 0.5992633056640625,0.9387228101445364, 1.9276032761490207, 5.570425743036758, 6.010558285787702,0.0010860755621024509, 0.0022686879593425144, 0.001799357305317244, 0.00184134815689049, 0.002332979012167016,2363.13134765625, 150.46855636477488, 288.125, 228.62501525878906, 1152, 914,298.125, 198.62501525878906, 1192, 794, 17.161327362060547, 246.68031850318545, 15.065695311311654, 272.56006837978475, 21.78410349563563, 229.1104659197089,11.165350159546684, 233.76044195221604, 21.720846223919033, 255.80135312082047, 28.144741797336344, 264.4521565348568,106.67971170338144, 152.20241233923173, 255.89875184148272, 903.9671290199841, -0.5571605208987586, 570.2519684640635, -12.761975266437418, 903.9671290199841, -0.5571605208987586,171.3743559384826, 886.12807941783, 878.7539782193895, 7.374101198440485, 252.3431521065777,0.875, 0.4375, 0.6875, 0.8125, 1.1875,30.3125, 25.5, 29.1875, 34.1875, 39.3125,1.3125, 2.4375, 3.625, 4.375, 5.3125, 8.199999809265137,-4.015228271484375, 209.5625
0, 410.0, 1081, 782, 1441, 1142, 0.7944068603515625,0.5484792822250165, 1.0682415979111102, 4.433825561152771, 5.534697245841379,0.0018183131016508015, 0.0011234141254453788, 0.0015056087902644323, 0.0018773752406195854, 0.0017411703745892737,1368.9276123046875, 122.2325323393109, 292.875, 229.37501525878906, 1171, 917,302.875, 199.37501525878906, 1211, 797, 16.66105842590332, 245.6980689986459, 14.852222136008336, 272.45130079096043, 21.144580691630225, 227.26537857157115,10.017491898514598, 239.79001000809825, 19.877837108820135, 258.44298342383627, 25.86113014119242, 268.33272851179953,87.19594145771994, 131.81047108904593, 229.78423724248108, 854.0783592784786, -0.26378962801083217, 394.0780500446129, -13.2979164830493, 854.0783592784786, -0.26378962801083217,179.9173253300793, 881.6640591746333, 873.5074452913511, 8.156613883282148, 253.07818057615503,0.0, 0.0, 0.5, 0.9375, 1.4375,36.6875, 30.1875, 32.375, 33.25, 38.0,0.75, 2.125, 2.875, 3.0, 4.125, 4.742105007171631,-4.363433837890625, 197.5625
0, 415.0, 1094, 774, 1454, 1134, 0.5542586669921875,0.41523038705810905, 1.0594407810119446, 4.126388392187655, 4.715380564023508,0.0018825595114572023, 0.0007691962841772693, 0.0008563424039425626, 0.0019311779128349826, 0.0016795726728332737,856.8309326171875, 108.0668587037917, 296.125, 227.37501525878906, 1184, 909,306.125, 197.37501525878906, 1224, 789, 17.673145294189453, 246.12186857626685, 15.277662723206426, 271.10102949737575, 22.44489264071077, 229.4170451676645,8.50257015587269, 234.68892420760923, 19.231982834886107, 258.2331736729118, 25.56182412455888, 266.98330169785845,66.88142855383262, 112.20746623045358, 216.64197813650324, 915.3051694034326, -1.321887450847614, 597.0130202666804, -12.478990422642763, 915.3051694034326, -1.321887450847614,162.16294661586429, 889.4823278966169, 878.951832031737, 10.530495864879867, 246.99774845416394,0.0, 0.0, 0.0, 0.4375, 1.0625,41.25, 40.625, 40.0, 38.6875, 39.3125,0.0, 1.0, 3.0, 3.375, 4.5625, 5.210526466369629,-5.8485107421875, 205.875
0, 420.0, 1107, 773, 1467, 1133, 0.4741575927734375,0.34108781519928016, 0.7276989744207824, 3.334045488019473, 4.15620747238223,0.0007213621863570551, 0.0009176071711692658, 0.0009864185964079297, 0.001500640391872139, 0.001897633318744738,1452.406494140625, 110.6852210210231, 299.375, 227.12501525878906, 1197, 908,309.375, 197.12501525878906, 1237, 788, 16.548532485961914, 245.8878526349239, 14.72972369170802, 272.83770986351965, 21.053340336332372, 227.4012239369449,9.001701101601316, 223.8622547504386, 18.979391667734433, 253.49288578513955, 25.297017333626787, 263.6543631190426,72.45765919198263, 114.61780510110842, 225.3938368542086, 974.9754024515773, -1.6974255273009269, 651.1708936409582, -13.737820928305638, 974.9754024515773, -1.6974255273009269,157.7145081200086, 892.118677066071, 879.2670278412733, 12.851649224797711, 242.52444438009906,0.0, 0.0, 0.0, 0.0, 0.0625,33.4375, 33.3125, 34.6875, 37.625, 37.375,0.5625, 2.0625, 2.75, 3.6875, 3.4375, 3.268421173095703,-5.100250244140625, 176.8125
0, 425.0, 1122, 771, 1482, 1131, 0.3221316833496094,0.48312915645190513, 1.0113120875007007, 2.575459030181519, 3.153072059534025,0.0012454240489557834, 0.001061907069888548, 0.001124338101765261, 0.0019383463122176182, 0.001710356478122037,1185.491943359375, 80.29069635456655, 303.125, 226.62501525878906, 1212, 906,313.125, 196.62501525878906, 1252, 786, 15.981722831726074, 246.75090167806835, 14.993591858580583, 274.5404843186062, 19.963043666112014, 226.25335976319377,9.637744753610882, 224.3093042919943, 20.28242682732099, 255.18909496362053, 26.97251046119624, 264.10760081198634,48.51589364408328, 140.99511102587695, 254.48656411537746, 1027.3500737703368, -2.201685568642663, 836.6368838168145, -15.207279608441548, 1027.3500737703368, -2.201685568642663,138.03408057775735, 893.3320631229325, 878.6441427470984, 14.687920375834096, 240.12899817170623,0.0, 0.0, 0.0, 0.0, 0.0,33.6875, 33.5625, 34.5, 35.4375, 34.5,0.0625, 0.3125, 0.6875, 0.375, 1.125, 2.8210530281066895,-3.42938232421875, 176.25
0, 430.0, 1135, 780, 1495, 1140, 0.46037762451171876,0.5984578319761203, 1.1080257398670073, 3.328535185710061, 3.0640964627312495,0.00032067760550489764, 0.00018863211660345768, 0.0005567605082728732, 0.002199917286056916, 0.0008712416883190599,1228.7255859375, 60.91011458301684, 306.375, 228.87501525878906, 1225, 915,316.375, 198.87501525878906, 1265, 795, 14.856839179992676, 245.7883367787168, 13.736140854098602, 275.8758573172614, 19.11203212224069, 224.66917830141014,9.702073330109085, 228.72174309960593, 21.716574702870048, 256.7989705509925, 27.794888945201297, 265.2867236891623,96.27595792325062, 134.0741977044334, 271.39921613986456, 1029.8674167412755, -1.7897684947281496, 743.9713604867139, -15.700314362546537, 1029.8674167412755, -1.7897684947281496,141.37205277633575, 890.574549992972, 874.5553512536944, 16.019198739277613, 241.9833074381989,0.0, 0.0, 0.0, 0.0, 0.0,29.375, 27.9375, 30.5625, 30.75, 31.875,0.0, 0.0, 0.25, 0.375, 0.5, 2.494736909866333,-3.01434326171875, 157.0
0, 435.0, 1145, 771, 1505, 1131, 0.6464259643554687,1.2153103871314668, 1.8726211917982438, 3.4587038792925893, 2.562078378655715,0.0006681811461089637, 4.681680670501009e-05, 0.00013140822012474017, 0.0019122407600411864, 0.0009824187788245809,1545.6575927734375, 73.76202311426202, 308.875, 226.62501525878906, 1235, 906,318.875, 196.62501525878906, 1275, 786, 15.812506675720215, 245.75727307837158, 13.836660840823576, 274.0696404797032, 20.521148257485006, 227.1071468880064,10.77678769138012, 238.33724243201488, 19.875598295836898, 258.11964226852785, 26.44247031783816, 265.3927965269726,93.8991709244542, 132.91962798028672, 221.74778498093534, 953.6807889747864, -1.3387598759116601, 523.7891779521135, -17.511017341874343, 953.6807889747864, -1.3387598759116601,148.6981583205145, 885.8307450865254, 869.3450458090853, 16.485699277440176, 246.37029302989393,0.0, 0.0, 0.0, 0.0, 0.0,20.4375, 20.375, 23.5, 25.375, 24.375,0.0, 0.0, 0.1875, 0.3125, 0.5, 2.3684210777282715,-3.8192138671875, 98.4375
0, 440.0, 1168, 780, 1528, 1140, 0.4578168640136719,0.9185948087531144, 1.6214060496476308, 4.064043666836805, 4.0283324885991165,0.00068748981311046, 0.0002073238465141003, 0.00034887539977830785, 0.002647579987460631, 0.0011648941471457874,1149.1605224609375, 95.0593081983135, 314.625, 228.87501525878906, 1258, 915,324.6250305175781, 198.87501525878906, 1298, 795, 16.3181209564209, 247.3984855736556, 14.476617834294151, 274.7604838985808, 20.868389176264706, 228.80590361566783,6.849445307471381, 222.98867355559398, 15.866699692777292, 255.70952805761883, 22.8896767348783, 265.60787918393635,53.89081259923738, 88.67588079068005, 180.41168588078443, 883.6453614660062, -15.776269678821759, 539.4474531537899, -29.268609171455015, 883.6453614660062, -15.776269678821759,97.84656431487448, 879.873141670798, 827.8812173117075, 51.99192435909049, 253.402507607678,0.0, 0.0, 0.0, 0.0, 0.0,17.625, 18.125, 17.3125, 18.25, 16.5,0.0, 0.0625, 0.0625, 0.0, 0.125, 2.8210530281066895,-3.039154052734375, 115.1875
0, 445.0, 1180, 777, 1540, 1137, 0.4611196899414063,0.9917881071404553, 1.5767917609494182, 3.4428734465304296, 2.7050165247602855,0.0012309896053784542, 0.0009110719075283669, 0.0005774108092259666, 0.001953754089963695, 0.0013609949271949518,1324.8310546875, 85.46872922783984, 317.625, 228.12501525878906, 1270, 912,327.6250305175781, 198.12501525878906, 1310, 792, 15.660304069519043, 247.82840500077288, 14.084569885026454, 276.4123427745218, 20.115047570014365, 228.25538679588058,6.0848825513608675, 231.55649017121468, 16.07442395193634, 259.5993890918328, 23.248663777066078, 268.10666291065047,43.21614073850695, 76.3118305218789, 177.17078836234518, 947.945366232021, -7.308815639510098, 634.3195753091245, -21.833832639056027, 947.945366232021, -7.308815639510098,121.98055485539477, 883.0287283613761, 849.5478910671687, 33.48083729420739, 250.4763889127362,0.0, 0.0, 0.0, 0.0, 0.0,18.25, 13.125, 12.4375, 11.9375, 13.5,0.0, 0.0625, 0.1875, 0.125, 0.125, 3.268421173095703,-3.036651611328125, 114.375
0, 450.0, 1195, 780, 1555, 1140, 0.4990023193359375,0.5036002496164292, 1.1646175079164096, 3.1200969224364954, 2.6649365603056503,0.00027517588383489054, 0.0012549761105788092, 0.0003683026392127431, 0.001747278430134429, 0.0008717283041997347,1182.3331298828125, 74.86456749861046, 321.3750305175781, 228.87501525878906, 1285, 915,331.3750305175781, 198.87501525878906, 1325, 795, 15.63179874420166, 247.46655523892395, 14.020011816728008, 276.11297238529755, 20.11580315410859, 227.9470782473309,7.910260882494548, 223.35223086473542, 17.266586797712467, 253.27705180736714, 24.11783296807164, 263.4907391072858,62.60580381978771, 98.55597129502928, 205.2935799817292, 986.91890715421, -1.9849523836483856, 680.7020536194196, -16.937106759658988, 986.91890715421, -1.9849523836483856,143.83966950596454, 886.601153860068, 871.0522883889748, 15.548865471093222, 248.22992776475385,0.0, 0.0, 0.0, 0.0, 0.1875,16.6875, 12.3125, 14.5625, 16.4375, 16.4375,0.0, 0.0625, 0.125, 0.1875, 0.875, 4.742105007171631,-4.044769287109375, 108.125
0, 455.0, 1210, 781, 1570, 1141, 0.5657744750976562,0.6402491175680188, 1.141296717422083, 3.1553890827635778, 2.739293614094204,0.0003070885922818434, 0.0008290798731889025, 0.0006733787270536595, 0.0011813373089353263, 0.0006162039831156108,1099.1390380859375, 74.75452384292403, 325.1250305175781, 229.12501525878906, 1300, 916,335.1250305175781, 199.12501525878906, 1340, 796, 15.781508445739746, 247.90890561033066, 14.599033774111051, 276.1503485433363, 19.9369068173096, 227.63566031916696,8.332292505750601, 221.94485672587595, 16.441716036921814, 253.62749515330216, 22.769054660939215, 263.49280182441515,70.00050562305742, 105.7816792479598, 205.47327145481347, 924.7795421031246, -0.892572411270529, 546.4955536726675, -20.437326484095532, 924.7795421031246, -0.892572411270529,132.6824607120918, 888.3452744823571, 877.3872345730387, 10.958039909318472, 247.69371475082477,0.0, 0.0, 0.0, 0.0, 0.4375,17.5625, 16.625, 16.8125, 17.5, 19.25,0.0, 0.0625, 0.5625, 2.0, 2.875, 3.268421173095703,-3.414459228515625, 94.0625
0, 460.0, 1217, 780, 1577, 1140, 0.49505545043945315,0.574218960768194, 1.1749647149804514, 3.2738587197335445, 2.587921596994857,0.0005423604014731609, 0.0013465486671259438, 0.0009512444513552509, 0.0010921933559393437, 7.635632671963321e-05,892.5681762695312, 66.77488064193415, 326.8750305175781, 228.87501525878906, 1307, 915,336.8750305175781, 198.87501525878906, 1347, 795, 16.459291458129883, 248.12340087102572, 14.969862235258582, 275.205511182124, 20.741740413718762, 228.94089937435635,8.523266558933852, 220.85766819492835, 16.683159162916763, 253.6779156097552, 22.673100134102217, 263.41612612079257,76.82738631611852, 111.08787878861331, 210.75918662359084, 888.6825081585483, -3.5995166730854153, 520.3439994749423, -22.325505646437957, 888.6825081585483, -3.5995166730854153,117.14433903273827, 888.8387694752861, 860.7297284491885, 28.109041026097543, 248.2695477586378,0.0, 0.0, 0.0, 0.0, 0.0,19.6875, 16.5, 16.8125, 17.125, 16.625,0.375, 0.8125, 1.4375, 1.6875, 1.8125, 1.5789473056793213,-3.95404052734375, 83.0
0, 465.0, 1221, 782, 1581, 1142, 0.4950399169921875,0.367021471496555, 0.8376745987712639, 2.5806988620525226, 1.9821456634218337,-0.0002380956136948953, 0.0013839722587601954, 0.001319261974192614, 0.0002534498701015764, 0.00039052074210303543,667.3851928710938, 46.494427516314076, 327.8750305175781, 229.37501525878906, 1311, 917,337.8750305175781, 199.37501525878906, 1351, 797, 16.222091674804688, 248.09095747246818, 14.715554843664483, 275.60017623062083, 20.549087007701345, 228.77554914740597,8.563396223000597, 223.8947118093745, 16.834024196077593, 256.23776122764923, 22.780692863709174, 263.9013837405653,76.13542424965308, 111.23175799993274, 211.7324699628039, 869.7244979450705, -4.892034411738207, 490.82920195099297, -24.442304306470263, 869.7244979450705, -4.892034411738207,108.7493346269241, 888.3650875818481, 856.1203742161687, 32.244713365679445, 248.63060200026652,0.0, 0.0, 0.0, 0.0, 0.0,18.0625, 15.0, 15.1875, 15.375, 14.6875,0.625, 1.0, 1.1875, 0.8125, 0.8125, 3.268421173095703,-2.9677734375, 82.5
0, 470.0, 1244, 790, 1604, 1150, 0.63776611328125,0.3804458356299438, 0.6825456020201089, 3.2452222685725425, 3.6868995562405322,0.00014466649202859116, 0.0007962287808061318, 0.0009102401092877699, 0.0003520603146125723, 0.0004821423219834742,692.1649169921875, 46.03864407081225, 333.6250305175781, 231.37501525878906, 1334, 925,343.6250305175781, 201.37501525878906, 1374, 805, 16.012786865234375, 248.45865387624664, 14.518269689164152, 276.35143086088914, 20.360220457567088, 228.97199920603938,10.135655659143463, 228.92301511406788, 18.52277455716768, 258.15062400660304, 24.22515142099731, 263.83846403793115,82.20520960426677, 129.14184090995133, 237.769653474203, 974.8459928890147, -0.5890362579882239, 605.5783048842418, -15.027832880482297, 974.8459928890147, -0.5890362579882239,147.8827975008184, 888.7510752313049, 873.0051010992381, 15.745974132066749, 243.7478751752195,0.0, 0.0, 0.0, 0.0, 0.25,13.3125, 12.75, 13.125, 15.6875, 16.0,0.0, 0.5, 0.9375, 1.25, 1.8125, 2.8368425369262695,-2.643890380859375, 93.8125
0, 475.0, 1255, 783, 1615, 1143, 0.5177898559570313,0.5526922395487781, 0.899553351760842, 2.9915740069327863, 2.809648719575489,0.0005095259781137429, 0.0011791979671374976, 0.0012063261143896399, 0.0013767318737973255, 0.0004803607616804584,525.416015625, 45.166476648349, 336.3750305175781, 229.62501525878906, 1345, 918,346.3750305175781, 199.62501525878906, 1385, 798, 16.454551696777344, 249.17967596578987, 15.140743603407344, 276.23430806848546, 20.60976643423061, 229.65922232129964,8.8642855513817, 211.33344751058746, 15.813281122039113, 251.26912645554515, 21.679282046020074, 260.74217536262427,77.62962969037966, 110.11402075791607, 209.63077581809307, 986.1801145601507, -3.9596832489400713, 584.1255751351256, -21.649007514337136, 986.1801145601507, -3.9596832489400713,123.68099155432579, 889.6132720895533, 862.1855861951333, 27.42768589442005, 243.66923329967773,0.0, 0.0, 0.0, 0.0625, 0.125,12.5625, 9.6875, 11.375, 12.375, 13.625,0.0625, 0.375, 0.875, 1.3125, 1.625, 2.984210729598999,-2.576202392578125, 79.4375
0, 480.0, 1274, 791, 1634, 1151, 0.2574337463378906,0.3217987930862, 0.7646640722942538, 3.0055834278283875, 3.216047166680801,0.0008238636023861545, 0.0009446581390898245, 0.0010619191848877563, 0.0013207992784884937, 0.0004144135293108775,945.5112915039062, 52.62075210149646, 341.1250305175781, 231.62501525878906, 1364, 926,351.1250305175781, 201.62501525878906, 1404, 806, 16.381248474121094, 248.26529122084358, 14.662205706533483, 275.51061068049796, 20.837712929089466, 229.47373478598516,6.511752966437815, 202.09457163920223, 14.142022519173983, 255.58439899202418, 20.141359233670148, 265.8124570099566,49.364030868275385, 80.27387153521866, 190.8952073807311, 857.4369689455192, -11.719320850048506, 610.0377559380195, -22.15624300800347, 857.4369689455192, -11.719320850048506,73.67127585400019, 886.1195969026147, 840.3252310494333, 45.794365853181375, 247.72753069843924,0.0, 0.0, 0.0, 0.0, 0.0,16.0625, 12.8125, 13.25, 14.1875, 13.875,0.1875, 0.1875, 0.3125, 1.125, 1.375, 2.026315450668335,-2.320159912109375, 63.5625