NC_RLTRN_ALL_V2: UH_Thresh: 150.0, u_rad: 5.0, track_on: 220.0 min,,,,,,,,,,,,,,,,,,,,,,,,,,,,,,,,,,,,,,,,,,,,,,,,,,,,,,,,,,,,,,,,,,,,
Mode, Time, x1, y1, x2, y2, zs_surface, w500m, w1km, w3km, w5km,zvort_suf, zvort500m, zvort1km, zvort3km, zvort5km,UH_Max, UH_Area, UH_X, UH_Y, UHi, UHj,SX, SY, SXi, SYj, meanWnd, meanWnd_dir, rm, rm_dir, lm, lm_dir,shear1km, shear1km_dir, shear3km, shear3km_dir, shear6km, shear6km_dir,srh500m, srh1km, srh3km, sbcape, sbcin, mlcape, mlcin, mucape, mucin,3CAPE, LCL, LFC, LFC-LCL, EL,wA500m, wA1km, wA3km, wA5km, wA8km,zA500m, zA1km, zA3km, zA5km, zA8km,wzA500m, wzA1km, wzA3km, wzA5km, wzA8km, meso_depth, CP_Min, CP_area, dBZ_Area
bool, min, idx, idx, idx, idx, km,ms^-1, ms^-1, ms^-1, ms^-1,s^-1, s^-1, s^-1, s^-1, s^-1,m^2s^-2, m^2s^-2, km, km, idx, idx,km, km, idx, idx, ms^-1, deg, ms^-1, deg, ms^-1, deg,ms^-1, deg, ms^-1, deg, ms^-1, deg,m^2s^-2, m^2s^-2, m^2s^-2, Jkg^-1, Jkg^-1, Jkg^-1, Jkg^-1, Jkg^-1, Jkg^-1,Jkg^-1, hPa, hPa, hPa, hPa,km^2, km^2, km^2, km^2, km^2,km^2, km^2, km^2, km^2, km^2,km^2, km^2, km^2, km^2, km^2, km, K, km^2, km^2
0,0,-90,-135,270,225,0,0,0,0,0,0,0,0,0,0,0,0,0.125,0.125,0,0,10.12500095,470.1250305,40,-120,14.27422047,239.7179515,12.71925854,271.3155218,18.92689042,219.1018358,8.232537927,222.9604239,15.72444081,255.1296313,23.08818678,260.705347,61.66630965,101.9758202,186.3623924,1330.1442,-3.986416688,906.4484136,-15.12122371,1330.1442,-3.986416688,105.6250081,900.2205024,880.5134325,19.70706991,225.4910534,0,0,0,0,0,0,0,0,0,0,0,0,0,0,0,0,0,0,0
0,5,1190,904,1550,1264,0.544105957,0.222239322,0.257385858,0.213971817,0.073163817,1.72E-05,7.44E-05,6.37E-05,2.94E-06,-3.20E-06,0.226109058,0.021411773,320.125,259.875,1280,1039,330.1250305,229.8750153,1320,919,14.27421474,239.7179515,12.71925695,271.3155319,18.92688347,219.1018221,7.423133316,263.415006,14.73642567,273.3234694,22.31623819,271.0772388,47.73026897,76.61541338,135.5762346,814.0772529,-15.86111341,389.1276138,-39.0084818,814.0772529,-15.86111341,71.78482354,876.8338944,810.6965227,66.13737176,259.2810441,0,0,0,0,0,0,0,0,0,0,0,0,0,0,0,0,-1.035339355,0.0625,0
0,10,1168,955,1528,1315,0.512368652,-0.40081996,-0.123126244,0.361491549,0.306241972,-0.000402966,-6.18E-05,-1.59E-05,1.86E-05,1.92E-05,1.738235354,0.152538747,314.625,272.625,1258,1090,324.6250305,242.6250153,1298,970,16.27138138,241.9711763,13.48008827,269.1562873,21.45467259,225.2896271,7.970061992,234.7179389,15.96276019,258.963075,23.88288956,261.640195,52.30401179,93.23103144,166.0104698,1082.637828,-2.905284895,676.557629,-21.02904651,1082.637828,-2.905284895,136.2857481,890.6888608,872.5888073,18.10005352,244.4716839,0,0,0,0,0,0.375,0.1875,0,0,0,0,0,0,0,0,0,-1.223052979,0.8125,0
0,15,1174,956,1534,1316,0.522889099,-0.129290547,0.121249617,0.505681806,0.221447959,-0.000743058,-5.62E-05,6.89E-05,4.56E-05,3.33E-05,2.398531199,0.353635652,316.125,272.875,1264,1091,326.1250305,242.8750153,1304,971,15.02394581,240.7706749,13.90617707,270.5005826,19.2498341,219.7779602,9.272327662,236.4641723,17.46256881,257.3518334,25.56097799,259.2733978,62.52182949,104.4357504,178.8284749,1061.431573,-3.972831632,686.0888889,-15.75330085,1061.431573,-3.972831632,144.313601,889.1684564,871.2073002,17.96115617,247.3580439,0,0,0,0,0,1.0625,0.75,0.4375,0.1875,0,0.125,0,0,0,0,0,-0.869995117,0,0
0,20,1194,831,1554,1191,0.986528748,0.152239927,0.427947785,0.698337433,0.274750064,-0.000297363,-7.38E-05,0.000230646,1.86E-05,-2.51E-05,3.130059242,0.569506816,321.125,241.6250153,1284,966,331.1250305,211.6250153,1324,846,14.97767162,239.9156035,13.8552876,269.7454945,19.21437815,218.8958984,7.287365012,270.4426596,14.28235073,276.3069234,21.8082792,272.0373994,44.31138672,72.09791099,122.5906626,838.067203,-0.008851081,338.2305647,-19.60319392,838.067203,-0.008851081,154.7547342,864.8334783,863.0183157,1.815162639,268.5564986,0,0,0,0,0,0,0,0,0,0,0,0,0,0,0,0,-0.949371338,0,0
0,25,1614,1040,1974,1400,0.171715256,0.051772143,0.249311164,0.492841401,0.31010976,-0.000306627,0.000134601,0.000143465,5.13E-05,-2.46E-05,4.175000668,0.271716023,426.1250305,293.875,1704,1175,436.1250305,263.875,1744,1055,17.80644798,242.8126146,15.23663391,267.5127962,22.68224398,226.5105676,9.327135491,235.4993125,16.37953761,258.1293275,23.90152321,262.2107343,83.00811597,127.1799807,178.6842296,1000.534108,-10.43840211,709.0601578,-29.21225572,1000.534108,-10.43840211,90.64236308,891.6970387,835.0070765,56.68996228,241.7367852,0,0,0,0,0,0,0,0,0,0,0,0,0,0,0,0,-0.984832764,0,0
0,30,1251,971,1611,1331,0.73972229,-0.88460583,-0.569994984,0.883992989,1.205644176,-0.000432744,-0.000373678,-0.000129043,0.000151169,6.87E-05,3.981946468,0.991487852,335.3750305,276.625,1341,1106,345.3750305,246.6250153,1381,986,15.14183521,239.9712149,13.23290104,269.6600308,19.89825805,220.7399917,6.517457483,274.0922209,12.49756992,285.1863059,18.1216155,283.411249,56.40513819,74.08282721,137.6033052,605.862994,-9.679539471,157.8745446,-27.00138753,605.862994,-9.679539471,62.94452555,850.0247034,823.1652266,26.85947677,269.8930568,0,0,0,0,0,3.6875,2.8125,2.5,2.5625,2.875,0,0,0,0,0,0,-1.206085205,0.0625,0
0,35,1269,966,1629,1326,0.872077881,-0.600165979,-0.351545774,1.158486736,1.339242727,0.000116924,-0.000262771,1.65E-05,7.85E-05,0.000109807,9.151230812,0.992255722,339.8750305,275.375,1359,1101,349.8750305,245.3750153,1399,981,19.12544441,242.212883,14.2643081,262.1249749,25.30997413,231.1465987,8.270191464,293.6974046,13.69571392,301.5861911,19.22262431,293.9205606,31.0790703,70.63459873,111.0291428,568.3335885,-11.72795739,92.55832896,-74.14739764,568.3335885,-11.72795739,41.88558176,851.5323266,798.3005368,53.23178982,267.360637,0,0,0,0,0,3.9375,2.25,2.1875,2.0625,1.375,0,0,0,0,0,0,-1.211730957,0.1875,0
0,40,1275,974,1635,1334,0.750760498,-0.51631189,-0.314345776,0.817979655,0.37690225,-0.000336353,0.000143486,0.000170436,7.64E-05,-5.85E-05,12.05481434,0.665830101,341.3750305,277.375,1365,1109,351.3750305,247.3750153,1405,989,19.31289291,241.6082747,13.33429804,257.8304883,26.08969355,233.3994567,8.981921582,278.0285272,14.37641486,293.1047081,20.4061541,286.6878,43.36646718,89.32830846,131.3429636,498.9764323,-17.65238724,172.1206073,-52.97618444,498.9764323,-17.65238724,28.91543449,844.9508267,783.835789,61.11503761,278.4488662,0,0,0,0,0,3.75,3.1875,3.125,3.0625,2.5,0,0,0,0,0,0,-0.832794189,0,0
0,45,1251,972,1611,1332,0.700914673,-0.878281208,-0.486386211,1.219096528,1.764747583,-0.000731296,-0.000364266,-0.000252385,0.000108092,7.69E-05,5.53935194,1.180730543,335.3750305,276.875,1341,1107,345.3750305,246.8750153,1381,987,18.49920082,242.3507026,13.35020899,262.3336905,24.87393753,231.7818117,6.002320141,282.5295126,11.90163634,292.4733391,17.32399678,290.6102138,36.3503908,56.22662897,110.2922917,476.9476494,-16.52015994,136.3348529,-49.11435999,476.9476494,-16.52015994,35.31229369,847.6221333,796.4432691,51.17886423,279.658129,0,0,0,0,0,4.9375,3.6875,4.375,4.5,3.625,0,0,0,0,0,0,-0.981811523,0,0
0,50,1600,992,1960,1352,0.048001808,-0.282799294,-0.097701077,0.430444982,0.847694802,0.000110453,-0.000114463,-0.000156877,3.52E-05,8.43E-05,9.805379868,0.530703855,422.6250305,281.875,1690,1127,432.6250305,251.8750153,1730,1007,18.97311974,242.6787429,13.86822965,262.180479,25.3008062,232.1349712,7.831282339,220.2297416,15.90704703,256.0931115,23.16115159,259.7472354,46.83984157,90.41975663,163.245867,1105.642888,-2.769602746,966.5189349,-10.29996759,1105.642888,-2.769602746,99.69164122,892.2439224,878.5086544,13.73526802,239.5581709,0,0,0,0,0,0.8125,0.4375,1.0625,0.6875,0.4375,0,0,0,0,0,0,-0.990539551,0,0
0,55,1293,729,1653,1089,0,-0.324765129,-0.434107769,-0.459180179,-0.201305305,-0.000123592,-0.000294657,-0.000213141,-2.92E-05,4.30E-05,39.30386734,0.285454569,345.8750305,216.1250153,1383,864,355.8750305,186.1250153,1423,744,14.17635059,239.8601151,13.08216786,271.4766519,18.52821347,218.1356902,7.939753027,217.26212,15.46849628,248.0306742,22.88502302,256.1920126,46.96488656,89.99309196,170.1244192,1137.505465,-3.981235088,990.0598975,-11.19469645,1137.505465,-3.981235088,104.7319601,893.3601288,874.8663096,18.49381914,237.2791081,0,0,0,0,0,0.125,1.0625,2.125,3.1875,3.375,0,0,0,0,0.125,1.242105603,-0.985229492,0,0
0,60,1145,912,1505,1272,0.786659058,0.25320661,0.290940793,0.458816342,0.29623689,-2.89E-05,4.60E-06,-5.66E-05,5.90E-05,2.97E-05,39.39434433,0.627566302,308.875,261.875,1235,1047,318.875,231.8750153,1275,927,13.98267937,242.0130453,13.60863057,273.5214987,17.84196832,218.5209927,7.657283304,267.8245351,16.1141142,275.5038707,22.51496925,275.5087748,67.32926959,96.15388913,179.4596872,893.3551159,-0.036695926,469.0075241,-10.05626957,893.3551159,-0.036695926,164.8908684,884.3920442,880.0292016,4.362842585,256.7815985,0,0,0,0,0,3.1875,2.1875,1.6875,2.875,4.9375,1.25,0,0,0,0,1.394736767,-1.457946777,1.0625,14.625
0,65,1164,919,1524,1279,0.404808044,0.077994698,0.003698836,-0.143033316,-0.229379431,0.000504802,-9.84E-05,-0.000122475,7.74E-05,9.97E-06,75.37153625,0.98033267,313.625,263.625,1254,1054,323.6250305,233.6250153,1294,934,18.0355072,241.3804196,14.6148613,265.1044184,23.44066761,226.8527993,6.81201318,247.5143939,14.62001715,265.4602925,22.44390736,265.5996283,34.43836696,63.63444671,112.2352562,954.3304011,-14.93881825,665.2697965,-22.06525766,954.3304011,-14.93881825,119.6464338,882.8006703,840.8305772,41.97009311,255.6926452,0,0,0,0,0,2.1875,2.8125,3.125,4.625,5.75,0.3125,0,0,0,0,0.747368097,-1.410369873,1.75,18.5
0,70,1209,950,1569,1310,0.485521515,-0.092714957,0.007564981,-0.315274145,-0.287224688,0.000161944,-8.61E-05,-6.89E-06,5.68E-05,-8.38E-07,143.5619354,1.398707455,324.8750305,271.375,1299,1085,334.8750305,241.3750153,1339,965,15.39693737,241.1987775,13.58942548,270.3438564,20.04891195,221.9232912,6.870622026,240.7141073,13.97671753,256.4668321,21.54633493,265.4096534,39.42852105,75.60751535,129.2893573,925.265097,-5.735237725,559.1853696,-19.04254872,925.265097,-5.735237725,136.4975721,879.9348957,861.1167972,18.81809848,252.0454044,0,0,0,0,0,3.5625,2.3125,1.5,2,3.4375,0,0,0,0,0,0.705263376,-1.467224121,1.125,23
0,75,1363,788,1723,1148,0.508993103,0.056887557,-0.058885122,-0.321113872,0.317956884,0.000350633,-6.72E-05,-0.000165933,-2.39E-06,3.79E-05,56.15183258,0.357184021,363.3750305,230.8750153,1453,923,373.3750305,200.8750153,1493,803,16.16136551,242.020982,14.34004022,269.6708604,20.71817371,223.2852838,7.328271619,229.0698915,14.06043825,257.7735019,20.98350827,262.7326564,53.01692595,85.58136798,158.3960968,1048.665618,-0.446064719,653.4632818,-13.98857022,1048.665618,-0.446064719,141.197345,891.5904512,887.2135298,4.376921381,242.1436791,0,0,0,0,0,1,1.625,3.875,5.0625,5.0625,0,0,0,0,0,1.605263352,-1.070831299,0.1875,0
0,80,1293,945,1653,1305,0.901649109,-0.009574619,-0.016453356,0.050706657,0.269474014,7.87E-05,0.000180231,0.000239052,-7.58E-05,0.000113371,116.6418457,1.437996179,345.8750305,270.125,1383,1080,355.8750305,240.1250153,1423,960,16.28328705,242.4614746,14.56344979,269.8837986,20.75323564,223.6058349,7.419384463,290.3464045,14.77045454,291.0570857,20.75465087,290.4294733,58.22530562,77.8830133,147.3155398,608.2361699,-15.05332889,105.4235969,-24.00016686,608.2361699,-15.05332889,73.95503866,845.6438183,815.3194702,30.32434805,261.9519634,0,0,0,0,0,1.5,1.1875,2.1875,4.0625,4.625,0,0,0,0,0,0.747368097,-1.130371094,0.125,1.25
0,85,1371,779,1731,1139,0.058363201,0.163383092,0.188833438,0.062805534,0.453592217,0.000222045,2.79E-05,-9.14E-05,1.10E-05,2.05E-05,169.9333649,1.530686408,365.3750305,228.6250153,1461,914,375.3750305,198.6250153,1501,794,18.56807327,241.6652248,13.3308066,261.3121958,24.9867222,231.3315375,7.284584683,208.5118417,14.35441299,245.7860555,20.98713387,256.8945249,34.595293,72.39167301,140.1732238,1073.764876,-2.018140295,945.3636456,-9.024769969,1073.764876,-2.018140295,109.1923079,892.3300259,880.6999083,11.63011763,240.4933023,0,0,0,0,0,2.5625,2.25,2.3125,3.6875,5.375,0.0625,0,0,0,0,1.242105603,-1.084747314,0.5,1.125
0,90,1150,891,1510,1251,0.798639404,0.306354851,0.367645735,0.490327446,0.534888362,0.000549032,0.000108292,0.000164467,8.76E-05,3.03E-05,153.5715332,2.075992405,310.125,256.625,1240,1026,320.125,226.6250153,1280,906,14.49756622,242.4536745,13.97336893,272.9294063,18.37399759,219.7662345,7.154970814,273.4037924,16.03648425,281.0984787,23.03458992,274.7809771,37.4379985,75.38924851,150.3948068,900.8399591,-0.108007444,507.8837042,-9.543041685,900.8399591,-0.108007444,158.0181466,883.3369965,871.781037,11.5559595,255.3426231,0,0,0,0,0,2.375,2,3.375,3.5,4.3125,0,0,0,0,0,1.410526037,-1.198760986,0.8125,16.625
0,95,1377,782,1737,1142,0.058173328,0.146725104,0.265370709,0.486413117,1.013691394,0.000219494,0.000265646,0.000293686,0.000103219,8.49E-05,137.930069,2.325838521,366.8750305,229.3750153,1467,917,376.8750305,199.3750153,1507,797,17.80287743,241.5350004,14.69343733,265.8961785,23.03232042,226.2782011,7.110654756,209.9234642,14.50117527,246.821881,21.21108964,257.5244323,38.22091696,83.81382611,162.06755,1072.688516,-2.03493236,947.1530383,-8.824978418,1072.688516,-2.03493236,110.5596154,892.1644491,880.7258044,11.43864464,241.6348906,0,0,0,0,0,2.375,1.4375,2.625,3.375,6.3125,0,0,0,0,0,1.242105603,-1.620239258,1.5625,3.3125
0,100,1685,1122,2045,1482,0.097971878,0.175197565,0.189072757,0.009748608,0.360998858,4.44E-06,9.20E-05,5.55E-05,-3.76E-05,5.71E-05,335.8435364,5.087138072,443.8750305,314.375,1775,1257,453.8750305,284.375,1815,1137,14.42231941,242.1289673,13.85795933,272.8038524,18.3429424,219.4587488,6.074190065,234.129559,13.80540011,263.3166649,20.718235,264.739366,42.35066117,82.14697092,161.7109337,928.768992,-9.598314732,723.0466385,-18.80788192,928.768992,-9.598314732,74.5093766,890.8687603,854.487404,36.38135633,248.6799256,0,0,0,0,0,1.75,1.6875,1.0625,1.5,3,0,0,0,0,0,1.815789223,-1.090851903,0.25,0.3125
0,105,1262,865,1622,1225,0.730989319,0.087062,0.132395669,-0.028025512,0.095884836,-0.000707975,4.82E-05,0.000116102,-0.000160515,0.000118576,107.8099442,2.12297019,338.1250305,250.1250153,1352,1000,348.1250305,220.1250153,1392,880,14.93044376,241.514865,13.51642684,271.5650107,19.38149921,221.0751082,6.928396731,302.5345629,13.06980733,297.3197818,19.58659761,280.5426652,24.47290206,50.41562568,93.59547451,601.2478075,-28.34764043,274.9832026,-71.91533047,601.2478075,-28.34764043,20.30736708,858.9858754,760.065897,98.91997842,274.3280663,0,0,0,0,0,0.4375,0.125,1.4375,2.375,3.125,0,0,0,0,0.0625,1.326315761,-1.09463501,0.125,19.5
0,110,1283,872,1643,1232,0.80917627,0.157140389,0.344379264,0.422449479,0.02775773,-0.00010097,0.000265249,5.51E-05,-0.000154971,5.35E-05,165.2223663,4.898927593,343.3750305,251.8750153,1373,1007,353.3750305,221.8750153,1413,887,17.30511093,244.7287286,14.19837144,269.8819596,22.57963509,229.2267847,6.856366899,291.500447,14.49725822,276.8439538,23.06825553,268.3331656,50.08733307,54.47321183,95.1073447,936.7475987,-10.96260402,449.7708671,-23.02249303,936.7475987,-10.96260402,131.5069079,867.536652,816.8842322,50.65241988,262.5805926,0,0,0,0,0,1.9375,1.5625,2.25,3.8125,4.25,0,0,0,0,0,2.368421078,-1.07989502,0.1875,16.375
0,115,1302,882,1662,1242,0.923787964,0.094871242,0.273016705,0.820818948,0.665485302,0.00037641,0.000277286,0.000230717,-3.73E-05,5.00E-05,272.8016357,6.480571529,348.1250305,254.3750153,1392,1017,358.1250305,224.3750153,1432,897,16.28215027,243.8064618,14.55642162,271.2311824,20.75638374,224.9616545,5.396840396,259.1306879,14.24042441,265.3209293,22.04674202,267.5849867,48.16785997,73.52555201,135.937471,868.5002849,-0.463709799,387.8993886,-14.13875273,868.5002849,-0.463709799,192.657202,869.4279123,855.1974603,14.23045204,258.8406554,0,0,0,0,0,1.875,1.0625,1.6875,3,4.4375,0,0,0,0,0,1.663157701,-1.136199951,0.3125,15.5
0,120,1601,957,1961,1317,0,0.308463849,0.342115421,0.288306231,-0.076330237,0.000240189,0.000355373,0.000335054,0.000164905,-7.22E-05,265.8414001,2.662767863,422.8750305,273.125,1691,1092,432.8750305,243.1250153,1731,972,17.53526497,242.4620893,15.09841063,267.6409261,22.34969946,225.7590748,8.650918353,223.1378449,15.60380676,255.2301444,23.87809241,257.7361681,65.18160325,116.6361859,177.5804664,1049.844496,-5.879619563,913.6691131,-14.45471255,1049.844496,-5.879619563,75.60746709,890.7457412,865.18607,25.55967112,244.9786656,0,0,0,0,0,1.5625,1.125,1.75,1.375,1.5,0,0,0,0,0,1.49473691,-1.45803833,0.5625,0
0,125,1338,901,1698,1261,0.542167419,-0.075540855,-0.028402279,0.263387813,0.130906733,-8.06E-05,0.000197343,0.000168348,-4.55E-05,-0.000138325,327.2493286,6.124329631,357.1250305,259.125,1428,1036,367.1250305,229.1250153,1468,916,14.04088306,240.641557,13.27499072,272.3555957,18.18151361,218.0711594,5.612247056,228.6462558,13.58681312,260.755303,21.07165853,264.7239844,52.07604975,88.81275849,163.8837799,944.6454133,-3.519504946,696.0638477,-25.07575519,988.1640309,-0.492287067,121.7194306,884.9745461,868.6621674,16.31237877,244.3969557,0,0,0,0,0,3.125,1.9375,2.3125,1.6875,2,0,0,0,0,0,2.026315451,-0.829559326,0,23.8125
0,130,1614,974,1974,1334,0.021111967,0.103829084,0.157584622,0.244517033,0.307103343,-0.000223291,-9.63E-05,4.69E-05,-1.69E-05,6.94E-05,226.8667908,4.969959138,426.1250305,277.375,1704,1109,436.1250305,247.3750153,1744,989,16.2093792,242.3198301,13.78383255,269.7856446,21.16586514,224.8406194,8.645150412,221.0072767,16.37700598,252.0663052,24.28345933,258.8335883,48.43255483,108.0022289,188.3238737,1032.430964,-3.643410113,908.1367245,-11.1235466,1032.430964,-3.643410113,94.77624142,891.4049104,873.7239819,17.68092844,244.6324843,0,0,0,0,0,1.875,2.25,2.375,2.5625,1.875,0,0,0,0,0,1.215789557,-0.910522461,0,0
0,135,1634,978,1994,1338,0.011870984,-0.105104892,-0.184701242,-0.182621219,-0.080387946,-0.000218997,-3.22E-05,-0.000173674,3.12E-05,5.80E-05,206.3147888,3.141357793,431.1250305,278.375,1724,1113,441.1250305,248.3750153,1764,993,14.04415989,240.3474354,13.24728368,272.0775181,18.20676557,217.8489273,9.004175183,218.0327566,16.14527326,251.4913535,23.80071966,258.3893255,51.6381288,113.0484015,199.6047452,1041.076233,-3.872860306,915.0080241,-13.57071651,1041.076233,-3.872860306,83.89415765,891.458984,869.1569553,22.30202868,242.3338826,0,0,0,0,0,1.75,1,1.625,2.0625,1.875,0,0,0,0,0,1.278947353,-1.082458496,0.125,0
0,140,182,797,542,1157,0,3.009346992,4.355951507,5.42351359,0.02131555,0.000699829,-6.33E-05,-0.000149142,-0.000754314,0.000107797,307.8362732,7.725436038,68.125,233.1250153,272,932,78.125,203.1250153,312,812,14.05016422,240.7746091,13.24341912,272.4978455,18.21883923,218.3033208,29.28089998,256.6462339,51.85936913,267.9098852,54.04966572,283.3790925,540.5390406,865.8413312,1352.576888,368.3193454,-8.533034282,282.3386612,-106.7530453,708.9836789,-1.820854497,1.673936946,792.3250806,548.2276863,244.0973943,301.7459722,0,0.0625,2.625,9.5,16.75,11,19.6875,32.75,47.3125,58.0625,0.875,4.375,9.8125,16,22.6875,1.978947282,-0.124438129,0,173
0,145,191,709,551,1069,0,1.373932009,1.893353173,2.298665751,-0.633734109,0.000513181,-5.54E-05,-0.000421309,-0.000376478,0.000358669,541.3562012,21.54272045,70.375,211.1250153,281,844,80.37500763,181.1250153,321,724,18.99770164,220.7610893,12.24997151,233.0808232,26.15843012,215.0265476,24.87915586,244.6541702,33.217532,282.8561869,26.56905166,268.8146393,365.2005327,474.149414,790.4451892,102.7252808,-274.8342929,55.02357466,-298.3940144,237.4861358,-175.971426,0,837.2572816,480.8005583,356.4567233,289.4883047,0,0.5,2.625,15.1875,33.0625,21.125,39.125,60.75,78.6875,87.0625,1.8125,8.6875,16.3125,23.25,34,1.605263352,-1.525177002,32.4375,225.25
0,150,185,720,545,1080,0,1.452610747,1.867367976,-0.270654801,-0.259524546,-3.99E-05,0.000585429,-1.24E-05,0.000563153,-9.75E-06,1679.528809,38.70926287,68.875,213.8750153,275,855,78.875,183.8750153,315,735,17.84160995,229.0738257,12.66152867,249.8633691,24.26585644,218.4010307,24.22503051,229.1145746,32.34953253,254.6110014,30.29229654,265.4115659,339.9698039,476.8107013,731.0348718,106.980801,0,46.03124366,-6.279490298,452.795144,-0.215544948,2.334600103,851.1085516,480.9118886,370.196663,302.3944525,0,0.3125,5.375,13.3125,23.375,35.375,54.3125,72.3125,86.9375,101.4375,1.625,11.8125,24.25,32.6875,41.1875,2.115789413,-1.990692139,142.25,89.625
0,155,190,762,550,1122,0,1.276453919,1.63000778,0.21520559,-0.621480388,-0.000150368,0.00086282,0.001470573,-0.000211808,9.07E-05,1379.881348,47.04671995,70.125,224.3750153,280,897,80.125,194.3750153,320,777,17.21448708,232.0479223,11.9675163,253.5666208,23.70560396,221.3764455,22.66739606,249.7780415,23.79419345,276.4791124,29.05710869,272.1126818,345.0546412,505.0202905,720.7271077,352.6753574,-47.83564671,211.8205153,-76.29579028,352.6753574,-47.83564671,0.457601973,891.043419,708.5711206,182.4722984,280.3621276,0,0,0.75,4.625,10.625,47.125,60.9375,82.375,101.625,117.25,0.5,6.9375,13.75,20.5625,28.875,3.947368622,-2.474304199,255.375,12.25
0,160,212,844,572,1204,0,0.929243167,1.296013905,1.525297759,-0.037184684,-0.000270169,4.43E-05,-0.000208572,0.000430855,-0.000790915,1164.766602,53.39716597,75.625,244.8750153,302,979,85.62500763,214.8750153,342,859,17.03967667,230.9016663,10.85220492,248.8334269,23.98813884,222.8951187,18.68189406,222.9780321,20.61949656,246.1869466,24.5781198,260.193438,88.45787076,226.4413881,327.4043087,680.7608386,-71.43168655,423.4116742,-112.3835537,680.7608386,-71.43168655,40.46179962,913.8188074,797.013067,116.8057405,258.1509768,0,0,0,0.4375,1,42.375,64.375,92.1875,118.125,137.0625,0,1.75,4.0625,6.75,8.125,2.242105246,-2.740325928,507.0625,44.5625
0,165,335,756,695,1116,0,-0.544446103,-0.884193032,-0.034008151,4.082613471,-4.94E-06,-6.09E-05,-0.000121633,0.000971481,0.001288298,447.3706055,33.71639794,106.3750076,222.8750153,425,891,116.3750076,192.8750153,465,771,16.828825,232.3253646,11.22132567,253.2066767,23.51596259,222.5327439,10.74335996,236.9027798,27.50050031,281.6311924,32.89664439,274.1113317,119.2654635,196.5763435,401.8447909,715.0972112,-174.0777032,390.8969913,-244.1415703,715.0972112,-174.0777032,0,892.228143,664.8907344,227.3374086,239.2458404,0,0,0,0,0,0,0,0.375,2.1875,5.5625,0,0,0,0,0,1.747368813,-3.085113525,455.8125,724.9375
0,170,305,950,665,1310,0,0.202097034,0.467520909,1.153083688,1.258816408,-3.19E-06,0.000187215,0.000664153,-9.18E-07,-0.000265223,386.1264038,16.6095814,98.87500763,271.375,395,1085,108.8750076,241.3750153,435,965,16.74712944,224.0643191,11.20240389,245.3119144,23.40809246,214.0768392,4.88683544,186.7363449,17.70926761,254.1874067,24.66935983,247.4451358,32.0536197,52.62931671,160.6045053,772.2655218,-9.427920077,465.2587904,-7.105617184,772.2655218,-9.427920077,61.30030967,915.7127738,892.221278,23.49149582,233.7743279,0,0,0,0,0,0.875,2.8125,7.3125,14.75,20.6875,0,0,0,0.0625,0.625,2.49473691,-2.507263184,485.375,592.25
0,175,382,824,742,1184,0,0.018890248,0.017254274,1.072179008,3.702168645,3.06E-06,8.64E-06,-2.09E-06,-0.000363853,-0.000358167,588.8660889,26.02028935,118.1250076,239.8750153,472,959,128.125,209.8750153,512,839,14.5186224,242.6214649,16.24771107,270.1091654,16.43449634,215.4720643,9.51101556,218.5050095,22.32035333,253.663381,35.56705495,263.5721003,89.9927043,184.5905354,359.2045233,796.7196809,-8.303590508,614.5738922,-22.07582326,796.7196809,-8.303590508,32.64927097,892.1946156,846.4179185,45.77669717,231.433511,0,0,0,0,0,0.375,0.5,1,1.625,2.4375,0,0,0,0,0,4.147368431,-2.775604248,471.625,988.0625
0,180,331,686,691,1046,0,0.198271413,0.425002996,1.48478309,0.370147268,2.33E-06,-2.01E-05,-1.04E-06,0.000362984,0.00022631,378.8747559,14.67149376,105.3750076,205.3750153,421,821,115.3750076,175.3750153,461,701,13.95316696,225.2273227,11.1007841,257.5891533,19.45904181,207.4479954,10.59231681,239.5052048,21.28961279,273.2631452,27.03251671,280.0795647,83.22583074,157.3265707,299.0438951,865.9942049,-46.18095891,581.7748187,-84.05077244,865.9942049,-46.18095891,7.17511373,892.037451,779.5606761,112.4767749,239.3725659,0,0,0,0,0,0.6875,3.375,4.6875,5.4375,7.125,0,0,0,0,0,0.873684168,-2.924163818,525.0625,507.3125
0,185,342,761,702,1121,0,0.134400019,0.482258094,2.210045971,1.357493551,-0.000230892,-0.000477126,-0.000866036,-0.00057263,0.000348876,516.49646,32.93910414,108.1250076,224.1250153,432,896,118.1250076,194.1250153,472,776,16.66138649,235.9575635,11.84409597,259.569849,22.9656486,224.0359152,11.04870369,230.2396707,22.84028697,254.1832676,29.09462533,277.7071668,80.45499086,168.190162,360.6866396,914.5010571,-39.44693283,701.6850323,-67.82954518,914.5010571,-39.44693283,43.99402395,891.9834654,764.376705,127.6067604,248.1564872,0,0,0,0,0,3.0625,6.0625,10,16.0625,19,0,0,0,0.0625,0,1.215789557,-3.381469727,932.5625,511.25
0,190,373,756,733,1116,0,0.7213222,1.192848983,3.919690741,2.699291687,1.55E-05,8.85E-05,0.000450294,0.001261222,0.000932841,1070.085938,62.91263996,115.8750076,222.8750153,463,891,125.8750076,192.8750153,503,771,16.5882473,234.862452,12.21817155,259.5846513,22.66177896,221.8310993,10.77243495,231.1347943,22.27062601,264.2947343,28.23470006,275.1319396,80.78870329,164.1360495,334.6159203,945.7605723,-33.22331969,709.9111556,-56.70230054,945.7605723,-33.22331969,39.02247416,891.856016,793.8763917,97.97962432,236.0123286,0,0,0,0,0,1,2.4375,3.0625,3.5,5.5625,0,0,0,0,0,2.115789413,-3.594482422,761.75,651.6875
0,195,391,758,751,1118,0,0.920198778,1.506484542,4.686527112,2.981663823,-2.08E-05,0.000495982,0.000883255,0.001681342,0.001344431,863.6795654,71.21489334,120.3750076,223.3750153,481,893,130.375,193.3750153,521,773,16.88905525,235.8680881,12.75429102,260.4844317,22.81027149,222.3997925,10.81601934,228.5699217,22.50505489,260.3618568,28.26077689,271.3141507,76.04571333,162.9126658,319.1452657,1002.427551,-23.28641123,800.1755874,-43.97255251,1002.427551,-23.28641123,49.08971535,891.8193098,797.124868,94.6944418,237.3264571,0,0,0,0,0,0.1875,0.1875,0.5,1.3125,1.625,0,0,0,0,0,3.947368622,-3.847473145,714.3125,714.75
0,200,398,763,758,1123,0,0.629455521,1.182532593,3.921422634,3.223139516,-2.81E-05,0.000166627,0.000296655,0.001816046,0.001859428,1139.358765,82.79382388,122.1250076,224.6250153,488,898,132.125,194.6250153,528,778,16.7534523,235.598883,13.52679565,261.5896454,22.1558595,220.0803518,10.99595781,224.6448851,24.23501969,257.1272704,28.07812921,268.7519655,71.89257826,169.4158017,358.1701601,1000.312117,-15.66152005,835.055476,-33.2351719,1000.312117,-15.66152005,66.877286,891.7754765,802.8131873,88.96228925,238.3521949,0,0,0,0,0,0.125,0,0.125,0.3125,1.3125,0,0,0,0,0,2.242105246,-3.910675049,774.25,671.625
0,205,412,761,772,1121,0,0.739966908,1.277514332,4.236869887,3.223090629,7.10E-05,0.000250589,0.000375711,0.001469023,0.001403905,1249.769165,87.3024212,125.6250076,224.1250153,502,896,135.625,194.1250153,542,776,16.56559563,235.777793,13.30245881,262.0721488,22.00869176,220.2475398,11.10310332,225.7543264,24.13757759,258.7953939,28.45714682,270.8416246,70.8044475,169.5992692,360.8637433,1023.825753,-11.72589389,865.4532461,-28.5647714,1023.825753,-11.72589389,56.40519223,891.7282872,805.8741911,85.85409609,237.9442838,0,0,0,0,0,0.375,0.1875,0.25,1,1.875,0,0,0,0,0,2.821053028,-3.70022583,764.9375,565.4375
0,210,427,767,787,1127,0,0.478821811,0.922014238,4.32742746,3.742950255,0.000162003,3.04E-06,0.000162343,0.001361139,0.001728894,1125.08313,86.94543745,129.375,225.6250153,517,902,139.375,195.6250153,557,782,16.71139526,235.6673761,13.21501831,261.466742,22.28014194,220.7074945,11.02751836,223.5767255,24.59444458,258.7984265,28.9108972,270.9034788,65.878479,168.3163227,381.5071531,984.5551768,-5.361282653,844.7900708,-17.21438371,984.5551768,-5.361282653,57.79532415,891.7210952,861.112856,30.60823918,237.793488,0,0,0,0,0,0.25,0.3125,0.5625,1.75,5.5,0,0,0,0,0.375,5.647368431,-3.867736816,774,509.5625
0,215,430,771,790,1131,0,-0.004843599,0.264245907,3.121474347,3.649035808,7.60E-05,-0.000530524,-0.000977246,0.000625946,0.001165011,870.8739014,69.30693938,130.125,226.6250153,520,906,140.125,196.6250153,560,786,16.91983986,234.4777621,13.06675473,259.4702102,22.67866588,220.3886254,11.65701139,225.3967524,24.96730047,262.6098223,29.17372648,273.8918231,69.81362633,181.0887819,409.4294287,932.5871823,-5.463588464,792.8055316,-18.85929013,932.5871823,-5.463588464,64.95385648,891.6591014,853.135336,38.5237654,237.870677,0,0,0,0,0,1.1875,2.875,4.375,5.875,10,0,0,0,0.25,0.625,1.578947306,-4.746032715,888.0625,435.25
0,220,448,700,808,1060,0,1.169588512,2.030409514,4.81033143,5.758546161,3.38E-05,0.000400053,0.000793776,0.001808057,0.000884044,1109.219116,121.5839935,134.625,208.8750153,538,835,144.625,178.8750153,578,715,17.78887558,235.4221723,13.49982538,258.322139,23.73063309,222.6330276,9.891443112,235.5266059,19.9392448,270.3603694,25.78551737,272.3750567,64.42629016,129.5862297,230.136994,960.6223666,-17.34317686,758.4063445,-35.05928896,960.6223666,-17.34317686,43.70320521,891.6594735,809.5951475,82.06432594,242.1253112,0,0,0,0,0,1.1875,3,3.625,4,4.1875,0,0,0,0.0625,0.5625,2.989473343,-4.487213135,405.4375,182.8125
1,225,462,695,822,1055,0,1.60520402,2.686017566,5.492780147,5.586525306,0.000164334,-5.53E-05,0.000526993,0.002961382,0.001713406,1970.505737,180.2673047,138.125,207.6250153,552,830,148.125,177.6250153,592,710,16.02247047,237.9111616,12.59991891,265.075906,21.61437303,222.4763221,9.789691332,234.9164105,19.77654618,269.7723411,25.84016287,272.3783625,65.05748931,137.4574529,262.0490652,938.8373424,-14.95870747,744.733424,-31.84017437,938.8373424,-14.95870747,43.74102878,891.6173288,813.5894934,78.0278354,242.6787604,0,0,0,0,0.25,2.8125,4.875,4.875,6.375,8.3125,0,0.1875,0.3125,1.25,2.125,2.989473343,-4.265441895,368.3125,204.1875
1,230,479,697,839,1057,0,1.379809859,2.410145627,5.667970832,6.593293887,0.00026292,-0.000311309,0.000385383,0.003107686,0.002292513,2179.391113,222.9643765,142.375,208.1250153,569,832,152.375,178.1250153,609,712,16.06923485,237.6504806,12.61183062,264.687375,21.67676987,222.3149268,9.833128203,235.049367,19.91223694,269.4935192,26.19398312,273.0247852,65.33719472,139.1919034,266.7159379,903.0865965,-14.40238907,711.9168488,-31.17213985,903.0865965,-14.40238907,42.94296428,891.5728767,814.2606929,77.31218378,243.3055789,0,0,0,0.375,0.9375,6,6.625,12.1875,13.875,14.5,0,0.25,1.5625,3.1875,4.625,3.64736867,-4.559875488,359.6875,284.3125
1,235,497,699,857,1059,0,1.087614723,1.992185148,5.417192933,6.889583365,0.00077802,0.000668276,0.000709296,0.002990601,0.002908231,1748.29834,195.0139544,146.875,208.6250153,587,834,156.875,178.6250153,627,714,16.26548195,237.2575534,12.6566344,263.7473469,21.94177195,222.3483736,9.889309569,234.9511352,20.14901856,268.91742,26.65080157,273.5743423,65.01034685,140.2340334,270.4642895,874.8569823,-13.46644992,687.8415542,-29.90460741,874.8569823,-13.46644992,42.79509946,891.535607,816.0451562,75.49045079,243.4985861,0,0,0.0625,0.75,2.375,10.1875,10.875,12.125,16.1875,14.8125,0.0625,2.125,2.875,3.625,4,6.647368431,-4.813690186,362.625,319.25
1,240,515,701,875,1061,0,1.276457802,2.146664003,5.268932104,6.391897342,0.000656872,0.000355496,0.000466286,0.00281902,0.002609837,1973.755127,221.185456,151.375,209.1250153,605,836,161.3750153,179.1250153,645,716,16.37672997,236.8935317,12.69838165,263.0897439,22.08270126,222.1881746,9.954387486,234.4558782,20.45886714,267.9496095,27.15571152,273.5577995,64.04536488,141.1667697,274.5643996,866.5080154,-11.43393439,687.256217,-26.81149768,866.5080154,-11.43393439,45.49368331,891.4867036,828.0824456,63.40425792,243.3454043,0,0,0,0,1.1875,11.8125,12.75,19.0625,20,17.9375,0,0.25,0.25,1.3125,2.9375,3.994737148,-5.178771973,356.75,364.375
1,245,531,704,891,1064,0,1.384343943,2.388095497,5.282173129,6.406391996,0.000646715,0.000147596,0.000575148,0.002569882,0.002244749,1841.312988,218.5343671,155.375,209.8750153,621,839,165.3750153,179.8750153,661,719,16.3822155,236.7148676,12.7635187,262.9736383,22.05326573,221.8785939,10.05728291,233.8163812,20.80673598,266.8966129,27.62414186,273.1186457,63.54854551,142.8355546,279.6029611,868.2627954,-9.927708125,697.5864342,-23.98068418,868.2627954,-9.927708125,49.06986856,891.4358808,840.0231386,51.41274223,243.280656,0,0,0,0.3125,1.6875,14.875,19.125,26.1875,28.25,26.0625,0.0625,0.375,2,3.5625,5.125,6.984210491,-4.991210938,350.8125,390.4375
1,250,547,704,907,1064,0,1.649753056,2.794168829,5.762155219,5.418955285,0.000796169,0.001120127,0.001596415,0.003243197,0.002706009,2143.865967,234.4547192,159.375,209.8750153,637,839,169.3750153,179.8750153,677,719,16.36329269,236.7895079,12.88078555,263.2383952,21.95677742,221.6428793,10.06001464,233.0511678,20.96248935,265.9195954,27.81799661,272.2802673,61.87123202,142.4878541,280.9031122,880.5963423,-8.45941757,717.7122595,-20.86330837,880.5963423,-8.45941757,54.15830638,891.3933672,848.7217201,42.67164715,243.38469,0,0,0,0.125,0.3125,14.875,18.9375,22.125,25.375,29.125,0.125,0.9375,1.625,2.375,3.375,3.994737148,-4.685006618,322.6875,404.875
1,255,563,702,923,1062,0,1.996903246,3.194461313,6.43592451,4.985999933,0.000889637,0.001893622,0.0028194,0.00429841,0.003045559,1484.830322,210.8197211,163.3750153,209.3750153,653,837,173.3750153,179.3750153,693,717,16.31850433,236.9275597,13.01253487,263.6385044,21.81194881,221.3730162,10.04635396,232.2892329,21.01042675,265.040673,27.8772441,271.2666809,60.22929905,141.6747332,280.7926161,886.5494573,-7.621532779,731.2959334,-18.92245387,886.5494573,-7.621532779,57.67667291,891.3514603,853.5744262,37.77703406,244.0924332,0,0,0,0.125,0.6875,15.3125,22.75,24.8125,27.25,28.6875,0,0.5,1.75,2.4375,3.1875,3.526315689,-5.007385254,313,393.6875
1,260,576,699,936,1059,0,2.121297582,3.506436756,6.423659195,4.653784926,0.000697608,0.001474085,0.002178295,0.004034689,0.002247418,1507.519775,206.5092288,166.6250153,208.6250153,666,834,176.6250153,178.6250153,706,714,16.25922585,237.0994346,13.12352789,264.0709388,21.65635834,221.1466592,10.01872046,231.7367525,20.98174697,264.5310589,27.82500166,270.5202915,58.08569939,140.4443202,279.444921,895.7295755,-6.602317541,749.031032,-17.11770313,895.7295755,-6.602317541,62.14962537,891.2979506,858.5332175,32.76473316,244.839661,0,0,0,0,0,15.6875,19.4375,25.3125,31.5625,30.9375,0,0.5,1.5,2.375,3.1875,3.268421173,-5.56817627,326,362.875
1,265,593,700,953,1060,0,2.123013246,3.591396861,7.321144539,5.853039442,0.000303974,0.001157769,0.002080113,0.003934682,0.00224014,1745.372925,217.2404008,170.8750153,208.8750153,683,835,180.8750153,178.8750153,723,715,16.18069649,237.4342368,13.19109832,264.6653777,21.49708888,221.1273462,10.08713677,230.7356107,21.16805346,263.1895278,28.11011459,269.3180926,57.03250579,141.3534348,282.9484455,896.5949246,-5.775814414,761.1133772,-15.69235715,896.5949246,-5.775814414,67.10157259,891.2350123,862.4645341,28.77047822,245.708002,0,0,0,0,0.375,16.6875,19.375,25.8125,27.9375,31.9375,0,1.25,2.3125,3,4.5,5.226316452,-5.603759766,360.4375,377.25
1,270,603,698,963,1058,0,2.133702569,3.548122679,6.923951939,5.196558147,0.000594684,0.000923614,0.00154759,0.003672377,0.001894188,1726.1875,225.4808425,173.3750153,208.3750153,693,833,183.3750153,178.3750153,733,713,16.11700058,237.360539,13.28945562,264.8180971,21.34023727,220.6736867,10.06210398,230.5192167,21.15205324,262.9128231,28.04309445,268.9699442,54.93195701,139.8805085,280.0986145,905.8695097,-5.176623275,776.9104025,-14.72781561,905.8695097,-5.176623275,71.14400377,891.1723743,865.2383441,25.93403021,245.7612204,0,0,0,0.125,1,17.1875,21.0625,26.25,28.5625,26.5625,0,0.5625,1.8125,2.875,3.1875,4.642105579,-5.025878906,396.9375,333.125
1,275,629,701,989,1061,0,2.015155065,3.505987068,8.696715539,8.453698431,0.000649764,0.001182728,0.001976328,0.00404029,0.003369838,1631.752441,248.1049003,179.8750153,209.1250153,719,836,189.8750153,179.1250153,759,716,16.03634262,237.7607335,13.31612429,265.4329743,21.20163778,220.8019172,10.1499651,228.9666327,21.48224483,260.5611753,28.65884624,267.3362722,54.51463101,142.1903428,287.8714978,917.974079,-4.474803798,798.2012601,-13.43947212,917.974079,-4.474803798,78.02327615,891.0878964,867.9806988,23.10719758,244.9898075,0,0,0,0,1.375,15.125,17.8125,22.3125,25.8125,28.125,0,0.875,1.875,2.9375,3.5625,4.226316452,-4.450775146,389.875,353.4375
0,280,647,701,1007,1061,0,2.124625758,3.690329295,8.941247934,9.228008944,0.000891305,0.001185952,0.002085749,0.004077495,0.003655084,1759.047363,266.1529338,184.3750153,209.1250153,737,836,194.3750153,179.1250153,777,716,17.52794838,237.4703138,14.18945595,262.15491,22.94078703,222.4707749,10.21875056,228.7994228,21.64565258,260.0685958,28.82752046,267.5110772,54.30742511,141.5033876,275.1282205,918.7596942,-4.255597076,801.861181,-13.13679789,918.7596942,-4.255597076,79.24920394,890.9972573,868.6339285,22.36332885,243.9586926,0,0,0,0.3125,1.71875,15.4375,19.15625,21.65625,24.09375,24.8125,0,0.90625,1.9375,3.71875,4.375,6.226315975,-4.772628784,390.65625,361
1,285,665,701,1025,1061,0,2.23409645,3.874671521,9.18578033,10.00231946,0.001132846,0.001189177,0.00219517,0.004114701,0.00394033,1886.342285,284.2009673,188.8750153,209.1250153,755,836,198.8750153,179.1250153,795,716,19.01955414,237.1798942,15.06278761,258.8768457,24.67993627,224.1396327,10.28753603,228.632213,21.80906033,259.5760162,28.99619468,267.6858823,54.10021921,140.8164323,262.3849433,919.5453094,-4.036390354,805.521102,-12.83412367,919.5453094,-4.036390354,80.47513173,890.9066182,869.2871581,21.61946011,242.9275777,0,0,0,0.625,2.0625,15.75,20.5,21,22.375,21.5,0,0.9375,2,4.5,5.1875,8.226315498,-5.094482422,391.4375,368.5625
1,290,682,701,1042,1061,0,2.487167954,4.26634621,9.786788523,10.35701178,0.001111133,0.001087806,0.002254024,0.004603865,0.003951833,2072.806641,301.5854871,193.1250153,209.1250153,772,836,203.1250153,179.1250153,812,716,16.22781944,236.8754453,13.40366905,264.1236888,21.43655496,220.2401566,10.3856424,229.0318064,21.96716319,259.7517023,29.04050715,268.5096714,53.94395346,144.946852,294.633822,915.4727705,-4.065374094,801.3858558,-12.96220771,915.4727705,-4.065374094,79.0348626,890.7918602,868.8933762,21.89848408,242.050004,0,0,0.1875,1,3.75,16.375,20.875,24.4375,26.4375,25.125,0.4375,2.25,4.0625,6.9375,10.375,6.700000286,-5.042388916,390.0625,356.9375
1,295,696,696,1056,1056,0,2.546532144,4.159092695,9.166404915,9.013641138,0.001066318,0.001035021,0.002116274,0.003939985,0.003684285,2116.142578,300.9425628,196.6250153,207.8750153,786,831,206.6250153,177.8750153,826,711,16.32113266,237.026857,13.43841682,264.0638999,21.55615193,220.5646229,10.35614528,229.5957204,21.86643291,260.2140378,28.75051238,268.9180211,52.76031001,143.3778111,290.7033862,916.9438476,-4.067183057,804.6090382,-13.20896547,916.9438476,-4.067183057,77.70734357,890.6858542,868.1741616,22.51169259,242.3281501,0,0,0.4375,2.875,5.625,20.0625,23.25,27.5625,28.1875,25.6875,0.125,1.8125,2.75,5.625,8.3125,3.326316357,-5.322875977,388.25,320.6875
1,300,708,707,1068,1067,0,1.02251991,2.460760764,9.156470559,11.39395824,0.002036388,0.000202451,0.000128563,0.003667165,0.004173325,1822.889038,305.547668,199.6250153,210.6250153,798,842,209.6250153,180.6250153,838,722,16.18645096,237.5329057,13.42016325,264.8924979,21.36355853,220.7530674,10.51096626,230.4142503,22.27745115,261.0624703,28.84104783,269.8727586,54.39126449,146.9945534,301.3353148,933.8989378,-4.410202096,818.0505619,-13.42214264,933.8989378,-4.410202096,77.68180155,890.5432845,867.4095433,23.13374119,241.6352699,0,0,1.0625,3.75,6.3125,28.4375,29.1875,33.625,34,32.625,0.25,3.3125,4.75,6.1875,7.3125,4.226316452,-4.382873535,458.875,374.8125
1,305,743,700,1103,1060,0.000693839,2.326951907,3.900836663,9.032170056,10.1839208,0.002385463,0.002555044,0.002965084,0.004515533,0.004825157,1930.002197,279.655789,208.3750153,208.8750153,833,835,218.3750153,178.8750153,873,715,16.2373848,238.0748266,13.47314025,265.3390698,21.40747138,221.3180454,10.49347737,229.4702772,22.12709282,258.897997,29.18204289,267.7647027,54.45895234,146.3968034,295.7754868,952.8125024,-4.490603773,837.644644,-13.41768917,952.8125024,-4.490603773,79.57653796,890.3064712,867.0657861,23.2406851,242.3052484,0,0,1.125,2.5625,6.1875,21,26.4375,31.3125,35,35.25,0.3125,3.5625,5.6875,6.9375,8.9375,6.226316452,-5.863494873,325.3125,396.8125
1,310,758,698,1118,1058,0.010299127,2.284203669,3.645894403,9.141118827,10.60186038,0.002710162,0.002139958,0.002102877,0.005151767,0.005287553,2248.063232,285.5326672,212.1250153,208.3750153,848,833,222.1250153,178.3750153,888,713,15.92728519,236.9636777,13.37060768,264.9232532,21.00199165,219.5970119,10.57889751,229.3730153,22.13409432,258.4743067,29.23593503,266.8867638,54.5794339,143.6071951,288.4558589,959.0040723,-4.535165853,840.0044493,-13.0690251,959.0040723,-4.535165853,82.87103399,890.1150766,867.6998166,22.41526009,243.6576038,0,0,1.5,4.4375,8,22.125,38.5625,43.0625,46.75,45.5625,0.25,4.1875,6.6875,9.125,13.1875,5.210526466,-7.863739014,333.3125,358.75
1,315,785,704,1145,1064,0.030607958,2.044846349,3.039048683,6.567291918,8.111805028,0.003106963,0.00255232,0.001967794,0.002568902,0.004312598,1937.983765,219.4343305,218.8750153,209.8750153,875,839,228.8750153,179.8750153,915,719,15.81737614,237.2605724,13.41349542,265.4904194,20.80761651,219.5070418,10.73977521,228.8658328,22.34536392,256.6525176,29.94602974,264.8987963,57.51482262,147.6404533,291.8030588,968.4999029,-4.45203979,842.3112377,-12.79360502,968.4999029,-4.45203979,89.98948692,889.880462,868.2066838,21.67377818,245.6297166,0,0,2.9375,5.6875,8.8125,23.4375,38.6875,50.5,50,44.5,1.5,4.625,6.8125,8.875,11.125,1.747368813,-7.940704346,332.3125,443.375
1,320,792,706,1152,1066,0.034328506,1.28399638,2.18677268,6.775188805,9.93995063,0.002990737,0.002538398,0.002220194,0.003183233,0.003850815,4263.760742,315.6872667,220.6250153,210.3750153,882,841,230.6250153,180.3750153,922,721,15.66918564,236.9560552,13.57940603,265.5441489,20.4730675,218.4511109,10.8432696,228.1804916,22.54842395,256.3154615,30.05168822,264.0899789,57.05026033,147.885866,291.2391755,982.0194068,-4.051647552,861.0530371,-11.58341791,982.0194068,-4.051647552,96.36703704,889.7470463,871.3938203,18.35322597,245.6997059,0,0.0625,2.625,7.5,11.6875,38.625,52.625,63.25,63.1875,57.1875,0.875,5.125,8.375,12.5,16.0625,7.700000286,-6.707855225,391.0625,439.25
1,325,807,716,1167,1076,0.058157745,0.731857056,1.254925605,3.953540745,7.196518433,0.002342427,0.002379625,0.002308626,0.001418172,0.00099612,8327.119141,246.1821535,224.3750153,212.8750153,897,851,234.3750153,182.8750153,937,731,15.56946278,237.5643519,13.63861131,266.3616311,20.28064665,218.6624737,11.27338054,226.8502849,23.11321918,254.5852243,30.88934476,262.4621399,60.54767884,155.8806929,305.0333841,985.5396479,-2.649420793,880.2886864,-9.719674314,985.5396479,-2.649420793,109.7094621,889.5249538,879.3680224,10.15693141,247.0728817,0,0.125,2.25,4.1875,7.3125,38.25,50.5625,61.5625,59.3125,56.6875,1.0625,5.5,8.75,12.3125,17.9375,5.726316452,-7.22567749,418.625,534.125
1,330,835,719,1195,1079,0.088995125,0.604996004,0.884888656,4.29065084,8.583685259,0.001063558,0.000505041,0.000688155,0.000546397,0.003856235,2813.17041,154.2556605,231.3750153,213.6250153,925,854,241.3750153,183.6250153,965,734,15.70934582,237.3063893,13.77941522,265.8234382,20.4008526,218.4942796,11.18372672,225.9342609,23.22390133,252.3108259,31.64130733,260.9261943,62.01501152,154.9562874,303.2662353,963.6100472,-2.827174247,840.2244573,-10.3134246,963.6100472,-2.827174247,115.8210893,889.1565028,874.0645179,15.0919848,249.1703469,0,0,0.4375,1.875,4.375,27.6875,36,45.1875,43.5625,39.25,0.8125,3.375,5.1875,5.8125,8.3125,2.836842537,-6.596343994,375.125,611.375
0,335,857.5,710.5,1217.5,1070.5,0.098553993,1.342567377,2.161772238,5.972491117,7.331692999,0.001092371,0.00090171,0.001287365,0.002380364,0.00322487,2017.493286,177.7721883,237.0000153,211.5000153,947.5,845.5,247.0000153,181.5000153,987.5,725.5,15.72872066,237.7492041,13.82325672,266.2279997,20.40102238,218.8993055,11.57376245,226.3575414,23.35636881,252.2413629,31.58276887,261.0983697,68.00580852,158.3816354,302.5650151,945.2576827,-4.897663137,796.4707026,-10.14238654,945.2576827,-4.897663137,114.3647847,888.8770212,874.108982,14.76803915,247.6504818,0,0,0.21875,1.03125,2.5625,21.09375,26.1875,32.84375,34.03125,33.375,0.4375,2.03125,3.4375,4.25,6.15625,2.91315794,-5.814331055,347.8125,547.4375
0,340,868.75,706.25,1228.75,1066.25,0.103333427,1.711353064,2.800214029,6.813411256,6.705696869,0.001106777,0.001100044,0.00158697,0.003297348,0.002909188,1619.654724,189.5304522,239.8125153,210.4375153,958.75,841.25,249.8125153,180.4375153,998.75,721.25,15.73840809,237.9706115,13.84517747,266.4302805,20.40110727,219.1018185,11.76878031,226.5691817,23.42260254,252.2066314,31.55349965,261.1844574,71.00120702,160.0943094,302.214405,936.0815005,-5.932907582,774.5938253,-10.05686751,936.0815005,-5.932907582,113.6366324,888.7372804,874.1312141,14.60606632,246.8905493,0,0,0.109375,0.609375,1.65625,17.796875,21.28125,26.671875,29.265625,30.4375,0.25,1.359375,2.5625,3.46875,5.078125,2.951315641,-5.423324585,334.15625,515.46875
1,345,880,702,1240,1062,0.108112862,2.08013875,3.43865582,7.654331394,6.079700739,0.001121184,0.001298378,0.001886575,0.004214332,0.002593505,1221.816162,201.2887161,242.6250153,209.3750153,970,837,252.6250153,179.3750153,1010,717,15.74809551,238.1920189,13.86709821,266.6325613,20.40119216,219.3043315,11.96379818,226.7808219,23.48883628,252.1718999,31.52423042,261.2705451,73.99660552,161.8069834,301.8637949,926.9053183,-6.968152027,752.7169479,-9.971348487,926.9053183,-6.968152027,112.9084801,888.5975396,874.1534461,14.44409349,246.1306167,0,0,0,0.1875,0.75,14.5,16.375,20.5,24.5,27.5,0.0625,0.6875,1.6875,2.6875,4,2.989473343,-5.032318115,320.5,483.5
1,350,897,704,1257,1064,0.111269958,1.718721322,3.195278962,8.70761114,7.225004485,0.000544566,0.001373243,0.001684386,0.004147813,0.003307079,1545.210327,254.4622927,246.8750153,209.8750153,987,839,256.875,179.8750153,1027,719,15.37716866,237.69724,13.63201659,266.8770105,19.98956675,218.277318,11.65450781,227.7152328,23.32011431,251.9161639,31.4066625,261.6085029,71.43007233,162.2981479,299.8419593,928.4046319,-2.750476502,801.2111977,-12.70310787,928.4046319,-2.750476502,108.4491067,888.3820709,872.3970102,15.98506066,244.294755,0,0,0,0,0.8125,12.1875,15.8125,20,24.4375,28.6875,0,0.1875,0.3125,0.625,0.875,3.326316357,-6.501617432,337.5,476.1875
1,355,907,697,1267,1057,0.170114166,2.080217366,3.413940748,7.039927557,6.166532636,0.001113551,0.00076755,0.001387576,0.003662153,0.002723747,1907.932251,258.8871443,249.3750153,208.1250153,997,832,259.375,178.1250153,1037,712,15.25246048,237.818189,13.5280631,267.2549238,19.86873434,218.2685954,12.73732071,228.9140812,23.81236469,252.9120055,31.59181535,261.7014071,96.86683403,175.1517972,307.8201886,948.4083556,-5.744540181,738.9143638,-10.72276848,948.4083556,-5.744540181,117.5261089,888.3788009,874.4090951,13.96970576,242.8515294,0,0,0,1.4375,3.9375,14.25,18.9375,25.875,28.5625,31.5,0.125,0.6875,1.5625,1.9375,1.8125,3.15789485,-8.261932373,360.5,376.375
1,360,930,699,1290,1059,0.146149658,1.987232046,3.512485907,8.439311874,8.678650259,0.000819946,0.001532584,0.002433322,0.003807169,0.003589903,2594.716064,266.6503904,255.1250153,208.6250153,1020,834,265.125,178.6250153,1060,714,15.47629738,238.8678388,13.72533083,267.8450859,20.07851772,219.5280326,11.70658591,228.4528386,23.54061481,252.9225786,31.37599087,262.7730911,94.40519554,160.6120472,303.8568815,916.9555706,-5.684014842,746.4489515,-10.03916532,916.9555706,-5.684014842,112.4194552,885.8626772,874.3563545,11.50632276,244.7435156,0,0,0.125,1.125,2.6875,11.4375,15.6875,24,28.1875,29.5625,0,1.375,2.4375,2.6875,3.5625,5.147368431,-6.468475342,339,359.1875
1,365,950,700,1310,1060,0.184795486,1.8875127,3.274582467,7.596511778,8.827415943,0.001427936,0.001161855,0.001566059,0.003780079,0.004202876,1914.109131,260.1274655,260.125,208.8750153,1040,835,270.125,178.8750153,1080,715,15.39948654,238.1255339,13.4929837,267.2705098,20.11784724,219.0603452,12.80697908,223.4603528,23.62593441,251.1827655,31.14362841,262.2278918,101.050469,190.419307,327.9692998,907.0242203,-2.543711271,774.9201972,-9.459815863,907.0242203,-2.543711271,110.2650484,886.6926213,877.365061,9.327560369,243.6463267,0,0,0.375,1.625,4.0625,14.25,22.5,29.375,29.5625,30.5625,0,2.3125,3.75,4.375,4.6875,7.447368145,-5.95916748,292.6875,361.375
1,370,966,706,1326,1066,0.338828369,1.369211972,2.575823525,7.246661038,8.608850275,0.000985558,0.00080878,0.0009065,0.003608723,0.003370061,1998.621094,251.8314631,264.125,210.3750153,1056,841,274.125,180.3750153,1096,721,15.69402027,238.4341492,13.46257322,266.952083,20.58794903,220.2424839,12.09323113,230.21138,22.454734,253.5811182,29.60764616,265.6857707,90.27861842,162.3454204,291.8848838,864.3387218,-4.090958213,616.5847028,-17.54902364,864.3387218,-4.090958213,115.0817347,883.5361925,872.1430911,11.39310139,247.17728,0,0,0.375,2,5.0625,26.5,34.8125,37.6875,37.875,38.25,0.0625,2.1875,4.4375,5.625,7.75,6.200000286,-4.281616211,236.9375,407.5
1,375,981,695,1341,1055,0.343715118,2.165561216,3.398368337,7.292954646,7.372587397,0.001883201,0.001382058,0.001882999,0.004024042,0.00335073,2999.133057,265.3506827,267.875,207.6250153,1071,830,277.875,177.6250153,1111,710,16.50329018,239.4700156,13.95199928,266.346031,21.50718236,222.4168821,11.85962077,230.6064245,22.20641867,256.0190039,29.57076951,266.5010084,81.4558346,159.8951526,282.1869018,894.0897264,-2.501717606,653.0016601,-19.26904765,894.0897264,-2.501717606,115.5383833,886.6979954,876.3491235,10.3488719,243.9903211,0,0.3125,0.75,1.1875,2.5,21.5625,25.3125,34.125,40.125,40.75,0.9375,2.3125,3.75,5.6875,9,6.726315975,-5.024261475,189.0625,349.0625
1,380,992,708,1352,1068,0.249698532,0.796826017,1.848267129,6.46198641,7.330666857,0.001065695,0.001350219,0.001571439,0.002921588,0.001438704,1058.734985,196.8973778,270.625,210.8750153,1082,843,280.625,180.8750153,1122,723,16.60288429,239.8033699,14.0150379,266.4842364,21.61921042,222.8803992,12.02272505,232.3189852,23.02156932,256.527976,30.23252036,267.7001437,87.98811128,158.7052874,285.1508352,862.5164629,-4.223062085,665.9164978,-13.8583905,863.8758074,-4.206192555,98.00014983,883.7988825,867.8272654,15.9716172,248.8588663,0,0,0.8125,2.5625,4.6875,30.5,30.6875,37.75,44.4375,47.75,0.375,2.625,3.8125,7.0625,10.875,7.305263519,-5.117614746,193.1875,423.25
1,385,1011,700,1371,1060,0.29332019,1.352656977,2.588146187,7.389455706,6.604653232,0.000527252,0.001422329,0.001288104,0.004337233,0.002896569,2059.690918,225.5586671,275.375,208.8750153,1101,835,285.375,178.8750153,1141,715,16.06410027,240.3218085,13.78400052,268.104397,20.94306368,222.4563694,12.4282981,232.0152603,22.93136333,255.4512786,30.16923056,265.1952538,94.95377326,163.1497255,284.1002732,970.8844966,-5.465155388,671.3006339,-15.06754101,970.8844966,-5.465155388,110.3174004,888.3761401,864.433088,23.94305205,242.5010984,0,0,0,0.5625,3.1875,35.0625,35.625,39.4375,44,43.6875,0.6875,3.4375,5.1875,7.8125,11.9375,7.447368145,-5.337341309,205.375,393.8125
0,390,1028,707,1388,1067,0.250919266,0.826083793,1.831746458,6.144276936,5.89572719,0.000366403,0.001367422,0.001371843,0.003308102,0.002219776,2136.549316,191.5674393,279.625,210.6250153,1118,842,289.625,180.6250153,1158,722,15.8032608,240.7792946,13.94832803,269.0628316,20.42726702,221.8690009,12.06951243,226.8608307,22.81065555,252.1462798,30.23365011,262.6036683,83.07530985,161.5626169,290.8513393,963.9157048,-4.12914897,741.0172366,-13.20047366,964.6811637,-4.154875286,114.5874707,887.6293252,869.9075931,17.72173212,246.5276112,0,0,0.125,0.625,2.96875,32.40625,34.34375,39,42.5,43.5,0.375,2.375,4.34375,6.84375,9.59375,6.215789557,-5.314102173,209.53125,414.625
1,395,1045,714,1405,1074,0.208518341,0.299510609,1.075346729,4.899098166,5.186801147,0.000205555,0.001312515,0.001455583,0.002278971,0.001542984,2213.407715,157.5762116,283.875,212.3750153,1135,849,293.875,182.3750153,1175,729,15.54242134,241.2367807,14.11265553,270.0212663,19.91147035,221.2816324,11.71072676,221.7064012,22.68994776,248.8412811,30.29806965,260.0120828,71.19684645,159.9755082,297.6024054,956.946913,-2.793142553,810.7338393,-11.33340631,958.4778308,-2.844595184,118.8575409,886.8825104,875.3820982,11.50041219,250.554124,0,0,0.25,0.6875,2.75,29.75,33.0625,38.5625,41,43.3125,0.0625,1.3125,3.5,5.875,7.25,4.984210968,-5.290863037,213.6875,435.4375
0,400,1038,721,1398,1081,0.316249237,-0.491896442,-0.142778226,2.702314947,3.191353232,0.000658076,0.000489878,0.001163821,0.000521765,5.75E-05,1667.753906,77.04636689,282.125,214.1250153,1128,856,292.125,184.1250153,1168,736,15.19846821,241.4898119,14.20685224,270.7953706,19.30420183,220.3760307,11.55634367,223.8347018,22.21490513,252.6790278,29.06140855,262.1537569,85.81073926,161.7841157,297.9589234,990.0458691,-5.006628243,725.6404361,-16.55808869,990.0458691,-5.006628243,136.6951659,888.8694304,869.5980854,19.271345,247.9066491,0,0,0.375,1,1.9375,41.4375,37.0625,44.5,46.6875,43.8125,0.625,2.0625,3.375,5.1875,7.5625,4.147368431,-4.801483154,256.5625,398.0625
0,405,1050,727,1410,1087,0.283020172,-0.74049387,-0.573580966,1.081953667,1.979092289,3.89E-05,0.000583799,0.001016813,0.000230131,0.000239333,1187.222046,34.22160364,285.125,215.6250153,1140,862,295.125,185.6250153,1180,742,15.50295162,242.5523024,14.41503314,271.2941195,19.63134845,221.8757673,10.60138729,221.6960603,23.00267148,250.789251,29.76968748,260.1091944,68.43669207,148.9470465,307.2025874,985.7336945,-2.500066883,807.0631786,-11.91850614,985.7336945,-2.500066883,134.8850303,887.487016,873.6339976,13.8530184,247.5628033,0,0,0,0,0.4375,45.75,41.1875,43.3125,42.625,43.8125,0.4375,0.875,1.8125,3.5,5.8125,3.826316357,-4.057006836,228.6875,393.625
0,410,1082,696,1442,1056,0.237559616,1.539882131,2.575786941,4.165586124,1.382752465,0.001573796,0.00191289,0.001652873,0.002649003,0.000353731,1779.760376,114.8800702,293.125,207.8750153,1172,831,303.125,177.8750153,1212,711,15.58824825,243.1133342,14.56801876,271.6583243,19.65349253,222.3687724,10.34810498,210.850198,21.06964619,249.1769576,28.40102239,258.80094,80.5110449,151.3297867,290.0072587,982.2876755,-4.17889523,810.6142517,-8.795511515,982.2876755,-4.17889523,119.6885839,886.1250707,867.310274,18.81479664,248.6233607,0,0,0,0,0,42.75,35.9375,34.4375,36.3125,37.125,0,0.5,0.8125,1.6875,2.6875,3.463157892,-3.746246338,171.8125,375.5
0,415,1103,712,1463,1072,0.267054169,0.385006774,1.092055107,3.537747659,2.650540133,0.00054705,0.001471021,0.001278951,0.001691481,0.001386575,1018.067749,78.69292594,298.375,211.8750153,1193,847,308.375,181.8750153,1233,727,15.37749958,242.0874124,14.3581511,271.045863,19.47507396,221.1736618,8.490489674,216.8891097,21.71179524,248.3451361,29.22649184,258.7169287,62.69475587,107.0770049,272.5852746,990.9098172,-2.725608179,863.3982824,-14.99988368,990.9098172,-2.725608179,126.4467207,887.4846265,877.7697489,9.714877568,247.0373653,0,0,0,0.1875,0.5625,27.375,29.5,32.4375,32.75,35.375,0.1875,0.5,1.5,3.0625,5.4375,4.447368622,-3.857452393,184.125,459.25
0,420,1109,705,1469,1065,0.187105774,0.291608391,1.025670046,2.350461891,1.178699411,0.000849827,0.001412848,0.001336113,0.001192762,0.000389706,930.6881104,53.53257699,299.875,210.1250153,1199,840,309.875,180.1250153,1239,720,15.55149174,241.9447161,14.5110683,270.5703395,19.63737953,221.2113157,11.17269385,212.5853392,21.32067592,247.5254725,28.38849143,258.3177587,64.92416073,141.3030333,278.8259854,966.772924,-2.207581939,837.6461784,-12.28857197,966.772924,-2.207581939,117.1956425,885.8375285,868.4979932,17.33953526,248.7195426,0,0,0,0,0.1875,25.0625,24.125,29.5625,34.4375,37.875,0,0.4375,1.5625,2.9375,4.0625,1.410526037,-3.822509766,184,392.3125
0,425,1132,708,1492,1068,0.127855797,0.729640032,1.537975976,3.812226635,2.085708125,0.001222931,0.000169132,0.000576567,0.001778078,0.000989306,623.9484253,75.01696602,305.625,210.8750153,1222,843,315.625,180.8750153,1262,723,15.19398308,242.492388,14.35033521,271.7253453,19.19067809,221.0734002,11.47334798,209.5923913,20.1542884,246.3958684,27.39473379,258.0907506,70.85007243,141.2507063,266.1266022,981.1997662,-9.383365625,797.5035578,-15.34756889,981.1997662,-9.383365625,108.7739307,887.3761938,857.6074402,29.76875365,246.0332167,0,0,0,0,0.125,23.75,21.25,27.3125,26.75,25.5,0,0.1875,0.1875,0.5,0.5625,4.34736824,-4.359924316,147.125,424.375
0,430,1149,707,1509,1067,0.19081781,0.826779302,1.575311535,3.543977508,1.93573273,8.63E-05,0.000636905,0.000832639,0.002727103,0.001204568,683.4933472,69.83761398,309.875,210.6250153,1239,842,319.875,180.6250153,1279,722,14.85507011,242.2310786,14.01941612,272.1618795,18.9024382,220.5117479,7.10701734,184.0924538,18.04784344,247.0525365,25.59338125,259.4145232,43.7391904,88.83437228,259.5846092,969.8760205,-1.712747987,915.9690289,-13.47531227,969.8760205,-1.712747987,105.8480884,885.1331554,865.6817118,19.45144365,247.3295863,0,0,0,0,0,18.8125,14.5625,18,23.4375,26.125,0,0.1875,0.5,1,1.9375,2.689473391,-4.396362305,114.9375,385.9375
0,435,1165,715,1525,1075,0.202491959,0.876958326,1.666379976,4.829569421,2.88739494,0.000440893,0.000530898,0.000241054,0.00264982,0.000909433,972.4710083,99.21662325,313.875,212.6250153,1255,850,323.8750305,182.6250153,1295,730,14.91056347,243.4957428,13.93681508,273.3909154,19.05032728,222.1109411,12.32267406,220.2246053,18.8505337,254.094844,26.39319558,263.4748384,64.02841286,194.3240955,288.1015812,964.5098452,-2.054996912,832.6124677,-14.08692119,966.4551107,-2.099918064,92.09743892,885.4571817,874.0674332,11.38974851,244.8008457,0,0,0,0,0,13.3125,13.6875,14.9375,17.875,20.375,0.125,0.4375,0.6875,1,1.0625,4.447368622,-4.216796875,82.1875,337.25
0,440,1185,725,1545,1085,0.165539963,0.863798341,1.580499905,5.701633181,5.37682571,0.000663139,0.000692256,0.000486163,0.002618132,0.0015394,1059.351807,112.3359464,318.875,215.1250153,1275,860,328.8750305,185.1250153,1315,740,15.07515812,244.5098073,14.17977819,274.0158361,19.12994193,223.0979632,5.232136252,224.561229,17.50869013,251.6722169,25.51735282,262.940581,52.7347244,66.42487119,230.4116601,997.3622292,-11.85340059,780.5545526,-21.1164948,997.3622292,-11.85340059,75.10244836,887.1053895,844.5861697,42.51921988,242.3157,0,0,0,0,0,13.9375,14.375,17.5625,18.125,18.375,0.0625,0.5,1.1875,1.125,0.75,2.836842537,-4.623077393,62.8125,312.9375
0,445,1203,713,1563,1073,0.13607872,1.330607574,2.333379873,5.37074119,3.9895175,3.07E-05,0.001749974,0.002099527,0.003119334,0.002272265,960.4859619,113.8224577,323.3750305,212.1250153,1293,848,333.3750305,182.1250153,1333,728,15.0680542,243.6996513,13.87408422,273.3713792,19.34172369,222.9005717,9.635819109,222.7455598,17.51392002,253.3502305,24.81614566,262.9568505,55.09875181,120.2423207,216.5564221,993.0787516,-8.922932381,788.6925859,-21.05025129,993.0787516,-8.922932381,78.62058258,886.2580441,845.2503161,41.007728,243.6988845,0,0,0,0,0,9.0625,9.625,15,19.625,21.25,0,0,0.125,0.6875,1.1875,4.447368622,-3.105560303,76.5625,268.75
0,450,1216,726,1576,1086,0.197557068,0.957939728,1.870977444,5.254729914,5.307034574,0.000822671,0.001714626,0.002112135,0.002693526,0.001748435,931.428833,114.7194346,326.6250305,215.3750153,1306,861,336.6250305,185.3750153,1346,741,15.44590569,243.9400329,14.18481764,272.8640615,19.70895654,223.5695204,10.11689871,224.8062006,17.42231516,253.7390321,24.34973745,263.3848712,68.02389773,136.818075,223.216646,971.3326991,-9.69246029,734.2049458,-24.3806419,971.3326991,-9.69246029,75.2408021,885.1711523,836.9627192,48.20843311,246.4171941,0,0,0,0,1.75,9.9375,10.125,16.8125,20.75,26.8125,0.125,0.875,1.8125,4,6.125,2.889473677,-3.065368652,104.75,317.0625
0,455,1232,718,1592,1078,0.138516159,1.373962698,2.345076208,4.845586957,3.47488031,0.000534043,0.00180508,0.002210552,0.002847656,0.00170994,1862.904175,125.5541156,330.6250305,213.3750153,1322,853,340.6250305,183.3750153,1362,733,15.79899883,244.0274184,14.32990578,272.3200352,20.15863434,224.3375782,9.244186887,222.1357059,16.7960232,252.5796212,23.74217908,262.1367634,63.25707955,122.5288488,214.2997685,1010.820653,-16.93044486,752.0413506,-30.29666427,1010.820653,-16.93044486,73.73414422,887.3639047,826.4161008,60.94780391,242.6798147,0,0,0,0.625,1.9375,14.6875,14.25,18.25,21.5625,24.25,0,0.9375,2.6875,3.75,5.9375,3.900000095,-3.700134277,111.1875,324.5
0,460,1251,727,1611,1087,0.025103029,0.659922621,1.468113016,4.574719512,4.217606121,0.000439019,0.001764361,0.002193223,0.002825006,0.001465023,1416.616821,137.3232656,335.3750305,215.6250153,1341,862,345.3750305,185.6250153,1381,742,15.60164642,243.0625722,14.03374644,271.7609594,20.05932905,223.4320709,8.184812252,213.858022,17.32320256,253.6557858,24.18580227,262.8127882,40.11314556,109.7742767,229.804972,986.8841072,-10.12561998,841.9406208,-19.33695885,986.8841072,-10.12561998,66.55528164,887.6402362,847.0898752,40.55036105,244.5270316,0,0,0.0625,1.3125,3.125,17.625,19.5,24.0625,23.8125,24.8125,0,0.625,2.1875,4.625,6.4375,5.457895279,-2.978637695,95,339.4375
0,465,1267,721,1627,1081,0.009722593,1.375155149,2.297781372,4.69438715,4.461088842,0.001216436,0.002208063,0.002468331,0.002275357,0.001088534,1147.961426,132.0511143,339.3750305,214.1250153,1357,856,349.3750305,184.1250153,1397,736,14.92625237,242.7757589,13.65963646,272.7797786,19.27434408,222.0196647,7.903579414,210.9356027,17.19094663,250.337393,24.05444801,262.4274016,53.36805005,108.2928932,219.4251168,979.7025051,-11.8590352,816.4420111,-21.50213522,979.7025051,-11.8590352,66.10540525,889.0408666,844.4488895,44.59197716,242.0750878,0,0,0.25,0.8125,2.0625,19.875,19.8125,24.0625,25.25,29.125,0.25,1.0625,2.0625,3.6875,5.5625,4.294736862,-3.180755615,63,349.0625
0,470,1276,725,1636,1085,0.017312075,1.234702161,1.970947556,4.724845243,4.577478441,0.0007054,0.002072057,0.001847364,0.00171714,0.000683231,1372.080444,134.2815307,341.6250305,215.1250153,1366,860,351.6250305,185.1250153,1406,740,14.80342674,243.0885406,13.65067699,273.3075201,19.09036151,221.9949798,9.473436201,212.0346894,17.3914681,250.4463755,24.35601485,261.1484214,56.3207248,125.6634416,235.198268,1024.495617,-12.70423816,837.8425268,-20.64563247,1024.495617,-12.70423816,84.8481637,888.6393252,851.8444681,36.79485708,242.1879598,0,0,0,1.25,2.75,20.3125,22.875,30.8125,33.0625,31.375,0,0.375,2.5625,4.9375,7.5,3.626315832,-3.513397217,58.875,332.25
0,475,1295,717,1655,1077,0,1.446904669,2.456672938,4.58485685,2.736663048,0.000709929,0.001174575,0.00122005,0.003335091,0.00133361,1157.057251,120.0175416,346.3750305,213.1250153,1385,852,356.3750305,183.1250153,1425,732,14.77578068,243.5369425,13.82766582,273.7062142,18.91938274,221.9874463,8.880242284,215.2823624,17.87042219,247.9933814,24.3506785,260.6192729,49.53259844,115.4445822,232.9221706,1057.651923,-10.92172577,883.0751832,-17.90655577,1057.651923,-10.92172577,84.56253198,889.5771936,855.158773,34.4184206,241.4897205,0,0,0.125,0.3125,0.8125,15.5,19.0625,29.3125,34.0625,35,0.3125,0.5625,1.4375,2.625,5.0625,4.294736862,-3.669036865,56.1875,311.5
0,480,1309,729,1669,1089,7.24E-05,0.698762853,1.621361252,4.798744481,4.173708566,0.00063948,0.001051384,0.001213639,0.002073873,0.002275776,1251.998901,123.5478155,349.8750305,216.1250153,1399,864,359.8750305,186.1250153,1439,744,14.62135983,242.9996798,13.76210292,273.4507121,18.72626114,221.1326922,9.329361975,210.5602291,18.27664633,246.6169343,25.04208611,259.9397374,51.90324462,123.936789,253.372962,981.2042104,-5.210767175,867.288738,-11.48006065,981.2042104,-5.210767175,90.9629079,889.5575779,870.6922259,18.86535201,244.0327438,0,0,0,0,0.3125,21.5625,19.6875,22.625,32.1875,37.4375,0,0.1875,0.3125,0.4375,1.9375,2.368421078,-2.667144775,64.9375,320.5625
