NC_TRN: UH_Thresh: 150.0, u_rad: 5.0, track_on: 100.0 min
Mode, Time, x1, y1, x2, y2, zs_surface, w500m, w1km, w3km, w5km,zvort_suf, zvort500m, zvort1km, zvort3km, zvort5km,UH_Max, UH_Area, UH_X, UH_Y, UHi, UHj,SX, SY, SXi, SYj, meanWnd, meanWnd_dir, rm, rm_dir, lm, lm_dir,shear1km, shear1km_dir, shear3km, shear3km_dir, shear6km, shear6km_dir,srh500m, srh1km, srh3km, sbcape, sbcin, mlcape, mlcin, mucape, mucin,3CAPE, LCL, LFC, LFC-LCL, EL,wA500m, wA1km, wA3km, wA5km, wA8km,zA500m, zA1km, zA3km, zA5km, zA8km,wzA500m, wzA1km, wzA3km, wzA5km, wzA8km, meso_depth, CP_Min, CP_area
bool, min, idx, idx, idx, idx, km,ms^-1, ms^-1, ms^-1, ms^-1,s^-1, s^-1, s^-1, s^-1, s^-1,m^2s^-2, m^2s^-2, km, km, idx, idx,km, km, idx, idx, ms^-1, deg, ms^-1, deg, ms^-1, deg,ms^-1, deg, ms^-1, deg, ms^-1, deg,m^2s^-2, m^2s^-2, m^2s^-2, Jkg^-1, Jkg^-1, Jkg^-1, Jkg^-1, Jkg^-1, Jkg^-1,Jkg^-1, hPa, hPa, hPa, hPa,km^2, km^2, km^2, km^2, km^2,km^2, km^2, km^2, km^2, km^2,km^2, km^2, km^2, km^2, km^2, km, K, km^2
0, 5.0, 165, 490, 525, 850, 0.023790170669555664,1.8883362386375666, 3.229028014317155, 4.138043594807386, 2.359786290973425,-1.755990622271497e-05, -0.00011052062071030381, -9.097525472100188e-05, 0.00015273482896503766, 3.796340847827651e-05,3.833853006362915, 1.8281837504450231, 63.875003814697266, 156.375, 255, 625,73.875, 126.37500762939453, 295, 505, 14.373064994812012, 239.72520517325316, 12.733466570337248, 271.1119065478928, 19.066431638989137, 219.37100313872574,8.531208277940705, 224.08109401144583, 31.14957673690086, 271.32311191630185, 36.05123126148724, 271.5287825725893,123.3195632191966, 196.62460593604072, 469.67379627863505, 1339.5777531734655, -5.882839942032109, 988.6447489395636, -13.372895991969367, 1339.5777531734655, -5.882839942032109,121.62153284644188, 899.8620606465317, 878.7981003825375, 21.063960263994204, 229.23945339437654,0.0, 0.0, 0.0, 0.0, 0.0,0.0, 0.0, 0.0, 0.0, 0.8125,0.0, 0.0, 0.0, 0.0, 0.0, 0.0,-0.06006702780723572, 0.0
0, 10.0, 188, 552, 548, 912, 0.02477856254577637,2.9454297266900538, 4.113609501719475, 7.366220771889202, 3.092245728094131,0.00045626245070792495, 0.0004251419629781594, 0.00025205938115732354, 5.433636695329369e-05, -3.157794797473911e-05,12.83938980102539, 6.382868163036632, 69.625, 171.87501525878906, 278, 687,79.625, 141.875, 318, 567, 14.151352882385254, 226.86212847542157, 9.301031489058149, 255.73559501602847, 20.652176956279124, 214.30157686564945,34.90435111812151, 267.7724480941834, 47.02226860184135, 275.29862352270777, 48.39889781760138, 274.4156576479436,139.58793307296145, 391.63093291717524, 591.9460528214472, 0, 0, 0, 0, 8.728891852409415, -184.28825771473385,0, 749.041302863452, nan, nan, nan,0.0, 0.0, 0.0, 4.1875, 18.25,0.1875, 1.3125, 11.3125, 16.125, 15.8125,0.0, 0.0, 0.5, 3.125, 7.5625, 0.0,-0.772167444229126, 0.0
0, 15.0, 189, 574, 549, 934, 0.024822906494140626,3.1810488135620862, 4.276707912925632, 7.621594887450337, 3.3231513325986453,0.00035179651851251497, 0.0015732907261963192, 0.0014316224731919646, 6.591851824396145e-05, 0.0001922039064065473,34.358638763427734, 11.30128130335361, 69.875, 177.37501525878906, 279, 709,79.875, 147.375, 319, 589, 14.46385383605957, 231.73634271243944, 10.57582643533245, 261.7909108345483, 20.470907287873334, 216.74105946055124,33.10782067397154, 261.38425412574054, 56.43812607999235, 275.1627847204945, 46.86428953563418, 271.4861212110334,259.1970786217738, 518.2041853932028, 956.1416390359475, 0, 0, 2.4297238573556212, 0, 163.38408143912747, -0.2064512499685857,0, 706.737458906273, nan, nan, nan,0.0, 0.0, 0.9375, 9.3125, 23.375,7.1875, 19.4375, 29.6875, 37.4375, 35.6875,0.0625, 2.1875, 4.75, 8.0, 10.5, 0.0,-0.1402236670255661, 0.0
0, 20.0, 259, 468, 619, 828, 0.0282453727722168,0.14259587677428498, 0.19833237151033245, 1.4935397213511168, 2.8718334888457315,-0.00035974476724248927, -0.0007487992604296774, -0.0007952542080465718, -0.0006277754222331567, -0.00031311920501650545,195.22569274902344, 14.12151264203065, 87.37500762939453, 150.875, 349, 603,97.37500762939453, 120.87500762939453, 389, 483, 18.44891929626465, 223.5824492208999, 12.33720500909365, 240.14924384913317, 25.318345907399284, 215.59590634024985,8.391714273794387, 225.5817138928543, 17.832049564737833, 260.19506354972793, 24.099322016182004, 263.84006230219694,44.496229650501306, 65.29921139323756, 100.22538618516828, 1165.3866253904578, -9.183525279035505, 803.554992811028, -21.976856589110348, 1165.3866253904578, -9.183525279035505,65.14545027898474, 899.4032398094288, 866.544072181243, 32.85916762818579, 230.85243949741752,0.0, 0.0, 0.0, 0.0, 0.3125,1.1875, 2.0, 10.4375, 22.0, 25.3125,0.0, 0.0, 0.25, 1.8125, 4.75, 0.0,-0.30368998646736145, 0.0
0, 25.0, 193, 525, 553, 885, 0.025001476287841797,1.1209755364025478, 1.5332493685139343, 0.5548643536458256, -1.2826905314601027,0.0004423918232663482, 0.0018263264107008582, 0.0015808588182699168, 1.935941754823034e-05, 2.954861452622026e-06,438.0310974121094, 16.713821344971286, 70.875, 165.12501525878906, 283, 660,80.87500762939453, 135.125, 323, 540, 14.191753387451172, 237.92355153436554, 11.92998940547111, 269.82161735464103, 19.312873902832205, 218.87249968039242,18.370120924910825, 252.98783427715213, 32.83483459835653, 296.8019168413622, 23.64281375162367, 282.8362836869504,344.26022877118487, 497.83861542037005, 959.5738045660536, 27.410314546464377, -235.30188812787483, 31.345574004176346, -285.69943308247895, 223.13898885674902, -71.12980312622628,0, 799.9293315410532, 426.8363744281376, 373.0929571129156, 314.08071167643527,0.0, 0.25, 2.125, 20.0, 42.0625,18.8125, 35.3125, 53.4375, 71.0625, 82.1875,2.3125, 10.4375, 18.8125, 26.375, 33.5, 1.605263352394104,-1.20123291015625, 13.625
0, 30.0, 172, 597, 532, 957, 0.02408470344543457,2.9934701383835636, 3.9488101386989, 3.520049842344597, 2.478928614711622,0.0003427212557016901, 0.0003211450698063345, -0.00030972745812960054, 0.0001368657216158908, 3.54737023272377e-06,1276.0213623046875, 59.82526040295859, 65.625, 183.12501525878906, 262, 732,75.625, 153.125, 302, 612, 17.73063087463379, 229.9266977522229, 13.016971131844475, 252.06531630812168, 23.91252730718689, 218.08896512036918,32.322890042653455, 271.56104838622844, 29.242614966079618, 281.57008955823517, 37.42400277482053, 283.3598723283453,389.4845606744276, 494.2854028674234, 550.2094534620987, 284.33523143952743, -131.59902244141324, 226.1666745435969, -89.67432761843398, 284.33523143952743, -131.59902244141324,28.038492953121605, 880.2707107428618, 762.7490779826426, 117.52163276021918, 317.5281971105886,0.0, 0.375, 5.5, 15.5, 29.8125,27.75, 61.6875, 91.5625, 103.125, 118.375,2.4375, 10.6875, 21.8125, 30.9375, 41.1875, 3.8684210777282715,-1.78741455078125, 78.3125
0, 35.0, 201, 605, 561, 965, 0.025364381790161133,0.11448135369108059, 0.3327151619829237, -0.05212409729603678, 0.1152956134127453,-0.0010611056943264432, -0.00016273289536911762, 8.928389361244626e-06, -0.00027842446612794445, -0.0005797557277844589,1318.561279296875, 55.23722402839181, 72.875, 185.12501525878906, 291, 740,82.87500762939453, 155.125, 331, 620, 16.8663330078125, 232.4768991430089, 11.14477912212381, 252.8486424596342, 23.60593719839887, 223.01749324949895,12.890376454957474, 232.2264224457662, 11.862158914474703, 282.2882566287053, 24.259624197187748, 278.8853197804216,171.63932794103206, 235.93291641669745, 344.0238397909431, 606.4902285690858, -17.372626455708986, 256.8405308815325, -45.823134803256146, 606.4902285690858, -17.372626455708986,55.90349896959539, 897.1143128845764, 828.9090706867061, 68.20524219787035, 266.12000680327907,0.0, 0.0, 1.6875, 7.25, 16.3125,46.0625, 65.125, 88.125, 109.25, 127.0625,0.625, 8.0, 15.1875, 22.6875, 32.0, 5.436842441558838,-2.40582275390625, 379.0625
0, 40.0, 200, 721, 560, 1081, 0.025318592071533204,0.7150155067723244, 0.6391048109997064, -0.736627639119979, -2.693592164071742,0.0002893528859522121, -0.0009590729220781214, -0.0006960315065407485, 6.588319211914495e-05, -0.0004100974578034311,1021.8286743164062, 19.790242445130716, 72.625, 214.12501525878906, 290, 856,82.62500762939453, 184.12501525878906, 330, 736, 16.582685470581055, 230.41134065497033, 9.796926207874922, 244.808198219993, 23.801073738403037, 224.53723408104383,14.141139102862569, 238.444312477444, 32.90016110022637, 262.5598116441697, 32.25882579902064, 264.8169022969138,140.06260481997757, 176.49628037230758, 452.37306693710883, 440.30206014007507, -54.36141450097408, 79.20490631035376, -51.74358051144117, 440.30206014007507, -54.36141450097408,15.829290594179607, 929.829299245048, 476.51174771728665, 453.31755152776134, 252.51201763181507,0.0, 0.0, 0.0, 0.3125, 1.0,30.3125, 43.3125, 57.3125, 71.875, 76.6875,0.0, 0.8125, 2.0, 3.125, 4.375, 3.763157844543457,-2.446596622467041, 189.5625
0, 45.0, 223, 655, 583, 1015, 0.02640359306335449,0.4879641885848832, 0.7453641605726443, 2.1397939347918142, 2.8782323113607706,-0.00018695752322173576, -4.0356536765102646e-05, -0.0002972968562698952, -7.398860083412728e-05, -0.00043735324504268647,568.878173828125, 30.041406812180654, 78.375, 197.62501525878906, 313, 790,88.37500762939453, 167.62501525878906, 353, 670, 16.193588256835938, 232.24732282462642, 9.773370469920005, 249.9750803155148, 23.268989121440402, 224.89948385835007,17.58029589852171, 233.3859290196459, 17.968223091284383, 277.71260362068705, 20.59693817420471, 272.05211166679567,138.34843756844458, 345.44825630285453, 474.97899246930257, 496.84498886786247, -144.9944160010401, 420.9605381663065, -156.04555503545436, 501.91900557236414, -114.68385496000997,0, 895.502392197536, 669.8521294584394, 225.65026273909655, 277.4895472784265,0.0, 0.0, 0.1875, 0.375, 0.375,34.25, 43.0625, 61.8125, 79.0625, 86.875,0.0, 1.125, 2.5, 4.5, 5.875, 3.526315689086914,-2.752044677734375, 520.6875
0, 50.0, 303, 454, 663, 814, 0.030766420364379883,0.5855723313431371, 0.9425439318665303, 1.644322913712822, 1.4097007495624712,-7.082916241913039e-05, 9.953709300759783e-05, 0.00033256946264828004, 0.0007488875150829699, 0.000904148894269099,498.7893371582031, 31.335422072852516, 98.37500762939453, 147.375, 393, 589,108.37500762939453, 117.37500762939453, 433, 469, 16.646276473999023, 225.23961703808504, 10.267563884670508, 242.59462719095998, 23.691226942054463, 217.81181758048243,9.408848849861496, 231.71228678618266, 18.041134573047756, 264.10197273611027, 26.19464535372027, 269.6439199267669,56.54742624124499, 93.41715299608994, 164.20481284141522, 1088.8303205547297, -20.730126105945043, 692.3863736859879, -46.6003179945247, 1088.8303205547297, -20.730126105945043,52.212937047660965, 898.8513113171997, 808.4368866781858, 90.41442463901387, 232.63371262162875,0.0, 0.0, 0.0, 0.0, 0.0,0.0, 0.125, 1.5625, 3.625, 5.5625,0.0, 0.0, 0.0, 0.75, 1.0625, 2.989473342895508,-2.47454833984375, 215.8125
0, 55.0, 352, 651, 712, 1011, 0.0339857063293457,-0.34137129418115364, -0.4153551203187089, 0.9791647516260855, 0.7338678770023398,-9.10270723721851e-05, -0.0003367829625722152, 5.217256791638647e-06, -7.193293937689305e-05, 0.00011381640049307862,453.0086669921875, 13.812951506662348, 110.62500762939453, 196.62501525878906, 442, 786,120.62500762939453, 166.62501525878906, 482, 666, 15.664643287658691, 234.26680485652412, 11.565479393053325, 261.2508967705152, 21.66799010888197, 220.2510050088732,8.052865575438828, 215.6847151439925, 17.458879725820847, 234.70149175568207, 27.865503441935473, 254.06854778876658,64.49552486875675, 99.20168698506062, 169.12226030184578, 1070.9124323798494, -8.17701399601704, 705.9197067330007, -16.23880584137272, 1070.9124323798494, -8.17701399601704,129.67943597921987, 899.7636936810603, 872.5818986053894, 27.181795075670948, 215.79546445605257,0.0, 0.0, 0.0, 0.0, 0.0,0.5, 1.625, 3.3125, 5.9375, 7.75,0.0, 0.0, 0.0, 0.0, 0.0, 2.1315791606903076,-2.871826171875, 738.9375
0, 60.0, 334, 536, 694, 896, 0.032747661590576176,-0.028184294071106706, 0.10711479016506929, 1.7644310339505318, 0.5890849261754192,-0.000141820051231889, -0.0001303371795484054, -0.00027684621018806864, 1.6506374622622387e-05, 0.0002666525367635586,396.25531005859375, 21.078040364852168, 106.12500762939453, 167.87501525878906, 424, 671,116.12500762939453, 137.875, 464, 551, 13.909428596496582, 230.85127313941084, 11.812798052870589, 263.4775007667633, 18.97108871522947, 211.2350371389074,12.062398755558382, 247.03058426420202, 21.11365201478136, 281.799119461484, 29.079623433065887, 284.22498408861907,115.73476709651896, 218.69609727585384, 387.8473674696626, 920.7484296507448, -99.9193670059316, 454.67562894817775, -170.92468778063053, 920.7484296507448, -99.9193670059316,0.32406173832400936, 898.0525090685494, 706.8131854255716, 191.23932364297775, 231.5370664647589,0.0, 0.0, 0.0, 0.0, 0.0,1.25, 3.25, 7.375, 9.1875, 11.5625,0.0, 0.0, 0.0, 0.0, 0.0, 2.542105197906494,-2.85394287109375, 745.9375
0, 65.0, 256, 704, 616, 1064, 0.02808473014831543,-0.01642677023075521, 0.24387908256991067, 0.49359837983967736, 0.3716340626592864,-3.5463736235215035e-05, 0.0010007235058537844, 0.0003025376187179063, -0.0004293206143711359, -0.00016771496495984197,488.8406066894531, 8.691951325762815, 86.62500762939453, 209.87501525878906, 346, 839,96.62500762939453, 179.87501525878906, 386, 719, 17.702163696289062, 233.22955866878763, 11.907045484269961, 252.10365596429597, 24.44290213295685, 224.16288324692988,11.893040503437376, 195.7501386927716, 18.56933244099382, 256.9558463358494, 21.544317325662234, 268.4972131273918,57.46166837230531, 155.2027148566068, 349.1219620439895, 963.1804378194641, -18.653272752423078, 776.3655422398601, -11.801971653515642, 963.1804378194641, -18.653272752423078,73.93569486264519, 908.9494647711288, 870.0732427528557, 38.8762220182731, 237.5048927121943,0.0, 0.0, 0.0, 0.0, 0.0,15.9375, 15.4375, 21.625, 26.875, 29.0,0.0, 0.0, 0.0625, 0.0, 0.0625, 4.347368240356445,-2.805328369140625, 675.8125
0, 70.0, 364, 512, 724, 872, 0.034849838256835936,0.3268964754028275, 0.5180451240192633, 1.377131171707879, 0.5212749105476542,3.250794466509888e-05, 0.00035815759588388114, 0.0001010364037006184, 0.0003394207225187529, 0.0001584679467987371,550.2916259765625, 22.141719535567063, 113.62500762939453, 161.87501525878906, 454, 647,123.62500762939453, 131.875, 494, 527, 14.409360885620117, 236.09699502576404, 11.734422259545692, 267.35682122664724, 19.75000431594736, 218.13926868675821,10.568522460228117, 243.42343842011323, 22.143598330079428, 277.7015250538533, 26.623526968505786, 280.8661292812386,98.92425852093281, 178.93308680142277, 351.51318182486096, 1031.3253802576335, -42.400614243855905, 592.4834111338225, -84.65015646051747, 1031.3253802576335, -42.400614243855905,20.37040774468878, 898.1314285316204, 792.8425225703127, 105.2889059613077, 232.0569477482733,0.0, 0.0, 0.0, 0.0, 0.0,0.125, 0.5625, 1.0625, 2.625, 4.3125,0.0, 0.0, 0.0, 0.0, 0.0, 2.542105197906494,-2.670926332473755, 534.875
0, 75.0, 380, 566, 740, 926, 0.03605336380004883,-0.12049338825207088, 0.07150215245899744, 2.0180590113758807, 1.2787906313163693,-9.73539428883896e-06, 0.0001034759850097089, -0.0001854431203491913, 0.0013821529218921568, 0.0007780307353129956,702.7222290039062, 28.011206609184228, 117.62500762939453, 175.37501525878906, 470, 701,127.62500762939453, 145.375, 510, 581, 17.0153865814209, 236.60630857179356, 12.223398776955516, 259.68343145023323, 23.283799355871732, 224.7314937404891,10.749469643180722, 227.04993135684026, 24.441896940415518, 257.06299834354854, 28.356864493518778, 271.31555772707986,91.69497540682653, 159.4258129327626, 332.99009362426096, 1106.253511341256, -14.343107300009864, 741.3532736329446, -37.32836357344512, 1106.253511341256, -14.343107300009864,77.85086435171354, 898.7117811096523, 819.2941945091345, 79.41758660051778, 228.05687567773,0.0, 0.0, 0.0, 0.0, 0.0,0.125, 0.4375, 0.8125, 3.4375, 5.125,0.0, 0.0, 0.0, 0.0, 0.0, 1.6631577014923096,-2.753204345703125, 815.5
0, 80.0, 380, 537, 740, 897, 0.03605336380004883,0.2530497132288292, 0.46283786903484725, 1.5767156514019007, 0.4019603145576548,3.0810183797314036e-05, -3.471004439916214e-05, -7.174312858069243e-05, 0.0007394381555036488, 0.00013795400017329484,689.5286865234375, 28.83808349562437, 117.62500762939453, 168.12501525878906, 470, 672,127.62500762939453, 138.125, 510, 552, 17.03940200805664, 236.94876059639967, 12.955142825492677, 261.3914682399949, 22.92044208228712, 223.42318825594373,10.911098851694696, 241.8150518139803, 22.60723943902397, 277.3342248010467, 25.676581888954402, 277.2902247224134,95.92272302582224, 167.24916991187735, 332.6722511880378, 1076.2088152909853, -30.793042574262607, 647.7598082070426, -56.51381511759513, 1076.2088152909853, -30.793042574262607,55.16941198936609, 898.1653683494271, 816.526359716872, 81.63900863255515, 232.00971748856023,0.0, 0.0, 0.0, 0.0, 0.0,0.25, 0.1875, 0.75, 2.875, 3.25,0.0, 0.0, 0.0, 0.0, 0.0, 1.6631577014923096,-2.9228100776672363, 737.0625
0, 85.0, 274, 615, 634, 975, 0.02906931686401367,0.11976255015295464, 0.08942944019043353, -0.14200674757943488, 0.48869568166206584,-0.0003724735583614347, 0.0002738173056741289, -0.00037187484446803864, 0.00022917560525456793, -2.5085419108279438e-05,502.6775207519531, 8.399306016065001, 91.12500762939453, 187.62501525878906, 364, 750,101.12500762939453, 157.625, 404, 630, 17.036508560180664, 238.76169770779615, 12.806523374650737, 262.9649732148871, 22.99952688727193, 225.56580461935,11.800548974636365, 232.85634347215978, 16.592048028220134, 270.2890212759619, 24.060128907141333, 266.228360888897,91.71256119172709, 177.87864699710144, 271.5446243063082, 906.4008023860105, -34.04124603133843, 721.3797243315773, -56.72664175281657, 947.5979495509015, -23.909968583601717,23.441084371572597, 915.2917963563877, 769.0832049719324, 146.2085913844553, 244.07206068104938,0.0, 0.0, 0.0, 0.0, 0.0,8.6875, 11.0, 11.875, 13.25, 13.25,0.0, 0.0, 0.0, 0.0, 0.0, 1.5789473056793213,-3.0078125, 526.0625
0, 90.0, 414, 507, 774, 867, 0.038823089599609374,0.8180194452972499, 1.3695799158391309, 2.36360070126364, 1.6016699022450487,-5.369514416884158e-06, 0.0003578185311721427, 0.0004971191066624669, 0.0009067465376756445, 0.00027690247719803547,1166.330322265625, 57.1383903820095, 126.12500762939453, 160.625, 504, 642,136.125, 130.625, 544, 522, 14.49672794342041, 238.06478618602304, 11.694863182386433, 269.054493095187, 19.900764923024575, 220.452385549429,9.723614761068209, 239.113862261402, 19.629132739581326, 273.69340612434974, 24.918144760172822, 274.421299384198,80.49136445136745, 143.8882871677356, 278.42478745066563, 1102.7655261144969, -21.260822033669996, 715.7963452399592, -46.03837594437271, 1102.7655261144969, -21.260822033669996,51.46827359400898, 898.1710315252485, 809.3693849680891, 88.80164655715942, 232.57887025302833,0.0, 0.0, 0.0, 0.0, 0.0,0.9375, 1.5, 1.75, 2.3125, 3.4375,0.0, 0.0, 0.0, 0.0, 0.0, 2.3684210777282715,-2.5778400897979736, 451.5
0, 95.0, 421, 550, 781, 910, 0.03943212890625,0.25172002011546285, 0.5719687372690533, 1.640356817666616, 0.5146488876157673,-0.00012609456777909145, 0.0001071782927061804, -0.00015057475272215015, -8.255421010744613e-05, 0.0002854972683996948,756.740966796875, 36.36104410980804, 127.87500762939453, 171.37501525878906, 511, 685,137.875, 141.375, 551, 565, 16.204971313476562, 238.5167671241595, 12.421683051030676, 264.90131084688113, 21.986449728741132, 223.97598017176833,10.877715811156719, 238.99035878082984, 21.16080285399014, 273.37201840314395, 26.400611670644743, 273.6980096718503,90.69300840816764, 163.59428565584642, 304.9246508478749, 1103.2263870980205, -23.466779396217692, 720.6719796815905, -50.2661989884423, 1103.2263870980205, -23.466779396217692,63.47159753673761, 897.938114541526, 811.1648411938409, 86.77327334768518, 231.78794402934253,0.0, 0.0, 0.0, 0.0, 0.0,1.25, 1.6875, 3.25, 6.5, 7.1875,0.0, 0.0, 0.0, 0.0, 0.0, 2.8368425369262695,-2.571746826171875, 804.5625
0, 100.0, 435, 561, 795, 921, 0.04069313812255859,0.19003298282012113, 0.46752808454679323, 1.756820354673546, 0.9562943401536904,-6.085861906512946e-05, 0.00012031274649871194, -4.116602434805827e-05, 0.00017199481760599156, 8.284289485345653e-05,674.3726806640625, 29.84396117656361, 131.375, 174.12501525878906, 525, 696,141.375, 144.125, 565, 576, 16.75800323486328, 238.38924749235534, 12.843174664547133, 263.5757232655561, 22.565775076876278, 224.37234842534838,11.018119494759011, 234.6975165855851, 21.664868063096716, 270.6294105834387, 27.092286037795944, 273.2203745431913,93.65936323923489, 166.95840807695038, 319.3474220191303, 1094.1129136392374, -15.396321747059304, 725.9486769781895, -38.516194367372734, 1094.1129136392374, -15.396321747059304,68.98360652997337, 898.575004186702, 820.8647787276145, 77.7102254590875, 230.43724786786558,0.0, 0.0, 0.0, 0.0, 0.0,0.6875, 3.9375, 6.875, 8.5, 10.375,0.0, 0.0, 0.3125, 0.4375, 0.3125, 3.484210729598999,-2.89300537109375, 854.8125
0, 105.0, 446, 519, 806, 879, 0.04172601318359375,0.8781419617886422, 1.662525992768933, 4.084454958816059, 3.096768615673064,-0.00011972656371540324, -5.9781542518067e-06, 0.00033744580787697486, 0.0013997023845138301, 0.0007839462535275743,884.7208862304688, 92.10485336970969, 134.125, 163.62501525878906, 536, 654,144.125, 133.625, 576, 534, 16.97711944580078, 238.01167463503702, 12.9433162906338, 262.63968682704467, 22.834530167779697, 224.34856400038683,9.74913583136883, 239.7628668363366, 19.343251563001186, 273.4485301822264, 25.380363342760674, 273.6166484584571,79.41215537958524, 135.78845569975078, 237.70896122726236, 1087.8718394557202, -17.82005711912124, 712.2685970035628, -40.69116677149351, 1087.8718394557202, -17.82005711912124,58.54404977265324, 897.9739736710305, 818.7698600392171, 79.20411363181347, 233.24619043340033,0.0, 0.0, 0.0, 0.0, 0.0,2.0, 4.125, 4.125, 5.3125, 7.0625,0.0, 0.0, 0.0, 0.0, 0.0, 2.1315791606903076,-3.24334716796875, 537.5
1, 110.0, 471, 515, 831, 875, 0.04422163772583008,1.9274664980842502, 3.2231518297595905, 6.727472681631335, 5.104823231424671,-0.0002235481923594307, 4.2897422345049564e-05, 0.0005706138702544195, 0.003793243216281184, 0.0025299110907769772,838.7711791992188, 171.6930699821535, 140.375, 162.62501525878906, 561, 650,150.375, 132.625, 601, 530, 16.28426170349121, 238.1076661136324, 12.41268512379515, 264.21965576307684, 22.108359451421393, 223.80119634740367,9.567467523801573, 237.48864606915413, 19.286818521152256, 271.5138790998203, 25.556488024357623, 272.67807118347065,77.25232741242108, 133.49694193406827, 246.70350375588265, 1063.904594347586, -14.335590664770164, 706.6273308002358, -35.32316272948386, 1063.904594347586, -14.335590664770164,59.291099489775725, 897.8549315294732, 830.5867064968854, 67.2682250325878, 233.96968374749224,0.0, 0.0, 0.0, 0.0, 0.0,2.9375, 3.9375, 6.25, 8.1875, 11.375,0.0, 0.125, 0.25, 0.5625, 1.1875, 4.347368240356445,-3.364227294921875, 437.5
1, 115.0, 482, 526, 842, 886, 0.04538962173461914,1.2907708860328422, 2.3506011007050986, 6.828769917407772, 7.591969897430389,-0.00023643864286896133, 0.0004990805913166696, 0.0007003768903609853, 0.003188773069587114, 0.0019560402326442273,1536.609375, 230.68662438674625, 143.125, 165.37501525878906, 572, 661,153.125, 135.375, 612, 541, 16.30559539794922, 237.5430963372175, 12.486006188923675, 263.6876067659397, 22.098517770470995, 223.12673798498108,9.762236866128399, 238.28690393783188, 19.641637031421432, 271.4500168310807, 26.072638135209782, 273.8602539853948,79.8990030818383, 138.5664426220078, 254.47671829509042, 1023.9805461620412, -14.467157972973434, 667.6421686873873, -35.728619327200704, 1023.9805461620412, -14.467157972973434,60.193777993851356, 897.7671348445007, 829.0974320563228, 68.66970278817791, 234.16374869385953,0.0, 0.0, 0.0, 0.0, 0.125,4.375, 5.0625, 6.9375, 9.625, 13.125,0.0, 0.125, 0.1875, 0.375, 1.625, 2.989473342895508,-3.15924072265625, 503.125
1, 120.0, 505, 530, 865, 890, 0.047982723236083984,1.4576450264174492, 2.752483854303136, 7.381087410268374, 9.472368436907418,0.00020870248288474614, 0.00038004491888386836, 0.00010152752091016737, 0.002726911395272964, 0.0023700305712463887,3343.43701171875, 273.13085314092314, 148.875, 166.37501525878906, 595, 665,158.875, 136.375, 635, 545, 16.570825576782227, 237.24243140995353, 12.519609606672516, 262.55520236995255, 22.470956901415413, 223.46133356163864,9.783555217687095, 236.889556516674, 19.93106846649723, 269.6350133600892, 26.65625530047714, 273.5234027159081,80.10779534038339, 138.36646201853887, 257.5207991238326, 1008.2513521242549, -12.395303729512232, 663.8856587125895, -31.554300613694863, 1008.2513521242549, -12.395303729512232,63.222547055569336, 897.5900309315059, 841.3630502639941, 56.22698066751184, 233.95617011351413,0.0, 0.0, 0.0, 0.125, 1.25,6.8125, 7.8125, 12.375, 15.75, 16.625,0.125, 0.4375, 1.5, 2.375, 2.4375, 6.721053123474121,-3.582489013671875, 463.0
1, 125.0, 521, 527, 881, 887, 0.04991672515869141,1.6427753905870486, 2.9841009059874346, 7.128194115762598, 8.816160854785704,0.00031735156968352383, 0.0004251099213161069, 0.00034167309326221584, 0.0033921396735240705, 0.003318734485160349,1815.212646484375, 240.6745042842336, 152.875, 165.62501525878906, 611, 662,162.87501525878906, 135.625, 651, 542, 16.72881317138672, 236.35549036509235, 12.58403432275629, 261.2339409655772, 22.668224799350064, 222.8496461010884,9.749992687488323, 236.17055616312507, 19.971224108405636, 268.90814462861647, 26.82676577487269, 273.70691623852804,79.19032574152696, 136.3270335541942, 255.01239645500775, 994.2806843406172, -11.301579908987211, 657.5481721753207, -28.955795881132236, 994.2806843406172, -11.301579908987211,64.10948821473876, 897.4986294386232, 849.5716136461397, 47.92701579248353, 234.2012213429036,0.0, 0.0, 0.125, 0.625, 1.75,7.8125, 11.6875, 17.5, 19.0625, 16.6875,0.1875, 1.0, 1.375, 2.5, 3.9375, 7.947368144989014,-4.0491943359375, 411.75
1, 130.0, 548, 524, 908, 884, 0.053448883056640625,1.581643266836473, 2.7298060202988577, 5.385104949792148, 7.083264761855823,0.0010808351468176627, 0.001336174983557612, 0.0015751655589747316, 0.0025361167732194188, 0.003164272014802237,1241.8773193359375, 216.1628529741626, 159.625, 164.87501525878906, 638, 659,169.62501525878906, 134.875, 678, 539, 16.83473014831543, 236.0383510215503, 12.631509518190903, 260.63232687654147, 22.79827316385393, 222.7065497612366,9.677667313099562, 234.81953108491822, 20.042228896416134, 267.2754562094166, 27.270269860642422, 273.2888676801882,78.89116331982261, 135.32908585249703, 257.4903550995085, 971.9303641235653, -10.197378460689514, 644.7780852385775, -25.581978910484178, 971.9303641235653, -10.197378460689514,65.64271271670438, 897.3221867359896, 858.1802911427433, 39.14189559324632, 234.6087265293363,0.0, 0.0, 0.75, 1.5625, 4.1875,12.25, 14.875, 21.625, 24.625, 23.6875,0.4375, 2.0, 3.5625, 4.5, 6.9375, 4.147368431091309,-4.920318603515625, 359.1875
1, 135.0, 556, 540, 916, 900, 0.054565692901611326,0.025875346508110016, 0.46311675326316626, 4.097581309480302, 6.437633400931954,0.0012122413630618212, 0.0008642024588925778, 0.0002543488089122548, 0.0014338800474774872, 0.0018068764009660752,1742.291259765625, 160.95476696550784, 161.62501525878906, 168.87501525878906, 646, 675,171.62501525878906, 138.875, 686, 555, 16.847000122070312, 235.5976398955444, 12.69236167812736, 260.2533257850956, 22.78259691194419, 222.15889735420532,10.044432111483303, 235.40699565543102, 20.89662948386156, 266.8951649368086, 28.11303002899991, 274.71117261257336,83.1860115591748, 143.55835733831827, 275.02794071800156, 956.1756202874192, -10.05396046134138, 628.0094392217375, -25.60936936932575, 956.1756202874192, -10.05396046134138,67.20929743153756, 897.3099229547317, 858.3793129660374, 38.9306099886943, 233.39877864268536,0.0, 0.0, 1.0, 2.0625, 3.3125,16.4375, 25.125, 35.0, 34.6875, 31.75,0.25, 1.625, 2.5625, 2.3125, 3.25, 4.947368621826172,-4.1787109375, 443.3125
1, 140.0, 576, 526, 936, 886, 0.05751136779785156,1.4751710456394351, 2.4410866874282515, 4.651348874884427, 5.285649508027127,0.0014204002660017064, 0.001363798421725732, 0.0011401791006971963, 0.002683879589128537, 0.0025408583543040206,2859.9208984375, 185.53469060539138, 166.62501525878906, 165.37501525878906, 666, 661,176.62501525878906, 135.375, 706, 541, 16.96261978149414, 236.40996795391237, 12.88765822243103, 260.99774654704396, 22.844456715592585, 222.83398971462793,9.714785368489055, 234.2173406265549, 20.435017175596776, 266.3498426334748, 27.625462145465573, 273.36934096898926,79.59630308483605, 136.19776046907867, 262.6749509741371, 997.668008413662, -9.161571914068821, 674.8397055400105, -21.82370413898549, 997.668008413662, -9.161571914068821,71.9368411966222, 897.2662965854499, 862.9796505023683, 34.28664608308168, 233.14283651843306,0.0, 0.0, 0.0, 0.25, 0.4375,13.8125, 26.6875, 38.0, 39.1875, 33.5,0.125, 1.25, 2.8125, 3.375, 2.6875, 6.089474201202393,-4.683441162109375, 311.375
1, 145.0, 595, 527, 955, 887, 0.06052963256835937,1.6704125655390083, 2.34183964476033, 4.826123633855606, 5.143169626708259,0.0017745892335952374, 0.0018298643402090418, 0.0014963497419739722, 0.002823147537337718, 0.0019467627259086842,2368.16455078125, 176.10597070008882, 171.37501525878906, 165.62501525878906, 685, 662,181.37501525878906, 135.625, 725, 542, 16.542150497436523, 236.8286448896558, 12.845345403420732, 262.69707751383055, 22.2437081565031, 222.2351822416193,9.691819281501795, 232.28889135591513, 20.53957603471545, 264.4104923809197, 27.7673512527018, 271.01561679986787,79.22349677631472, 134.95379999110497, 263.97420464222364, 1059.7197705474878, -7.982191540651732, 748.042092999059, -17.916593127050746, 1059.7197705474878, -7.982191540651732,82.50988771572663, 897.2498094122226, 867.6191438149035, 29.63066559731908, 232.98741097457966,0.0, 0.0, 0.0, 0.75, 2.0625,14.0, 28.6875, 39.25, 39.1875, 35.0,0.25, 1.3125, 4.1875, 6.125, 9.875, 6.700000286102295,-3.63067626953125, 273.0625
0, 150.0, 607, 525, 967, 885, 0.06255616760253907,1.6471857941907364, 2.5521140824886968, 4.671332907606557, 3.792426138808951,0.0013280731650490902, 0.0013375547087838414, 0.0015332943773535136, 0.003312381133400777, 0.0019650035641762998,1321.85009765625, 146.05370053185507, 174.37501525878906, 165.12501525878906, 697, 660,184.37501525878906, 135.125, 737, 540, 16.243040084838867, 237.18221646223068, 12.978058305044055, 264.0735252967802, 21.719639002914963, 221.5024330661972,9.622649917185928, 231.18103467253906, 20.470665944251035, 263.55125458333214, 27.607382756266944, 269.2941049582355,78.55861093266408, 133.26481197819305, 261.7332845078979, 1103.7082737832275, -7.207980459575153, 802.3320302508283, -15.909371460925765, 1103.7082737832275, -7.207980459575153,90.77897219482078, 897.2327762751393, 870.5980539842087, 26.63472229093054, 233.72174996275885,0.0, 0.0, 0.0, 0.375, 0.8125,17.5625, 23.8125, 29.1875, 29.4375, 29.5,0.0, 1.5625, 2.0625, 3.5625, 6.25, 4.742105007171631,-3.410064697265625, 242.75
0, 155.0, 620, 519, 980, 879, 0.0648648681640625,1.7134443675616788, 2.503269974607101, 3.648062605491141, 1.9269179418729618,0.0011340106178857924, 0.0010786177063869219, 0.0013502531429958253, 0.002658227512172289, 0.0008915864698284537,1268.421875, 117.55657495295246, 177.62501525878906, 163.62501525878906, 710, 654,187.62501525878906, 133.625, 750, 534, 16.120759963989258, 237.51205995762894, 13.094037069607475, 264.8316670750912, 21.466345303733057, 221.2546846532421,9.51384780266928, 230.58829719598702, 20.238582293583413, 263.10031183394955, 27.362295762041665, 268.2340732594279,77.40934838330944, 131.04291926587138, 257.122456020749, 1114.8891481974176, -6.824011043551313, 820.5603843834566, -14.981529155610845, 1114.8891481974176, -6.824011043551313,94.72247860746168, 897.2024201568413, 872.0549936152839, 25.147426541557365, 235.00999230507503,0.0, 0.0, 0.0, 0.125, 0.25,13.25, 17.3125, 22.375, 24.0625, 24.0625,0.0, 0.25, 1.5, 2.4375, 2.4375, 3.268421173095703,-4.3924560546875, 235.3125
0, 160.0, 614, 592, 974, 952, 0.06378418731689453,0.47097579917637633, 0.8432228649826722, 3.4653835217212325, 3.9952947459183634,4.154235337580303e-05, 0.00040309425895657114, 0.0006323866860134331, 0.0015802932327778762, 0.0014198835191132273,1264.93310546875, 79.58270072122193, 176.12501525878906, 181.87501525878906, 704, 727,186.12501525878906, 151.875, 744, 607, 16.01249885559082, 237.5994863790051, 13.114892658104703, 265.2168083462667, 21.290839697255006, 221.00776695984882,10.975513323274171, 227.04904343224814, 24.00195702429619, 259.91855017136913, 30.78778540549001, 270.6289188098184,98.26615254126142, 168.098796787511, 351.78574703139157, 1105.5447015369296, -5.141573799117161, 836.6031380700924, -11.678743634207061, 1105.5447015369296, -5.141573799117161,123.30953051144996, 896.9945958985529, 878.2335748057856, 18.76102109276735, 232.18378731285156,0.0, 0.0, 0.0, 0.0, 0.0,5.625, 11.1875, 19.375, 24.75, 27.0,0.0, 0.375, 0.6875, 1.0625, 1.625, 6.826315879821777,-5.20758056640625, 629.125
0, 165.0, 647, 538, 1007, 898, 0.07007233428955079,0.9199652249598875, 1.8980624193744733, 4.965922563710774, 2.565704565664055,0.0009309866585135751, 0.0003645492175019172, 0.0007285523676910089, 0.0028568089105613127, 0.0010798312407814593,1160.2689208984375, 107.78801389162564, 184.37501525878906, 168.37501525878906, 737, 673,194.37501525878906, 138.375, 777, 553, 17.190555572509766, 238.69321823117758, 13.503793995985271, 263.4464285329834, 22.829322624145153, 224.3534158523882,9.752454294715799, 226.53865071632978, 21.07960516107275, 258.5425949026917, 28.48801550580613, 264.0525631476544,80.24486425600298, 133.53912014201092, 263.4524804491099, 1113.3291229997049, -5.053010535699775, 846.8897888939092, -11.700270597002822, 1113.3291229997049, -5.053010535699775,117.5317718711995, 897.1813651295813, 878.3201886428931, 18.861176486688237, 236.12859755349575,0.0, 0.0, 0.0, 0.0, 0.1875,10.6875, 14.8125, 17.75, 17.6875, 19.8125,0.0, 0.9375, 2.0, 2.4375, 2.5625, 1.9210529327392578,-4.3150634765625, 403.6875
1, 170.0, 672, 532, 1032, 892, 0.07545195770263673,1.9993776665837502, 3.3052744506637106, 6.025363309683744, 3.1702265338785947,0.001067381345737317, 0.0014532295112377367, 0.0017933369430579661, 0.0040209822584859, 0.0016687671737446409,1266.361083984375, 153.30922906930311, 190.62501525878906, 166.87501525878906, 762, 667,200.62501525878906, 136.875, 802, 547, 15.904311180114746, 237.16381593260667, 13.448099683234707, 265.2054546815234, 20.917525175666494, 219.57158289773545,9.53510851259327, 225.9932464507259, 20.70815597390942, 257.5867372491051, 28.366172612767425, 263.4607682372078,79.09177614672973, 131.90217476101458, 262.5338234794028, 1120.5558067928262, -5.061754503384887, 853.3407011250338, -11.601013437415014, 1120.5558067928262, -5.061754503384887,118.68375943544194, 897.0309388161511, 878.1872740732715, 18.843664742879582, 235.68275494993318,0.0, 0.0, 0.0, 0.0, 0.4375,10.4375, 12.5625, 15.25, 15.625, 17.3125,0.0625, 0.25, 0.625, 0.6875, 2.3125, 4.147368431091309,-4.05322265625, 343.3125
1, 175.0, 685, 540, 1045, 900, 0.07848780059814453,1.5723745213192886, 2.856256279363297, 7.139002464554504, 5.773510953322984,0.0011163879153787094, 0.000880512061448826, 0.0006151123267409275, 0.004085777803902601, 0.0026432382208616905,1257.5732421875, 212.12359828137656, 193.87501525878906, 168.87501525878906, 775, 675,203.87501525878906, 138.875, 815, 555, 15.86586856842041, 236.9345401425477, 13.406591709513563, 265.05083994535926, 20.885758256403623, 219.3264704470933,9.525522934608723, 226.3788242897515, 20.803201363195136, 258.0183232423799, 28.324542749554755, 264.8166154289687,79.16274445578715, 132.55956891538818, 266.579644101777, 1101.7312324955099, -5.270831966728512, 826.8755421131207, -11.94869675218395, 1101.7312324955099, -5.270831966728512,116.48376337696045, 896.8943010080532, 877.2921391537012, 19.602161854351948, 233.35911820339422,0.0, 0.0, 0.0, 0.0625, 1.0,13.8125, 17.0, 17.25, 19.125, 19.875,0.0, 1.125, 2.6875, 3.0625, 3.75, 5.457895278930664,-4.261474609375, 379.4375
1, 180.0, 707, 543, 1067, 903, 0.08404090881347656,1.786202659877017, 3.1603825598536064, 8.228195311616874, 7.984518302253562,0.0011156904286661984, 0.0009087731924364562, 0.0006637416361900251, 0.0043193193143997635, 0.00372059461770732,1779.2318115234375, 278.325344963712, 199.37501525878906, 169.62501525878906, 797, 678,209.37501525878906, 139.625, 837, 558, 16.132225036621094, 237.0131146387595, 13.353510240049317, 264.4693214950994, 21.32325381605254, 220.23047462602,9.347810930304075, 227.8697999440519, 20.543605056488268, 259.20262340294676, 28.043407797746603, 266.944192034671,77.10859619987157, 129.7743471472559, 261.3251809112866, 1084.9172678634511, -6.127323013340699, 794.2816536421625, -13.32295777335213, 1084.9172678634511, -6.127323013340699,107.60658709760479, 896.6371631016954, 874.1305035793819, 22.506659522313498, 231.7964384588187,0.0, 0.0, 0.0, 0.0, 0.0,12.125, 17.6875, 20.5, 23.5625, 24.625,0.0, 0.6875, 1.5625, 2.75, 4.125, 6.721053123474121,-4.0025634765625, 343.5
1, 185.0, 722, 546, 1082, 906, 0.0881564712524414,1.7482333310879767, 3.1114998364145867, 8.46939498939668, 9.168368476328904,0.000792829886677282, 0.0002941901714075357, 0.0006918061208671133, 0.003902337030588114, 0.00307887366944442,2878.414306640625, 263.30451505747516, 203.12501525878906, 170.37501525878906, 812, 681,213.12501525878906, 140.375, 852, 561, 16.304956436157227, 236.95037252104376, 13.206721295738346, 263.8654685263867, 21.674542135083495, 220.9394501726861,9.260006763685478, 229.8908939005937, 20.392569747438724, 261.132780220879, 27.762033541059164, 269.3117678274292,75.49645875157577, 127.85836412239945, 257.7093061322707, 1079.7319183856866, -6.909521940329667, 775.432299667169, -14.762163811399638, 1079.7319183856866, -6.909521940329667,99.78084376295847, 896.4396827646736, 871.2206127029651, 25.21907006170852, 231.52331530596595,0.0, 0.0, 0.0, 0.0625, 2.3125,18.25, 24.5, 28.3125, 30.1875, 32.125,0.0, 0.125, 1.25, 2.9375, 5.125, 6.947368144989014,-6.2291259765625, 317.5625
1, 190.0, 736, 541, 1096, 901, 0.09226339721679688,2.0151677636639214, 3.259193137055263, 7.811718641866463, 8.327393430124502,0.0007291845836016364, 0.0001996326332209719, 0.0006421025000418012, 0.003923088408300828, 0.003565076657474719,2782.572265625, 283.9021312932357, 206.62501525878906, 169.12501525878906, 826, 676,216.62501525878906, 139.125, 866, 556, 16.517576217651367, 237.1271651375204, 13.066713203515738, 263.32475622420503, 22.07762832879348, 221.98087794011067,9.190204295751792, 231.1482770852797, 20.18781551187775, 262.2563873204811, 27.48746843046369, 270.3467090536918,73.48685333027382, 125.00505358254217, 251.43024751460484, 1054.55741052215, -7.306214459486608, 746.2894807917302, -15.595033572928514, 1054.55741052215, -7.306214459486608,94.58510353356475, 896.3314086459276, 869.6723742880947, 26.659034357832866, 232.5328434706102,0.0, 0.0, 0.0, 0.1875, 1.125,19.875, 29.3125, 32.9375, 31.9375, 33.0625,0.0625, 1.0, 3.0625, 5.5625, 7.4375, 3.3263163566589355,-6.807037353515625, 285.1875
1, 195.0, 754, 552, 1114, 912, 0.09795726776123047,1.2080741154192947, 2.4591710640327076, 8.943632321569602, 10.745439541742673,0.00046544559798121553, 0.0010170465488386071, 0.0009630148419091711, 0.003078872174869503, 0.003434615915600716,2086.160888671875, 296.2057660640925, 211.12501525878906, 171.87501525878906, 844, 687,221.12501525878906, 141.875, 884, 567, 16.644733428955078, 237.16798234800038, 13.023771044204045, 262.9441026457599, 22.292950278232915, 222.45083718743317,9.160352777403276, 234.65271054462983, 20.298907415000347, 265.179967832435, 27.581771701765135, 274.4392491213368,74.55953817419204, 128.54777579935416, 261.19728799043446, 1001.4526513103862, -9.059709975009042, 675.0511080799424, -19.74416660819294, 1001.4526513103862, -9.059709975009042,80.73982156829004, 896.0264474596328, 862.9796276058196, 33.04681985381319, 234.89437360528186,0.0, 0.0, 0.0, 0.625, 3.25,25.5, 28.9375, 33.5625, 36.75, 39.0625,0.0625, 1.75, 3.375, 4.25, 6.375, 4.347368240356445,-4.466339111328125, 314.5625
1, 200.0, 783, 554, 1143, 914, 0.10823722076416016,1.543110780398711, 2.9117441403593327, 8.687248989624205, 10.090716787828134,0.001142774930252415, 0.0011236699298297027, 0.0017869368352376113, 0.003482582323231327, 0.004006674644210762,2329.14794921875, 280.27334682488527, 218.37501525878906, 172.37501525878906, 873, 689,228.37501525878906, 142.375, 913, 569, 17.160478591918945, 237.0743404544795, 13.03015934841242, 261.2399076120621, 23.05816563878514, 223.69850477968112,9.048830396855223, 235.88766338808148, 20.172068347410146, 265.34073682511877, 27.889346102072352, 274.7060772914525,72.87790752123406, 125.31386730871492, 253.4533197882846, 964.0076018446106, -9.811924508189856, 632.9587203086227, -21.904676672133935, 964.0076018446106, -9.811924508189856,76.27508865668827, 895.7681546108084, 859.6871754037048, 36.08097920710361, 237.6815833057032,0.0, 0.0, 0.125, 1.3125, 3.6875,18.1875, 23.5, 30.25, 30.1875, 31.25,0.3125, 1.625, 2.6875, 4.375, 7.0625, 3.484210729598999,-4.936981201171875, 282.9375
1, 205.0, 782, 552, 1142, 912, 0.10785779571533204,0.3497736163300578, 1.0613956326642073, 6.521774998683831, 7.491485342923552,0.0019290575641900886, 0.0004522160174747114, -5.2969992864291414e-05, 0.002543052999723159, 0.0023840038381877093,2225.79052734375, 228.50936584842898, 218.12501525878906, 171.87501525878906, 872, 687,228.12501525878906, 141.875, 912, 567, 17.153213500976562, 236.72736684464286, 13.155427542431388, 261.1144023615881, 22.976078940108575, 223.05240380088094,9.126238128304292, 236.1289603110797, 20.260062311206493, 266.3671366724533, 27.40693276018413, 275.2491046512252,71.98872063596781, 124.15045885524876, 250.4242745634977, 978.3160297507186, -9.059893154023335, 652.279337631897, -20.055686773923306, 978.3160297507186, -9.059893154023335,80.2708011163225, 895.8471544050849, 862.407855660527, 33.439298744557846, 236.83963804485614,0.0, 0.0, 0.75, 2.6875, 4.9375,27.5, 34.8125, 37.1875, 41.25, 39.6875,0.0625, 1.9375, 4.375, 7.0, 10.9375, 3.8263163566589355,-5.224517822265625, 355.9375
1, 210.0, 811, 546, 1171, 906, 0.11967399597167969,1.6797710536763772, 3.104814836479491, 9.367618279806337, 9.826729640034031,0.0016421390314508245, 0.00024201330353207595, 0.0005512812563756597, 0.005087129836019813, 0.004569380242489842,1854.173095703125, 285.1249965402816, 225.37501525878906, 170.37501525878906, 901, 681,235.37501525878906, 140.375, 941, 561, 16.919780731201172, 238.07221743184002, 13.136417273566485, 263.15964040937735, 22.63829781318745, 223.82912569555816,9.011621858147768, 235.22255322708398, 19.992438870240115, 264.71155345915554, 27.510304892559184, 272.906718596126,71.4632972347114, 122.71671613024552, 247.14228420660157, 1006.448837429998, -8.383689668185852, 685.9103402440203, -18.41930220326776, 1006.448837429998, -8.383689668185852,85.83551685493342, 895.6179096715806, 864.380326496341, 31.237583175239592, 237.20146071067495,0.0, 0.0, 0.625, 1.9375, 4.375,23.625, 31.0, 37.8125, 38.375, 36.9375,0.0, 2.875, 6.25, 9.3125, 12.875, 5.210526466369629,-5.181060791015625, 318.9375
1, 215.0, 824, 545, 1184, 905, 0.12556714630126953,1.5618936521688012, 2.8614362517988776, 8.238342366116122, 7.9110428030486215,0.001799773846278186, 0.0003781297364548664, 0.0004304312452040904, 0.004469304393082893, 0.003590128553643126,2239.096435546875, 278.5296828642858, 228.62501525878906, 170.12501525878906, 914, 680,238.62501525878906, 140.125, 954, 560, 16.645837783813477, 237.6820087245572, 13.208156628585655, 263.6611598276188, 22.185859880325637, 222.5653120871198,8.962285926332395, 234.49247430670133, 19.910143702199658, 263.89059204167665, 27.43563643800651, 271.2235960600948,70.39120771971093, 120.35948531954867, 241.33723561068095, 1034.5041762331873, -7.69382752842105, 721.7597890159584, -16.67196254615004, 1034.5041762331873, -7.69382752842105,93.6518304052352, 895.5058940601162, 866.913303613661, 28.592590446455233, 237.7026299653484,0.0, 0.0, 0.875, 4.5, 6.9375,27.75, 34.4375, 43.5, 42.25, 38.0625,0.0625, 1.75, 5.1875, 9.8125, 11.4375, 2.6526315212249756,-5.27862548828125, 302.6875
1, 220.0, 844, 549, 1204, 909, 0.13545484924316406,1.245302443022374, 2.4740131132490935, 7.596350970906205, 7.791821200199192,0.0026844318555208704, 0.0004220728011932806, 0.0005153099602648581, 0.004482883180776298, 0.0035023135266041548,4110.63916015625, 275.5164239515407, 233.62501525878906, 171.12501525878906, 934, 684,243.62501525878906, 141.125, 974, 564, 16.49707794189453, 237.80851748836417, 13.272141480347079, 264.261910824721, 21.92390104907564, 222.16355489971068,8.906274798657778, 233.42092690895305, 19.89931779052881, 262.2034396940352, 27.781721091857694, 268.92095806349937,70.09869262913719, 119.18506860649262, 239.53524214408378, 1037.3510973614798, -7.140962376092533, 734.2309605110471, -15.288350442155476, 1037.3510973614798, -7.140962376092533,102.2566134983362, 895.2851299744199, 868.8451342292757, 26.439995745144188, 240.04394476006803,0.0, 0.0, 1.1875, 4.5625, 6.875,24.75, 34.3125, 43.25, 45.5625, 39.5,0.1875, 2.75, 5.4375, 7.6875, 9.0, 5.436842441558838,-6.156494140625, 314.6875
1, 225.0, 864, 548, 1224, 908, 0.14645863342285156,1.4071623288898263, 2.52681152527628, 6.972477121411941, 7.517072248863405,0.0008340226207678824, 0.001508259463428203, 0.0017014883041804295, 0.003938988823779254, 0.003631068040547803,3461.70849609375, 272.5305248616257, 238.62501525878906, 170.87501525878906, 954, 683,248.62501525878906, 140.875, 994, 563, 16.537174224853516, 237.38328357101753, 13.463603595140038, 263.88831258217283, 21.867503289996552, 221.43510296664155,8.837055203793643, 232.79466686395457, 19.791995904648058, 261.14853063710507, 27.86898550212333, 267.91099165130794,69.62007636407691, 117.80220064221521, 235.50670457568265, 1023.8180018840059, -6.776313849514322, 724.434805980877, -14.59014771051236, 1023.8180018840059, -6.776313849514322,106.7117239753738, 895.0978250272827, 869.9358716979102, 25.161953329372523, 241.5884885876408,0.0, 0.125, 0.5, 2.5625, 6.5625,24.5, 38.375, 43.125, 45.0625, 40.5,0.5625, 2.75, 6.125, 10.9375, 13.6875, 6.457895278930664,-6.7562255859375, 354.75
1, 230.0, 878, 561, 1238, 921, 0.15490745544433593,-0.33028631687164306, 0.3880664278630866, 4.569556303629652, 6.099332036245032,0.0024327584417778783, 0.001400913766665326, 0.0007628959541239055, 0.0021987272618821407, 0.002582408381997538,4305.47900390625, 190.5702111150529, 242.12501525878906, 174.12501525878906, 968, 696,252.12501525878906, 144.125, 1008, 576, 16.557981491088867, 237.04591320715392, 13.540820064552275, 263.5555008402536, 21.85130810417534, 220.9889607301299,8.863438434872906, 232.2476096925716, 20.11967700237929, 259.98991198781744, 28.557548990965554, 267.1026524234153,69.95147564824812, 118.29347397106245, 239.42148226698893, 1007.4406194431074, -6.499724095886623, 713.446574012268, -13.817598606912764, 1007.4406194431074, -6.499724095886623,113.92900934837049, 894.8794901877563, 870.9536181228934, 23.925872064862915, 242.3893513618121,0.0, 0.1875, 0.9375, 3.375, 5.25,23.0, 33.25, 41.5625, 40.6875, 38.9375,1.125, 2.5, 4.3125, 8.375, 12.125, 6.089474201202393,-6.489593505859375, 398.375
0, 235.0, 889, 571, 1249, 931, 0.1620211639404297,-0.9044379770068918, -0.5387465947307646, 3.163046377020655, 3.7990958372410386,0.0016632401776269037, 0.0012895608076109967, 0.0010601883738854667, 0.0020125542566242416, 0.0009681696237146298,2117.237060546875, 99.29233567091518, 244.87501525878906, 176.62501525878906, 979, 706,254.87501525878906, 146.625, 1019, 586, 16.652555465698242, 236.86005009945953, 13.72321809717594, 263.26108901167225, 21.88123585014449, 220.66719236069267,8.895887300746118, 231.3780446489589, 20.38841434691598, 259.0023759168603, 28.967098918795678, 266.7088373762507,70.45532842592802, 118.83926222144268, 241.95879338647146, 1025.3415882919587, -6.048362411154394, 735.0996289584365, -12.828832539711888, 1025.3415882919587, -6.048362411154394,122.53384916172496, 894.7512646225268, 872.4859692448508, 22.26529537767601, 240.66593081051266,0.0, 0.125, 0.5625, 2.0625, 4.75,34.875, 47.5, 55.4375, 54.6875, 52.125,0.5, 4.625, 8.5, 12.125, 15.1875, 2.8368425369262695,-6.54644775390625, 442.625
0, 240.0, 910, 564, 1270, 924, 0.1768867950439453,-0.22979730291292072, 0.1722684165695682, 4.0119115466368385, 4.710974607726094,0.0002279285166059708, 3.765588951864629e-05, 0.00011672028665088874, 0.002641506415304775, 0.002263674041947752,773.6463623046875, 100.01545469648063, 250.12501525878906, 174.87501525878906, 1000, 699,260.125, 144.875, 1040, 579, 16.599365234375, 237.29681337612516, 13.823194958196291, 263.888146870808, 21.736999844892473, 220.75845774876578,8.70228990815353, 231.41379385907476, 19.917215914398255, 258.7903941657798, 28.456944496580274, 266.3771907109115,68.42183280772427, 115.55451517371984, 233.5567054462797, 1043.3513558820182, -5.881639411554697, 750.8734719114975, -12.598094235428135, 1043.3513558820182, -5.881639411554697,124.34872853751145, 894.4946099081785, 872.5382115747962, 21.956398333382367, 240.30152802654092,0.0, 0.0, 0.3125, 0.625, 2.375,27.875, 45.125, 55.875, 56.4375, 55.5,0.0625, 2.0, 4.75, 8.125, 12.25, 8.30526351928711,-6.162628173828125, 422.75
1, 245.0, 925, 575, 1285, 935, 0.1886495819091797,-0.3569124911981635, 0.13910683549009265, 4.3066307770810095, 5.674679875121219,0.0004844921252288259, 0.0009771048792390502, 0.00039431668859833734, 0.001870090736133534, 0.0018423079169565427,2310.935302734375, 153.8750218461994, 253.87501525878906, 177.62501525878906, 1015, 710,263.875, 147.625, 1055, 590, 16.505285263061523, 237.36728726798134, 13.80755298242488, 264.17101837082146, 21.60324923184813, 220.61634514679426,8.601218204623196, 230.97092439329114, 19.919498993794196, 258.0224896577736, 28.567676340885683, 266.3448019538673,67.19361531236422, 113.52447075160954, 232.8009208146699, 1046.9591463801917, -5.912280285221888, 752.0374927556195, -12.31532351193427, 1046.9591463801917, -5.912280285221888,129.2516153135223, 894.2776247086009, 872.4263164087373, 21.851308299863604, 239.9049754868071,0.0, 0.0, 0.0, 0.0, 0.5,31.375, 41.0, 52.375, 53.5, 49.8125,0.0, 0.9375, 2.125, 3.625, 4.5625, 7.48421049118042,-5.91729736328125, 469.8125
1, 250.0, 948, 576, 1308, 936, 0.20879150390625,0.6853054171986878, 1.5363922245358115, 6.312960972597357, 7.2333505996910405,0.00011848536648358277, 0.00043073854030808436, 0.0007331756559960923, 0.002761669403721498, 0.0022157699974718528,1295.5537109375, 182.93399572146873, 259.625, 177.87501525878906, 1038, 711,269.625, 147.875, 1078, 591, 16.541322708129883, 237.50435550424518, 13.873571594398296, 264.2580107459203, 21.6160752288007, 220.71119565042738,8.42007847706189, 231.23525271417063, 19.51566053737018, 257.48682524192617, 28.37358309438216, 265.87313641054294,65.06995725541377, 109.52923868334469, 222.53122725443123, 1063.733398181242, -5.89757352318543, 761.0630287463279, -12.330064541163582, 1063.733398181242, -5.89757352318543,131.73904258138532, 893.9953843311753, 871.9365669661892, 22.058817364986112, 239.63267149466176,0.0, 0.0, 0.0, 0.125, 0.375,23.4375, 33.125, 42.625, 42.8125, 41.0625,0.0, 0.875, 1.625, 2.125, 2.6875, 6.1210527420043945,-5.610443115234375, 399.8125
1, 255.0, 974, 563, 1334, 923, 0.23508023071289064,1.619363002863247, 2.4965056244365407, 5.359095518082323, 5.216453486364334,-5.7253556884404586e-05, 0.0002698458161330564, 0.0004675933633620843, 0.0030520233197648865, 0.0031093193863046048,1131.854248046875, 151.5303421914562, 266.125, 174.62501525878906, 1064, 698,276.125, 144.625, 1104, 578, 16.524656295776367, 237.31223594327105, 13.87363610080728, 264.1042501176252, 21.590525605398387, 220.47555068133462,8.282237098926581, 232.60131786892987, 18.945768421189378, 257.9048464795093, 27.761385713268893, 265.4164699626359,62.340917583175695, 104.83418426397768, 208.29752693185924, 1060.4134755325304, -5.6765672632141735, 750.0462408074244, -12.491889146192396, 1060.4134755325304, -5.6765672632141735,130.73152161901592, 893.7282539109789, 871.6652225699495, 22.063031341029387, 240.61083640027252,0.0, 0.0, 0.0, 0.1875, 0.3125,21.625, 27.625, 34.625, 34.625, 34.4375,0.0, 1.125, 1.8125, 2.125, 2.875, 2.3684210777282715,-4.568603515625, 306.8125
1, 260.0, 991, 583, 1351, 943, 0.25458033752441406,0.7087264316010988, 1.588248185873963, 5.416545178787782, 6.820058398558759,6.865948930538934e-06, 4.316559302878886e-05, 9.780070202396018e-05, 0.0023731438206777964, 0.0030916119507310214,1285.759521484375, 171.64622631765113, 270.375, 179.62501525878906, 1081, 718,280.375, 149.625, 1121, 598, 16.50590705871582, 237.35247941786076, 13.897818986318311, 264.19872233503963, 21.54624274597988, 220.41722484945578,8.235926030981638, 234.23444342023657, 18.973384574409142, 258.1497497423893, 28.208916115665094, 267.7834037176121,63.35094195532266, 106.09506441062548, 212.84277309451957, 1027.8861472175124, -6.2210332957381, 698.9379022216469, -13.786570097879105, 1027.8861472175124, -6.2210332957381,127.7591174206505, 893.4489950651346, 869.1315722093235, 24.31742285581106, 241.40350020487446,0.0, 0.0, 0.0, 0.5, 2.0625,21.125, 29.5625, 30.75, 32.125, 30.375,0.375, 1.8125, 3.375, 3.5, 4.5, 5.147368431091309,-5.065887451171875, 384.5
1, 265.0, 1002, 577, 1362, 937, 0.26827871704101564,1.0761204017105046, 1.8278264571726321, 5.483125818185508, 5.718903844112064,-0.0005802178695495284, -7.831082622033137e-05, 0.00012111802032904962, 0.0030210575575461006, 0.0034175842981153436,1853.9871826171875, 173.9322800541169, 273.125, 178.12501525878906, 1092, 712,283.125, 148.125, 1132, 592, 17.055728912353516, 237.2432373722756, 13.921753717824577, 262.78994222468987, 22.37142329672371, 221.67623235265538,8.282133829509679, 235.71506450775527, 18.954358842008176, 259.4142636445688, 27.71668417324124, 269.3602211894013,61.74418741633992, 103.64283674275003, 206.1350945113568, 1001.9081517428616, -6.0575954756261945, 668.0847035667905, -13.93309782735921, 1001.9081517428616, -6.0575954756261945,125.47644764893981, 893.3032093177218, 869.065087604618, 24.238121713103737, 241.24148602429048,0.0, 0.0, 0.25, 0.5, 1.5,20.5, 28.3125, 31.125, 33.625, 32.4375,0.875, 2.0625, 3.625, 3.9375, 5.1875, 3.1210529804229736,-3.66131591796875, 347.625
0, 270.0, 1030, 591, 1390, 951, 0.30737704467773436,0.6906731700157981, 1.3117478134611156, 4.517426821952685, 5.834702284638772,0.0007356176525604495, 0.0002763967870083661, 0.00029050859582866904, 0.0018258121156850392, 0.0024609908752017875,1389.837890625, 145.13407889485984, 280.125, 181.62501525878906, 1120, 726,290.125, 151.625, 1160, 606, 17.01169776916504, 237.93157017645112, 13.892350590029647, 263.56502898088524, 22.32259644770895, 222.31287355779614,8.078379457797931, 238.999606856966, 18.514975469972143, 260.4377811520735, 27.860710689244602, 270.4046427182319,60.47556594928688, 100.25890480441583, 197.76418263134025, 1011.4959226578356, -6.583571512573563, 651.1946887383214, -23.00752264690453, 1011.4959226578356, -6.583571512573563,122.97685793432154, 892.7530133535078, 865.6017328582834, 27.15128049522434, 242.0935143301343,0.0, 0.0, 0.0625, 0.3125, 0.875,19.5, 29.0625, 33.875, 33.875, 33.6875,0.3125, 2.4375, 4.125, 4.875, 4.8125, 7.226315975189209,-3.950164794921875, 262.5
0, 275.0, 1051, 593, 1411, 953, 0.34106021118164065,0.9369412432717952, 1.6180198473739436, 4.058558465143433, 5.610720289084131,0.0015937896615815812, 0.0012798340063818613, 0.0010601803728536652, 0.002406999654358515, 0.002823177986467726,1410.7137451171875, 142.97943771091803, 285.375, 182.12501525878906, 1141, 728,295.375, 152.125, 1181, 608, 17.0493221282959, 238.36222726399876, 13.985651317916647, 263.9757500580308, 22.3217444120839, 222.64700920128888,7.974391393606569, 240.8825807281118, 18.156750543676093, 261.15581161876025, 27.536883562144965, 270.1471445865224,59.005383423680385, 96.951377983778, 187.8776203475786, 1030.6456885396522, -6.279089559102954, 658.1703135514072, -23.221978107410234, 1030.6456885396522, -6.279089559102954,125.40464902184662, 892.3455060598523, 865.2460238630504, 27.099482196801887, 242.62686098405075,0.0, 0.0, 0.125, 0.5625, 0.6875,16.5625, 23.5, 30.5, 31.1875, 31.375,0.0, 0.9375, 2.25, 3.25, 4.3125, 4.484210968017578,-4.204620361328125, 200.5625
0, 280.0, 1064, 583, 1424, 943, 0.3639186706542969,1.361825823885738, 2.1746144448081024, 3.4366444915672774, 3.240841065382119,0.001059438892862801, 0.0016195769656781067, 0.0017482631720963581, 0.002134775615932085, 0.0019335181902863496,1219.4771728515625, 103.61594900645075, 288.625, 179.62501525878906, 1154, 718,298.625, 149.625, 1194, 598, 17.16928482055664, 238.63244320794283, 14.065516844879891, 264.01268303388633, 22.455063865054562, 223.058407073365,8.066835637089156, 241.1343824820535, 18.173728410871814, 261.5397638727634, 27.001670650927924, 270.29520942734996,58.70415115838498, 96.83609462586651, 186.27568058466858, 1024.1929756722818, -5.360291062941156, 650.4435359719434, -21.796881117132184, 1024.1929756722818, -5.360291062941156,129.4199569349805, 892.1950878024084, 867.9093985075461, 24.28568929486221, 242.29804255637995,0.0, 0.0, 0.0, 0.0625, 0.125,16.375, 22.5, 26.75, 27.9375, 31.125,0.0, 0.4375, 2.0625, 3.4375, 3.75, 2.8368425369262695,-4.000701904296875, 237.75
0, 285.0, 1079, 585, 1439, 945, 0.39225430297851566,0.991766310390667, 1.5929370040883075, 2.920897952957894, 2.3600943909317724,0.0014307680465097405, 0.0015140524238972826, 0.00174255768022249, 0.0018759025200949964, 0.002351901103483556,1320.345703125, 95.5876283722365, 292.375, 180.12501525878906, 1169, 720,302.375, 150.125, 1209, 600, 17.159637451171875, 239.01983787728759, 14.051953026864549, 264.4130353427809, 22.448807387029166, 223.44913436656125,8.133881808500185, 243.2822993911041, 18.169828824848818, 262.73221927919917, 26.76487096721594, 271.543071328333,59.454401678022776, 97.81991376499396, 187.56543729530145, 991.9579402980836, -5.019602672165104, 607.5743002068543, -22.440073475541453, 991.9579402980836, -5.019602672165104,128.2984301809835, 891.9053005442541, 867.9525162952125, 23.952784249041656, 243.78830152968845,0.0, 0.0, 0.0, 0.1875, 0.3125,13.1875, 18.4375, 24.4375, 26.5625, 29.25,0.0, 0.625, 2.625, 3.875, 4.0625, 3.268421173095703,-3.728424072265625, 249.125
0, 290.0, 1093, 590, 1453, 950, 0.4205862731933594,0.7699809089826885, 1.3337208685092627, 3.1566396321542562, 2.0546032907959306,0.0011870991592101631, 0.0005797227971692109, 0.000880140981111026, 0.001948608350938912, 0.0013432955927561352,1188.429931640625, 88.13330277566277, 295.875, 181.37501525878906, 1183, 725,305.875, 151.375, 1223, 605, 17.32841682434082, 239.37861405401003, 14.105146527206887, 264.3952528798516, 22.673617060929047, 224.1261464390366,8.23209073401718, 245.2689555338507, 18.190087612544865, 263.79264712897873, 26.559667120832238, 272.4659391682284,60.20997435556849, 98.35334945895994, 186.4254885039358, 977.9316236901474, -4.584106640316934, 581.4114578661956, -22.8185078121231, 977.9316236901474, -4.584106640316934,128.95053903614746, 891.6675534821608, 868.154414503154, 23.513138979006726, 244.36701252267744,0.0, 0.0, 0.0, 0.0, 0.0,14.75, 18.75, 23.8125, 24.75, 27.1875,0.0, 0.3125, 1.375, 3.0625, 3.5, 3.268421173095703,-3.41448974609375, 257.6875
0, 295.0, 1106, 596, 1466, 956, 0.44845730590820315,0.7469582497538068, 1.360926662805723, 3.477045515928185, 3.1165207693952834,0.0008130090337027697, 0.0003171115404938973, 0.0005565581743439907, 0.0017957311431928246, 0.0014871692291256974,1147.29443359375, 85.9722699262138, 299.125, 182.87501525878906, 1196, 731,309.125, 152.875, 1236, 611, 17.381898880004883, 239.78977778166646, 14.144433215932194, 264.70666643222836, 22.73094416833644, 224.5916436871858,8.253895096733936, 246.8322765518399, 18.131678950656216, 264.52136001152735, 26.351875313581953, 272.66994325835833,60.32887237298617, 97.74809597785456, 183.62549183657893, 980.4687968669163, -4.2251032630791485, 571.6635266883601, -22.734197313219205, 980.4687968669163, -4.2251032630791485,132.18767525043512, 891.4108540520417, 868.3097763856113, 23.101077666430456, 244.47447637431736,0.0, 0.0, 0.0, 0.3125, 0.375,12.1875, 16.0, 21.125, 25.375, 24.9375,0.0, 0.375, 0.875, 1.1875, 1.9375, 3.736842632293701,-4.156585693359375, 253.875
0, 300.0, 1118, 599, 1478, 959, 0.47540567016601565,0.8284438390680589, 1.4525448030233383, 3.477868695226498, 2.7947266772773576,0.00037443280130730725, 0.0007891570279889492, 0.0008685736449115211, 0.0020866245363146164, 0.0011118702967075934,1770.7542724609375, 105.54359540740097, 302.125, 183.62501525878906, 1208, 734,312.125, 153.625, 1248, 614, 17.483230590820312, 240.0028933441492, 14.2088804371043, 264.72284885064073, 22.845883972694324, 224.92765465176367,8.294578271606678, 248.28419718446617, 18.1376784114281, 265.21663228789964, 26.164077497198964, 273.10143362898475,60.38764142471298, 97.55167439605731, 182.39586317262325, 959.3990093179444, -3.823956475693497, 544.8133054471158, -22.485294310561578, 959.3990093179444, -3.823956475693497,134.19818404245945, 891.006517013181, 868.6840948894178, 22.322422123763204, 245.28277644520597,0.0, 0.0, 0.0, 0.0, 0.0,9.75, 11.6875, 15.6875, 20.75, 22.5,0.0, 0.0, 0.0, 0.1875, 0.875, 3.526315689086914,-4.210540771484375, 248.6875
0, 305.0, 1135, 606, 1495, 966, 0.5152425537109375,0.627742248380673, 1.2543252959498203, 3.048323590107029, 3.360158216904383,0.00025568754613686907, 0.0008687488540499544, 0.0011418998787007695, 0.0016216457424297914, 0.0014181503554095796,1856.71484375, 113.85700031908009, 306.375, 185.37501525878906, 1225, 741,316.375, 155.375, 1265, 621, 17.66826057434082, 240.1110835406022, 14.292012337727133, 264.44054349261665, 23.077548718445595, 225.329040006985,8.360972197031408, 250.5102787783784, 18.10970679041901, 265.88795792104185, 26.08103909368496, 273.7080500499302,61.1925913732982, 97.46575747493833, 180.32777337867017, 930.7073496865607, -3.231487326413401, 497.37649380477586, -22.88014149174079, 930.7073496865607, -3.231487326413401,135.6694847378234, 890.52507285127, 869.1465544079996, 21.378518443270423, 245.0609609649931,0.0, 0.0, 0.0, 0.0, 0.0,7.1875, 9.1875, 13.0625, 14.8125, 14.6875,0.0, 0.0, 0.0, 0.0, 0.25, 3.457894802093506,-3.93316650390625, 248.9375
0, 310.0, 1147, 607, 1507, 967, 0.54417822265625,0.8208220347203314, 1.4921825215982971, 3.0466633884585463, 2.413414224453736,0.0002466717987061884, 0.0007870293174505605, 0.0011335449424973376, 0.0014811120461780548, 0.0009423890575067162,2198.282470703125, 98.09528766555891, 309.375, 185.62501525878906, 1237, 742,319.375, 155.625, 1277, 622, 17.956445693969727, 240.2026217358587, 14.470944275163417, 263.97703430604616, 23.40853761712314, 225.77153803596389,8.446515080129144, 251.52792232319692, 18.156512811300214, 266.546907251408, 25.837776751247947, 274.50711388093,61.837453701915564, 97.93740603718928, 179.89235859651453, 918.5723383227307, -2.7135989373109726, 472.02516193624, -22.56121408932877, 918.5723383227307, -2.7135989373109726,137.45556325317574, 890.1745485378316, 870.5268184908655, 19.647730046966103, 244.18367623881397,0.0, 0.0, 0.0, 0.0, 0.0,4.875, 4.6875, 8.75, 11.75, 13.375,0.0, 0.0, 0.1875, 0.75, 0.8125, 3.947368621826172,-4.1212158203125, 263.3125
0, 315.0, 1165, 614, 1525, 974, 0.5879470825195313,0.6712692873517515, 1.3273064564855304, 3.212585006446461, 3.392190948170609,0.0001439096385212224, 0.0006962963439400482, 0.001166475352993075, 0.0010392795245991236, 0.0010632082757751958,1416.496337890625, 98.68095828929272, 313.875, 187.37501525878906, 1255, 749,323.8750305175781, 157.375, 1295, 629, 18.16678810119629, 240.3688275591218, 14.582579782093632, 263.7216262627876, 23.662474512145323, 226.22918905886257,8.539506509534517, 253.87959743556735, 18.13642686069984, 267.40247040722215, 25.672302182014246, 275.68517124859545,63.1514230661236, 98.56296173651764, 179.57246014202983, 899.2143337489182, -2.0422165121576437, 425.8025378829398, -23.15744229342302, 899.2143337489182, -2.0422165121576437,137.92887384328708, 889.5958721303568, 871.3916044742533, 18.204267656103525, 243.14496874214421,0.0, 0.0, 0.0, 0.0, 0.0,6.625, 4.875, 6.75, 9.5625, 12.3125,0.0, 0.0, 0.0625, 0.0625, 0.125, 4.447368621826172,-3.168304443359375, 229.75
0, 320.0, 1180, 619, 1540, 979, 0.6237006225585937,0.5989627112456948, 1.1990358163313068, 3.2690174657420714, 4.0052763025392775,0.00035000155155017864, 0.0006976965235935495, 0.0011001062367267877, 0.0011233172895890675, 0.0013634535950063763,1859.3480224609375, 123.36350410311361, 317.625, 188.62501525878906, 1270, 754,327.6250305175781, 158.625, 1310, 634, 18.467945098876953, 240.82956479977418, 14.796758089606648, 263.6479928233988, 23.99345492178617, 226.99238066532916,8.629386446157437, 255.60837295601092, 18.10984596552311, 268.1725742361411, 25.326239245815568, 276.74913713636505,63.70588084547104, 98.51084248916119, 177.8084204522175, 886.7612929252889, -1.5243416133861722, 392.1810711850098, -23.44809077436755, 886.7612929252889, -1.5243416133861722,138.34322057339546, 889.0929369133097, 872.6221242316082, 16.470812681701545, 242.2769815585993,0.0, 0.0, 0.0, 0.0, 0.0,5.625, 4.875, 6.1875, 7.375, 11.0,0.0, 0.0, 0.0, 0.0, 0.3125, 4.447368621826172,-3.412353515625, 194.8125
0, 325.0, 1193, 621, 1553, 981, 0.65318212890625,0.6166706979449372, 1.2633929206879113, 3.143288787885103, 4.24992592317285,0.0003058302560447146, 0.000922134759778146, 0.0013465049089472817, 0.001661386430141647, 0.0022911720129513923,1464.632568359375, 111.32037154113345, 320.875, 189.12501525878906, 1283, 756,330.8750305175781, 159.125, 1323, 636, 18.72018051147461, 241.32113351434, 15.029798185653329, 263.7669205039981, 24.238306152419135, 227.6260965446589,8.647766047540768, 256.3160761766726, 17.98378516713655, 268.3946373464365, 24.87254950547233, 276.8819569949651,63.39635486479625, 97.49701144538173, 174.5364499446638, 884.7192925386692, -1.0700358279126974, 376.848860307023, -22.81423695529564, 884.7192925386692, -1.0700358279126974,142.20293203202698, 888.6704356920553, 874.5883797208829, 14.082055971172394, 242.167063186346,0.0, 0.0, 0.0, 0.0625, 0.375,5.8125, 7.1875, 9.75, 11.5625, 12.5,0.0, 0.125, 0.875, 1.6875, 2.1875, 4.173684120178223,-3.404052734375, 157.9375
0, 330.0, 1207, 627, 1567, 987, 0.6822988891601562,0.6248734226590023, 1.2528799755434736, 3.0978712414368057, 3.8709678349527525,5.9355554617468444e-05, 0.0009377283251342305, 0.0014588248527979885, 0.001443569619257232, 0.0025371808559339114,1606.77490234375, 103.42020137328251, 324.3750305175781, 190.62501525878906, 1297, 762,334.3750305175781, 160.625, 1337, 642, 18.885683059692383, 241.66894040725538, 15.260515807398132, 263.9684894275415, 24.350659936736836, 227.91221839967037,8.591663904931492, 256.4578982245988, 17.798041036015153, 267.58185849558333, 24.585662984527946, 276.16045679217996,62.64834925045825, 95.36361631262992, 169.56631787502084, 891.0218188072919, -0.6639747674009061, 372.3734202671411, -21.624285120898747, 891.0218188072919, -0.6639747674009061,150.41470431219938, 888.2501334686243, 876.8973968803226, 11.352736588301696, 242.45725336469658,0.0, 0.0, 0.0, 0.0, 0.0,10.5625, 10.125, 12.5, 13.75, 16.1875,0.0, 0.75, 1.4375, 2.25, 4.125, 5.210526466369629,-3.71453857421875, 171.875
0, 335.0, 1150, 604, 1510, 964, 0.5514705810546875,0.33601088458905, 0.8604635801701807, 3.8212712915032174, 2.990824930935341,1.396610633378259e-05, 0.0010474126375356718, 0.001040262311571496, 0.0023147421359135476, 0.0009144801472994857,1643.38671875, 92.32677621141818, 310.125, 184.87501525878906, 1240, 739,320.125, 154.875, 1280, 619, 18.9680118560791, 241.96728307020155, 15.511542721447547, 264.34227836413004, 24.320012428660274, 227.9158250202802,8.893591878691751, 250.61445282359944, 18.481433487008115, 269.9227828902002, 23.93774958127872, 275.74650634734223,63.79124685612419, 103.97516633437593, 186.06145527172674, 919.1665817174514, -1.727535456439769, 495.2309546668126, -17.696517428027903, 919.1665817174514, -1.727535456439769,147.14599250440133, 890.539234948869, 876.6920845288518, 13.847150420017215, 243.33947421484606,0.0, 0.0, 0.0, 0.375, 0.75,16.875, 17.6875, 21.4375, 28.0, 31.75,0.0, 1.1875, 2.5, 3.9375, 5.0625, 2.8368425369262695,-4.75482177734375, 630.3125
0, 340.0, 1169, 593, 1529, 953, 0.59759765625,0.8122025606812895, 1.525816532954341, 3.909808758293512, 3.2285183555970436,0.0014059004391538113, 0.0015930743704211637, 0.0008004820149471925, 0.002335779012225885, 0.0005498842932814797,1885.165283203125, 100.77592892361034, 314.875, 182.12501525878906, 1259, 728,324.8750305175781, 152.125, 1299, 608, 18.190563201904297, 243.63401315222472, 14.895417541586546, 267.251961173097, 23.50360966256841, 228.92541394381746,9.005661268338798, 250.49797077749403, 18.242863867960427, 269.52504731445197, 23.5886086372929, 274.7996099019466,66.16994116650088, 108.52950944143586, 196.41585368340085, 916.5572524585886, -1.0418357558245912, 476.0055606209353, -17.180911392798503, 916.5572524585886, -1.0418357558245912,150.8789967155376, 890.2776215828222, 879.777555456568, 10.500066126254183, 244.3014221723648,0.0, 0.0, 0.0, 0.0, 0.375,15.3125, 18.0, 25.0, 31.9375, 34.375,0.0, 0.3125, 1.3125, 2.8125, 4.75, 2.3684210777282715,-5.34710693359375, 558.0
0, 345.0, 1186, 604, 1546, 964, 0.6375382690429687,0.6271206038142555, 1.3182865916471929, 4.4003664560979825, 4.235500303706649,0.0005288711748585228, 0.00124966414724895, 0.000858931972161372, 0.0021878904034787184, 0.0008986320371502643,1535.431884765625, 110.42873252671784, 319.125, 184.87501525878906, 1276, 739,329.1250305175781, 154.875, 1316, 619, 18.227264404296875, 243.97162940289846, 15.075701235741375, 267.66324929314624, 23.445458413729252, 228.9982024892378,9.088817363594673, 251.8213882310757, 18.257283044042996, 269.79643805093326, 23.335964820275457, 274.43504172480806,66.82341880327635, 108.3033012160754, 194.0692000873652, 924.3284756825605, -0.6780257639994393, 465.6025237433186, -16.588018193937103, 924.3284756825605, -0.6780257639994393,157.64032828835226, 889.7887054267985, 881.0702589066541, 8.718446520144425, 243.66277442337935,0.0, 0.0, 0.0, 0.0, 0.0625,16.5, 23.5, 29.875, 33.75, 36.6875,0.0, 1.4375, 2.0, 3.0625, 4.6875, 5.447368621826172,-4.94708251953125, 562.0625
0, 350.0, 1266, 640, 1626, 1000, 0.7497001342773437,0.3400009320175741, 0.7118708392820552, 1.9885891996859575, 2.8870050591859036,0.0009508938853684868, 0.0018625222697528443, 0.0017456385130094534, 0.0006462073736906859, 0.0019662555732702456,1223.410400390625, 69.78556563540548, 339.1250305175781, 193.87501525878906, 1356, 775,349.1250305175781, 163.87501525878906, 1396, 655, 18.49104118347168, 244.51793525347276, 15.447877357163154, 267.9186488892386, 23.615679908359652, 229.45996278653993,7.519168968906055, 250.93079986519774, 16.295904344841716, 261.6456864464119, 23.044598336037797, 270.8754613180992,58.021104256462024, 85.77542009518012, 159.76897166657827, 892.82844439399, -0.3961567341097354, 354.66671774485945, -19.366568921838184, 892.82844439399, -0.3961567341097354,168.37585006983593, 885.6122961847461, 873.6249841992691, 11.98731198547705, 244.8677908240857,0.0, 0.0, 0.0, 0.0, 0.3125,11.875, 15.125, 20.3125, 24.9375, 27.8125,0.0, 0.6875, 2.4375, 4.1875, 6.375, 5.589474201202393,-3.428466796875, 230.4375
0, 355.0, 1223, 600, 1583, 960, 0.7107489013671875,0.8691851078858599, 1.5254501779470593, 3.9458967029227643, 2.806919319339795,-5.611501615049972e-05, -0.00026398117739972804, 1.7245909061784916e-05, 0.002610841035923386, 0.0008124714234787688,1384.5885009765625, 104.36197221813957, 328.3750305175781, 183.87501525878906, 1313, 735,338.3750305175781, 153.875, 1353, 615, 19.31821060180664, 242.49167767391845, 16.37782440071945, 264.8579986424579, 24.303360794909693, 227.63312984170477,8.88077647080224, 251.00381458742518, 17.466720431175307, 268.8001456774602, 22.54446953756502, 272.9390117305218,64.81481193094706, 99.7305632927987, 168.41453830339069, 903.1559467863897, -0.21170218350066414, 408.4860776288248, -16.919564183136735, 903.1559467863897, -0.21170218350066414,161.216159236071, 888.4718431630884, 883.2575459731225, 5.214297189965805, 246.3727893996006,0.0, 0.0, 0.0, 0.125, 0.9375,19.875, 24.75, 31.4375, 36.25, 38.6875,0.0, 0.6875, 2.25, 3.3125, 5.6875, 1.8315794467926025,-4.196075439453125, 461.6875
0, 360.0, 1252, 602, 1612, 962, 0.7439738159179687,1.3792617207579314, 2.43149355157977, 5.29491640141001, 3.519653967879712,0.0002456530176135629, 0.00016472083916596603, 0.0008533748258923879, 0.0021672772692727447, 0.0008309535272661606,1093.904296875, 108.81935628167875, 335.6250305175781, 184.37501525878906, 1342, 737,345.6250305175781, 154.375, 1382, 617, 18.85115623474121, 244.75462862897038, 15.854114048221122, 267.6933552648016, 23.91399737768512, 229.7801994670163,7.955913235122642, 247.176818614332, 16.32081691432078, 267.2682981711664, 21.628841206200477, 272.121547369898,62.66768997836778, 94.96301211429855, 171.4340174860324, 867.614748206894, -0.3812058635021155, 358.2292957073925, -18.248955684900952, 867.614748206894, -0.3812058635021155,155.53095904335362, 885.7207190377255, 873.7402849585976, 11.980434079127917, 249.11270292293528,0.0, 0.0, 0.0, 0.25, 0.6875,20.9375, 28.4375, 31.625, 32.9375, 35.3125,0.0, 0.75, 1.9375, 3.9375, 5.3125, 6.826315879821777,-4.496063232421875, 311.625