BSS_NC_RLTRN_ALL: UH_Thresh: 150.0, u_rad: 5.0, track_on: 220.0 min,,,,,,,,,,,,,,,,,,,,,,,,,,,,,,,,,,,,,,,,,,,,,,,,,,,,,,,,,,,,,,,,,,,,
Mode, Time, x1, y1, x2, y2, zs_surface, w500m, w1km, w3km, w5km,zvort_suf, zvort500m, zvort1km, zvort3km, zvort5km,UH_Max, UH_Area, UH_X, UH_Y, UHi, UHj,SX, SY, SXi, SYj, meanWnd, meanWnd_dir, rm, rm_dir, lm, lm_dir,shear1km, shear1km_dir, shear3km, shear3km_dir, shear6km, shear6km_dir,srh500m, srh1km, srh3km, sbcape, sbcin, mlcape, mlcin, mucape, mucin,3CAPE, LCL, LFC, LFC-LCL, EL,wA500m, wA1km, wA3km, wA5km, wA8km,zA500m, zA1km, zA3km, zA5km, zA8km,wzA500m, wzA1km, wzA3km, wzA5km, wzA8km, meso_depth, CP_Min, CP_area, dBZ_Area
bool, min, idx, idx, idx, idx, km,ms^-1, ms^-1, ms^-1, ms^-1,s^-1, s^-1, s^-1, s^-1, s^-1,m^2s^-2, m^2s^-2, km, km, idx, idx,km, km, idx, idx, ms^-1, deg, ms^-1, deg, ms^-1, deg,ms^-1, deg, ms^-1, deg, ms^-1, deg,m^2s^-2, m^2s^-2, m^2s^-2, Jkg^-1, Jkg^-1, Jkg^-1, Jkg^-1, Jkg^-1, Jkg^-1,Jkg^-1, hPa, hPa, hPa, hPa,km^2, km^2, km^2, km^2, km^2,km^2, km^2, km^2, km^2, km^2,km^2, km^2, km^2, km^2, km^2, km, K, km^2, km^2
0,120,1602,958,1962,1318,0.001301918,0.379123147,0.4053043,0.334748305,-0.080627842,-1.88E-07,0.000370854,0.000395612,0.000180946,-6.61E-05,210.985321,3.000081049,423.1250305,273.375,1692,1093,433.1250305,243.3750153,1732,973,14.23595524,239.6679682,12.6948596,271.3532307,18.88558663,218.9925129,7.88304283,225.2048241,15.51616483,256.9828256,23.73423865,258.7743842,60.17106598,95.49960636,176.301799,1098.684712,-7.096176228,897.6100419,-12.76391235,1098.684712,-7.096176228,84.09369234,894.5082311,871.5688054,22.93942578,240.836574,0,0,0,0,0,1.9375,0.9375,1.0625,2.25,3.0625,0,0,0,0,0,1.49473691,-1.219940186,0.125,0
0,125,1407,778,1767,1138,0.010860995,0.033388492,-0.036425927,-0.391606252,0.020466681,0.000315461,0.000227605,-5.01E-05,-8.18E-05,4.42E-05,404.2522583,6.124420061,374.3750305,228.3750153,1497,913,384.3750305,198.3750153,1537,793,14.20234108,240.1907372,13.22931457,271.6700492,18.46342997,218.2184953,7.371414493,210.565543,15.32411288,244.5259402,22.16180924,255.9920657,47.34596718,83.42987096,179.0368674,1245.474247,-3.424566454,986.1224414,-8.688239197,1245.474247,-3.424566454,129.9754785,899.7237945,888.0171495,11.70664496,231.7999409,0,0,0,0,0,0.1875,0.25,1.4375,2.9375,4.5,0,0,0,0,0,1.663157701,-1.059509277,0.25,4.4375
0,130,1615,975,1975,1335,0.028832968,0.104437712,0.192865969,0.260704679,0.274268166,-0.000328954,-1.36E-05,4.16E-05,-1.47E-05,5.61E-05,285.6085205,5.280119913,426.3750305,277.625,1705,1110,436.3750305,247.6250153,1745,990,14.22018719,241.9654526,13.68199235,273.074241,18.15848407,219.0548219,8.464189283,217.6487224,16.53204112,250.1686327,24.34818434,257.9559363,63.93893336,110.7505533,207.2281029,1128.673263,-3.577127131,937.8832352,-9.37934437,1128.673263,-3.577127131,111.1628369,896.3851874,880.7490893,15.6360981,238.1934563,0,0,0,0,0,1.75,1.625,1.25,1.3125,1.5625,0,0,0,0,0,2.394736767,-1.004608154,0.0625,0
0,135,1636,978,1996,1338,0.023337889,-0.045856213,-0.127163866,-0.135513813,-0.07457669,-0.000209872,-6.78E-06,-0.000105525,4.41E-06,8.53E-05,229.1316833,3.695783046,431.6250305,278.375,1726,1113,441.6250305,248.3750153,1766,993,14.13538361,239.8158964,13.16193925,271.4541584,18.40873444,217.7886281,8.997599943,218.5258006,16.13963075,250.9568229,23.63538168,258.1520447,63.40666227,111.2152611,196.3444646,1086.969534,-4.415905057,904.4264512,-13.73843068,1086.969534,-4.415905057,88.10522597,894.7889159,873.0180049,21.77091102,239.1532583,0,0,0,0,0,1.6875,1.625,1.4375,2.125,2.625,0,0,0,0,0,1.747368813,-1.186920166,0.0625,0
0,140,399,805,759,1165,0,-0.04789633,-0.014818314,0.781208324,2.518387814,4.59E-05,-0.000754698,-0.001026381,-0.000707809,-0.000513458,367.9371948,21.54508342,122.3750076,235.1250153,489,940,132.375,205.1250153,529,820,14.24381924,240.4529892,13.31718552,271.8043019,18.46416362,218.4130784,8.538867876,224.3072689,17.57827768,259.1913809,24.39742087,263.5696961,75.38615347,123.6325858,226.6293341,1250.227818,-8.09893815,841.0627449,-19.35712621,1250.227818,-8.09893815,76.79320786,901.9993097,873.6159373,28.38337238,226.7624654,0,0,0,0,0.625,1.375,7.625,18.6875,29.9375,31.875,0,0,1.0625,3.0625,6.4375,0.426316023,-0.351143032,0,64.5625
0,145,336,883,696,1243,0,1.092421007,1.634176825,1.351927609,-0.673056391,0.000474533,3.36E-05,0.00050503,0.000319342,-0.000116048,1292.687378,33.95832703,106.6250076,254.6250153,426,1018,116.6250076,224.6250153,466,898,14.01428223,236.8161456,11.63337029,269.1576482,19.23447174,217.9379867,28.28640949,232.4113566,37.10628611,281.7628238,26.81160547,259.294708,467.7050172,676.9876752,1247.280679,535.4862638,-129.1650025,87.94896828,-290.8326652,535.4862638,-129.1650025,3.340800314,900.7314196,550.2278841,350.5035355,224.1089842,0,0.3125,1.875,18.375,38,22.9375,36.125,55.9375,75.625,91.875,1.875,7.5,15.5,24,30.8125,3.3157897,-1.487579346,70.875,284.375
0,150,319,896,679,1256,0,0.838674846,1.020259456,0.098754997,-0.054074046,6.32E-05,-0.000737148,-0.000431224,-0.000115465,-0.000128275,740.5942383,19.95379378,102.3750076,257.875,409,1031,112.3750076,227.8750153,449,911,17.85914993,228.7018536,14.29761193,252.5397778,23.36614563,214.3841998,19.76769698,239.3305022,22.93458493,252.6564062,29.3577103,279.8188154,318.8219192,429.9797842,631.3512737,97.19662441,-79.13881004,111.2211575,-75.70947681,707.6911877,-0.034385084,0,850.4505792,687.6207851,162.8297941,495.5073122,0,0.8125,4.0625,7.5625,16,33.4375,54.8125,80.0625,92.875,106.8125,1.5625,8.375,14.375,22.625,31.375,2.394736767,-2.234008789,196.375,55.125
0,155,315,905,675,1265,0,1.32885101,1.92350613,1.751749248,1.045511552,0.000446769,0.000559658,0.000512308,-0.000255871,0.000163162,720.3276367,40.3396775,101.3750076,260.125,405,1040,111.3750076,230.1250153,445,920,17.49746132,237.0766764,12.49906576,258.8715418,23.84524391,225.8542614,21.05900897,250.7903575,20.25009204,297.4503613,27.44342992,275.9766974,279.2775808,415.1728854,534.055497,136.1609608,-143.936363,218.9641332,-104.9189302,336.80724,-61.80426712,0,863.451654,609.8467613,253.6048927,338.7334855,0,0,0.1875,1.75,6.4375,41.5625,62.5,81.6875,91.6875,107.4375,0.0625,3.25,10.25,17.75,22.6875,3.299999952,-2.54574585,189.625,12.4375
0,160,339,949,699,1309,0,0.827911399,1.008171156,0.052151704,-2.576105749,6.80E-05,-0.000403847,-0.000110853,-9.51E-05,-8.10E-05,1582.514526,34.55024271,107.3750076,271.125,429,1084,117.3750076,241.1250153,469,964,17.01982689,239.0644254,11.94081811,261.384588,23.43642166,227.9074121,18.85739377,230.2428535,19.73785887,273.6412508,25.62099015,275.3255891,327.1489266,506.4685178,746.645413,600.7016231,-17.89544325,482.991924,-8.707236651,600.7016231,-17.89544325,57.12598273,890.1809373,865.8374212,24.3435161,274.4798907,0,0,0,0.875,1.75,36.3125,60.625,81.625,94.25,104,0,0.9375,3.25,6.5,8.25,1.663157701,-3.03068924,304.9375,166.6875
0,165,347,843,707,1203,0,0.723656882,0.668295255,-1.234247057,-1.719828105,-0.000172451,9.75E-05,0.000276082,0.000534861,0.000213433,442.2641296,9.084499907,109.3750076,244.6250153,437,978,119.3750076,214.6250153,477,858,17.82439804,231.6680408,10.77048917,242.2195062,25.13791703,227.1680766,12.75586475,244.4867076,22.70245037,283.0986859,26.3992476,282.9596369,111.3016444,172.5609505,317.6846414,1036.451674,-27.08405573,602.1213954,-53.04771784,1036.451674,-27.08405573,26.55015125,897.9747243,813.4158412,84.55888313,231.0080501,0,0,0,0.125,0.3125,30.25,42.5,55.8125,62.375,64.5625,0,0.875,2.5625,5.625,8.125,1.152631283,-3.039306641,125.875,74
0,170,468,906,828,1266,0,-0.39720174,-0.287887128,2.077827372,1.110707675,-6.76E-06,0.000201861,0.000295523,-0.001601169,0.000920557,381.3334045,19.05240489,139.625,260.375,558,1041,149.625,230.3750153,598,921,16.77920341,237.0002875,11.34108355,258.5800774,23.38724244,226.7263896,11.36095962,236.86464,26.62319578,275.6376468,34.29344067,278.6972164,122.0492909,215.7605661,507.6042602,1144.339539,-57.81245105,657.7489663,-118.7546019,1144.339539,-57.81245105,6.964315661,901.0078373,733.9643602,167.0434771,219.8343551,0,0,0,0,0,2.5625,5.625,9.5,12.625,19.9375,0,0,0,0,0,1.578947306,-4.105438232,719.5,951.875
0,175,473,837,833,1197,0,0.952413771,1.551604708,3.859590204,3.194799053,-6.63E-05,0.000457538,0.00071409,0.00081019,0.001150499,724.1011963,61.16778758,140.875,243.1250153,563,972,150.875,213.1250153,603,852,17.56858063,229.997035,12.58958896,251.7357229,23.90214059,218.7475629,9.588915432,237.4814744,20.07325488,272.9702667,27.23242461,280.1630842,78.41538076,133.803423,249.5011524,976.6430308,-28.06468154,524.1760073,-65.0245137,976.6430308,-28.06468154,25.10717452,901.179036,795.6696451,105.509391,229.7200384,0,0,0,0,0,1.75,4.875,6.0625,7.8125,8.75,0,0,0,0,0,2.49473691,-4.283874512,447.0625,515.5625
0,180,467,875,827,1235,0,-0.03003489,0.292214131,2.063613468,1.745550317,-9.38E-05,-0.00016046,-0.000545648,0.000129127,0.000938781,662.6914063,33.24481717,139.375,252.6250153,557,1010,149.375,222.6250153,597,890,17.03596687,235.2405576,11.81619495,257.1217889,23.52287896,224.4505891,12.37567358,251.8337372,23.7106032,285.2009498,27.47502097,285.1791342,106.0825219,205.1495315,368.4753656,1012.260423,-79.30404732,503.9078354,-148.2480117,1012.260423,-79.30404732,3.809989117,900.5549957,730.1104777,170.444518,228.398715,0,0,0,0,0,4.875,7.375,14,17.625,18.125,0,0,0,0,0,3.994737148,-4.44342041,753.625,603.375
0,185,495,874,855,1234,0,0.035651522,0.211739727,2.351333499,3.394905667,-0.000195799,0.000101319,9.05E-05,0.000181339,0.000886842,695.9089966,53.06771921,146.375,252.3750153,585,1009,156.375,222.3750153,625,889,17.69614029,237.1872025,12.47490792,258.0649985,24.14919246,226.5788074,11.08225931,242.5305961,23.66051207,279.0450369,28.0514788,279.460531,99.97369663,176.364595,345.2976221,1129.913919,-35.43604633,661.9328334,-76.22106894,1129.913919,-35.43604633,24.98602994,901.0869316,796.2675766,104.819355,228.8939327,0,0,0,0,0,0.875,2.25,6.6875,11.8125,13.625,0,0,0,0,0,5.647368431,-4.889923096,718.1875,612.75
0,190,508,857,868,1217,0,0.667264288,1.258673259,4.613209094,3.813901951,-4.63E-05,0.000424303,0.000558338,0.002038181,0.000724732,887.6976929,83.91663265,149.625,248.1250153,598,992,159.625,218.1250153,638,872,17.2849369,236.1183599,12.62161551,259.0569513,23.46769881,224.0185153,10.26073489,238.8759804,21.94049759,275.0312626,26.76198607,277.464094,87.43456791,152.062117,294.6469153,1161.876778,-21.79072591,718.403332,-53.09484355,1161.876778,-21.79072591,40.58605,901.4292902,805.1275823,96.30170781,229.1126622,0,0,0,0,0,0.375,2.1875,3.125,5.0625,11.125,0,0,0,0,0,2.026315451,-5.834686279,598.3125,452.4375
0,195,532,847,892,1207,0,1.636503493,2.593888441,5.440101616,2.825070722,0.00010924,0.00112887,0.001175841,0.003111858,0.001742749,444.3424377,79.2283747,155.625,245.6250153,622,982,165.6250153,215.6250153,662,862,16.62399864,236.957394,12.27119929,261.6490402,22.68550851,223.8978364,9.83315095,235.6220783,20.93264434,271.4898915,26.38835508,274.8611909,82.0308912,142.6239341,283.1707468,1171.526494,-12.92793563,748.3664243,-39.33947337,1171.526494,-12.92793563,46.81466224,901.6521596,836.0614258,65.59073375,229.5055988,0,0,0,0,0,0.375,1.0625,1.6875,1.625,5.875,0,0,0,0,0.0625,1.921052933,-5.723327637,453.375,395.375
0,200,515,857,875,1217,0,0.091437934,0.454232115,3.00723219,1.611790824,5.55E-05,-0.00037098,-0.000859407,0.000725322,0.000455831,889.5540771,50.31255425,151.375,248.1250153,605,992,161.3750153,218.1250153,645,872,16.33176994,236.5906401,12.24907012,262.2915259,22.26911897,222.7902123,10.36100709,240.2929032,21.13478474,277.1570634,26.12475091,276.1564133,85.67081545,152.523028,291.536413,1144.023865,-18.77288698,708.6687503,-47.09349253,1144.023865,-18.77288698,48.44235678,901.5081521,811.9267353,89.58141678,230.0906462,0,0,0,0,0,0.375,0.5,2.0625,4.5625,9.3125,0,0,0,0,0.5,2.131579161,-5.400726318,699.1875,315.25
0,205,548,845,908,1205,0,1.905818135,3.191328858,5.982479943,4.153767102,0.000123485,0.000396923,0.001508058,0.003075454,0.001992162,735.9748535,120.4626779,159.625,245.1250153,638,980,169.6250153,215.1250153,678,860,16.53886032,237.9936839,12.41723371,263.249799,22.48066074,224.3626065,9.821267057,235.9034001,20.67902752,272.0110896,26.16843205,273.6099685,81.55444624,142.4682398,281.3793831,1140.504258,-11.32757116,724.1881827,-34.42857346,1140.504258,-11.32757116,55.00660798,901.7310334,852.3168361,49.41419725,230.2345972,0,0,0,0,0,0.625,1.75,2.125,2.875,5.125,0,0,0.0625,0.0625,0.3125,2.989473343,-5.043365479,490.6875,315.125
1,210,570,850,930,1210,0,2.187320305,3.641007988,7.468218418,6.221477069,-7.83E-05,0.000798619,0.001640074,0.003412016,0.002273384,1117.946655,170.1239238,165.1250153,246.3750153,660,985,175.1250153,216.3750153,700,865,16.31216812,236.8944606,12.43623644,262.9477174,22.13625362,222.6093119,9.83279456,234.8273585,20.91507906,270.1065733,26.80827806,272.0388065,81.88902261,142.0091954,282.1131609,1144.711729,-9.992170489,732.2877087,-29.01143278,1144.711729,-9.992170489,63.47081945,901.8412736,864.7976957,37.04357791,229.6997897,0,0,0,0,0,1.625,0.6875,1.8125,2.4375,4.9375,0,0,0,0,0,3.48421073,-4.770355225,475.3125,376.125
1,215,579,858,939,1218,0,1.664061498,3.008008287,8.508636206,8.949219466,9.37E-05,0.000708928,0.001015466,0.003128098,0.002664031,1459.142578,230.5012213,167.3750153,248.3750153,669,993,177.3750153,218.3750153,709,873,16.39927101,235.866886,12.54916833,261.7940446,22.20113946,221.5583979,10.029308,235.8064524,21.35533753,270.8815402,27.50565927,273.0003605,84.3985259,146.3834146,289.6671905,1128.651663,-9.997109755,713.8023649,-29.17067446,1128.651663,-9.997109755,64.3774296,901.843405,864.5941989,37.24920605,228.9598266,0,0,0,0,0.125,2.25,1.875,2.9375,5.625,8.375,0,0,0.25,0.5,0.875,8.131578445,-6.356140137,545.625,414.9375
1,220,602,854,962,1214,0,2.459370143,4.134997036,9.05480757,9.737354816,0.000336253,0.001609594,0.00241742,0.004174988,0.003589246,1075.058105,251.2695973,173.1250153,247.3750153,692,989,183.1250153,217.3750153,732,869,16.80989265,235.5050772,12.6130135,260.153097,22.77184346,222.1494673,10.0063319,235.0320183,21.3711735,269.4076364,27.89719241,272.9360338,83.34765598,144.1224282,286.308214,1102.777968,-9.181324017,692.343766,-25.96769552,1102.777968,-9.181324017,66.40793098,901.9139629,868.0584961,33.85546689,228.9878781,0,0,0,0,1.0625,3.9375,5.0625,7.3125,10.0625,12.875,0,0,0.1875,0.75,1.4375,5.436842442,-5.822570801,455.9375,407.875
1,225,616,858,976,1218,0,2.36069391,4.022786036,8.91959337,10.68267643,0.00068566,0.001843457,0.002890732,0.004427655,0.003100961,1508.779053,289.94656,176.6250153,248.3750153,706,993,186.6250153,218.3750153,746,873,16.97831726,234.6925169,12.64165813,258.8009656,23.0046742,221.7212634,10.1809902,236.1711026,21.76822801,270.1351098,28.49025804,275.330179,85.39477907,148.6689856,297.7590202,1055.336691,-9.465506776,642.7928148,-27.85150253,1055.336691,-9.465506776,61.55936187,901.8863932,866.5219585,35.36443471,228.942015,0,0,0,0.0625,3.375,5,9.1875,11.5,16.625,18.9375,0,0.4375,1.25,3.25,5.0625,4.742105007,-5.745819092,470.5,444.5
1,230,630,855,990,1215,0,2.528190792,4.273247494,9.720965615,10.38635375,0.001273337,0.002497472,0.003105955,0.00615473,0.004850169,1377.362061,316.8024687,180.1250153,247.6250153,720,990,190.1250153,217.6250153,760,870,17.37648773,234.4103208,12.71499775,257.2080011,23.55235641,222.3357518,10.23112939,236.6353642,21.87339832,269.9878746,28.68272834,276.314218,84.65130284,147.4779754,294.8056165,1038.440715,-9.261384576,626.4749755,-27.22608173,1038.440715,-9.261384576,61.27776385,901.9148821,867.2465935,34.66828852,228.7669644,0,0.0625,1.625,3.25,5.9375,4.875,8.5,14.0625,18.375,21.0625,0.8125,2.6875,3.875,4.9375,6.125,8.436841965,-5.775115967,457.625,449.75
1,235,644,861,1004,1221,0,1.714867148,3.094217836,9.295978316,11.73644545,0.001937321,0.002831965,0.002478104,0.005187681,0.005219698,2074.616455,320.7564332,183.6250153,249.1250153,734,996,193.6250153,219.1250153,774,876,17.39667511,234.5204508,12.75033398,257.3197542,23.56305441,222.416574,10.46884215,236.7646187,22.56187677,269.5951797,29.39783718,277.242632,87.915976,153.7268503,311.8093568,1040.747511,-8.703724907,630.9016354,-25.22217507,1040.747511,-8.703724907,64.29805372,902.0227437,869.3976165,32.62512717,228.5991812,0,0,0.25,0.625,4.4375,8.5,13.6875,20.25,22.4375,25.5,0.0625,0.8125,2.125,4.375,6.625,6.700000286,-5.894256592,496.1875,500.4375
1,240,649,865,1009,1225,0,0.149892901,0.673709875,5.985228852,7.918913581,0.001585839,0.001187985,0.00052473,0.001945334,0.003330409,1885.657227,199.0409225,184.8750153,250.1250153,739,1000,194.8750153,220.1250153,779,880,17.46905327,234.7513931,12.85880319,257.5157045,23.61115923,222.586193,10.6088208,237.3084657,22.95769439,270.253354,29.50012152,277.6121042,88.4093233,154.8589849,316.294806,1066.964971,-8.198098086,659.8553781,-23.11475987,1066.964971,-8.198098086,69.07337496,902.1065319,871.4472107,30.65932123,228.3075215,0,0,0,0.625,3,12.3125,19.6875,22.75,25.8125,31.875,0,0.5,2.125,3.75,6.625,5.210526466,-5.822357178,601.9375,514.25
1,245,667,858,1027,1218,0,1.267134825,2.293138043,7.924350041,8.016371457,0.002149815,0.001947579,0.001369871,0.004432707,0.004002509,1773.640625,262.7150946,189.3750153,248.3750153,757,993,199.3750153,218.3750153,797,873,17.39386559,235.9110226,12.95008397,259.1345581,23.44970161,223.3333629,10.51040089,236.2093926,22.72251003,268.8148852,29.38344133,275.6759368,87.81335279,153.0486641,312.2560317,1097.877784,-7.427395762,695.6481512,-19.4760047,1097.877784,-7.427395762,75.98579545,902.2209568,874.8781697,27.34278703,227.9174564,0,0,0.0625,2.125,6.1875,15.5625,24.875,31.0625,36.8125,40.4375,0.1875,1.5625,4.0625,7,9.5625,3.326316357,-5.50479126,549.5,461.0625
1,250,699,847,1059,1207,0,2.59526318,4.188794417,7.972964379,6.222943053,0.002267729,0.002459745,0.002013993,0.003834841,0.002025368,2649.958252,269.3700744,197.3750153,245.6250153,789,982,207.3750153,215.6250153,829,862,17.10523987,236.0208521,12.93959141,260.2194656,23.02705771,222.7040142,10.39385408,234.6316736,22.48051136,265.7885923,29.51611038,272.9076475,86.51045782,149.7411023,305.1659828,1110.725478,-6.744735224,723.701583,-16.79014687,1110.725478,-6.744735224,83.2682378,902.0560791,877.5725365,24.48354266,228.7588741,0,0,0.25,0.875,3.3125,22.25,31.125,42.5625,43.9375,45.75,0.25,3.3125,5.125,7.125,9.75,2.989473343,-6.447570801,395.6875,401.9375
1,255,710,866,1070,1226,0,0.80935155,1.807168823,8.386961889,11.26595095,0.00071543,0.000745989,0.000659995,0.004600428,0.0042298,3234.465088,297.2245424,200.1250153,250.3750153,800,1001,210.1250153,220.3750153,840,881,16.77021217,235.1501259,12.92483203,260.4137311,22.5372751,220.9827773,10.55544007,233.0197626,23.62223159,263.5748461,30.71011844,270.5812714,87.04728574,151.4500328,321.729996,1112.950335,-5.651785604,762.7917665,-13.61638417,1112.950335,-5.651785604,99.95047922,901.523341,881.5640743,19.95926678,231.8927839,0,0,0.75,2.4375,3.75,28.625,41.5,50.5,52.0625,50.9375,0.3125,2.6875,5.5,6.625,8.125,3.3157897,-7.215240479,508.625,536.5
1,260,724,872,1084,1232,7.88E-05,-0.130160807,0.34030403,4.151599505,6.55396449,0.000275716,0.000736836,0.000799294,0.001929486,0.002454711,2062.704346,158.7952971,203.6250153,251.8750153,814,1007,213.6250153,221.8750153,854,887,16.83935738,235.0088366,13.32292661,260.5606446,22.40820323,220.1494403,10.57187093,232.4005103,24.1545464,262.1609969,31.41737823,268.7937253,87.93259003,152.2367288,325.6495925,1108.167176,-5.12675037,790.8224157,-11.97308061,1108.167176,-5.12675037,110.2052759,900.6515135,883.0064002,17.64511328,232.8897045,0,0,0.1875,2.0625,7,35.0625,51.4375,65.5,68.8125,67.625,0.25,2.875,6.5625,12.625,18.25,5.984210014,-7.849761963,564.4375,527.75
1,265,753,852,1113,1212,0.008758368,2.014136754,3.555157013,8.859903153,7.876853289,0.002389,0.002650199,0.002713873,0.005059699,0.003118801,2129.943359,246.3749934,210.8750153,246.8750153,843,987,220.8750153,216.8750153,883,867,16.82696533,234.5418429,13.42980704,260.2417015,22.32563137,219.4205779,10.82664574,231.9825027,23.53421482,260.2505247,31.16595704,267.0493223,91.77000298,154.0400105,306.0691525,1119.141127,-5.594246727,795.5091439,-12.63844774,1119.141127,-5.594246727,108.4450759,900.4784123,881.2190162,19.25939615,233.7971499,0,0,0.4375,1.375,4.875,27.5,40.0625,53.4375,57.25,54.1875,0.0625,2.875,6.1875,8.5,10.375,5.984210014,-6.859771729,418.0625,426.0625
1,270,767,851,1127,1211,0.025060387,2.001117243,3.292498059,8.311048192,7.20953382,0.002283172,0.002412618,0.002413056,0.003887784,0.002666024,2380.9729,268.5127285,214.3750153,246.6250153,857,986,224.3750153,216.6250153,897,866,16.29109383,233.9085341,13.08530011,260.76126,21.72727443,218.1230287,10.70774223,231.6510746,23.53491799,259.9790383,31.21460639,266.7853628,90.22025065,151.9600678,307.7113716,1097.545495,-5.383215189,778.6849655,-12.02910998,1097.545495,-5.383215189,111.6531185,899.9374836,881.8862118,18.05127183,234.4212325,0,0,0,0.125,0.9375,29.4375,42.6875,52.8125,56.4375,56.75,0.25,2.625,4.75,7.3125,8.5,3.15789485,-5.864501953,416,416.0625
1,275,785,850,1145,1210,0.030387369,1.693399911,2.803619549,7.397372512,7.009594316,0.002828948,0.002059869,0.001437906,0.003242191,0.002901884,1309.081421,218.7364153,218.8750153,246.3750153,875,985,228.8750153,216.3750153,915,865,16.26059723,234.2320255,13.14007712,261.2131333,21.64838021,218.24714,11.05072627,233.4361856,24.10679243,259.6337996,31.85687142,266.4113553,92.54459555,154.1905175,311.1513125,1075.921651,-5.21824967,784.3474633,-11.34647273,1075.921651,-5.21824967,113.6664369,899.0019974,881.6211655,17.38083192,235.1536248,0,0,0.0625,0.0625,0.875,31.125,44.125,59.1875,59.625,58.0625,0.125,2.75,4.5625,4.375,5.75,6.805263519,-5.257232666,373.875,432.375
1,280,799,856,1159,1216,0.081281258,1.169184562,1.929313842,6.858608869,7.234573175,0.001950252,0.001879305,0.001106447,0.00272281,0.002421846,987.8070068,177.8836582,222.3750153,247.8750153,889,991,232.3750153,217.8750153,929,871,16.03969002,234.1917547,13.11242,261.7370069,21.33325605,217.6781619,11.87249615,234.429459,25.05568678,259.267278,32.68348908,265.760411,101.5775824,165.4137047,324.151082,1118.786115,-4.364009074,802.8842633,-10.48439669,1118.786115,-4.364009074,127.7303333,899.5160763,883.8895455,15.62653081,232.7537279,0,0,0,0.1875,1.0625,34.0625,52.625,65.375,70.1875,73.25,0.0625,2.3125,5.75,7.9375,9.1875,2.689473391,-6.174407959,424.4375,438.1875
1,285,815,851,1175,1211,0.088800819,1.737032441,2.79613904,6.984758631,6.092225089,0.001886761,0.00060671,0.000450164,0.002729308,0.002213184,1615.225464,179.0147684,226.3750153,246.6250153,905,986,236.3750153,216.6250153,945,866,15.96896935,234.3138375,13.1456941,262.061375,21.20628911,217.5391426,11.71620969,230.3955766,24.57811181,257.0099824,32.20929637,263.4992222,98.02431577,163.7403628,316.8429188,1094.385633,-3.841802837,837.9633259,-10.16798495,1094.385633,-3.841802837,127.3810333,897.2428963,882.006468,15.23642827,235.9196607,0,0,0,0.125,0.625,37.1875,53.75,63.5625,65.625,60,0,1.3125,3.4375,5.1875,4.8125,2.689473391,-6.168182373,362.0625,366.8125
1,290,833,854,1193,1214,0.082499161,1.676257652,2.977160479,7.702043921,7.127365193,0.001510726,0.000258333,0.00029651,0.002867178,0.002351179,1975.608154,200.8883341,230.8750153,247.3750153,923,989,240.8750153,217.3750153,963,869,15.67963314,234.6428478,13.17256794,263.1155542,20.75295773,217.0288834,11.38262215,229.356937,24.51333804,256.1298579,32.21372608,263.3219788,94.21753096,160.0715904,320.5496308,1013.339584,-3.333638554,839.2642964,-9.372884755,1013.339584,-3.333638554,122.79028,893.9085443,880.2996821,13.60886221,242.290351,0,0,0.5,1.375,2.375,30.375,38.4375,50.875,53.6875,53.75,0,1.0625,2.625,4.1875,5.4375,3.826316357,-5.324371338,325.8125,380.1875
1,295,851,862,1211,1222,0.137920578,0.910885195,1.977704717,7.60955991,9.40373848,0.001041535,0.000570904,0.000496517,0.001873839,0.001898607,1048.382446,175.4034427,235.3750153,249.3750153,941,997,245.3750153,219.3750153,981,877,15.80128765,234.2967484,13.16756465,262.4735517,20.93983285,217.0234941,11.75106972,231.8990105,24.78763601,257.2292725,32.34451719,265.7890568,101.5717127,165.4997167,326.7189603,908.2958202,-4.185830415,732.7832129,-10.10466354,908.2958202,-4.185830415,114.7359776,891.0025497,874.2861342,16.71641548,246.4185192,0,0,1.375,3.25,5.4375,27.9375,37.1875,48.6875,51.9375,50,0,2.5625,4.9375,7.4375,8.6875,5.984210968,-5.496765137,362.9375,452.1875
0,300,869.5,858,1229.5,1218,0.182756119,1.301030027,2.26682304,6.918066746,8.264436066,0.001075269,0.001381909,0.001462042,0.002851284,0.002585729,1594.27533,177.3756124,240.0000153,248.3750153,959.5,993,250.0000153,218.3750153,999.5,873,15.21065998,234.2323056,12.8264517,263.7518303,20.26924011,216.0585952,11.50904483,233.6407429,24.32008068,257.9929423,31.94040907,266.5393053,91.63974599,158.1130401,316.852406,904.8784382,-3.579057391,720.2707569,-10.4582047,904.8784382,-3.579057391,116.4576847,890.1317895,873.0086064,17.12318314,246.1480224,0,0.03125,1.5625,3.25,5.03125,28.4375,37.40625,46.25,49.375,47.0625,0.1875,3.21875,6.0625,8.5625,9.90625,6.394737244,-5.255432129,328.46875,428.90625
1,305,888,854,1248,1214,0.22759166,1.691174859,2.555941364,6.226573582,7.125133653,0.001109002,0.002192914,0.002427566,0.003828728,0.003272851,2140.168213,179.3477821,244.6250153,247.3750153,978,989,254.6250153,217.3750153,1018,869,14.62003231,234.1678627,12.48533874,265.030109,19.59864737,215.0936962,11.26701994,235.3824753,23.85252535,258.7566121,31.53630094,267.2895537,81.70777927,150.7263635,306.9858517,901.4610562,-2.972284367,707.7583008,-10.81174587,901.4610562,-2.972284367,118.1793918,889.2610293,871.7310785,17.52995079,245.8775255,0,0.0625,1.75,3.25,4.625,28.9375,37.625,43.8125,46.8125,44.125,0.375,3.875,7.1875,9.6875,11.125,6.805263519,-5.014099121,294,405.625
1,310,899,861,1259,1221,0.406886322,0.73923852,1.392487988,5.573887497,6.786277605,0.001721632,0.002826138,0.002562258,0.003591017,0.002436991,1462.677246,154.2520296,247.3750153,249.1250153,989,996,257.375,219.1250153,1029,876,16.03618622,234.8746097,13.08806156,262.4129073,21.34294189,218.4042004,11.89556156,236.2905489,23.83735841,260.0037636,31.1497964,269.6327731,85.17513694,162.4546175,302.7636707,866.8876448,-1.224320836,641.7680357,-15.53513532,880.5101975,-0.17666534,129.4401347,886.15056,874.289794,11.860766,248.3679408,0,0.1875,1.375,2.5,4.3125,21.3125,31,40.3125,46.6875,47.375,0.75,5,9.25,11.5625,10.6875,2.242105246,-5.199523926,337.6875,411.5625
0,315,920.5,862,1280.5,1222,0.3123106,1.188555518,2.069342741,5.498477051,5.507547146,0.001617756,0.002102563,0.00239608,0.003613326,0.002421926,1433.659302,148.8686662,252.7500076,249.3750153,1010.5,997,262.75,219.3750153,1050.5,877,13.68981981,234.1128182,11.13891071,268.48056,19.11830759,215.3799565,11.29425365,239.6695391,23.41617799,259.8233305,30.59123671,270.0710613,77.75999587,141.1845623,295.170079,813.0214313,-3.643274511,639.8209538,-13.4036053,831.5034638,-3.062310604,111.9394199,881.7230398,864.9758778,16.74716205,253.9286672,0,0.09375,0.6875,1.375,2.71875,20.28125,29.5625,37.96875,42.1875,43.125,0.4375,3.03125,6.125,7.96875,8.21875,4.721052766,-4.759979248,329.21875,420.84375
0,320,920.5,862,1280.5,1222,0.3123106,1.188555518,2.069342741,5.498477051,5.507547146,0.001617756,0.002102563,0.00239608,0.003613326,0.002421926,1433.659302,148.8686662,252.7500076,249.3750153,1010.5,997,262.75,219.3750153,1050.5,877,13.68981981,234.1128182,11.13891071,268.48056,19.11830759,215.3799565,11.29425365,239.6695391,23.41617799,259.8233305,30.59123671,270.0710613,77.75999587,141.1845623,295.170079,813.0214313,-3.643274511,639.8209538,-13.4036053,831.5034638,-3.062310604,111.9394199,881.7230398,864.9758778,16.74716205,253.9286672,0,0.09375,0.6875,1.375,2.71875,20.28125,29.5625,37.96875,42.1875,43.125,0.4375,3.03125,6.125,7.96875,8.21875,4.721052766,-4.759979248,329.21875,420.84375
0,325,942,863,1302,1223,0.217734879,1.637872516,2.746197494,5.423066605,4.228816687,0.00151388,0.001378988,0.002229902,0.003635635,0.002406861,1404.641357,143.4853028,258.125,249.6250153,1032,998,268.125,219.6250153,1072,878,11.34345341,233.3510268,9.18975987,274.5482128,16.8936733,212.3557125,10.69294574,243.0485293,22.99499757,259.6428974,30.03267702,270.5093495,70.34485479,119.914507,287.5764873,759.1552177,-6.062228186,637.8738719,-11.27207529,782.49673,-5.947955868,94.43870522,877.2955196,855.6619615,21.63355811,259.4893936,0,0,0,0.25,1.125,19.25,28.125,35.625,37.6875,38.875,0.125,1.0625,3,4.375,5.75,7.200000286,-4.32043457,320.75,430.125
0,330,957,872,1317,1232,0.284126648,1.786692585,2.936309514,5.960592233,5.023389072,0.000696769,0.001116568,0.001663414,0.003259902,0.002384565,1244.6604,149.3186737,261.875,251.8750153,1047,1007,271.875,221.8750153,1087,887,15.76176071,236.6481913,13.00894017,264.8470034,20.97936348,219.609986,10.50571662,247.2059152,23.11216421,260.6081807,30.25851878,271.6680228,72.97663072,110.7468861,254.189144,771.4245437,-11.23469085,596.4055191,-16.74128681,771.4245437,-11.23469085,97.3991736,876.4520946,848.5028632,27.94923135,263.294184,0,0,0,0,0.375,18.5,21.125,27.0625,29,29.25,0,0.5625,1.3125,3.0625,4,2.836842537,-4.748474121,334.875,489.125
1,335,964,878,1324,1238,0.378526917,1.31299958,2.328165898,4.934291637,4.208138704,0.000462115,0.000774795,0.001299978,0.002671992,0.001893294,1747.530396,157.6379798,263.625,253.3750153,1054,1013,273.625,223.3750153,1094,893,16.02803802,236.0667783,12.84455106,263.4437398,21.4782098,220.104849,10.16637857,246.2884022,22.66228278,261.9995312,29.34236747,272.8790837,69.34462479,109.2291076,256.6878839,700.2431532,-6.586284388,554.0387758,-15.59297093,700.2431532,-6.586284388,94.83501757,869.1469204,846.7177113,22.42920912,271.7471072,0,0,0,0,0,16.1875,20.0625,29.4375,32.3125,30.5,0,0.25,0.5,0.75,1.9375,5.805263519,-4.507873535,347.625,489.125
0,340,972,887,1332,1247,0.803224304,0.878960487,1.431327251,3.851069934,3.048863373,-0.000284885,0.00031871,0.000681175,0.001689188,0.001033625,1156.412109,101.7343145,265.625,255.6250153,1062,1022,275.625,225.6250153,1102,902,16.46468544,236.230252,13.10469414,262.6174112,21.97586804,220.8617483,7.842718863,264.0647619,19.50042295,281.2977972,26.07362928,285.9589506,53.57470906,94.52228268,231.0786422,652.5644668,-2.562589033,278.4897064,-24.14869351,652.5644668,-2.562589033,99.62430564,864.7042756,843.9311892,20.77308642,274.7088799,0,0,0,0,0.1875,17.625,23.9375,32.1875,36.3125,31.6875,0.0625,0.5625,1,1.375,2.5,4.34736824,-4.737945557,374.75,447.9375
0,345,993,909,1353,1269,0.710744446,-0.393719329,-0.243252556,2.658518521,3.722795495,0.000358826,-0.001091957,-0.000587861,-0.000664922,-0.000457102,862.5352173,59.20725095,270.875,261.125,1083,1044,280.875,231.1250153,1123,924,19.25116348,237.4421598,14.04598943,256.3418123,25.62078697,227.2134977,10.24618354,271.5203268,20.62676984,284.3057169,28.56974438,285.3665136,62.54090128,106.0958914,185.2499396,617.358149,-24.13656254,246.374869,-59.64615918,617.358149,-24.13656254,64.36951641,855.5141857,763.8435735,91.67061217,282.6733318,0,0,0.0625,0,0,20.4375,23.5625,26.6875,26.4375,24.9375,0,0.375,1.125,1.5625,1.5,4.34736824,-5.583129883,309,428.8125
0,350,993,886,1353,1246,0.702008423,0.80682764,1.415038522,2.407029914,1.985205763,3.56E-05,0.000256198,0.000722119,0.000939782,0.001360818,1085.216919,69.60241816,270.875,255.3750153,1083,1021,280.875,225.3750153,1123,901,18.89307022,237.0498747,13.65360714,256.2838893,25.29773185,226.8083713,10.21473549,256.3304059,21.4031639,272.7786116,27.75303428,278.8757029,84.48629247,111.7292621,225.873277,661.6956409,-11.21633391,272.3728128,-20.26154939,661.6956409,-11.21633391,88.75410716,864.1126995,831.8264162,32.28628332,273.0428636,0,0,0,0,0,17.875,17.5,21.8125,25.625,21.9375,0,0.3125,1.125,2.1875,3.25,3.299999952,-5.577301025,281.5625,420.25
0,355,1005,896,1365,1256,0.472014618,0.407684488,1.00593361,2.7368514,2.837250956,-0.000815811,4.34E-05,-0.000119603,0.000703586,0.000641333,1470.525635,66.22699455,273.875,257.875,1095,1031,283.875,227.8750153,1135,911,18.37264824,238.2676155,13.80025348,259.7855887,24.43688646,226.312851,9.19096779,252.2265277,19.50576161,273.6859612,25.98313548,275.7722562,63.23835083,92.09786333,198.5560344,596.8325793,-28.88085697,327.6711972,-48.97386605,596.8325793,-28.88085697,28.74758381,859.7627404,776.6542599,83.10848051,279.9395451,0,0,0,0,0,19.9375,16.5,22.5625,21.75,20.625,0,0,0,0.25,1,2.62105298,-4.437103271,265.375,417.375
0,360,1048,908,1408,1268,0.536611023,1.235550615,2.062393526,4.428818064,5.391670698,0.000151467,0.001262042,0.002164655,0.002760612,0.00098468,1095.633545,131.8608776,284.625,260.875,1138,1043,294.625,230.8750153,1178,923,17.80744553,240.1531302,14.2219013,264.0426627,23.33340522,225.8628124,8.510548359,270.3716666,17.22630855,280.6892547,24.52454438,284.1040488,50.29941823,94.97827552,175.9105884,406.8889089,-50.30225941,98.23099741,-78.25624451,406.8889089,-50.30225941,17.3369057,846.1134127,768.8266844,77.28672824,295.0756026,0,0,0,0,0.125,12.875,11.6875,12.3125,11.5625,14.5625,0.4375,0.5,0.375,0.625,1,5.147368431,-4.649078369,219.375,412.3125
0,365,1060,911,1420,1271,0.511441101,1.208526441,2.018876656,3.456930076,4.390921964,0.000143618,0.002096415,0.002484866,0.002651672,0.001954475,1152.508789,129.0880357,287.625,261.625,1150,1046,297.625,231.6250153,1190,926,18.67989159,239.6916143,13.93194297,260.4245902,24.82493915,228.2321325,8.344212391,266.3320568,16.33066533,278.1884629,23.93393657,280.4290791,58.07149565,83.4564669,143.3594723,453.5917241,-77.12564922,73.38872359,-103.0003589,453.5917241,-77.12564922,12.89768551,843.1846678,721.6378314,121.5468364,292.805969,0,0,0,0.0625,2.1875,18.1875,18.25,18.75,18.6875,18.6875,0,0.1875,0.25,1.125,3.625,3.978947401,-3.807556152,186.3125,414.1875
0,370,1071,917,1431,1277,0.272709808,1.093763058,1.718338085,3.356410074,3.652407368,-0.000228903,0.001963591,0.002441415,0.002472218,0.001810843,2040.421021,142.2282497,290.375,263.125,1161,1052,300.375,233.1250153,1201,932,18.08844376,241.0234875,13.80648463,263.4918376,24.00551189,228.3260594,6.491087365,249.8950836,16.47798161,272.5911502,24.95552598,273.7033919,45.91542494,76.8894467,157.2111265,555.1498785,-80.08887116,284.4343308,-81.89504098,555.1498785,-80.08887116,18.77798204,839.9371474,756.2944134,83.64273399,295.9647265,0,0,0,0,1.9375,19.25,18,16.75,16.6875,19.75,0,0.1875,0.5625,1.75,4.5625,5.457895279,-5.301513672,214.5625,396.8125
0,375,1089,924,1449,1284,0.682997253,0.378649234,1.116291692,3.363668543,3.218986117,-0.000435665,0.000953337,0.00147145,0.002400039,0.001583254,1555.705811,118.7119392,294.875,264.875,1179,1059,304.875,234.8750153,1219,939,16.18029213,237.9021184,12.67294977,264.6703629,21.80596369,222.7282892,11.59438906,267.1671431,21.83844587,276.1951678,29.33049358,276.6408377,86.97386397,141.4618025,239.5981012,598.0558821,-33.95597843,288.2244619,-39.31871068,598.0558821,-33.95597843,73.15222628,851.7431476,780.0510868,71.69206079,295.8450376,0,0,0.0625,0.5625,2.6875,19.125,17.25,17.25,19.625,25,0.1875,0.4375,1.0625,2.625,6.625,3.526315689,-5.142822266,212.125,402.375
0,380,1105,934,1465,1294,0.530289185,-0.429761867,-0.022357319,2.720525466,2.708186201,6.70E-05,0.00060157,0.001369667,0.002020773,0.001114417,1264.177979,100.716704,298.875,267.375,1195,1069,308.875,237.3750153,1235,949,17.82674789,236.6715232,13.86225358,260.0376456,23.57803647,223.1873751,11.78673878,253.6664682,20.52418449,264.110169,26.09312108,270.0936232,102.2021404,138.5389321,205.8021277,366.1752161,-72.59769155,50.19363838,-77.16126706,366.1752161,-72.59769155,35.92009688,861.5258698,761.5008977,100.0249721,304.1057085,0,0,0,0,0,23.625,18.375,19.75,25,28.375,0.5625,0.125,0.5625,1.3125,4,2.368421078,-4.853363037,180.9375,414.875
0,385,1119,937,1479,1297,0.743002136,-0.340648973,0.010254772,2.330442249,1.699511663,-0.001162745,0.000747995,0.001046929,0.002044466,0.001389509,1235.752319,73.12032508,302.375,268.125,1209,1072,312.375,238.1250153,1249,952,18.51071739,240.13753,15.16495387,263.2482963,23.82892264,225.6720357,12.77946842,264.0954977,20.49876703,269.1792758,25.2972075,273.8474269,95.92931168,140.6088611,203.0491144,430.3695533,-38.01594963,75.34581444,-49.38262158,430.3695533,-38.01594963,73.4163866,867.4440604,778.9474913,88.49656904,300.6498527,0,0,0,0.0625,0.6875,24.5,21.5,22.5625,24.1875,27.3125,0.625,1.5625,4.125,4.875,6.3125,2.989473343,-3.932891846,144.75,382.75
0,390,1127,938,1487,1298,0.877698547,0.430572216,0.916294389,1.390239991,0.406991052,-0.001094239,5.41E-05,0.001396543,0.001391899,0.000784045,666.4559326,33.62006629,304.375,268.375,1217,1073,314.375,238.3750153,1257,953,19.56139374,240.0856206,16.17229218,261.7674461,24.82444739,226.1586209,14.94109894,262.66695,21.79454568,266.1390493,26.48109792,269.2281253,126.5610292,168.2142256,213.2415212,471.0944441,-22.98615682,115.979179,-37.80382042,471.0944441,-22.98615682,98.60433429,862.1144034,777.4625704,84.651833,305.1633691,0,0,0,0,0,18.25,19.1875,25,24.0625,25.125,1,1.5,2.4375,3.4375,4.1875,4.294736862,-3.350585938,145.5625,364.75
0,395,1149,947,1509,1307,0.385716248,0.216698395,0.498297395,0.826142219,0.395444739,0.000214629,0.000645109,0.000690756,0.00177296,0.000571221,1134.857544,38.84927818,309.875,270.625,1239,1082,319.875,240.6250153,1279,962,19.27318954,240.7459086,16.72226424,263.4025928,23.99536655,225.1738316,9.785268356,258.347593,18.47440086,268.1958105,26.81777686,264.7807843,46.27366151,103.2749253,142.9620904,479.7407906,-79.22200783,274.3651695,-76.43230224,479.7407906,-79.22200783,50.99422261,850.4522796,766.1883117,84.26396792,312.8419588,0,0,0,0,1,18.5625,19.1875,22.625,23.6875,26.0625,0.625,0.5,0.9375,2.9375,3.875,3.900000095,-4.495544434,151.3125,322.9375
0,400,1071,956,1431,1316,0.296974396,0.152085074,0.434425725,0.535968969,0.054041939,-0.000551704,-0.000135393,0.000492264,0.00073527,0.000325929,727.2436523,19.70093603,290.375,272.875,1161,1091,300.375,242.8750153,1201,971,15.91835594,238.8612545,14.67234617,266.8664859,20.10000901,218.8162785,9.108987199,247.5833788,18.70307726,260.2767936,25.77120607,260.3022156,62.5978788,91.59568867,159.2249738,453.23956,-59.36508842,271.4822443,-59.29371368,453.23956,-59.36508842,61.5860506,853.8126377,777.6138644,76.19877324,312.8600043,0,0,0,0,0,16.5,10.5,13.3125,11.6875,9.5,0.0625,0.0625,0.1875,0.125,0.0625,2.689473391,-2.941040039,330.375,145.4375
0,405,1088,966,1448,1326,0.280395203,-0.210298852,0.14115688,0.479032991,0.137259451,-0.000911607,-0.000533377,0.000572686,0.000877634,8.12E-05,583.9640503,15.22981594,294.625,275.375,1178,1101,304.625,245.3750153,1218,981,16.28282547,239.6221513,15.24963016,266.8889877,20.25363113,219.4436983,7.565524295,249.4475423,20.01289349,252.4875502,26.22005527,257.8570215,35.36941477,86.17647165,191.6369065,361.7877898,-34.11605873,299.30246,-22.05316352,361.7877898,-34.11605873,71.89640634,848.0846116,791.6276469,56.45696465,319.7806856,0,0,0,0,0,13.9375,11.375,14.9375,14.6875,11.75,0.0625,0.0625,0.5625,0.8125,1.125,2.542105198,-2.941101074,259.75,126.625
0,410,1190,970,1550,1330,1.087087158,-0.322342237,0.247472545,0.611671048,-0.065405935,-0.002999525,-0.000453742,0.000970587,0.000946738,6.75E-06,725.2606201,26.09355289,320.125,276.375,1280,1105,330.1250305,246.3750153,1320,985,15.48375607,239.153573,15.26895129,267.3738695,18.94340274,216.7491355,12.12680968,257.7955498,20.25846529,255.6185499,25.95101041,271.9510249,99.34727216,145.5362636,210.8060527,301.5524194,-24.39008813,75.8640011,-30.77843759,301.5524194,-24.39008813,107.9906375,829.5956793,764.3048491,65.2908302,316.2517452,0,0,0,0,0,8.8125,6.4375,8.1875,11.25,12.8125,0.0625,0,0,0.25,0.8125,4.294736862,-2.272644043,139.3125,202.875
0,415,1207,977,1567,1337,1.106186035,-0.461964874,-0.118381522,0.2597748,-0.066379324,-0.001184345,-1.48E-05,0.001147141,0.000871339,-0.000213783,581.9143677,16.74580147,324.3750305,278.125,1297,1112,334.3750305,248.1250153,1337,992,18.84753799,237.562617,15.38291555,260.0902733,24.21415395,223.475513,13.30922468,255.0765881,20.84112989,250.8336199,24.46901099,270.1514749,91.40282908,129.2026129,168.3985084,234.2336652,-28.46575746,27.50806733,-41.16437218,234.2336652,-28.46575746,83.55059858,828.7441665,755.7577121,72.98645443,320.0825747,0,0,0,0,0,7.25,6,7.125,9.625,10.6875,0.3125,0,0.0625,0,0.125,4.447368622,-2.28326416,132.1875,149.0625
0,420,1134,986,1494,1346,0.324389923,-0.319225517,-0.244145524,0.180880187,0.334026874,-0.000456245,0.000197118,0.000540699,0.001214331,0.000560905,146.514389,6.469494493,306.125,280.375,1224,1121,316.125,250.3750153,1264,1001,18.94529533,240.448973,15.83726079,263.1753168,24.07342149,225.7253768,7.667548574,228.7767398,20.37876946,247.8173401,24.39964117,258.6576426,22.85391013,93.83279166,208.8363691,300.6323418,-32.64220488,209.4882213,-25.23000116,300.6323418,-32.64220488,58.75370745,845.0512317,800.1996428,44.85158889,319.0825885,0,0,0,0,0,10.3125,10.3125,7.875,7.5,7.3125,0.3125,0,0,0,0,0.963158011,-2.185180664,119.3125,63.1875
0,425,1162,1013,1522,1373,0.463072296,-0.322570393,-0.449617433,0.022714995,0.445177084,0.0001525,-0.000663466,-0.000543827,0.00062561,0.000343077,106.2433167,4.564130968,313.125,287.125,1252,1148,323.1250305,257.125,1292,1028,15.56767273,240.5528875,15.21918659,268.7230961,19.12017869,218.4807284,7.000131989,238.9407033,19.73503295,251.909566,23.82240521,260.5633883,16.23862846,72.02038923,207.6791376,247.3541331,-20.94217751,209.2690074,-26.81146577,281.3643114,-17.83162899,54.80326984,831.5674239,784.060133,47.50729085,330.4566677,0,0,0,0,0,8.125,6.3125,6.0625,6.75,7.875,0.375,0,0,0,0,0.915789604,-1.939147949,63.75,63.6875
0,430,1281,1005,1641,1365,0.514905029,0.289866966,0.223920226,-0.222868522,0.528535068,-7.47E-05,-0.000147507,-0.000114524,0.001980275,0.000298327,54.90621948,5.023655369,342.8750305,285.125,1371,1140,352.8750305,255.1250153,1411,1020,16.31753922,239.5598463,15.48771262,266.677322,20.12845977,219.0281808,3.229755026,300.6860542,6.127161594,273.343878,14.05270689,278.8839947,5.14600337,15.26115024,35.72346594,335.0428064,-128.612999,23.49091092,-123.79471,335.0428064,-128.612999,15.83118457,825.6461276,719.1692887,106.4768389,302.6342013,0,0,0,0,0,2.3125,2.9375,4.9375,3.6875,2.3125,0,0,0,0,0,1.278947353,-2.213684082,41.4375,130
0,435,1191,1020,1551,1380,0.797634338,-0.183908246,-0.36183448,-0.125319683,0.067669761,-7.06E-05,-0.000179896,-0.000393788,0.001049366,0.000549846,60.40826797,2.289611944,320.375,288.875,1281,1155,330.3750305,258.875,1321,1035,16.42554283,241.3755291,13.40091962,268.1218463,21.73734778,225.2676321,7.314989724,257.3391429,17.39755899,260.5908594,21.41965559,264.8898351,31.07642784,54.62343423,151.2790911,287.7811362,-23.889701,128.7823968,-26.06313789,287.7811362,-23.889701,68.10663908,821.7193208,776.2934838,45.42583699,327.5427699,0,0,0,0,0,4.4375,2.8125,3.5625,3.375,1.6875,0.25,0,0,0,0,0,-2.022613525,49.1875,86.6875
0,440,1204,1028,1564,1388,1.323025879,-0.023011363,-0.209518806,0.089179719,0.353513441,4.58E-07,-0.00018221,-0.000412766,0.000921062,0.000428304,60.56685257,1.75199432,323.6250305,290.875,1294,1163,333.6250305,260.875,1334,1043,17.76873779,241.2522852,16.39274941,266.2000187,21.79985761,222.7602652,5.788792936,245.4315004,12.91193193,268.8407853,15.07999815,269.9782713,31.14452767,54.27041923,137.4219562,215.8379082,-5.092256946,7.419969897,-18.40169041,215.8379082,-5.092256946,76.18569822,817.3425978,792.5739604,24.76863744,339.8040075,0,0,0,0,0,4.5,3.125,3.3125,2.0625,0.8125,0.1875,0,0,0,0,0.66315794,-2.072662354,20.8125,109.625
0,445,1217,1037,1577,1397,0.768883118,-0.252959086,-0.456805453,-0.126789266,0.196746449,-5.84E-05,-9.96E-05,-0.000576587,0.000809168,0.00037784,28.78685951,0.596754234,326.8750305,293.125,1307,1172,336.8750305,263.125,1347,1052,20.45153999,242.5514828,18.38615121,263.97959,24.71801743,226.7831666,5.701173138,245.9993623,13.35605499,267.107898,16.12525912,268.5665122,31.72147102,53.18607254,120.2821501,105.1959857,-54.53890529,0.218552502,-111.3245541,105.1959857,-54.53890529,0.046513464,823.0221861,655.1459736,167.8762126,336.7774865,0,0,0,0,0,3,1.1875,1.0625,0.625,0.125,0.125,0,0,0,0,0.963158011,-1.703427076,6.8125,91.1875
0,450,1355,1031,1715,1391,0.540362244,-0.453700503,-0.250101759,0.478201879,0.758201529,-0.000237235,-0.000469074,-0.000271208,0.000817861,0.000396596,30.14838219,2.622122265,361.3750305,291.625,1445,1166,371.3750305,261.625,1485,1046,17.92304802,241.43808,16.30742086,266.1750114,22.11423221,223.4647609,5.88616517,215.3536422,6.319355403,227.9107264,11.750723,254.8779252,26.34470431,63.28650297,78.68675604,139.0743411,-193.7840671,18.30565758,-259.4769153,139.0743411,-193.7840671,0,829.6925805,599.527255,230.1653255,322.2426887,0,0,0,0,0,1.875,1.5,0.875,0.625,0.125,0,0,0,0,0,0,-0.250762671,0,128.0625
0,455,1353,1045,1713,1405,0.537074829,-0.260378814,-0.0299747,0.565630993,0.495752014,-0.000334652,-0.000343438,8.51E-05,0.000881244,-6.94E-05,21.41576004,2.305582847,360.8750305,295.125,1443,1180,370.8750305,265.125,1483,1060,15.93449688,243.3924703,15.10574603,271.1924405,19.80234318,222.5517277,4.600472214,251.912339,5.8862195,257.6346169,11.90565688,258.7687971,26.12660595,49.66523521,63.58803937,191.3669605,-152.2201831,0,0,191.3669605,-152.2201831,0.071079954,832.824043,669.0310821,163.792961,318.1008922,0,0,0,0,0,2.375,1.875,1.875,0.5,0.25,0,0,0,0,0,0,-0.538146973,0,132
