CS_RLTRN_NO_OUT: UH_Thresh: 150.0, u_rad: 5.0, track_on: 240.0 min
Mode, Time, x1, y1, x2, y2, zs_surface, w500m, w1km, w3km, w5km,zvort_suf, zvort500m, zvort1km, zvort3km, zvort5km,UH_Max, UH_Area, UH_X, UH_Y, UHi, UHj,SX, SY, SXi, SYj, meanWnd, meanWnd_dir, rm, rm_dir, lm, lm_dir,shear1km, shear1km_dir, shear3km, shear3km_dir, shear6km, shear6km_dir,srh500m, srh1km, srh3km, sbcape, sbcin, mlcape, mlcin, mucape, mucin,3CAPE, LCL, LFC, LFC-LCL, EL,wA500m, wA1km, wA3km, wA5km, wA8km,zA500m, zA1km, zA3km, zA5km, zA8km,wzA500m, wzA1km, wzA3km, wzA5km, wzA8km, meso_depth, CP_Min, CP_area
bool, min, idx, idx, idx, idx, km,ms^-1, ms^-1, ms^-1, ms^-1,s^-1, s^-1, s^-1, s^-1, s^-1,m^2s^-2, m^2s^-2, km, km, idx, idx,km, km, idx, idx, ms^-1, deg, ms^-1, deg, ms^-1, deg,ms^-1, deg, ms^-1, deg, ms^-1, deg,m^2s^-2, m^2s^-2, m^2s^-2, Jkg^-1, Jkg^-1, Jkg^-1, Jkg^-1, Jkg^-1, Jkg^-1,Jkg^-1, hPa, hPa, hPa, hPa,km^2, km^2, km^2, km^2, km^2,km^2, km^2, km^2, km^2, km^2,km^2, km^2, km^2, km^2, km^2, km, K, km^2
0, 120.0, 1556, 957, 1916, 1317, 0.20350514221191407,0.14589327748282813, -0.04321485687338281, -0.37699628095884696, -0.5516761636911541,0.0008247051676039519, 0.00017923926335811302, 0.00011878044059585591, -2.0788450417796866e-05, -3.057872287477892e-05,19.972572326660156, 0.1285197609227515, 411.6250305175781, 273.125, 1646, 1092,421.6250305175781, 243.12501525878906, 1686, 972, 16.086650848388672, 245.19637794373014, 14.980304052299731, 272.84253391539926, 20.140782898463982, 225.00719669595352,8.55050536594513, 247.52100550698728, 12.850185242225901, 265.95580902025677, 18.15496455400234, 264.76702825559437,67.76673552695937, 92.83398516446492, 142.19872626826913, 1113.1110108370028, -42.27387100429045, 602.9017726948581, -63.559487807198224, 1113.1110108370028, -42.27387100429045,28.63315299492374, 892.7080960838118, 798.328083521529, 94.38001256228279, 212.87370950836478,0.0, 0.0, 0.0, 0.0, 0.0,1.25, 0.75, 0.75, 2.0, 3.5625,0.0, 0.0, 0.0, 0.0, 0.0, 0.6210523843765259,-1.549407958984375, 4.8125
0, 125.0, 1530, 955, 1890, 1315, 0.44292602539062503,0.07946858092531331, -0.037949410435248875, 0.009799526741044224, 0.44192257991759104,0.00015628736269718502, -4.418220092929914e-06, -4.211342898088333e-06, 2.6007957229126076e-05, 3.9382862356376334e-05,50.380985260009766, 0.8442631602809575, 405.1250305175781, 272.625, 1620, 1090,415.1250305175781, 242.62501525878906, 1660, 970, 17.040769577026367, 244.9863632871306, 15.21060424982934, 271.09587919058697, 21.492165146016372, 226.83894731162425,10.404082127111886, 259.0131949365056, 15.67078837990161, 271.63704107093395, 19.53934713897938, 268.5064748639063,70.94801334207696, 100.9752539246355, 156.4509669857944, 1233.067880385173, -7.488379264612834, 628.5238329154938, -30.52199203810723, 1233.067880385173, -7.488379264612834,79.42814282646033, 897.0727359295018, 858.5122414737513, 38.560494455750586, 207.7400858003365,0.0, 0.0, 0.0, 0.0, 0.0,2.75, 1.3125, 2.25, 2.25, 2.4375,0.0, 0.0, 0.0, 0.0, 0.0, 0.3421056270599365,-1.48626708984375, 5.375
0, 130.0, 1506, 956, 1866, 1316, 0.3880470886230469,0.32046388000017034, 0.27377421439072347, -0.18067424035340082, -0.09381570421785004,-0.0012025557906667928, 5.900497254287984e-05, 0.00012125336291433087, 0.0001087958598094474, -5.281231317724178e-06,36.846282958984375, 0.8010269419063367, 399.1250305175781, 272.875, 1596, 1091,409.1250305175781, 242.87501525878906, 1636, 971, 18.010822296142578, 246.1333159733158, 15.97152516343126, 270.7029027389835, 22.498663741690965, 228.96559476207815,9.103110119891587, 256.80838255166884, 15.511542316986286, 274.46050467003386, 19.725923797760824, 270.5255917080545,47.91276810978041, 86.55335503349615, 151.83227622493357, 1083.5918395894496, -6.869427785739741, 693.9294196258206, -30.425576017880143, 1083.5918395894496, -6.869427785739741,66.49686337582678, 891.3242654888037, 859.2948230858169, 32.029442402986774, 215.1379613932123,0.0, 0.0, 0.0, 0.0, 0.0,3.5625, 1.1875, 0.9375, 2.125, 2.0625,0.0, 0.0, 0.0, 0.0, 0.0, 0.0,-1.68438720703125, 7.5625
0, 135.0, 1529, 965, 1889, 1325, 0.3513671569824219,0.03448990719742142, -0.009317327263997867, -0.1968341822206276, 0.2723368475784082,-0.0002998246227025447, -0.00030918848352939676, -2.3703223819211415e-05, -9.674274281223916e-06, 3.4283530662904126e-05,86.89710998535156, 1.7697676437209346, 404.8750305175781, 275.125, 1619, 1100,414.8750305175781, 245.12501525878906, 1659, 980, 17.734846115112305, 246.11289370769745, 15.793430998294692, 271.111840425012, 22.183712969353646, 228.60326245758299,9.39397703250034, 252.39400397033288, 15.021586299658278, 269.08490992433633, 19.497472140309675, 267.0840333277378,54.84243227255374, 91.07772297856931, 148.51167123472945, 1185.1120591630195, -7.330181362657924, 690.5785362239586, -34.00738196486548, 1185.1120591630195, -7.330181362657924,68.52498750883107, 896.5516543482776, 859.4712132544331, 37.080441093844456, 210.71673310999674,0.0, 0.0, 0.0, 0.0, 0.0,3.3125, 1.0, 0.875, 1.1875, 1.125,0.0, 0.0, 0.0, 0.0, 0.0, 0.3421056270599365,-1.99652099609375, 7.1875
0, 140.0, 1518, 948, 1878, 1308, 0.37738311767578125,0.37662159381696253, 0.4418846384889912, 0.39830186627688824, 0.5944314355787355,-0.0007176669444436355, 8.182869342590493e-05, 0.00020977176056021562, 7.921222985658006e-05, 5.107575633573447e-05,122.44465637207031, 2.4692323981455977, 402.1250305175781, 270.875, 1608, 1083,412.1250305175781, 240.87501525878906, 1648, 963, 17.59840965270996, 246.0381304570425, 16.054458789744555, 271.2589006988623, 21.77526903856308, 227.7280171383015,11.637398646423746, 259.05051509013055, 18.086938336832322, 271.00843144086105, 22.295642049150615, 269.2612654087061,81.37947540858983, 123.0433006202902, 188.97967748002873, 1320.4270010251164, -2.3287462730959625, 842.3604769601213, -20.66236156675541, 1320.4270010251164, -2.3287462730959625,110.49177257353297, 898.8381721851813, 882.5155153740448, 16.32265681113654, 206.52280724752725,0.0, 0.0, 0.0, 0.0, 0.0,2.0625, 1.4375, 1.1875, 1.625, 2.6875,0.0, 0.0, 0.0, 0.0, 0.0, 0.38421034812927246,-1.7298583984375, 5.3125
0, 145.0, 443, 845, 803, 1205, 0.0,0.94653997837333, 1.4273020598769652, 1.1574236959940756, -2.699547707699239,0.0008622518049770636, 0.0015883029809265281, 0.0016273631407239008, 0.0003549636830038594, 0.0003068008048660431,719.6505126953125, 13.76904087552926, 133.375, 245.12501525878906, 533, 980,143.375, 215.12501525878906, 573, 860, 17.37151527404785, 245.83978176354532, 15.394937483351974, 271.39924517010473, 21.88686787583904, 228.17336225444262,24.708025418169004, 251.02731043817002, 18.486685728454187, 262.3659572151464, 20.63966835398965, 262.9200631417529,313.1203226246848, 461.6733504883725, 506.08883333902304, 1601.252299014356, -224.44846384609673, 737.8295296778624, -287.27391972591084, 1601.252299014356, -224.44846384609673,0, 908.1095484125793, 652.0686293556529, 256.04091905692644, 189.17440036609577,0.0, 0.1875, 0.6875, 10.125, 21.5,28.1875, 46.625, 63.5, 78.125, 86.8125,1.5625, 8.6875, 16.5625, 22.25, 26.5625, 1.8631579875946045,-0.72833251953125, 0.0
0, 150.0, 452, 853, 812, 1213, 0.0,0.998643531020498, 1.284778896239586, -0.4583574682078324, -3.2245996837504207,1.902700888877007e-05, 0.0012780937632714995, 0.0015803631686776497, 0.0012847362435729794, 4.031767474899083e-05,837.8738403320312, 25.89277487639219, 135.625, 247.12501525878906, 542, 988,145.625, 217.12501525878906, 582, 868, 16.05475425720215, 232.29076282774773, 11.457393924233054, 257.52766799636345, 22.287629171051165, 219.62989432665964,21.255419324000577, 232.77371184358097, 20.06408191555296, 271.7682899860249, 22.51746364421849, 264.004943068761,55.3702382895175, 252.11532069313176, 441.613312198318, 1862.3075960595168, -36.6548638873409, 1338.4984443808855, -66.99505761716856, 1862.3075960595168, -36.6548638873409,20.080947132264154, 903.8834231082126, 839.2218759030985, 64.66154720511406, 192.75790006244907,0.0, 0.0625, 1.9375, 5.5625, 18.75,34.5625, 48.4375, 64.6875, 77.5625, 96.625,1.625, 6.5, 12.625, 17.5625, 21.375, 2.684210777282715,-1.552154541015625, 84.5
0, 155.0, 463, 882, 823, 1242, 0.0,0.9826695998583453, 1.487405471249949, 0.4396283526881598, 0.03749399222491771,3.732922577455611e-05, 0.0009365219818664628, 0.0011818001717074367, 0.0011623240395283573, -0.0001440349945823982,756.0414428710938, 30.41963374105892, 138.375, 254.37501525878906, 553, 1017,148.375, 224.37501525878906, 593, 897, 16.266630172729492, 233.0709889970166, 12.6628671843703, 259.56463028968244, 21.93988066090823, 218.15093576871948,15.018777915431329, 236.89562172465696, 18.21479909759645, 277.2819465331394, 24.070269304975763, 267.7258525436656,87.41593832104628, 235.2279220382112, 552.6216448734294, 2167.0505787072807, -54.929460457716324, 1429.1347504198088, -24.139621927213813, 2167.0505787072807, -54.929460457716324,53.52039716963352, 902.4311316366798, 849.3031356070801, 53.12799602959967, 197.1686239632149,0.0, 0.0, 0.0, 0.4375, 1.625,41.4375, 58.4375, 71.125, 84.1875, 100.8125,0.125, 2.8125, 7.6875, 12.875, 15.5625, 3.9000000953674316,-2.048736572265625, 199.25
0, 160.0, 446, 906, 806, 1266, 0.0,0.8644320360105485, 1.1413598317216382, 1.2244261055701644, -0.20432191762141882,-0.00028232056550677955, -0.00020501080482063116, 1.893816580377461e-05, -0.00010151483537811146, -0.000148732198959749,821.84619140625, 32.35802562601247, 134.125, 260.375, 536, 1041,144.125, 230.37501525878906, 576, 921, 17.17310905456543, 235.151847108796, 12.616250087034082, 258.5006687399142, 23.305826649062453, 222.76295378200027,18.78132001678726, 233.51232850042615, 22.674847200478347, 293.29021606073513, 28.458813702962118, 278.3966607264422,229.1852785633916, 360.3390782021274, 554.5970647170395, 1323.7589557381257, -35.84350008734089, 821.3461685299887, -6.307369704028406, 1323.7589557381257, -35.84350008734089,98.21114997790002, 897.3205688899048, 872.9250205942575, 24.39554829564736, 199.47269435772458,0.0, 0.0, 0.125, 0.375, 1.4375,39.75, 49.625, 62.9375, 76.0, 86.0625,0.0625, 1.9375, 6.125, 9.3125, 10.875, 2.026315450668335,-2.13507080078125, 86.6875
0, 165.0, 593, 896, 953, 1256, 0.0,-0.06014893705025317, -0.14372684321882845, 1.5898175917100161, 3.541022675605491,3.128136746511245e-05, 0.00012264758554579204, 0.0003008943106880224, 0.00010536463779317273, -1.7594024329810052e-05,511.106689453125, 44.142237506072256, 170.87501525878906, 257.875, 683, 1031,180.87501525878906, 227.87501525878906, 723, 911, 17.887535095214844, 237.74119914390454, 12.61152161533193, 258.18367221819034, 24.359338804075946, 227.3233709502106,12.717032356934045, 250.52389817558338, 23.710353567531495, 278.7141825605777, 25.65455401564149, 276.1818352842821,94.90679377645215, 174.52222614276974, 323.87437563427324, 1079.163045682081, -117.22421699603993, 468.24604724062715, -197.53297699202636, 1079.163045682081, -117.22421699603993,0.39956160738000895, 905.0431835787748, 710.7876833373513, 194.25550024142353, 201.06054121953915,0.0, 0.0, 0.0, 0.0, 0.0,1.8125, 3.875, 7.0625, 11.125, 14.25,0.0, 0.0, 0.0, 0.0, 0.3125, 1.7473688125610352,-3.0579833984375, 407.8125
0, 170.0, 616, 910, 976, 1270, 0.0,-0.2926160788627749, -0.5604900014551822, 0.541211137350183, 3.036553852309007,-7.745055385157684e-06, 0.00021890920561986604, 0.00025282081724981254, -0.0013303957734115102, 0.0010598069458637837,323.2181091308594, 24.798471721243697, 176.62501525878906, 261.375, 706, 1045,186.62501525878906, 231.37501525878906, 746, 925, 17.961362838745117, 234.29490425476953, 13.042727576391663, 255.61250371375672, 24.240634387103494, 223.01500543374016,12.695859592401998, 247.45771697413795, 24.973366360898844, 279.0541074151909, 29.18419790694901, 276.49987621279456,107.95015875475468, 188.28018581132136, 353.9538610222347, 1202.8788587515855, -128.70185423349096, 577.4524381371118, -217.71223018206192, 1202.8788587515855, -128.70185423349096,0, 904.9666358153611, 699.3088693927691, 205.65776642259198, 194.63282513021102,0.0, 0.0, 0.0, 0.0, 0.0,0.3125, 1.0625, 1.875, 4.625, 7.125,0.0, 0.0, 0.0, 0.0, 0.0, 5.831579208374023,-3.237548828125, 488.375
0, 175.0, 529, 945, 889, 1305, 0.0,-0.02855522310943343, 0.6971070239372784, 2.0805629769864025, 2.2047602236864625,-0.000594364649552972, -0.0004907433094467706, -0.0002562551076789532, 0.00016693275075340352, -6.852637998235878e-06,716.0792846679688, 26.297859179282437, 154.875, 270.125, 619, 1080,164.87501525878906, 240.12501525878906, 659, 960, 18.04669952392578, 236.13238906604306, 13.651743162617908, 258.4576117316645, 24.031159818405666, 223.67022981633272,12.384462233491874, 200.1116857608775, 17.195211474202427, 276.0429365573208, 20.00245539019601, 259.42647602280476,51.87742863355361, 94.434714291764, 240.19207868437593, 1448.3891350342644, -48.35055833543019, 671.4378280977771, -48.07613514031232, 1448.3891350342644, -48.35055833543019,101.94433494834593, 925.6782911990318, 849.0882119219125, 76.59007927711934, 195.08601467685793,0.0, 0.0, 0.0, 0.0, 0.0,25.75, 32.8125, 49.875, 63.0, 70.875,0.0, 0.0, 0.25, 0.3125, 0.625, 3.3157896995544434,-3.27911376953125, 602.0
0, 180.0, 615, 870, 975, 1230, 0.0,0.6474159088349553, 1.1921350514792723, 4.228489304436371, 3.797889595584711,-3.743344315097375e-05, -0.00010386922997895453, -0.00042762984564660657, 0.0012116383587317614, 0.0012085533081119594,790.1041259765625, 63.07410274039206, 176.37501525878906, 251.37501525878906, 705, 1005,186.37501525878906, 221.37501525878906, 745, 885, 17.487476348876953, 243.63876696388706, 14.69359315261757, 268.71649525203213, 22.5437792860904, 227.6019259863349,13.069147456384346, 252.6578678383488, 20.85756118629364, 276.74314023027375, 25.93961500758654, 281.16227262327203,112.63386275366761, 206.2802555383531, 318.2279253635082, 1239.8952976136559, -64.12895140481692, 646.0873709772819, -130.08007372001083, 1239.8952976136559, -64.12895140481692,6.748693667704971, 905.0811191083021, 750.3938304774679, 154.68728863083425, 199.71925439436802,0.0, 0.0, 0.0, 0.0, 0.0,2.375, 7.9375, 14.8125, 18.0, 19.875,0.0, 0.0, 0.0, 0.0625, 0.0625, 5.147368431091309,-3.3535685539245605, 507.0625
0, 185.0, 633, 880, 993, 1240, 0.0,0.607301762556308, 1.186376885623904, 4.816365636349655, 5.387212508809752,-0.00013036051326594132, -0.00041640057552626785, -0.0006079510549920997, 0.0011274114787283907, 0.0006060974892216109,919.9547119140625, 90.01567698845844, 180.87501525878906, 253.87501525878906, 723, 1015,190.87501525878906, 223.87501525878906, 763, 895, 17.999143600463867, 238.8101510697682, 13.47188385385751, 260.9487044721296, 24.06131054492277, 226.6293946165676,13.152348070411387, 251.14496727681265, 22.133028383023948, 276.542196064892, 26.276096915614875, 278.44572880543956,103.45761348934305, 184.56095585093826, 311.9925940259115, 1224.8098171205302, -57.210593223663274, 640.000809148001, -114.03273654376284, 1224.8098171205302, -57.210593223663274,12.228135475264063, 905.1903057925846, 768.3969330045732, 136.79337278801142, 202.9272784478484,0.0, 0.0, 0.0, 0.0, 0.0,2.625, 8.25, 12.625, 18.1875, 21.375,0.0, 0.0, 0.25, 0.5, 0.625, 3.236842632293701,-3.2481689453125, 563.75
0, 190.0, 622, 984, 982, 1344, 0.0,0.022137166393222288, 0.37829787332855636, 2.5625141428387725, 2.131056523525622,7.622433641813587e-05, -3.178465928158403e-05, -0.0001522841881524073, 0.0008633529081180314, 4.455790842939678e-05,590.65283203125, 25.2731716875136, 178.12501525878906, 279.875, 712, 1119,188.12501525878906, 249.87501525878906, 752, 999, 18.29837989807129, 238.64710079390167, 14.15024181433956, 261.0380632213079, 24.123268574047845, 225.73576287360288,10.67029214481617, 213.75535062800395, 27.992480006388817, 247.53596362126962, 28.694876907926037, 259.7159667605865,92.73953372903773, 172.08627318935862, 544.7745090241483, 1219.5749282551328, -5.129090195147918, 827.2099856097192, -9.990819651032638, 1219.5749282551328, -5.129090195147918,122.7856741233757, 908.8942279067709, 899.0529802150182, 9.841247691752642, 194.41707662634434,0.0, 0.0, 0.0, 0.0, 0.0,4.875, 5.8125, 13.9375, 20.875, 28.4375,0.0, 0.0, 0.0, 0.125, 0.3125, 3.994737148284912,-3.109527587890625, 965.375
0, 195.0, 655, 894, 1015, 1254, 0.0,-0.1122422537492821, 0.16836642735404894, 2.5332969918532764, 3.3598014305799735,-1.9223305163791337e-05, -0.0008479873537567073, -0.0016797649235513745, -0.0008325578399171718, 0.00035198315201796505,587.284423828125, 50.19519051181938, 186.37501525878906, 257.375, 745, 1029,196.37501525878906, 227.37501525878906, 785, 909, 17.98847198486328, 239.40917232035667, 14.272057248248194, 262.86758327741956, 23.579198211155802, 225.46640096561825,13.061532308701965, 248.08486494372852, 22.41246325776535, 272.664465446644, 26.893219788426478, 271.6275744287443,103.57877435304037, 181.5204070486123, 303.2596359935845, 1306.0947652931989, -44.538492916294416, 734.0307451071733, -83.39777701387875, 1306.0947652931989, -44.538492916294416,38.13640770793276, 905.5442479861298, 801.7857248776195, 103.7585231085103, 204.71678574057847,0.0, 0.0, 0.0, 0.0, 0.0,2.1875, 2.1875, 4.875, 8.9375, 13.3125,0.0, 0.0, 0.0, 0.0, 0.0, 1.8315794467926025,-3.480255126953125, 729.4375
0, 200.0, 662, 872, 1022, 1232, 0.0,0.8498013230529614, 1.5160053905565292, 3.205309914953541, 2.6051420091389446,-0.00041737374318586264, -0.000801735664044827, -6.251509799540145e-05, 0.0018895280610990992, 0.00047793679455651275,569.743408203125, 61.3456735307759, 188.12501525878906, 251.87501525878906, 752, 1007,198.12501525878906, 221.87501525878906, 792, 887, 18.233854293823242, 238.08369214964566, 14.749449129579247, 261.44904116463164, 23.66222100133672, 223.77125480142328,12.675948035714548, 249.8278335972674, 21.302050436627372, 272.08562057486375, 25.65369519836618, 272.5908496677696,93.08151874906576, 161.3291061897739, 258.1575407493964, 1314.2679228743682, -37.62905562514789, 735.1817474123842, -72.72285667529421, 1314.2679228743682, -37.62905562514789,38.7476571978913, 905.4908202742141, 804.2665010820665, 101.22431919214762, 200.01004033589822,0.0, 0.0, 0.0, 0.0, 0.0,0.25, 0.875, 1.5625, 4.0, 4.875,0.0, 0.0, 0.0, 0.0, 0.0, 2.494736909866333,-3.78082275390625, 556.5625
0, 205.0, 672, 880, 1032, 1240, 0.0,0.300698002303252, 0.7306026353023481, 2.970871712273802, 2.8536743498680877,-0.0002830404586745772, -0.001580936462548834, -0.0012062836222298757, 0.0012632321272940316, 0.0004480158331972462,1187.0975341796875, 70.95387648774971, 190.62501525878906, 253.87501525878906, 762, 1015,200.62501525878906, 223.87501525878906, 802, 895, 17.8679141998291, 238.94880390991946, 14.48301851466066, 262.96155039225596, 23.26514421796866, 224.27426193624885,12.82571931580509, 250.09246244647036, 21.120024407239153, 271.54382264914165, 26.137812360227866, 271.5399431016931,95.79216023737777, 165.84797633185119, 260.1229416697574, 1335.7383168864562, -37.278223248283034, 744.5681995143194, -71.70822971889059, 1335.7383168864562, -37.278223248283034,43.87379895793145, 905.5677366336599, 805.816279391775, 99.75145724188496, 198.4642979087015,0.0, 0.0, 0.0, 0.0, 0.0,0.4375, 0.375, 2.375, 5.625, 7.0625,0.0, 0.0, 0.0, 0.0, 0.0, 2.026315450668335,-4.7996826171875, 626.625
0, 210.0, 708, 877, 1068, 1237, 0.0,1.8883920492080506, 3.040300084708724, 6.085936265167549, 6.318045325512066,-0.00010381722091551637, 0.0009104202548155626, 0.002136391055455533, 0.0027658568127094437, 0.001993998058626971,1783.046630859375, 149.75436059045234, 199.62501525878906, 253.12501525878906, 798, 1012,209.62501525878906, 223.12501525878906, 838, 892, 17.811330795288086, 238.9789523649159, 14.583422288172377, 263.2265264018165, 23.115162958906936, 223.96232551637473,12.57666382167584, 248.71135721515878, 20.995741320427932, 269.14373151346854, 26.081301802553476, 268.54835758389686,87.31812203166162, 154.95901936566077, 248.70514927498522, 1356.5972377918492, -26.447771045827505, 815.0911393965127, -60.334480837065186, 1356.5972377918492, -26.447771045827505,43.59025331274005, 906.0986270002021, 805.5252579513905, 100.57336904881163, 199.01657637702388,0.0, 0.0, 0.0, 0.0, 0.0,1.125, 1.6875, 3.125, 3.75, 4.125,0.0, 0.0, 0.0, 0.0625, 0.125, 3.8263163566589355,-4.91766357421875, 480.0
1, 215.0, 724, 879, 1084, 1239, 0.0,2.0191475312924014, 3.298752730775159, 6.331622722803149, 7.036099030270704,1.0919607251196339e-05, 0.001124287671154889, 0.002180466238764893, 0.0034059698671535447, 0.0024976528327238156,2128.943359375, 179.770922516699, 203.62501525878906, 253.62501525878906, 814, 1014,213.62501525878906, 223.62501525878906, 854, 894, 17.475767135620117, 238.5878693934193, 14.62885752180621, 263.65147114524825, 22.567706193875967, 222.6495609980564,12.470429020098273, 249.339857562205, 20.910785997696802, 269.2496267663604, 26.246468317266725, 268.8856869666254,87.25861270311373, 153.91392692679366, 247.87521104583797, 1339.8679093408934, -25.804470782347295, 806.1008595093174, -58.10373466583237, 1339.8679093408934, -25.804470782347295,44.13008642313687, 905.275477560598, 807.8711280431764, 97.40434951742156, 198.5417895661288,0.0, 0.0, 0.0, 0.0, 0.0,2.3125, 2.3125, 3.1875, 4.1875, 5.75,0.0, 0.0, 0.125, 0.3125, 0.625, 3.8263163566589355,-5.65093994140625, 480.3125
1, 220.0, 744, 878, 1104, 1238, 0.00979226303100586,2.1013418613270907, 3.3874623150931455, 5.9261536715074925, 7.247002063877879,0.0001247857946027153, 0.0015199027322341863, 0.002581548343478062, 0.003363404303590869, 0.002384470455048984,1267.2044677734375, 182.2064248764085, 208.62501525878906, 253.37501525878906, 834, 1013,218.62501525878906, 223.37501525878906, 874, 893, 17.636869430541992, 238.13095705870214, 14.670274312816158, 262.8586422696443, 22.79037802950164, 222.5103846133712,12.482766332610831, 249.97587111733824, 20.884816009185958, 269.0299132411394, 26.389435643950694, 269.0369346756062,88.55390552191322, 151.69228565932224, 243.95676325457728, 1322.4207900397282, -25.530101405530132, 778.3865135916927, -57.51918211996846, 1322.4207900397282, -25.530101405530132,44.88156203565295, 905.0784634578741, 808.9801552743884, 96.09830818348576, 197.46462743732442,0.0, 0.0, 0.0, 0.0, 0.0,1.375, 1.8125, 3.1875, 4.5, 8.125,0.0, 0.0625, 0.125, 0.375, 0.625, 7.447368144989014,-5.461944580078125, 440.375
0, 225.0, 742, 878, 1102, 1238, 0.00737993335723877,1.0738086631987245, 1.8385494077351177, 4.2828089868178365, 4.804858539851266,5.313533320077113e-06, 9.68457176008998e-05, 0.0008887759096160153, 0.0015268030026842892, 0.0014906158455301013,1400.880615234375, 109.72912477789784, 208.12501525878906, 253.37501525878906, 832, 1013,218.12501525878906, 223.37501525878906, 872, 893, 17.658977508544922, 237.44060251853227, 14.57257868881945, 262.0433760982588, 22.88708937059347, 222.06885672550686,12.82425321931848, 251.0642617615798, 20.96386597027815, 269.45988730977007, 26.68150449020153, 269.9828612341396,89.3459484700228, 154.91309695125122, 242.60019377418246, 1305.264251109513, -25.355228329646387, 758.0755144854115, -56.85462651340514, 1305.264251109513, -25.355228329646387,47.962721508266604, 905.0331496894877, 811.5691414925683, 93.4640081969194, 197.61154911251302,0.0, 0.0, 0.0, 0.0, 1.3125,1.4375, 2.6875, 4.75, 6.5, 9.3125,0.0, 0.0625, 1.0625, 1.5, 2.375, 2.6526315212249756,-5.228179931640625, 508.0625
1, 230.0, 781, 892, 1141, 1252, 0.04821209716796875,1.668702555639902, 2.6405556878983045, 5.4391408684966125, 7.440479916166514,0.0005602376720821667, 0.0019152890829218449, 0.0026648852442667705, 0.0033736222827860725, 0.0018980241993881465,1418.2322998046875, 214.5822444530266, 217.87501525878906, 256.875, 871, 1027,227.87501525878906, 226.87501525878906, 911, 907, 17.875768661499023, 237.91413953368925, 14.704860437664623, 262.11280621191156, 23.137703694765854, 222.81394529733774,14.057732594601893, 252.4873589959086, 22.605069599051358, 269.68357600508796, 27.615756083388657, 272.4930140380983,103.98700480711616, 179.49042574731436, 282.5746071510079, 1241.5877017223834, -21.093283321518484, 737.9579684313835, -54.351828484816046, 1241.5877017223834, -21.093283321518484,43.212510869901216, 903.5122207344878, 807.2404157393471, 96.27180499514066, 198.52352900344593,0.0, 0.0, 0.0, 0.5625, 3.1875,1.125, 3.6875, 5.875, 7.0, 8.0,0.25, 0.75, 1.375, 2.4375, 3.9375, 3.268421173095703,-4.947962284088135, 459.625
1, 235.0, 797, 894, 1157, 1254, 0.06572953796386719,1.45998767250916, 2.6202523138758265, 6.393086780256124, 8.735252873296266,0.000907651212946803, 0.0009648519049278547, 0.0018995572433777852, 0.002960781742240214, 0.0024519111707127193,1849.7061767578125, 242.8154318557973, 221.87501525878906, 257.375, 887, 1029,231.87501525878906, 227.37501525878906, 927, 909, 18.076282501220703, 236.9651940315427, 14.947294068270892, 260.8975566314249, 23.29339765567123, 221.87678344731455,14.841809029205002, 251.788657964573, 23.445103595227604, 267.7207708829231, 28.2616902352611, 268.6210581174224,115.14224849732595, 186.02435211031127, 282.61742646494804, 1234.6029502620945, -15.822315868676897, 741.272234634854, -45.00564298561792, 1234.6029502620945, -15.822315868676897,55.86721366086074, 904.508403390807, 830.665951926814, 73.84245146399292, 211.61963293284242,0.0, 0.0, 0.0, 0.125, 3.625,4.5, 10.5625, 12.5, 14.4375, 16.6875,0.0, 1.3125, 3.0625, 4.4375, 7.375, 3.457894802093506,-4.78216552734375, 441.875
1, 240.0, 810, 901, 1170, 1261, 0.14725762939453124,0.611609935676679, 1.465403202441521, 5.251143525632796, 7.185241614667467,0.0005141284988764027, 0.0005831838880715167, 0.0008642417315513739, 0.0027946600380846574, 0.0020985139851518396,3380.316650390625, 258.84337517642433, 225.12501525878906, 259.125, 900, 1036,235.12501525878906, 229.12501525878906, 940, 916, 17.468137741088867, 237.82669945193476, 14.877589968282411, 263.04514024886726, 22.392610442488575, 221.38258120507683,15.136775700285877, 253.22129014298318, 23.221489843007372, 267.7135991842946, 28.262876860181166, 266.9473612424458,115.97269447476955, 188.09774295098867, 272.05684913505354, 1400.7067928828244, -14.861544159975644, 915.4095373856078, -40.00920310584104, 1400.7067928828244, -14.861544159975644,71.90349361559066, 900.7223899229696, 834.3059944302095, 66.4163954927601, 215.9343092217756,0.0, 0.0, 0.5625, 1.6875, 4.5,11.0, 13.25, 16.4375, 18.6875, 22.875,0.375, 2.625, 5.3125, 9.75, 13.1875, 4.936842441558838,-4.970947265625, 451.875
1, 245.0, 820, 887, 1180, 1247, 0.16127044677734376,1.43809970658971, 2.4219419929850847, 4.196345897590363, 3.7172961147362362,0.002167068797266439, 0.001234333863758934, 0.0014699955056357793, 0.002415384353173522, 0.0007156388998740226,2170.135498046875, 158.6993001692939, 227.62501525878906, 255.62501525878906, 910, 1022,237.62501525878906, 225.62501525878906, 950, 902, 17.78218650817871, 237.7081546887, 15.019740413682534, 262.34311068479565, 22.788586164598208, 221.76209077625,14.361937145884932, 249.3518650347659, 22.659960335501353, 265.3559954677246, 28.283714054053746, 264.09118103722165,107.96284433607988, 166.84826494929837, 252.90488771137447, 1395.1172071114258, -7.800924103995651, 901.9086113351945, -28.17702880185754, 1395.1172071114258, -7.800924103995651,83.07998712036569, 903.4231045338709, 871.3555925019339, 32.067512031936985, 216.29755216335073,0.0, 0.0, 0.0, 0.0625, 2.125,20.5, 23.9375, 27.1875, 30.5, 31.8125,0.3125, 2.9375, 5.9375, 10.0625, 11.6875, 3.726315975189209,-4.3924560546875, 359.8125
1, 250.0, 850, 898, 1210, 1258, 0.33331292724609374,1.372354946978157, 2.4002485514758156, 5.524031214142451, 5.929658640197013,0.0014122842206541015, 0.0007065960684008132, 0.0007294570682188351, 0.0038685440236315566, 0.0029074561053914747,1907.3446044921875, 203.24358849660152, 235.12501525878906, 258.375, 940, 1033,245.12501525878906, 228.37501525878906, 980, 913, 17.507205963134766, 238.7101571003192, 15.327382238896195, 264.01551744151277, 22.14894805039599, 221.50487306482506,16.498701368201363, 258.88066194585065, 23.29621943869283, 270.97525038187314, 27.355643947328353, 270.3661477720697,141.4375816086984, 207.56850856091188, 280.93230076405604, 1112.38632340355, -16.514918061862666, 616.4507319979513, -52.40911174808798, 1112.38632340355, -16.514918061862666,65.14801766699823, 896.2884551816941, 812.6012102246796, 83.68724495701451, 234.12716786314869,0.0, 0.0, 0.0625, 0.1875, 0.5625,26.25, 32.75, 33.125, 35.0, 36.1875,0.375, 2.6875, 4.5, 6.0, 7.5625, 6.647368431091309,-3.427581787109375, 289.9375
1, 255.0, 875, 905, 1235, 1265, 0.45771719360351565,1.069142611438292, 1.982202888698084, 4.300964915900258, 6.063315581344068,0.0006287775876211299, 0.000989235230492227, 0.0015437061070235813, 0.002189802175942077, 0.0027120636383392584,1769.3448486328125, 173.33850780273187, 241.37501525878906, 260.125, 965, 1040,251.37501525878906, 230.12501525878906, 1005, 920, 18.32706642150879, 239.75602298678825, 15.121269509936742, 263.25675218769766, 23.571378497823908, 224.9344910981795,15.896757497766009, 250.70620958490937, 22.301757033876797, 265.13178767802975, 26.236838428365264, 266.0800091801243,127.81395803685199, 199.839411891287, 268.1042115938154, 1263.5481205935619, -7.51122709770347, 687.0222754145182, -46.982129404370234, 1263.5481205935619, -7.51122709770347,89.52022514336073, 895.1422898741037, 817.3321706176006, 77.81011925650307, 229.91627712239978,0.0, 0.0, 0.0, 0.0, 0.125,20.625, 27.0, 29.125, 30.5, 32.875,0.0, 0.5, 1.0625, 3.1875, 5.1875, 3.947368621826172,-3.214019775390625, 193.25
1, 260.0, 874, 907, 1234, 1267, 0.4449978942871094,0.6823205107943796, 1.4014723606687038, 4.726446384288138, 4.340050431477139,0.001031565682475275, 8.723444944507718e-05, -0.00034934987753786116, 0.0026064761326196617, 0.0008999547806945429,1980.3470458984375, 160.15239750136683, 241.12501525878906, 260.625, 964, 1042,251.12501525878906, 230.62501525878906, 1004, 922, 18.307748794555664, 240.35467540716152, 15.632333306420463, 264.25772151960535, 23.205118166760695, 224.51419201554646,16.768564219506363, 253.00896688244416, 22.927113902854767, 265.8917555062204, 26.691839954763246, 267.0672583831363,141.0479163048053, 215.61994644095594, 278.7873243207965, 1218.5571602712448, -8.835152219432707, 673.8494233108072, -42.59024089877491, 1218.5571602712448, -8.835152219432707,91.1088415992829, 894.2266857490029, 820.0924277969223, 74.13425795208059, 231.68770144272588,0.0, 0.0, 0.0, 0.375, 0.4375,21.9375, 25.6875, 33.125, 34.1875, 32.25,0.0, 0.875, 1.8125, 3.0625, 4.3125, 3.526315689086914,-3.772552490234375, 264.75
0, 265.0, 889, 913, 1249, 1273, 0.6803690185546876,0.3553944135864731, 0.8852649534540251, 3.6032476952986325, 2.9162639460369246,0.00020816928847466442, 0.00033360120219640523, 0.00034252196961915616, 0.0012199855617623712, 0.0005199120077492125,940.2672119140625, 100.35614076578207, 244.87501525878906, 262.125, 979, 1048,254.87501525878906, 232.12501525878906, 1019, 928, 18.315763473510742, 240.57444357389585, 15.373987911477075, 264.29959775913517, 23.389632503310892, 225.23932588629967,16.656166900183024, 259.37850077407455, 21.71526847290795, 269.5388989380888, 24.56407999723573, 272.8675816121818,142.64858372407093, 212.78021975934305, 266.752738879865, 1203.7038966142754, -0.6737478240322647, 507.33035226544433, -36.814489052056, 1203.7038966142754, -0.6737478240322647,109.82347849014097, 890.3328597647134, 879.0121152114122, 11.32074455330121, 223.0735153659496,0.0, 0.0, 0.0, 0.0625, 0.8125,23.125, 24.375, 24.625, 24.0625, 24.75,0.0, 0.625, 1.4375, 1.4375, 2.25, 4.968421459197998,-3.5655517578125, 321.5625
0, 270.0, 925, 909, 1285, 1269, 0.2966887817382813,0.9792326214030619, 1.6868097923812455, 4.261704562432133, 5.309052069153403,0.0002806342224198488, 0.0009287040024969429, 0.0015136914107142729, 0.0027604976890620485, 0.002052443368997956,1189.1595458984375, 129.06069111131322, 253.87501525878906, 261.125, 1015, 1044,263.875, 231.12501525878906, 1055, 924, 19.615966796875, 241.29998724866962, 15.646271874985763, 262.22719002678684, 25.24413742783867, 228.50986209063933,12.371624375093273, 255.27520998867604, 19.206728471783297, 270.2492149334791, 22.73278429727686, 274.02658275206295,69.93238478627615, 128.26675087862176, 197.0189071064201, 1104.7852980429523, -13.473824146506088, 651.0306147907206, -52.30901686148598, 1104.7852980429523, -13.473824146506088,50.37972446340475, 895.3885238161083, 812.7889965308642, 82.59952728524411, 222.65047148927383,0.0, 0.0, 0.0, 0.0, 0.25,16.0, 16.75, 17.25, 15.5, 20.125,0.0, 0.375, 0.3125, 0.625, 1.625, 6.647368431091309,-3.557586669921875, 267.5625
0, 275.0, 943, 912, 1303, 1272, 0.27292785644531253,0.6474743745208252, 1.2088184188550803, 3.7530253510794145, 5.5898974558804175,0.00037582990015152975, 0.0009674130428896888, 0.0014138674939567864, 0.002398691259868428, 0.0020226130050224355,695.31787109375, 98.54370651286644, 258.375, 261.875, 1033, 1047,268.375, 231.87501525878906, 1073, 927, 18.251401901245117, 240.50495322928015, 14.634555934334259, 263.6968687681762, 23.760411601253818, 226.46740765021022,11.952524391473426, 256.1407998621918, 18.80648318671483, 272.3459054237546, 22.948025133773335, 276.18447173730175,77.98624283137573, 125.26007431069709, 200.696838544151, 1162.9150666162325, -21.316472822414596, 732.8275740581491, -50.835899802135735, 1162.9150666162325, -21.316472822414596,40.233584641659164, 892.3446499622291, 791.6884433892453, 100.65620657298382, 212.38121564585148,0.0, 0.0, 0.0, 0.0, 0.0,10.375, 11.25, 13.9375, 17.0625, 18.9375,0.0, 0.0, 0.1875, 0.375, 0.875, 7.326315879821777,-3.848175048828125, 260.0
0, 280.0, 948, 925, 1308, 1285, 0.24142832946777346,0.39236930368700995, 1.0067504481179639, 3.5928259044757582, 3.475713107539923,1.651873203343257e-05, 0.0004523671910783378, 0.0009335160343107419, 0.0011045799656494637, 0.00012447584274951848,519.69140625, 81.56441124181259, 259.625, 265.125, 1038, 1060,269.625, 235.12501525878906, 1078, 940, 18.094650268554688, 240.83481038505676, 14.350977968542585, 264.1012901334887, 23.69350562204891, 226.9923327940881,12.50355993579073, 256.88272233059524, 19.225649405873998, 271.69593096195786, 23.528081883514645, 274.5833934335807,70.80539014747913, 128.85376807611812, 199.4193634824795, 1149.8523842155087, -27.44656098393995, 748.0181229220489, -55.74786935151278, 1149.8523842155087, -27.44656098393995,43.574643736132515, 891.1160039126552, 793.6119657260843, 97.50403818657082, 215.67682467383258,0.0, 0.0, 0.0, 0.0, 0.0,12.0625, 12.1875, 13.5, 13.5625, 16.625,0.0, 0.0625, 0.75, 1.0, 2.25, 4.831579208374023,-4.228658676147461, 298.9375
0, 285.0, 955, 910, 1315, 1270, 0.3207674560546875,0.8471603565401163, 1.3110996641137167, 2.144207024864154, 0.9929424141839263,0.00023597025847266195, 0.001085930309120613, 0.001398011628002678, 0.0016262704547364136, -0.0002384460112833153,641.52685546875, 54.212808053343814, 261.375, 261.375, 1045, 1045,271.375, 231.37501525878906, 1085, 925, 17.552663803100586, 241.18995290114074, 14.589202052294718, 266.0526423133289, 22.712268464924264, 225.5213722728619,12.702256505161577, 260.16954596298876, 18.78357347408959, 275.57978142970217, 22.394324606481575, 278.80421811421684,85.86471228513801, 139.05888172855668, 208.4760638792122, 1096.9875120006177, -24.560551367815798, 691.4592408013566, -62.526644110388915, 1096.9875120006177, -24.560551367815798,37.450259080228385, 888.7409761412263, 786.0274002131132, 102.71357592811307, 217.13720614214603,0.0, 0.0, 0.0, 0.0, 0.3125,9.4375, 10.125, 13.6875, 19.0625, 22.5,0.0, 0.125, 1.3125, 1.6875, 2.8125, 3.5315792560577393,-3.634976625442505, 189.375
0, 290.0, 979, 936, 1339, 1296, 0.41548660278320315,0.09606233027705458, 0.49878175407648084, 2.6749903290031947, 2.003995888637146,4.880467542079714e-05, 0.0003374799749826707, 0.0008451011243050744, 0.00013765898340352577, -1.2897767450681349e-05,650.2909545898438, 48.65735955278309, 267.375, 267.875, 1069, 1071,277.375, 237.87501525878906, 1109, 951, 17.942838668823242, 242.641149533715, 14.408599165229836, 266.3828682156817, 23.426121349797814, 228.30358604878217,9.651310213842299, 252.27376532018397, 17.562629242024705, 265.7377757215716, 22.409826157127622, 268.5735609819342,35.94668091811792, 85.42640431520036, 161.7443497462291, 1067.815475625936, -5.360794896167774, 752.4565382387003, -28.797745747715798, 1067.815475625936, -5.360794896167774,90.09246733502493, 885.931478611416, 856.320581792174, 29.61089681924193, 229.37694044799053,0.0, 0.0, 0.0, 0.0, 1.0,8.0625, 8.9375, 13.1875, 15.5, 17.75,0.0, 0.0, 0.875, 2.25, 4.375, 1.7473688125610352,-2.6206002235412598, 203.875
0, 295.0, 984, 921, 1344, 1281, 0.3609385986328125,0.9849189075489995, 1.5684449504932854, 2.3701615996134935, 1.543416877486743,-0.0001094723742107817, 0.001430856792414943, 0.0016261638803553068, 0.0015456095631981271, -9.70020413760154e-06,638.6596069335938, 42.940578985299524, 268.625, 264.125, 1074, 1056,278.625, 234.12501525878906, 1114, 936, 18.07229995727539, 242.8819683434713, 16.12301618781525, 267.3770719227266, 22.489206177280934, 225.5896432614553,12.292266478401462, 263.804149167541, 19.202018741695166, 270.31589124015676, 23.81069851108733, 270.37995841457143,68.11550032601919, 105.46498712985411, 162.4142015209821, 1107.814094346764, -18.09633947537373, 701.0464466334245, -30.36769594738252, 1107.814094346764, -18.09633947537373,85.32177951026871, 888.4936994428725, 833.6175320371477, 54.8761674057248, 216.12334275633106,0.0, 0.0, 0.0, 0.25, 0.9375,7.0, 7.3125, 9.3125, 11.5, 12.8125,0.0, 0.375, 0.9375, 2.375, 3.125, 8.13157844543457,-2.550323486328125, 125.5
0, 300.0, 996, 926, 1356, 1286, 0.5267051391601563,0.864065500923316, 1.3231575548838008, 1.628188816877664, 0.9673175700279535,-0.0007847496159774891, 0.0015647014742489773, 0.0018717768545229775, 0.0009457326699362056, -0.0003072854930240965,701.1558837890625, 31.496585781440363, 271.625, 265.375, 1086, 1061,281.625, 235.37501525878906, 1126, 941, 17.81449317932129, 242.8365749062474, 15.732575653605785, 267.69051601750675, 22.353935053069353, 225.63048652656383,12.818699070385305, 268.0372272075481, 19.53566186983222, 272.1655747692879, 23.620183354847747, 274.55834029970515,75.30884422045686, 116.27364364081838, 174.90080083588168, 980.7581771348719, -11.882152617611647, 592.6600772279561, -24.69931645964921, 980.7581771348719, -11.882152617611647,101.7035197956594, 881.84057518768, 830.2483666921268, 51.59220849555322, 226.07357576224572,0.0, 0.0, 0.0, 0.0, 0.6875,6.5625, 8.1875, 9.9375, 11.4375, 14.1875,0.0625, 0.5, 1.125, 2.0, 2.875, 2.8894736766815186,-2.61464262008667, 119.5
0, 305.0, 1011, 929, 1371, 1289, 0.515697265625,0.887225709403283, 1.2995667876067454, 1.2005334081704495, 0.5570382237544982,-0.0008574922358275216, 0.0014230335655042838, 0.0013313971735624363, 0.0005439292344641444, -0.00015723948425403476,778.8790893554688, 25.73643100599483, 275.375, 266.125, 1101, 1064,285.375, 236.12501525878906, 1141, 944, 18.738584518432617, 242.72909504946807, 15.789855206132541, 265.85589232188073, 23.77918456364172, 227.61124586657039,11.439480824511948, 272.42916542973705, 17.344961037690144, 277.10057768991885, 21.253825513747664, 280.5045663873348,71.01314382320633, 102.82261663629517, 150.2344060072882, 784.2869839359071, -31.010505713567724, 399.4276133298792, -46.067314805895904, 784.2869839359071, -31.010505713567724,56.09394155965992, 869.873262927699, 792.1564662620706, 77.71679666562841, 240.70136832063588,0.0, 0.0, 0.0, 0.125, 1.0625,8.3125, 9.6875, 11.625, 12.75, 12.625,0.0, 0.3125, 1.4375, 3.1875, 4.25, 3.6263158321380615,-2.6835403442382812, 102.9375
0, 310.0, 1032, 933, 1392, 1293, 0.43150723266601565,0.4341584429491196, 0.9998238688730636, 1.2838420414418215, 0.736489377556718,-0.0016581745156872786, 0.0008248229904597792, 0.0018548099461895618, 0.0009640428970089943, -0.00022863390663061976,381.8231201171875, 33.26734416270908, 280.625, 267.125, 1122, 1068,290.625, 237.12501525878906, 1162, 948, 19.062665939331055, 243.93418630586845, 15.307724538653945, 265.8433356914361, 24.595610441158204, 230.50572824519486,14.746002236050579, 279.59538624653607, 18.660602767440846, 282.67465409043126, 22.834625467086667, 281.9073369786937,110.87528853093347, 139.63484726650174, 166.61218493882834, 917.4062393466711, -63.96399379816319, 366.69202511421753, -77.68262186002693, 917.4062393466711, -63.96399379816319,36.23185958842634, 872.523604367584, 766.7838697515961, 105.73973461598791, 225.84240492589927,0.0, 0.0, 0.0, 0.0, 0.0,6.6875, 6.1875, 7.25, 7.5, 9.8125,0.0, 0.125, 0.4375, 0.8125, 1.3125, 3.5315792560577393,-1.722076416015625, 76.5
0, 315.0, 1046, 942, 1406, 1302, 0.5340303344726562,0.5907735134998802, 1.2231730371247977, 1.7432958276744468, 1.081841737595605,-0.0012487380441507411, 0.0006303669462386096, 0.0013744218575652669, 0.001108460634561652, -0.0002421940984961424,406.786376953125, 34.142585398648045, 284.125, 269.375, 1136, 1077,294.125, 239.37501525878906, 1176, 957, 18.11530113220215, 245.1591670731319, 14.416623407490217, 268.45153251394254, 23.685210989626444, 231.23222278520095,10.348321377258388, 283.87368013884867, 14.239957088528989, 283.15832710631656, 18.573015168054443, 277.1591397318626,87.4928026033883, 96.46226709139468, 124.04613341737262, 1117.9854548396597, -52.491070119919804, 370.5812556393323, -53.496241020490096, 1117.9854548396597, -52.491070119919804,71.12713782251637, 882.4092229459487, 796.7891811591404, 85.62004178680832, 214.75964591662475,0.0, 0.0, 0.0, 0.375, 1.25,4.1875, 5.0625, 6.75, 10.1875, 12.25,0.0, 0.0625, 0.6875, 2.25, 3.625, 3.299999952316284,-1.9861373901367188, 41.6875
0, 320.0, 1056, 949, 1416, 1309, 0.22588543701171876,0.6884968378441408, 1.1927606664854102, 0.9613837370829424, 0.45646863517642483,-0.0007796062114630331, 0.0008459898630792395, 0.0007755964943896743, 0.00046748493587415394, -0.00013047150091423986,684.8575439453125, 20.927109048121356, 286.625, 271.125, 1146, 1084,296.625, 241.12501525878906, 1186, 964, 18.597793579101562, 246.33555787463987, 15.67856318306579, 269.6772959060468, 23.631303689450476, 231.0948421021654,10.746806377682033, 275.21127906360164, 15.390241988751667, 269.8641115652298, 20.606030827361387, 267.22510405485525,67.46036790688703, 92.8539315211238, 128.48526282737487, 1077.5930603892516, -51.82318477876899, 520.1966386689506, -47.204952430142626, 1077.5930603892516, -51.82318477876899,58.55258274065241, 882.9698002004924, 811.1867553698476, 71.78304483064483, 213.29892446377775,0.0, 0.0, 0.0, 0.0, 0.5,4.1875, 4.875, 8.375, 11.5, 11.0,0.0, 0.1875, 0.4375, 1.25, 2.1875, 1.952631950378418,-1.7335379123687744, 32.9375
0, 325.0, 1075, 958, 1435, 1318, 0.3994428405761719,0.4555488888605032, 0.9932606580469292, 0.9314182968530804, 0.49788189645303643,-0.0011287740851685158, 0.0006393517818128202, 0.0013214324842761014, 0.00018723238321058489, -0.0002020578910449444,569.2882690429688, 22.88031066437603, 291.375, 273.375, 1165, 1093,301.375, 243.37501525878906, 1205, 973, 17.169376373291016, 244.59286242866781, 15.642217559576304, 270.4847590432058, 21.38681889188915, 225.9673236180425,9.656728882691375, 263.9983860871578, 15.139218054422681, 259.70162336332953, 19.379670820890944, 268.3431650408513,48.44861469602832, 89.35649221238428, 133.33618679722937, 1074.9070110625296, -19.611590232234125, 623.5285267213218, -22.199733022668195, 1074.9070110625296, -19.611590232234125,94.578008838859, 878.586018185558, 824.933315666918, 53.65270251864001, 212.2842439370257,0.0, 0.0, 0.0, 0.0, 0.0625,7.625, 8.1875, 10.1875, 12.375, 11.5,0.4375, 0.125, 0.625, 1.125, 1.625, 1.9210529327392578,-1.6890305280685425, 25.8125
0, 330.0, 1105, 971, 1465, 1331, 0.2806141357421875,0.11489463153586257, 0.5669187765079551, 1.6877277188102013, 1.842390742964344,-0.0003445339921086088, 0.0004783856491962979, 0.0014010545490850746, 0.0009340989825977886, -8.261834778977572e-07,544.3246459960938, 34.879251430492694, 298.875, 276.625, 1195, 1106,308.875, 246.62501525878906, 1235, 986, 17.462989807128906, 244.25584723464104, 16.327821440228362, 269.6176048226358, 21.34980831849534, 225.13399433352956,6.2122659944833325, 236.42406546435927, 14.345924381983712, 253.66746542032507, 17.343032824446418, 273.6225634022784,4.623333719538138, 70.69447253835635, 142.60498349935966, 1008.4288273894298, -7.152959742059502, 851.973369349056, -18.839833446072646, 1008.4288273894298, -7.152959742059502,78.11537050077669, 874.1868272723322, 834.4856403747552, 39.70118689757692, 216.65404155982486,0.0, 0.0, 0.0, 0.0, 0.0,6.3125, 8.625, 10.75, 14.5, 14.5,0.5, 0.0, 0.1875, 0.5625, 2.0, 2.989473342895508,-1.5850341320037842, 13.75
0, 335.0, 1107, 968, 1467, 1328, 0.30535794067382815,0.14232525518978945, 0.6094189957180061, 1.2165722716989695, 1.0680950702511474,-0.0011884605008981454, 0.0005336856940016333, 0.0009254377907154776, 0.0004388561104508426, 4.371579328420696e-05,628.599853515625, 28.367365249162866, 299.375, 275.875, 1197, 1103,309.375, 245.87501525878906, 1237, 983, 17.057382583618164, 245.0210196669792, 15.563743311400085, 271.0906963033095, 21.264490471911387, 226.25834713765877,6.921460324482474, 253.33834592497885, 13.690652540241661, 260.81247166956206, 17.3418785640528, 278.0629103628387,4.418768633289872, 63.550543304984586, 120.16178788580133, 873.5848166548554, -12.984981693255733, 734.8229044726584, -32.30818030946186, 921.3223374601321, -12.054809984534716,63.70827001016556, 866.7165830191999, 812.4980635160176, 54.21851950318228, 222.6735429881269,0.0, 0.0, 0.0, 0.0, 0.0,5.6875, 6.3125, 8.75, 9.5, 11.0625,0.75, 0.0, 0.0625, 0.5625, 0.9375, 2.48421049118042,-1.4778379201889038, 10.5
0, 340.0, 1126, 974, 1486, 1334, 0.282125,0.17715962709276936, 0.6772401375921617, 1.5727246871055103, 1.4666209963959411,-0.0015164541486751661, 0.00038530430560967943, 0.0007395776570342605, 0.0004440459051340895, 0.00013918021957920243,887.5948486328125, 32.10943722842745, 304.125, 277.375, 1216, 1109,314.125, 247.37501525878906, 1256, 989, 17.519325256347656, 245.5558781205046, 15.699424654462597, 270.8985133303099, 21.906199953981222, 227.69211613922562,7.5060014278274565, 232.79185282601654, 16.49670564292313, 248.09784230315154, 18.643522952593283, 265.85376599405674,36.29014251276181, 72.3146683417861, 155.8272048792972, 955.6543997326735, -6.487439095530369, 732.2206166050531, -27.21058989385157, 955.6543997326735, -6.487439095530369,81.05462511057624, 866.1294928841633, 853.2886706021224, 12.840822282040904, 214.96538339178642,0.0, 0.0, 0.0, 0.0, 0.0,5.375, 6.9375, 7.9375, 7.6875, 8.3125,0.25, 0.0, 0.0, 0.0625, 0.0625, 2.6894733905792236,-1.253326416015625, 9.0625
0, 345.0, 1157, 983, 1517, 1343, 0.3664617614746094,-0.058131409952766264, 0.14928714787121863, 1.4218069079110864, 2.354650631626137,7.342022164266382e-05, 0.0002822163332757555, 0.0007437484280762873, 0.0007777223874472838, 0.0001307031218399857,580.9963989257812, 27.396895800988673, 311.875, 279.625, 1247, 1118,321.8750305175781, 249.62501525878906, 1287, 998, 17.01582145690918, 246.06155800589565, 15.696579943793877, 272.1708007526667, 21.09961437156335, 226.95108334212503,7.616743042386975, 256.35422961337633, 18.728313404413704, 255.8033065549231, 20.57530560593255, 270.43704513565444,14.582308226883796, 54.45671306260653, 169.48837405270157, 1080.7569807437899, -9.742759856631778, 836.8907081237313, -16.24308562820081, 1080.7569807437899, -9.742759856631778,123.34062604665417, 872.970669974613, 856.613899413292, 16.356770561321014, 212.0242412100379,0.0, 0.0, 0.0, 0.0, 0.0,8.9375, 6.75, 7.75, 10.1875, 11.875,0.5, 0.0625, 0.25, 0.4375, 1.125, 2.026315450668335,-1.362457275390625, 1.8125
0, 350.0, 1178, 987, 1538, 1347, 0.6065602416992187,-0.3075480269792024, -0.3682990616024472, 0.3275919718644581, 1.308146122604667,-0.0005526713330505118, -0.0002580476631783313, 0.0003201674544720845, 0.0010249890200324783, 0.0003061943898073594,728.4812622070312, 22.036814986534015, 317.125, 280.625, 1268, 1122,327.1250305175781, 250.62501525878906, 1308, 1002, 16.837093353271484, 245.44423184833155, 15.28737555733642, 271.884712408278, 21.11330215750914, 226.63595812012798,8.791467126368499, 239.996377343681, 16.958544800460707, 251.84991110104966, 16.815091128101425, 267.2257324322589,35.62745204126228, 74.46512612721173, 163.09247000482128, 917.2682388101111, -6.726002540914624, 557.4424322755676, -15.178898265268597, 917.2682388101111, -6.726002540914624,100.34837013578378, 865.4280237037558, 847.2939397433528, 18.134083960403018, 214.30743298700668,0.0, 0.0, 0.0, 0.0, 0.0,7.0625, 5.3125, 8.375, 11.0625, 12.625,0.375, 0.0, 0.0, 0.1875, 1.125, 4.984210968017578,-1.518280029296875, 2.9375
0, 355.0, 1168, 995, 1528, 1355, 0.6514254760742187,-0.03081067347957287, 0.24253509785165078, 1.121754467310966, 0.9929118286859011,-0.001264288999686869, -0.0004630116538533002, 0.0003436087051068171, 0.00018174063148876485, -3.9371851990637186e-05,545.4822387695312, 19.810416743458738, 314.625, 282.625, 1258, 1130,324.6250305175781, 252.62501525878906, 1298, 1010, 18.150466918945312, 246.68585095641316, 16.63033937597801, 271.09026906466124, 22.244340256165966, 228.69301658526456,8.754380674557744, 244.75958734630782, 17.25766171940744, 259.47290764878244, 17.742723050393696, 273.50867682805756,28.375331583806812, 87.32794420264025, 187.62334510064798, 966.0441414959284, -3.2161358999318743, 660.7149525819497, -11.710591363989868, 966.0441414959284, -3.2161358999318743,114.97868824361906, 867.6849480003308, 858.2266549643296, 9.458293036001237, 214.32638173201323,0.0, 0.0, 0.0, 0.0, 0.0,11.0, 8.3125, 10.8125, 12.3125, 12.1875,0.25, 0.0, 0.0625, 0.25, 0.375, 1.1526312828063965,-2.046600341796875, 2.8125
0, 360.0, 1192, 996, 1552, 1356, 1.072849853515625,-0.7257049768278375, -0.5221326266916003, 0.291668137126253, 0.86547960703203,-0.0016898237096211232, -0.0010064184852444668, 0.00017592605379149973, -8.305079548250658e-05, -8.263050455610711e-05,394.10693359375, 15.732435372692509, 320.625, 282.875, 1282, 1131,330.6250305175781, 252.87501525878906, 1322, 1011, 17.93341827392578, 245.83606614063683, 15.941955959245005, 270.52892539881253, 22.395736684510588, 228.536389572728,10.045367297387845, 242.31253547236736, 17.539507545182456, 258.1840372920227, 16.77754411623626, 270.0060875197833,49.81622145401188, 88.91389325096229, 182.7530472767369, 1039.928746420583, -0.14487553021916486, 519.6557176131486, -7.944308538483346, 1039.928746420583, -0.14487553021916486,159.54384510092765, 854.9754980027037, 849.0123400404051, 5.963157962298624, 216.82610319551148,0.0, 0.0, 0.0, 0.0, 0.0,11.8125, 9.6875, 9.9375, 12.75, 14.1875,0.4375, 0.0, 0.0, 0.25, 0.625, 1.9894737005233765,-1.230010986328125, 1.125
0, 365.0, 1216, 1000, 1576, 1360, 0.9468880004882813,-0.7799743485439103, -0.6160110711841844, 0.32569333316554544, 1.1204864466897562,-0.0010978621669619315, -0.00040945235470644546, 0.00022437159294554475, 6.3993977403242755e-06, -6.830630220449052e-05,379.3329162597656, 16.213655818373468, 326.6250305175781, 283.875, 1306, 1135,336.6250305175781, 253.87501525878906, 1346, 1015, 19.567100524902344, 247.32011598311888, 17.412454918711692, 269.76232538533554, 23.98018369297481, 231.22714493668465,6.333203779297657, 269.5073434641233, 14.730576145372323, 271.1747602075292, 13.537935726479091, 283.61159212001695,40.77502457652723, 55.96390056478966, 135.48484917749582, 784.4741958230518, -2.9128800753410373, 428.0567154953512, -15.577067066634228, 784.4741958230518, -2.9128800753410373,110.13688368780831, 847.4172367594333, 836.5078917661608, 10.909344993272498, 230.02204517383373,0.0, 0.0, 0.0, 0.0, 0.0,7.5, 9.25, 12.5, 12.8125, 9.1875,0.0, 0.125, 0.4375, 0.5, 0.75, 1.5789473056793213,-1.486175537109375, 1.8125
0, 370.0, 1238, 1005, 1598, 1365, 0.7503310546875,-0.39050145088782295, -0.20130751728604082, 0.2595841715222923, 0.728527359275031,-0.0014899365237215534, -0.000475932788431237, 0.0002327911695306284, 0.00016904784827204367, 1.7691936198644982e-05,444.7253723144531, 13.055663698925079, 332.1250305175781, 285.125, 1328, 1140,342.1250305175781, 255.12501525878906, 1368, 1020, 20.605527877807617, 248.77442718195468, 16.761095353424366, 268.7291380177837, 26.091017111348098, 236.11005262489348,6.25334904806095, 230.00234892746997, 8.917232515774591, 249.99913474165132, 7.978537304903651, 265.28825365153637,41.73445725596529, 52.76763898167332, 90.56103362813494, 770.1731903983626, -32.790128883428636, 168.62460330535478, -74.39885635187179, 770.1731903983626, -32.790128883428636,43.27134098549631, 842.1389976611292, 781.1762096802117, 60.96278798091748, 224.5057142894774,0.0, 0.0, 0.0, 0.0, 0.0,7.75, 8.5, 11.125, 9.75, 8.5625,0.0, 0.0625, 0.0625, 0.0, 0.0, 1.278947353363037,-1.554931640625, 1.4375
0, 375.0, 1250, 1008, 1610, 1368, 0.6462479858398438,-0.07954590536421165, -0.05062487025803421, -0.020161160023417325, 0.012493741330690682,-0.0008147675751797579, -0.00029916858159140247, 0.00032583535148319245, 0.00022086728059036886, 0.0001629853623383326,159.35458374023438, 3.581328743233885, 335.1250305175781, 285.875, 1340, 1143,345.1250305175781, 255.87501525878906, 1380, 1023, 20.846240997314453, 249.50835832902922, 15.855309114641303, 267.22192133501693, 27.022966322102928, 239.22484500129804,4.153789820509584, 193.5023234369204, 8.219587486308878, 251.98905571482118, 8.827354266741747, 268.8275620567886,23.025458761511455, 24.44160512925513, 81.25103656271925, 718.1713241017085, -32.10867002011405, 423.6735831587658, -24.586361093020955, 718.1713241017085, -32.10867002011405,64.2620206090461, 824.163314351682, 782.0954137500007, 42.06790060168123, 243.41083559603305,0.0, 0.0, 0.0, 0.0, 0.0,8.625, 6.1875, 8.0, 6.5625, 6.0625,0.0, 0.0, 0.0, 0.0, 0.0, 0.7894735336303711,-1.282562255859375, 1.1875
0, 380.0, 1293, 925, 1653, 1285, 1.2851771240234375,-0.37138955508300575, -0.3787192217539996, -0.2884769097808748, -0.028137875409302068,0.0002723954061184486, -9.11207576336892e-05, 3.7116144344508936e-05, 0.0001335869130377887, -2.492316793748728e-05,33.16360092163086, 0.3586801152988209, 345.8750305175781, 265.125, 1383, 1060,355.8750305175781, 235.12501525878906, 1423, 940, 18.76262664794922, 246.94209233331534, 16.533155242510247, 270.40098015626296, 23.30723145967369, 230.53926984575162,7.493139448498229, 279.99902310572713, 12.003929030452538, 282.4417173189771, 12.01899058737089, 311.0217149951684,56.25623398028035, 79.65916012759385, 125.1986180945515, 672.7473207570164, -0.012789072102437623, 5.443301668807525, -52.10313735945832, 672.7473207570164, -0.012789072102437623,98.25956374053636, 835.2138671993109, 833.5498353433143, 1.6640318559966545, 232.84479953545102,0.0, 0.0, 0.0, 0.0, 0.0,8.0, 2.875, 6.375, 7.8125, 7.6875,0.0, 0.0, 0.0, 0.0, 0.0, 0.3631577491760254,-1.56085205078125, 2.5
0, 385.0, 1350, 1028, 1710, 1388, 0.62665771484375,-0.32175360940629616, -0.14873347984277643, 0.44472386434616057, 0.2582918337371666,-0.00020264807162902797, -0.0004352214323171211, -0.00021553919039320136, 0.0005421221974017955, 0.0001677094085333408,21.207046508789062, 1.0771470350363506, 360.1250305175781, 290.875, 1440, 1163,370.1250305175781, 260.875, 1480, 1043, 21.245620727539062, 245.88303052136985, 14.09523798669206, 253.38167632093797, 28.575811490422883, 242.19225770370022,3.930114939330618, 242.59369337936175, 6.551370391281639, 290.41238415584195, 7.702808288491871, 279.28409354492356,4.2130853074329035, 19.94293307561641, 47.191944021596086, 585.1494957128551, -17.22832590580139, 377.2994290253139, -50.79688109662945, 585.1494957128551, -17.22832590580139,5.666981017665139, 833.930057620863, 660.6375181307476, 173.29253949011536, 244.66830600008615,0.0, 0.0, 0.0, 0.0, 0.0,3.375, 0.6875, 0.75, 0.625, 0.75,0.0, 0.0, 0.0, 0.0, 0.0, 0.46842145919799805,-0.2371475100517273, 0.0
0, 390.0, 1327, 939, 1687, 1299, 1.279736083984375,0.5042250118643278, 0.5699173082449125, 0.6679472937458193, 0.4156876020797063,-4.082497346871605e-05, -0.0002094980229912835, 0.0001255847236200225, 0.00012140786200319553, 3.207532683944692e-05,18.38545799255371, 0.774456481388761, 354.3750305175781, 268.625, 1417, 1074,364.3750305175781, 238.62501525878906, 1457, 954, 19.03985023498535, 248.58906950825886, 17.904654259274167, 271.7522484922325, 22.736646679306713, 230.54454301616798,3.420542638638778, 286.0447513891856, 5.376947421658148, 300.66966172304365, 7.3752025885437025, 327.60500448860915,28.66096277068251, 35.10772687354298, 45.910965341968236, 549.1211907244729, -38.54348143885684, 0, 0, 549.1211907244729, -38.54348143885684,5.477765627782881, 813.8198068563012, 649.151559091019, 164.66824776528222, 260.28157050945276,0.0, 0.0, 0.0, 0.0, 0.0,1.6875, 0.625, 1.25, 2.9375, 3.5625,0.0, 0.0, 0.0, 0.0, 0.0, 0.3421056270599365,-1.10772705078125, 0.0625
0, 395.0, 1282, 870, 1642, 1230, 0.8160229492187501,-0.3541425854525005, -0.3715589914962766, -0.016839526321564317, 0.5131209831149317,-0.0006133086435374935, 5.740181703458802e-05, -7.230278216866282e-05, 2.084820574737023e-05, -4.790855953658024e-06,46.577919006347656, 0.3362870467047372, 343.1250305175781, 251.37501525878906, 1372, 1005,353.1250305175781, 221.37501525878906, 1412, 885, 19.952041625976562, 248.96075474251262, 12.576073412299202, 253.87548563989904, 27.395442303179838, 246.70679644341087,8.874837198651825, 256.7049188461215, 12.45291762516138, 256.38727406858084, 16.840258179045104, 250.40394639337964,5.856379202710281, 8.843961431049589, 13.736263355120169, 942.9221822740586, -11.22944118121084, 477.3175029283623, -25.8175201209453, 942.9221822740586, -11.22944118121084,106.60941254638553, 860.8590342897879, 811.9049069017723, 48.95412738801565, 237.45709451323305,0.0, 0.0, 0.0, 0.0, 0.0,2.0625, 1.6875, 4.125, 4.6875, 4.625,0.1875, 0.0, 0.0, 0.0, 0.0, 0.0,-1.756500244140625, 2.125
0, 400.0, 1411, 1072, 1771, 1432, 0.2965423278808594,0.15769695617986146, 0.2729042095082696, 0.34273388071000227, 0.24066636297618965,-0.0003728900703606541, 2.6452770896412403e-05, -9.063272456614868e-05, 0.0005747613202737512, -0.00012940953982251813,17.1106014251709, 1.52452663229833, 375.3750305175781, 301.875, 1501, 1207,385.3750305175781, 271.875, 1541, 1087, 18.478059768676758, 249.50062655488875, 20.005608418557966, 271.5174666084501, 19.878456070421457, 227.33549953441658,3.576348036684953, 295.1067321912567, 7.47247639010841, 299.7602903369481, 12.833691281027114, 268.2135553711612,27.96187765968135, 41.71517491245529, 61.25127550738732, 818.7536882299055, -103.56218389145332, 476.57572131856995, -131.01837103965772, 818.7536882299055, -103.56218389145332,0.8965183496804008, 851.2693129474618, 696.0701396054405, 155.19917334202125, 237.28725965620092,0.0, 0.0, 0.0, 0.0, 0.0,2.375, 0.375, 0.125, 0.0625, 0.3125,0.0, 0.0, 0.0, 0.0, 0.0, 0.0,-1.16290283203125, 0.25
0, 405.0, 1524, 1118, 1884, 1478, 0.8968500366210937,0.13999633997940691, 0.18712332719500407, 0.3346474687926821, 0.21840596842579543,-0.0007278180221123875, 0.00030637082603902856, 3.9417116266804444e-05, 0.00016784420267896392, -7.875750967855311e-05,10.559274673461914, 1.2372819736380465, 403.6250305175781, 313.375, 1614, 1253,413.6250305175781, 283.375, 1654, 1133, 16.633935928344727, 245.84754085844247, 14.901031727583687, 272.6473124314599, 21.067389886929924, 227.25086041307395,8.627583682635333, 279.5563039041053, 14.642385560996733, 269.7752917852629, 15.102582940544506, 275.0593619960822,33.78221408754796, 64.13491163853143, 101.21332198302125, 498.6540011623246, -14.594336609328757, 111.6553607227815, -32.602083917602016, 498.6540011623246, -14.594336609328757,69.76895844842967, 832.9208330893598, 784.1080152205578, 48.81281786880197, 256.7690395023006,0.0, 0.0, 0.0, 0.0, 0.0,2.6875, 0.875, 0.5, 0.3125, 0.0,0.0625, 0.0, 0.0, 0.0, 0.0, 0.0,-0.88421630859375, 0.0
0, 410.0, 1688, 1217, 2048, 1577, 0.8340117797851563,0.094135164948093, 0.16238422078764417, 0.21819203905441098, 0.4163442497269716,0.0001279894628328293, 0.0002521381119800026, 0.00018095319513463436, -0.0002109762414559668, 0.0013162307597889367,9.370767593383789, 1.3437623741975588, 444.6250305175781, 338.1250305175781, 1778, 1352,454.6250305175781, 308.125, 1818, 1232, 19.293243408203125, 246.69967525929326, 17.229801214450337, 269.5094292323846, 23.66627101726954, 230.30584225979746,12.379398720977857, 284.3303739075124, 18.054692620119926, 284.1174359299481, 18.11720289462492, 265.2684597633217,41.00812871127026, 63.77055502748243, 103.66131809141768, 1056.372471818403, -7.091497557280764, 429.95422900317743, -29.149251323981026, 1056.372471818403, -7.091497557280764,88.42927913775873, 876.57337459512, 829.7599759136398, 46.81339868148018, 213.47416931387139,0.0, 0.0, 0.0, 0.0, 0.0,2.0, 0.1875, 0.125, 0.0, 0.0,0.0, 0.0, 0.0, 0.0, 0.0, 0.0,-0.9688720703125, 0.0
0, 415.0, 1669, 1152, 2029, 1512, 0.5581691284179687,-0.3431816148918006, -0.19280247131420766, 0.5580231162821292, 0.6928601235983661,-7.992642522140158e-05, 8.006407138339e-06, 5.495202119789155e-05, -3.24051675301007e-05, 0.000523521924525312,11.24484634399414, 1.2069981182436933, 439.8750305175781, 321.8750305175781, 1759, 1287,449.8750305175781, 291.875, 1799, 1167, 19.00492286682129, 247.29832767966653, 19.287632770019016, 269.87268718259173, 21.514215272481216, 227.16825275208458,9.256561835047991, 308.47783835955386, 14.879311549233966, 278.7511202236092, 17.253373274959863, 265.83464146438075,44.66309253665144, 48.11828502673414, 100.13083670876455, 990.3489670730546, -37.09512281332881, 464.57175904700216, -39.251546832383426, 990.3489670730546, -37.09512281332881,84.08086344752864, 883.5820191355696, 808.5494138174014, 75.03260531816818, 221.46165956075592,0.0, 0.0, 0.0, 0.0, 0.0,0.875, 0.3125, 0.1875, 0.1875, 0.0,0.0, 0.0, 0.0, 0.0, 0.0, 0.0,-1.027130126953125, 0.125
0, 420.0, 1683, 1152, 2043, 1512, 0.44851007080078126,-0.12578397927354673, 0.1007927356363507, 0.8696688175955205, 0.4509852886362933,-5.933944205480657e-05, -4.675103667750591e-06, 5.5671756575179645e-05, -3.38296741654176e-05, 0.0004495873153786079,15.371331214904785, 1.0855426682333722, 443.3750305175781, 321.8750305175781, 1773, 1287,453.3750305175781, 291.875, 1813, 1167, 17.93125343322754, 247.87493224939902, 17.226346601509352, 272.4037656896244, 21.419912667387255, 228.37089792464278,8.361394520255152, 298.25659687041315, 14.062999882040112, 275.7048421934051, 17.246734319842705, 264.8200715046887,45.87295943115221, 49.38607645475349, 97.8846477335447, 1040.5861713251236, -36.16219896308705, 601.0673445134712, -34.35137850130586, 1040.5861713251236, -36.16219896308705,90.4534555434619, 880.1478556665184, 807.592069017452, 72.55578664906636, 220.83963713870847,0.0, 0.0, 0.0, 0.0, 0.0,1.375, 0.875, 0.4375, 0.0625, 0.0,0.0, 0.0, 0.0, 0.0, 0.0, 0.0,-1.237139105796814, 0.4375
0, 425.0, 1730, 1373, 2090, 1733, 0.7231142578125,-0.06764054111568839, 0.03274492689146427, -0.20524265715008372, 0.18217655797110635,0.00010029937087097096, 5.797819188273934e-05, -0.00020637174141768355, 0.0016944684926087918, 0.000610145982203676,12.132035255432129, 0.7944650297856882, 455.1250305175781, 377.1250305175781, 1820, 1508,465.1250305175781, 347.1250305175781, 1860, 1388, 17.45160675048828, 246.70933314677964, 15.83127101928284, 272.16034752120015, 21.702259384700042, 228.43998744280267,5.42848396206192, 206.31839477288395, 12.429394185577829, 258.254675108419, 19.19662415583498, 244.3222503337519,23.29369848774774, 70.52344223704665, 194.1578600470448, 811.1244462843032, -11.999908004925286, 618.1081628231703, -15.00621459150703, 811.1244462843032, -11.999908004925286,45.56539627156538, 861.3859407983559, 834.5027619582318, 26.883178840124174, 235.85589335651693,0.0, 0.0, 0.0, 0.0, 0.0,0.0, 0.0, 0.0, 0.0, 0.0,0.0, 0.0, 0.0, 0.0, 0.0, 0.38421034812927246,-0.83306884765625, 0.0
0, 430.0, 1728, 1382, 2088, 1742, 0.6445042114257813,-0.1094878702602, -0.07719972269929713, -0.06717278199794237, 0.2362020987906726,3.984255212685639e-05, -7.451389672610275e-05, -0.0003121308348823959, 0.0011852807607010617, 0.0007634337478549468,7.510422706604004, 0.5105579993198718, 454.6250305175781, 379.3750305175781, 1818, 1517,464.6250305175781, 349.3750305175781, 1858, 1397, 18.41334342956543, 245.01671664780213, 18.013044752887698, 268.7475633355397, 21.590104580835558, 225.39770792188529,6.197279238847699, 206.92415058999404, 8.744665002072516, 250.75964898497554, 15.371915671904564, 253.24680772972235,42.725519005333375, 84.69767318758608, 150.86297495081394, 714.2795942549401, -17.9120374798625, 498.83851860932606, -31.14640883490909, 714.2795942549401, -17.9120374798625,14.024943271745087, 854.0277250190404, 794.5545251883207, 59.47319983071975, 240.23904429349795,0.0, 0.0, 0.0, 0.0, 0.0,0.125, 0.0, 0.0, 0.0, 0.0,0.0, 0.0, 0.0, 0.0, 0.0, 0.0,-0.798370361328125, 0.0
0, 435.0, 1742, 1414, 2102, 1774, 0.8380919189453125,-0.02941176661668578, -0.025186551242950373, -0.14309629505471094, -0.008275509125669487,1.676272189570227e-06, -0.00012645798845369426, -0.00032079037604177074, 6.81418773291398e-05, 0.00022906153159397036,6.242013931274414, 0.45113000854458213, 458.1250305175781, 387.3750305175781, 1832, 1549,468.1250305175781, 357.3750305175781, 1872, 1429, 18.06360626220703, 246.25751613318332, 16.333402457368834, 270.78707181624236, 22.322807694447768, 228.5732828303663,6.174012109663805, 226.16307227424912, 11.322069136055507, 256.107946652284, 12.924326357262649, 257.3770094604507,50.49612434872683, 67.30821227483709, 160.98403309943384, 875.9371941176202, -7.672409669864171, 433.875243208078, -25.04991297766104, 875.9371941176202, -7.672409669864171,55.578137047284635, 871.4850457675886, 821.9735933768379, 49.51145239075072, 225.32319285326574,0.0, 0.0, 0.0, 0.0, 0.0,0.0, 0.0, 0.0, 0.0, 0.0,0.0, 0.0, 0.0, 0.0, 0.0, 0.0,-0.939453125, 0.0
0, 440.0, 1656, 1439, 2016, 1799, 0.6644916381835938,0.02538321628846461, 0.04597574345825706, 0.07025273332732467, -0.04553815902530914,6.555442204216888e-05, 7.920287770701862e-05, -0.00011943857316161655, 1.148831826753849e-05, 0.0005526924253263133,12.454727172851562, 0.5077218406972528, 436.6250305175781, 393.6250305175781, 1746, 1574,446.6250305175781, 363.6250305175781, 1786, 1454, 18.700592041015625, 248.10046509579283, 16.53404681769888, 271.66234307308423, 23.206671684577906, 231.55345706060106,9.737592184132515, 249.37070269649678, 13.123234003189182, 262.603770741668, 15.28393557384077, 267.96414418342897,47.23126086039335, 89.72186171250544, 139.62520494079635, 810.9728804189014, -9.428395926008506, 442.61080824405263, -93.53808757838145, 810.9728804189014, -9.428395926008506,-7.217481390608662, 876.0974348081227, 688.0293626878556, 188.06807212026706, 224.17002526135857,0.0, 0.0, 0.0, 0.0, 0.0,0.0625, 0.0625, 0.0, 0.0, 0.0,0.0, 0.0, 0.0, 0.0, 0.0, 0.0,-0.09032657742500305, 0.0
0, 445.0, 1661, 1445, 2021, 1805, 0.5486151123046875,0.05440983817388769, 0.0779369137127651, -0.11025648098104285, -0.17752740969299338,-2.584767916914643e-05, 0.0001709108391094105, -0.00013032343615009266, -8.854777777855816e-05, 0.00015257341615551923,10.72323226928711, 0.2607064288379144, 437.8750305175781, 395.1250305175781, 1751, 1580,447.8750305175781, 365.1250305175781, 1791, 1460, 17.505342483520508, 245.909190145891, 15.699786643893349, 271.27447431893006, 21.88357145664967, 228.0104757465904,7.981140177844031, 251.50086111370533, 12.162178986498997, 265.98845732448945, 17.41171217814517, 268.65135683658065,37.93020311148153, 70.15648484165968, 125.09535162413752, 848.2561065175905, -50.64551038069985, 535.0123210113743, -102.1639937614282, 848.2561065175905, -50.64551038069985,1.1422170542419414, 877.6096668042493, 680.1115676621262, 197.49809914212312, 223.31194272952715,0.0, 0.0, 0.0, 0.0, 0.0,0.0, 0.0, 0.0, 0.0, 0.0,0.0, 0.0, 0.0, 0.0, 0.0, 0.44736814498901367,-0.0968797355890274, 0.0
0, 450.0, 1684, 1448, 2044, 1808, 0.7982555541992188,-0.029353017614484996, -0.05386432296014391, -0.18952919947798363, -0.19279344791197217,-4.160499376382631e-05, 3.846890768329558e-05, -8.807655389603042e-05, -0.0001983056376161585, 5.096404156347489e-05,7.600917816162109, 0.1595148086888407, 443.6250305175781, 395.8750305175781, 1774, 1583,453.6250305175781, 365.8750305175781, 1814, 1463, 17.003488540649414, 246.87062123384032, 15.943463216050095, 272.9316854363873, 20.893617838365717, 227.28335372688107,6.942433529194131, 243.54520703263623, 10.834461979178656, 267.6226893664417, 15.875991838653949, 269.9047238700347,30.538858092190118, 77.75427266508291, 127.61521142722398, 879.7559467643475, -10.237539307742571, 493.1742124681046, -26.24598510664639, 879.7559467643475, -10.237539307742571,47.52320486690004, 865.1513795924502, 832.5116295715036, 32.63975002094662, 231.1956596806416,0.0, 0.0, 0.0, 0.0, 0.0,0.0, 0.0, 0.0, 0.0, 0.0,0.0, 0.0, 0.0, 0.0, 0.0, 0.0,-0.08023205399513245, 0.0
0, 455.0, 1872, 1459, 2232, 1819, 0.5211043701171875,0.03741626957606058, 0.055070501267382506, 0.07780977556649304, 0.16009691599436338,-1.839866746820462e-05, -7.069623785753265e-05, -0.0002091516783161751, 0.0006453977785372445, 0.0005431526553820732,6.160182952880859, 0.5392793178732334, 490.6250305175781, 398.6250305175781, 1962, 1594,500.6250305175781, 368.6250305175781, 2002, 1474, 17.86569595336914, 246.2329001314146, 15.425205992909795, 270.89979971216, 22.647939672403535, 229.71911965936067,2.810897860706161, 206.65586075939592, 10.475750476242894, 271.42654830109257, 11.53741516157871, 244.54827495376597,11.186452191003937, 38.12602316657355, 162.97858271767262, 707.158529796247, -26.624092118862926, 618.0862424838025, -42.43487412656536, 763.9809603499647, -17.55633150108353,5.224510358845553, 860.3863973963438, 640.6298408792358, 219.75655651710804, 237.34597257808866,0.0, 0.0, 0.0, 0.0, 0.0,0.0, 0.0, 0.0, 0.0, 0.0,0.0, 0.0, 0.0, 0.0, 0.0, 0.0,-0.86639404296875, 0.0
0, 460.0, 1896, 1389, 2256, 1749, 0.6583644409179688,-0.2175277611115598, -0.0313942498466349, 0.4386512151305214, 0.8896758918615525,0.00044861346163941105, -0.00026342129033480433, -0.0002926752575214664, 0.00022101109166214883, 0.0006777988685678338,12.851873397827148, 1.463339465155186, 496.6250305175781, 381.1250305175781, 1986, 1524,506.6250305175781, 351.1250305175781, 2026, 1404, 18.124290466308594, 245.47280935981888, 17.28158339162326, 269.7816841417856, 21.698539550755466, 226.3339336096742,10.069539940491094, 261.9345488067901, 17.963532277072996, 271.2575557606481, 18.511194538593937, 262.3746725365274,57.20957445597398, 98.38324864882749, 160.48542180280148, 1230.0675228774364, -6.414454351207329, 654.0173156861074, -25.70677630783462, 1230.0675228774364, -6.414454351207329,82.0874528409023, 892.7486078498468, 844.8986337992419, 47.84997405060494, 207.3961971286698,0.0, 0.0, 0.0, 0.0, 0.0,0.1875, 0.0, 0.0, 0.0, 0.0,0.0, 0.0, 0.0, 0.0, 0.0, 0.0,-0.83685302734375, 0.0
0, 465.0, 1916, 1381, 2276, 1741, 0.6891888427734375,0.08777207834311411, 0.192438915821549, 0.5570391282375203, 0.6609678163041826,0.00015539415548630587, -0.0002664943555407717, -0.00013899955174224488, -0.00013853930021241468, 0.0009735107056872039,12.17159366607666, 1.098448760859474, 501.6250305175781, 379.1250305175781, 2006, 1516,511.6250305175781, 349.1250305175781, 2046, 1396, 17.4686279296875, 244.04023182292207, 15.243625067055124, 269.3946962127312, 22.14583033321627, 226.89742300464476,8.84112253434361, 264.6830032684249, 14.541891899526838, 283.61497989384526, 17.17824196699627, 274.97029632930526,31.551179787286863, 83.93676786340413, 147.21331201338893, 1101.0871917851982, -1.2413363838922262, 674.6396549722625, -25.012509244757744, 1101.0871917851982, -1.2413363838922262,65.38236567687643, 892.3886800218922, 865.8435066227202, 26.545173399172086, 210.7465269402889,0.0, 0.0, 0.0, 0.0, 0.0,0.0, 0.0, 0.0, 0.0, 0.0,0.0, 0.0, 0.0, 0.0, 0.0, 0.0,-0.837310791015625, 0.0
0, 470.0, 1939, 1475, 2299, 1835, 0.4007084655761719,-0.10336424957873527, -0.06138201986948844, 0.26775023465103004, 0.16849399092403472,0.0002345210011429799, 0.0001309641033680009, 8.940582221271142e-05, 0.0011694544880106149, 0.0005650398735087947,6.41568660736084, 0.8969767507663955, 507.3750305175781, 402.6250305175781, 2029, 1610,517.375, 372.6250305175781, 2069, 1490, 17.92100715637207, 244.5895156359745, 15.294662598290708, 269.0879574910423, 22.823197310320815, 228.45551507851258,8.314718201207716, 266.72327639615605, 17.532762233010164, 278.03668243642585, 18.517935192043947, 257.77586518722273,32.4815260266413, 59.77710924793176, 172.8783403938927, 1101.1291597114475, -18.546947457248802, 805.9263273498724, -28.83315269329747, 1101.1291597114475, -18.546947457248802,35.04056317838805, 886.3307627569714, 833.6199410261057, 52.71082173086563, 212.89589968736408,0.0, 0.0, 0.0, 0.0, 0.0,0.0, 0.0, 0.0, 0.0, 0.0,0.0, 0.0, 0.0, 0.0, 0.0, 0.0,0.19318988919258118, 0.0
0, 475.0, 1967, 1437, 2327, 1797, 0.5291907958984375,0.0034755349311308237, 0.12959055133207587, 0.3371114934904835, 0.4358647368116363,4.963161025557383e-05, -0.00016134772087241344, -3.380824339046739e-05, 0.0007195474335907193, 0.0006167455234151475,6.86668062210083, 0.9510828472670255, 514.375, 393.1250305175781, 2057, 1572,524.375, 363.1250305175781, 2097, 1452, 17.36870002746582, 244.95441166219325, 16.571301953355484, 270.3473803959483, 21.005604241614986, 225.18113252346606,9.080113776580182, 267.4146418043231, 14.746092970318214, 282.51769634330435, 16.02922336826644, 265.0580626161286,48.34156682831096, 87.49222881172449, 128.21737679958127, 1184.265001799606, -13.431287821884148, 729.9084052232596, -44.51532000729714, 1184.265001799606, -13.431287821884148,48.07240774413927, 892.7039898186835, 802.2065233061919, 90.49746651249154, 209.19031912592584,0.0, 0.0, 0.0, 0.0, 0.0,0.0, 0.0, 0.0, 0.0, 0.0,0.0, 0.0, 0.0, 0.0, 0.0, 0.0,-0.407912015914917, 0.0
