CS_RLTRN_OUT: UH_Thresh: 150.0, u_rad: 5.0, track_on: 240.0 min
Mode, Time, x1, y1, x2, y2, zs_surface, w500m, w1km, w3km, w5km,zvort_suf, zvort500m, zvort1km, zvort3km, zvort5km,UH_Max, UH_Area, UH_X, UH_Y, UHi, UHj,SX, SY, SXi, SYj, meanWnd, meanWnd_dir, rm, rm_dir, lm, lm_dir,shear1km, shear1km_dir, shear3km, shear3km_dir, shear6km, shear6km_dir,srh500m, srh1km, srh3km, sbcape, sbcin, mlcape, mlcin, mucape, mucin,3CAPE, LCL, LFC, LFC-LCL, EL,wA500m, wA1km, wA3km, wA5km, wA8km,zA500m, zA1km, zA3km, zA5km, zA8km,wzA500m, wzA1km, wzA3km, wzA5km, wzA8km, meso_depth, CP_Min, CP_area
bool, min, idx, idx, idx, idx, km,ms^-1, ms^-1, ms^-1, ms^-1,s^-1, s^-1, s^-1, s^-1, s^-1,m^2s^-2, m^2s^-2, km, km, idx, idx,km, km, idx, idx, ms^-1, deg, ms^-1, deg, ms^-1, deg,ms^-1, deg, ms^-1, deg, ms^-1, deg,m^2s^-2, m^2s^-2, m^2s^-2, Jkg^-1, Jkg^-1, Jkg^-1, Jkg^-1, Jkg^-1, Jkg^-1,Jkg^-1, hPa, hPa, hPa, hPa,km^2, km^2, km^2, km^2, km^2,km^2, km^2, km^2, km^2, km^2,km^2, km^2, km^2, km^2, km^2, km, K, km^2
0, 120.0, 1816, 1170, 2176, 1530, 0.08166282653808594,-0.07034358553544734, -0.1895482007629471, -0.7297673199564451, -0.40388802354398645,1.8415011053320994e-05, 0.00025214896221768866, 0.00027648162413242974, -0.0003319313626877829, -9.547628525524487e-05,275.30657958984375, 4.598066475409263, 476.6250305175781, 326.3750305175781, 1906, 1305,486.6250305175781, 296.375, 1946, 1185, 26.117359161376953, 215.87884278058257, 21.339616184891085, 229.94513773349266, 31.958625032388195, 206.5391664117238,16.276849194792334, 202.73061251509216, 24.59500473004194, 230.76448875581667, 32.56192603473334, 252.1015216096946,94.3768448356438, 238.7765477414781, 395.3935466498502, 1749.5674642286863, -2.09665726187097, 1711.7986555629157, -13.66469379689337, 1749.5674642286863, -2.09665726187097,67.77224731772985, 890.3803879505198, 869.5684634354595, 20.81192451506024, 200.39717750033654,0.0, 0.0, 0.0, 0.0, 0.0,3.4375, 6.6875, 10.75, 20.1875, 23.875,0.125, 0.0, 0.0, 0.0, 0.0625, 2.1315791606903076,-1.83038330078125, 1.1875
0, 125.0, 1760, 1081, 2120, 1441, 0.0592202262878418,0.38974466953281073, 0.5659930983657251, -0.007863118626119103, 0.06871533661571447,0.0001641783474201475, 0.0008535548628697142, 0.0009326612163454229, 0.000273752018945288, 4.151960343222072e-05,331.66864013671875, 10.698753824137283, 462.6250305175781, 304.125, 1850, 1216,472.6250305175781, 274.125, 1890, 1096, 25.918777465820312, 216.6244672115162, 21.849353896060222, 231.83735701867687, 31.283731549398443, 206.06409895870632,17.343321574916025, 212.72572693138122, 23.634066216630263, 240.9477270724154, 32.13962759618037, 262.48032190260915,117.14975292393461, 287.12833601472175, 419.36606429078654, 1806.2299127520932, -24.58551599456134, 1732.98892267132, -39.48562373737615, 1806.2299127520932, -24.58551599456134,15.845262121328073, 889.5826457492856, 783.8531809607915, 105.72946478849406, 182.09077260585437,0.0, 0.0, 0.0, 0.0, 0.0,2.5, 2.9375, 5.0625, 7.5625, 6.5,0.0, 0.0, 0.0, 0.0, 0.0, 1.9210529327392578,-1.996002197265625, 13.625
0, 130.0, 1821, 1185, 2181, 1545, 0.04227971649169922,-0.23017535824968946, -0.3308752537408145, -0.9538133587682387, -0.14331306511478034,0.0001675104890091461, 0.0003126706955026748, 0.0001910446043302727, -0.00028726984813374655, 9.600512253541637e-05,273.4110107421875, 4.846014649873049, 477.8750305175781, 330.1250305175781, 1911, 1320,487.8750305175781, 300.125, 1951, 1200, 26.416179656982422, 217.4783774615512, 21.20388695009992, 230.56224830374893, 32.53497131295586, 208.99423585732944,15.441358997577156, 199.31199355247404, 24.57085678630438, 229.40037703516006, 32.73412289657709, 251.70937312868747,87.81256339592031, 223.9594052773083, 397.89802231827593, 1740.5046237594836, -1.8267573971110607, 1716.104298399193, -13.173461242172, 1740.5046237594836, -1.8267573971110607,65.84812842138504, 890.0224717144555, 866.7039077332053, 23.318563981250236, 193.1790980179717,0.0, 0.0, 0.0, 0.0, 0.0,3.625, 7.5, 11.125, 14.6875, 18.9375,0.0, 0.0, 0.0, 0.0, 0.125, 1.4105260372161865,-1.43701171875, 2.8125
0, 135.0, 1756, 1095, 2116, 1455, 0.052182804107666014,0.6031777621794027, 0.9728399231628282, 0.3158728453278309, 0.46794939504441574,0.00013773423442444254, 0.0007104115845140768, 0.0009204081712823609, -0.0005246625622069702, 9.720152552347372e-05,315.7476806640625, 15.225652292852075, 461.6250305175781, 307.625, 1846, 1230,471.6250305175781, 277.625, 1886, 1110, 25.727272033691406, 216.97973267100525, 21.668173455849825, 232.3298705773892, 31.09301028752816, 206.3491089897472,18.05421490239055, 210.0531012299119, 23.602672417354526, 234.7960079134167, 31.868693633645485, 257.33399292905796,111.35120908557502, 296.51659706730265, 415.5740338364612, 1865.5163604571221, -13.691428288753597, 1801.7305376365462, -27.49025849386621, 1865.5163604571221, -13.691428288753597,45.948650297356515, 889.1992809252581, 823.8203766413089, 65.37890428394917, 185.33174501522123,0.0, 0.0, 0.0, 0.0, 0.0,2.5, 1.0, 4.0, 7.875, 10.125,0.0, 0.0, 0.0, 0.0, 0.0, 2.026315450668335,-1.87664794921875, 18.125
0, 140.0, 1786, 1115, 2146, 1475, 0.04520698547363281,0.6570247085820302, 1.021147653090302, 1.0368433020968224, 0.9971834196188137,0.00011252667725102584, 0.0005469496402452024, 0.00114084169991429, 0.0004775435649685278, 0.00022394386806126932,271.94573974609375, 16.87857255914722, 469.1250305175781, 312.625, 1876, 1250,479.1250305175781, 282.625, 1916, 1130, 26.073074340820312, 217.47975715976352, 21.300991319836967, 231.5823165132414, 31.912039240253513, 208.11960113832419,17.744590559266978, 207.99028847791968, 24.512625491539712, 234.07161171042347, 32.83595617846897, 255.98589117181587,115.333618443804, 281.7602016635836, 422.25828241814065, 1803.0091556505674, -11.358301882761562, 1747.9276998121754, -24.18042992683365, 1803.0091556505674, -11.358301882761562,38.22444925175656, 889.3052731374839, 807.6688841548377, 81.63638898264628, 190.58786415876853,0.0, 0.0, 0.0, 0.0, 0.0,2.625, 2.75, 5.875, 11.3125, 15.375,0.0, 0.0, 0.0, 0.0, 0.0, 1.8315794467926025,-1.589263916015625, 12.1875
0, 145.0, 527, 450, 887, 810, 0.0,1.207229495231295, 1.7715381475759204, 3.3174272664450113, 0.928123554211343,0.0017511872169802699, 0.0018797510337481072, 0.002227634942823897, -2.3865058988121746e-05, 9.288444351341241e-05,1742.809814453125, 78.04638511512944, 154.375, 146.375, 617, 585,164.37501525878906, 116.37500762939453, 657, 465, 26.108867645263672, 217.26311721966906, 21.46529516578416, 231.55440494194792, 31.860429303614406, 207.6897017124635,15.563020388567578, 261.06048949870353, 31.155291346965985, 274.36705402180974, 40.3870033609731, 294.21577499516354,419.3776338696081, 479.98067966367637, 679.0635109014346, 1131.3165873922776, -66.9051141174251, 1276.5049201231388, -125.86125915904985, 1599.322060862506, -0.18057297506451775,0, 825.4385562716809, 701.6165793715583, 123.82197690012265, 221.69161091521826,0.0, 0.125, 2.8125, 8.5625, 31.8125,27.9375, 38.6875, 48.125, 64.1875, 83.1875,2.6875, 9.375, 17.0, 22.8125, 29.0625, 3.763157844543457,-0.736602783203125, 0.0
0, 150.0, 520, 464, 880, 824, 0.0,2.0712026732298545, 2.7013896270515394, 1.816130372788757, 0.34984535336727274,0.0015731635145561998, 0.002568532109462467, 0.0028447992472956686, 1.6766664894021234e-05, -0.0002536229828274372,1708.1751708984375, 62.471537515149976, 152.625, 149.875, 610, 599,162.62501525878906, 119.87500762939453, 650, 479, 31.7135009765625, 215.82631862586518, 24.219496683471043, 215.20645893889588, 39.20979844769866, 216.20919145880612,20.062642019848408, 296.9265404729582, 22.619785666773367, 282.28236900564076, 37.21110633065127, 294.8306969261398,216.65600356871687, 242.60852635646313, 260.48388682039206, 1232.1430284950072, -36.41968321289995, 1355.6152815130492, -36.649942838611906, 1552.2663480650829, -4.4738700780893295,0.6027913351582561, 872.7838012049016, 720.8875940229932, 151.89620718190838, 211.17808023691168,0.0, 0.0625, 2.625, 9.3125, 30.25,40.0625, 60.25, 79.25, 95.5625, 110.5,1.8125, 7.8125, 16.5, 27.4375, 35.125, 4.742105007171631,-1.32598876953125, 32.875
0, 155.0, 533, 488, 893, 848, 0.0,0.8278080972027965, 0.8299719941627699, -0.13141989386291242, -1.2494483074030722,0.0010455209842257318, 0.0022670819834911525, 0.00248357171229145, 0.0005159144361005019, -0.0008928650057947607,1628.069580078125, 43.90440829209406, 155.875, 155.875, 623, 623,165.87501525878906, 125.87500762939453, 663, 503, 30.550447463989258, 215.4890575450283, 23.08356105359794, 217.00799714017558, 38.0303685171587, 214.5671565452471,12.552960400244588, 290.63171519046944, 21.89657401188508, 316.6224291334438, 30.7413167944219, 303.6235272937774,36.88459189489656, 86.87089156098364, 151.13391149869094, 1266.0545220392721, -168.6654727687958, 1329.1187098307778, -149.02112507925463, 1450.3073460394176, -114.6366308218162,0, 893.0775016507708, 653.7890711519221, 239.2884304988487, 204.22646523503283,0.0, 0.0625, 2.375, 6.375, 8.875,51.75, 71.8125, 94.25, 114.75, 130.6875,1.0625, 7.5625, 16.5, 23.8125, 27.3125, 4.447368621826172,-1.964263916015625, 174.5
0, 160.0, 550, 513, 910, 873, 0.0,0.9377634709747508, 1.0536669217073358, -0.9025982274115085, -1.7341490391560364,-0.0004523808203362023, 0.0015908426376245188, 0.002126303117820498, 7.855477730004168e-05, -0.0008172428118714947,1046.00439453125, 23.729263341992564, 160.125, 162.12501525878906, 640, 648,170.12501525878906, 132.125, 680, 528, 30.704744338989258, 215.89934700847095, 23.230310134569002, 217.22678558491492, 38.1892031042204, 215.09191827977548,5.552650445578132, 264.3844830205603, 14.434296853194345, 315.163295821054, 24.285701964119838, 303.6682240517059,4.414109727106521, 64.90445748574594, 192.99981957510536, 1266.425021110115, -90.79382407934517, 1331.9723950813957, -90.9346882964652, 1491.4707909571491, -61.296131295773165,4.454159915928086, 885.6719385131754, 644.986377004827, 240.68556150834843, 204.10712656367926,0.0, 0.0, 0.125, 1.0625, 3.3125,47.6875, 62.6875, 81.375, 97.1875, 111.4375,0.0625, 3.125, 8.0625, 14.5, 17.3125, 4.642105579376221,-2.01519775390625, 285.25
0, 165.0, 675, 496, 1035, 856, 0.0,0.3009466712595895, 0.5084359789901646, 2.7294954704772683, 2.48425342503353,1.2583360892222117e-05, 0.00023835599680978702, -0.0003254030714151668, 0.0003576602428802289, 6.890539960750174e-05,1176.277587890625, 67.4840966795871, 191.37501525878906, 157.875, 765, 631,201.37501525878906, 127.87500762939453, 805, 511, 26.44123649597168, 215.0663098165395, 20.3269651888587, 225.81656299439075, 33.12993220023631, 208.49467829024854,20.811894568272795, 225.45797818585035, 27.064249196625916, 250.07973097385747, 40.86813982859116, 270.8924684891325,159.5841412446911, 435.9012384487731, 617.6822696504529, 1376.0268684685352, -119.15706213621966, 1268.4814840282595, -156.36044305010304, 1376.0268684685352, -119.15706213621966,0, 888.1706794696548, 655.633140219983, 232.5375392496718, 187.4178583196175,0.0, 0.0, 0.0, 0.0, 0.0,2.4375, 3.125, 7.0, 14.5, 25.6875,0.0, 0.0, 0.0625, 0.125, 0.625, 2.542105197906494,-2.336669921875, 486.8125
0, 170.0, 1906, 1255, 2266, 1615, 0.0561345443725586,-0.18934922382002697, -0.3540938180917874, 0.13683967488468624, 1.0826173698269121,-2.977356146175225e-05, 2.395341408600871e-06, -5.004265050274625e-05, 0.0005442309055001715, 7.371394259990894e-05,577.6464233398438, 7.520912568357812, 499.1250305175781, 347.6250305175781, 1996, 1390,509.1250305175781, 317.625, 2036, 1270, 31.08137321472168, 215.38898161330928, 24.574686767483055, 223.12770444370702, 37.95640093336025, 210.3874490503276,12.884867460301521, 215.78787832121634, 23.10009319971862, 236.58523060801488, 31.465661783134554, 262.12845787732675,84.1892248622282, 163.32631248452356, 269.81830069097424, 1713.9163048765117, -4.600669806581418, 1661.4854034866673, -11.487365665709445, 1713.9163048765117, -4.600669806581418,48.63763767934747, 888.4116452251743, 868.8860705999979, 19.525574625176432, 181.80001663455874,0.0, 0.0, 0.0, 0.0, 0.125,2.0625, 4.5625, 6.5, 9.3125, 11.5,0.125, 0.0, 0.0, 1.0625, 2.0625, 1.7473688125610352,-1.439239501953125, 0.5
0, 175.0, 715, 473, 1075, 833, 0.0,1.0839805155131037, 1.7187465774978048, 3.401295424480922, 4.5787629081495105,4.6426253279037154e-05, 0.0005853224428136628, 0.0008433805288746044, 0.0019433231090079063, 0.0013070048263693933,759.7025756835938, 73.71033507636531, 201.37501525878906, 152.125, 805, 608,211.37501525878906, 122.12500762939453, 845, 488, 26.5772647857666, 217.1352833991631, 21.434429244368857, 230.268765382053, 32.646090478097804, 208.55552195141695,18.22567054316793, 218.19183170149404, 26.28649933544362, 246.7764056044292, 36.200922952174366, 269.28025333459874,126.41594748607429, 342.82725348793787, 540.1858364513997, 1406.933083894939, -62.001265233890116, 1339.0364356765701, -85.82071555872318, 1406.933083894939, -62.001265233890116,0, 887.854124808611, 666.8439840814845, 221.01014072712655, 191.3100959773694,0.0, 0.0, 0.0, 0.0, 0.0,2.25, 4.1875, 6.5, 9.9375, 12.75,0.0, 0.0, 0.125, 0.3125, 0.0625, 1.8157892227172852,-2.55206298828125, 363.0625
0, 180.0, 719, 476, 1079, 836, 0.0,1.8151338073977967, 3.0144917139408065, 4.258228388867573, 2.9333211956103336,8.988092385948222e-05, 0.0009779432814161738, 0.001965401949528314, 0.0028058090365925634, 0.00016405086377744739,1479.9093017578125, 127.8521469582588, 202.37501525878906, 152.875, 809, 611,212.37501525878906, 122.87500762939453, 849, 491, 28.63697624206543, 216.37923609955607, 22.712722091530736, 226.72596138416552, 35.167953747794115, 209.71821256021985,17.941433460083786, 218.11160429950306, 25.954462541575143, 247.18735076603215, 35.330422356319716, 268.89183413687846,114.46100964516611, 304.8173652860753, 470.62635162849404, 1483.1518607479281, -53.58570190005707, 1419.2388915772508, -76.04280666154646, 1483.1518607479281, -53.58570190005707,0, 887.6206499176393, 673.2109382556018, 214.40971166203747, 189.56700116920217,0.0, 0.0, 0.0, 0.0, 0.0,0.9375, 0.9375, 3.375, 5.4375, 10.75,0.0, 0.0, 0.0, 0.0, 0.0, 2.8368425369262695,-2.828857421875, 378.1875
1, 185.0, 742, 494, 1102, 854, 0.0,2.228254389743088, 3.684231244339609, 4.978136771526187, 4.5274652231996875,1.4917765305142439e-05, 0.0011101941981246455, 0.002539860798767677, 0.0029514796731541543, 0.0016092671338151377,2013.0941162109375, 186.28030204547906, 208.12501525878906, 157.375, 832, 629,218.12501525878906, 127.37500762939453, 872, 509, 28.0452880859375, 216.90021560868794, 22.284747558551828, 227.92439621949444, 34.48139217225201, 209.80118596422264,17.444330852202743, 215.40825640714704, 27.185857564019575, 245.2202836058252, 36.16757346147778, 265.48751759038237,115.05861982351115, 293.1741331374121, 487.54564229392963, 1560.8784804747352, -28.435085995389795, 1509.799350428496, -42.12272095680039, 1560.8784804747352, -28.435085995389795,2.665224148838164, 887.4254227982138, 742.65619610881, 144.7692266894038, 189.80566089868464,0.0, 0.0, 0.0, 0.0, 0.0,0.625, 3.5, 4.4375, 5.9375, 6.8125,0.0, 0.0, 0.0, 0.0, 0.0, 4.226316452026367,-3.7801513671875, 359.6875
1, 190.0, 764, 516, 1124, 876, 0.0,2.606777681747917, 4.42302523959428, 7.028703252382692, 7.2659543886082245,-0.00021001325242991697, 0.001209518517143806, 0.002938763661418307, 0.0038724821118660212, 0.0024669750212638064,2559.52978515625, 254.2424347334808, 213.62501525878906, 162.87501525878906, 854, 651,223.62501525878906, 132.875, 894, 531, 27.352697372436523, 216.78072827934773, 21.92881080411621, 228.92160142350897, 33.58522651826534, 208.8878366984657,16.427800852025804, 211.63107983385993, 28.846251422875543, 242.62854100450716, 37.605681763811745, 261.34208453780485,119.63583901067565, 276.5174787839776, 520.8301238932711, 1580.0447880324175, -2.8165148951225514, 1549.7143798616605, -14.287976528912099, 1580.0447880324175, -2.8165148951225514,8.365464259839799, 887.2571273225719, 801.5408062825877, 85.71632103998422, 192.0357992895564,0.0, 0.0, 0.0, 0.0, 0.0,0.75, 1.5, 2.875, 5.0625, 6.1875,0.0, 0.0, 0.0, 0.0, 0.0, 3.736842632293701,-3.39959716796875, 368.0
1, 195.0, 784, 532, 1144, 892, 0.0,2.944153850174042, 4.83061759007629, 8.476480394686805, 8.666470909446653,2.1046934572268584e-05, 0.0015740744503182213, 0.0033478111165959486, 0.005002436430389707, 0.002957317324271571,3547.318359375, 365.114001659548, 218.62501525878906, 166.87501525878906, 874, 667,228.62501525878906, 136.875, 914, 547, 27.15176010131836, 216.30238281101506, 21.977157825974665, 229.0624026884504, 33.22560262453161, 207.9017559744229,16.186347791708254, 211.1886475001832, 29.686857617665343, 241.57790764599744, 38.55905126493009, 259.9460075318326,125.04353676578958, 277.31454073683864, 541.1795955501891, 1511.6112946249439, -4.084733088246887, 1481.472557847771, -12.109199721959566, 1511.6112946249439, -4.084733088246887,17.72517225593222, 887.095226038568, 814.4816518170549, 72.61357422151309, 194.34889884966415,0.0, 0.0, 0.0, 0.0, 0.0,0.25, 0.6875, 1.125, 2.625, 8.6875,0.0, 0.0, 0.0, 0.0, 0.25, 3.736842632293701,-3.457244873046875, 346.1875
1, 200.0, 803, 544, 1163, 904, 0.0,3.0182392937142857, 4.9672773168864675, 9.43282073455572, 10.00656750904862,-1.9342933294410615e-05, 0.0014316977738872082, 0.003454934672909076, 0.005742064591046871, 0.004013782653255475,3780.5859375, 476.10923429648966, 223.37501525878906, 169.87501525878906, 893, 679,233.37501525878906, 139.875, 933, 559, 27.44422721862793, 216.0121544128029, 22.32108341851369, 228.7183311021263, 33.47596867049044, 207.5787881867536,15.952414262045007, 210.31285332404747, 30.155811831686005, 241.20144127932468, 39.17681210083998, 259.6298380751527,127.85156783421513, 275.32656193115247, 550.8364099988523, 1446.673038352262, -3.2136247589047997, 1420.4499555857099, -11.532558094723186, 1446.673038352262, -3.2136247589047997,18.98337895954114, 886.9172363784751, 818.8875782454514, 68.02965813302364, 194.48368415246617,0.0, 0.0, 0.0, 0.0, 5.6875,0.375, 2.0625, 4.4375, 9.375, 17.5,0.0, 0.0, 0.375, 0.875, 5.3125, 8.721052169799805,-2.872406005859375, 389.75
1, 205.0, 822, 562, 1182, 922, 0.0,3.09338346074859, 5.2132854567281885, 10.878957558611875, 12.419222268178126,-0.0005255535831986436, 0.0009863977489612808, 0.0031640492111046116, 0.005665027688157804, 0.0046478928887063375,3852.97216796875, 580.1451859304559, 228.12501525878906, 174.37501525878906, 912, 697,238.12501525878906, 144.375, 952, 577, 27.538421630859375, 215.77801552805485, 22.454849685764625, 228.5095520128748, 33.54115538915625, 207.29361224586307,14.923519913156928, 208.61475901335558, 31.063960091238908, 240.63099754022358, 40.21760293136182, 258.68854238487654,134.32184896321365, 258.668142935282, 561.2112489127525, 1456.444373901218, -2.6054968028454653, 1441.1770239911411, -11.971272022229186, 1456.444373901218, -2.6054968028454653,30.04018633824434, 886.7390780848415, 862.6558556581557, 24.08322242668578, 192.45515295246304,0.0, 0.0, 0.0, 1.375, 9.25,1.9375, 6.0625, 10.3125, 16.6875, 24.5,0.0, 0.0, 0.3125, 2.0625, 7.375, 7.43684196472168,-2.622100830078125, 415.5
1, 210.0, 844, 578, 1204, 938, 0.0,2.8820252806437217, 4.872149909313301, 11.621987661356103, 14.632247011106227,-0.0010149295987662299, 0.0012573508357945685, 0.002903285506818065, 0.005649690403280372, 0.006210216987437888,4733.2041015625, 670.9393978573493, 233.62501525878906, 178.37501525878906, 934, 713,243.62501525878906, 148.375, 974, 593, 27.41278648376465, 215.5849943821103, 22.469959680900708, 228.6353863892383, 33.32450376822416, 206.82722757386648,15.35101210729378, 210.63717802659636, 32.141215716357046, 239.59890131512128, 41.43821135634978, 257.0395434739387,138.71946304662023, 267.4740798894767, 573.1435300999835, 1472.3837249024166, -2.6449282621195263, 1458.0814322188185, -12.245969487112024, 1472.3837249024166, -2.6449282621195263,37.749717740857, 886.5733191994284, 861.2907697778984, 25.282549421530007, 192.8214843085905,0.0, 0.0, 0.0, 1.0, 8.0625,4.75, 14.875, 20.4375, 29.5625, 41.6875,0.0, 0.1875, 2.375, 7.9375, 14.875, 5.131579399108887,-4.685302734375, 332.375
1, 215.0, 863, 590, 1223, 950, 0.0017887154817581177,2.880259389122948, 5.0117663079034545, 12.201317492411473, 17.28225700342329,-0.0005017504483157608, 0.0008553925620299196, 0.0029952884989870652, 0.00602777100161802, 0.006547668107398296,4582.041015625, 734.5006328711987, 238.37501525878906, 181.37501525878906, 953, 725,248.37501525878906, 151.375, 993, 605, 27.31601333618164, 215.45750207106283, 22.492450120753734, 228.7626091931787, 33.14994399564644, 206.47404890888612,15.567612585378464, 211.87262264366828, 33.036721015605444, 238.68662026843936, 42.22471239593651, 255.98330936030962,137.53535856138606, 270.01157050787475, 605.9961705324351, 1454.112794219885, -2.1407557653517975, 1438.01980715531, -11.472085842298908, 1454.112794219885, -2.1407557653517975,46.76373523529026, 886.4284155659826, 855.6963008015332, 30.73211476444942, 194.45239598345324,0.0, 0.0, 0.0, 3.25, 11.3125,10.75, 19.5, 32.1875, 45.5, 56.875,0.0625, 1.0625, 3.5625, 9.5625, 16.0625, 9.30526351928711,-4.828857421875, 295.375
1, 220.0, 885, 602, 1245, 962, 0.020681526184082033,3.17735885115806, 5.2619933139369826, 12.298645193618727, 16.356402349700222,-6.486727771516598e-05, 0.0017192687015176488, 0.0034862678530953417, 0.006199354892439714, 0.006519117952025226,5221.4677734375, 746.7766713318479, 243.87501525878906, 184.37501525878906, 975, 737,253.87501525878906, 154.375, 1015, 617, 27.194961547851562, 215.61365385586765, 22.593203745966107, 229.33572525434283, 32.88128591823907, 206.23305453596274,16.96744595293829, 207.909992774037, 33.371101607801094, 237.52174516587203, 42.91109264543082, 254.33164667559547,147.42720142183293, 312.0927782256962, 615.1864863857418, 1431.4031589650774, -6.563355950894839, 1394.8059387664423, -10.494816456198867, 1431.4031589650774, -6.563355950894839,47.18464117889914, 886.5256819399198, 858.9901768541354, 27.535505085784393, 197.54874751115875,0.0, 0.0, 0.0, 1.5625, 11.875,13.25, 20.25, 34.8125, 47.0625, 59.3125,0.0, 1.0625, 2.375, 5.1875, 11.375, 4.726316452026367,-5.5311279296875, 260.625
1, 225.0, 907, 615, 1267, 975, 0.062233840942382816,2.713170400077943, 4.783295123460702, 12.846905643384673, 16.05172147995793,0.0001853649337863317, 0.0022525949467308236, 0.003807424837968938, 0.006560865862275022, 0.006447307514577006,6989.40673828125, 761.691246695076, 249.37501525878906, 187.62501525878906, 997, 750,259.375, 157.625, 1037, 630, 27.095537185668945, 216.2101752572199, 22.585135293756913, 230.12299941434483, 32.72228396861504, 206.65735559445977,18.09349102790224, 208.56108738685765, 34.480966405781416, 236.49705286583003, 44.21072979493049, 252.68155493439042,205.1509619846267, 315.21329627963496, 669.7838841605181, 1463.7356460820583, -4.898096873134271, 1443.5726579228237, -15.333413828710729, 1463.7356460820583, -4.898096873134271,54.60891247334846, 882.5639581911084, 837.5717365741573, 44.992221616951156, 200.52250964768595,0.0, 0.0, 0.1875, 1.0625, 12.4375,13.25, 18.4375, 31.9375, 44.75, 54.9375,0.0, 0.9375, 2.5, 7.6875, 13.8125, 6.131579399108887,-4.65704345703125, 250.8125
1, 230.0, 925, 628, 1285, 988, 0.052924495697021484,2.5104886684333905, 4.492054567747982, 11.969426414296036, 17.603211500437464,5.153221829459653e-05, 0.0019483070049864182, 0.0033749396194434665, 0.005791314764419441, 0.00595976373259873,4930.22216796875, 748.9090101666376, 253.87501525878906, 190.87501525878906, 1015, 763,263.875, 160.87501525878906, 1055, 643, 26.980915069580078, 216.77557831671356, 22.7973899689212, 231.19419310478938, 32.38392504185612, 206.67990409117556,17.76225788115499, 216.78239484550522, 35.4462806879637, 236.05298128675247, 45.252815511984906, 251.87202725358216,209.2369122291003, 343.9185630395347, 601.3432432659575, 1506.1118575589753, -16.287540146787713, 1464.0895058245208, -18.026374123997797, 1506.1118575589753, -16.287540146787713,55.39087370589503, 885.7306342003395, 819.794785439683, 65.93584876065654, 199.49385815379998,0.0, 0.0, 0.1875, 1.1875, 12.4375,13.1875, 18.625, 29.0625, 46.5625, 64.125,0.0625, 1.4375, 2.8125, 5.75, 13.375, 6.726315975189209,-4.05023193359375, 252.375
1, 235.0, 947, 634, 1307, 994, 0.07960648345947266,3.330684746644111, 5.634007036904806, 12.94243465508334, 15.78924578959355,0.0002822414336151269, 0.0022787883369846896, 0.0039201644277909505, 0.007411130717546255, 0.006677562181907888,6581.830078125, 766.9685039932484, 259.375, 192.37501525878906, 1037, 769,269.375, 162.37501525878906, 1077, 649, 25.75249671936035, 214.85792074496243, 21.74838663416344, 230.25763730006412, 31.078767963954125, 204.14848670155425,19.440250004696527, 209.0908641796405, 34.80323731948646, 233.88718294245479, 44.38309375188828, 250.7285443034953,167.7796639726317, 377.07389401266596, 710.235433258344, 1547.3638633947462, -28.195108348785137, 1461.2605781258753, -30.25333546303364, 1547.3638633947462, -28.195108348785137,59.836935247404135, 884.2811858945157, 841.2282347862468, 43.05295110826887, 198.3814170752172,0.0, 0.0, 0.0, 2.8125, 15.1875,9.4375, 16.9375, 35.0, 50.4375, 66.1875,0.0, 0.25, 2.9375, 8.6875, 16.875, 6.631579399108887,-4.23272705078125, 224.875
1, 240.0, 967, 653, 1327, 1013, 0.17388417053222657,2.3706809066573626, 4.027134590996429, 12.045316173676401, 15.692994655258955,-0.0002697239701910803, 0.0021886723346688087, 0.0038227287189783964, 0.006159684765252678, 0.006516164556514923,4350.83544921875, 666.5507592199323, 264.375, 197.12501525878906, 1057, 788,274.375, 167.12501525878906, 1097, 668, 26.478954315185547, 214.39069482459854, 22.128701901889613, 228.89027848652464, 32.0170345927949, 204.42571422932505,19.4980668067576, 210.27501407604564, 32.98475230797162, 234.7019835293023, 43.18396245836152, 252.46696405104697,127.36151845385851, 334.3776963336983, 565.4348012814121, 1574.6521232383493, -12.684410799359165, 1506.344788262426, -20.307679738809515, 1574.6521232383493, -12.684410799359165,66.78406053318227, 885.2669401526405, 840.7649289591492, 44.502011193491285, 197.09439808799866,0.0, 0.0, 0.125, 1.125, 8.25,15.9375, 31.1875, 54.3125, 79.875, 94.9375,0.0, 1.0625, 4.125, 8.6875, 15.75, 6.947368144989014,-3.24365234375, 177.8125
1, 245.0, 988, 663, 1348, 1023, 0.13930632019042968,2.8787679722439496, 4.860308092131746, 11.832061534542584, 14.966571954404937,0.00011887785561839336, 0.0023097755502658403, 0.003738374897511676, 0.006992988866405768, 0.006200316269314499,7664.291015625, 666.464139344762, 269.625, 199.62501525878906, 1078, 798,279.625, 169.62501525878906, 1118, 678, 25.88624382019043, 217.26509797452837, 21.966806008035622, 232.67544814657975, 31.147305536658283, 206.46356019909737,11.094645989808715, 224.1775636032831, 30.63690590921896, 238.49609897173102, 43.22391675388308, 258.9249352320507,73.70029087687925, 186.66604972404542, 380.82879197898285, 1563.671034149126, -34.08467392533937, 1513.9181160681094, -35.57115917608269, 1563.671034149126, -34.08467392533937,40.29115263150636, 878.3307176186125, 785.7728511863207, 92.5578664322918, 197.04027760827407,0.0, 0.0, 0.0, 3.3125, 10.3125,17.125, 30.1875, 53.9375, 72.0, 82.4375,0.0625, 0.8125, 4.125, 7.5625, 11.1875, 7.221052646636963,-3.53704833984375, 174.375
1, 250.0, 1008, 680, 1368, 1040, 0.34857412719726566,2.210378219014965, 3.73179970390629, 9.988316326215863, 12.969168872800655,-0.00046394604114539104, 0.0018807266259045718, 0.0032624260434931784, 0.0050853723389627705, 0.005332148050815704,5059.576171875, 594.1766499408975, 274.625, 203.87501525878906, 1098, 815,284.625, 173.87501525878906, 1138, 695, 26.648326873779297, 213.87586248571967, 21.97397053297579, 227.79728572904602, 32.40233427358417, 204.4855314029272,21.069990780003483, 211.97664642472756, 34.676358503456115, 227.1312515890984, 43.03256802743345, 252.6053983251448,217.59559867062163, 366.7027845172048, 575.0753777820055, 1648.7284393117716, -17.56036028562094, 1547.3027437048797, -25.601399474939573, 1648.7284393117716, -17.56036028562094,63.27491776050626, 877.3726818208227, 826.411801895535, 50.96087992528771, 196.34254710152302,0.0, 0.0, 0.25, 1.5625, 7.9375,19.0625, 29.4375, 49.5, 67.5625, 80.1875,0.5, 1.0, 3.8125, 6.875, 10.875, 7.93684196472168,-4.13055419921875, 196.25
1, 255.0, 1031, 693, 1391, 1053, 0.2936277465820313,1.780617205786984, 3.363648562671151, 10.04925915140193, 12.041285097363868,-0.0005113093770114574, 0.001153025764083395, 0.0027266463291653054, 0.0052470764102281455, 0.005046335990446095,5202.49072265625, 534.8956691003752, 280.375, 207.12501525878906, 1121, 828,290.375, 177.12501525878906, 1161, 708, 27.69748878479004, 216.14326672411045, 23.105522166978485, 229.6047306004285, 33.360703859174436, 206.86494878367733,18.16956928231821, 208.8302514816695, 31.152017941212996, 237.73175982247156, 43.343648105075246, 252.42982148234043,85.03673069916177, 288.6076203428776, 546.2481682028332, 1645.4467660603448, -18.861105676424284, 1574.5602286533335, -42.95392041589672, 1645.4467660603448, -18.861105676424284,60.34221631901257, 876.9710785893221, 781.1542376650117, 95.81684092431044, 200.4240467072184,0.0, 0.0, 0.0625, 1.375, 7.0,19.6875, 25.5, 47.875, 71.0, 80.5625,1.3125, 0.4375, 2.125, 6.125, 12.1875, 8.484210968017578,-5.0167236328125, 191.6875
1, 260.0, 1051, 701, 1411, 1061, 0.16805154418945312,2.0190664767601993, 4.111613146520685, 10.156598026449792, 12.745111178653314,-0.00046078653895619936, 0.001527278764588118, 0.0036651595375087713, 0.005873130520137693, 0.005608449786311667,3907.87841796875, 512.0288755938718, 285.375, 209.12501525878906, 1141, 836,295.375, 179.12501525878906, 1181, 716, 26.302820205688477, 217.06306097887938, 22.338775048331073, 232.1558821928495, 31.57777389755154, 206.44852017454286,14.975725745756037, 214.26821587240187, 27.20199533714671, 222.84194743184378, 43.04727789335005, 246.54299071973315,149.28145977220566, 239.60952221135065, 377.48560810617084, 1629.264654363591, -8.758660213588293, 1585.5202913626617, -12.767037756955721, 1629.264654363591, -8.758660213588293,42.601121565284544, 880.7164642920069, 850.306134796921, 30.410329495085875, 201.47919275075301,0.0, 0.0, 0.0, 0.875, 7.625,24.25, 29.375, 52.25, 68.875, 84.5625,0.0, 1.375, 3.5625, 6.6875, 11.375, 5.805263519287109,-3.49774169921875, 127.4375
1, 265.0, 1072, 713, 1432, 1073, 0.2397610321044922,2.4630647891398985, 4.194725715720561, 9.297116877874359, 10.749954160307533,-0.000518739275335065, 0.0020192452276205585, 0.003502945517948319, 0.00495727359124885, 0.004320992596703945,4436.76611328125, 445.9445790315751, 290.625, 212.12501525878906, 1162, 848,300.625, 182.12501525878906, 1202, 728, 24.95348358154297, 218.0334942561548, 21.724555071647057, 234.75093038169805, 29.764012395919096, 205.91375510709446,22.57771199227599, 222.6631194189945, 31.7690302331657, 238.4215542871295, 44.11659448571932, 254.69863273970026,290.61898710707754, 403.1632098933704, 571.1809675416443, 1591.8495778883046, -30.17903709487827, 1498.345670881347, -38.99087055421732, 1591.8495778883046, -30.17903709487827,59.87215532974672, 877.0660770603744, 810.7602216118133, 66.30585544856103, 206.45689871141693,0.0, 0.0, 0.1875, 1.75, 7.8125,31.8125, 32.6875, 51.75, 70.5625, 88.875,1.375, 1.8125, 2.6875, 6.25, 13.3125, 4.815789699554443,-3.3441162109375, 85.5625
1, 270.0, 1092, 727, 1452, 1087, 0.3579650573730469,3.470670571649679, 4.88266877564136, 7.954487077940719, 7.206667692249176,0.0013786694931741295, 0.003537148480509131, 0.0043057787139696305, 0.004748096030143641, 0.0021216923026668153,3628.296875, 295.2296263370281, 295.625, 215.62501525878906, 1182, 862,305.625, 185.62501525878906, 1222, 742, 27.38811683654785, 217.46682078147552, 22.996774731793153, 231.38165266414282, 32.9221241409601, 207.7964545209602,22.21496278393254, 220.67053467204835, 31.290331546478747, 235.01797540106378, 43.118392236813, 251.42663061780564,124.12976706948587, 283.99629173681757, 407.9905310653171, 1647.618999522684, -22.29490994780491, 1542.6783498383263, -45.07729120789854, 1647.618999522684, -22.29490994780491,61.87895282550955, 876.2954753744334, 778.8575782164796, 97.43789715795378, 207.1964278246919,0.0, 0.0, 2.1875, 6.125, 10.75,32.875, 29.5625, 49.25, 74.6875, 88.25,0.6875, 2.5625, 5.6875, 12.0625, 19.875, 5.210526466369629,-3.52056884765625, 97.3125
1, 275.0, 1113, 745, 1473, 1105, 0.29358987426757815,2.2732715132704473, 3.9148763189930462, 7.813735460606407, 8.946094258916567,0.00024386464751842142, 0.0025946710264997818, 0.003716887110585958, 0.004824558582674854, 0.004244456980222822,6133.919921875, 429.0032393903317, 300.875, 220.12501525878906, 1203, 880,310.875, 190.12501525878906, 1243, 760, 26.149085998535156, 215.95046414421932, 21.964061145475963, 230.8722474469412, 31.585273672943508, 205.63526858325667,16.442754549680643, 211.6960759140018, 29.27717498116407, 231.57815553126196, 41.486779962697625, 252.18469965340702,130.06829887527022, 283.38531513129817, 421.18064943551684, 1628.5716626827314, -22.795616817336228, 1470.4667469729504, -28.018566554939007, 1628.5716626827314, -22.795616817336228,48.804852765067636, 880.7118627848379, 833.0051542503704, 47.70670853446745, 210.3362551528765,0.0, 0.0, 0.0, 3.8125, 10.25,37.75, 39.25, 59.1875, 76.0625, 87.75,1.0, 1.25, 5.375, 12.375, 17.6875, 5.936842441558838,-3.47589111328125, 47.8125
1, 280.0, 1137, 760, 1497, 1120, 0.492318359375,1.7581943848976516, 3.296984101117124, 8.552686225545475, 10.701919724752662,-8.740026707073412e-05, 0.00015918010985842556, 0.0013557885300815543, 0.0038323194693543885, 0.003978788059887393,5463.5078125, 423.2064691929302, 306.875, 223.87501525878906, 1227, 895,316.875, 193.87501525878906, 1267, 775, 26.360214233398438, 218.557137539063, 22.806317986301462, 234.03761286511144, 31.338373144116616, 207.35667896284446,15.841049018159334, 230.30968011936386, 24.118821872451843, 247.1356598943935, 42.7772011646273, 257.8518168907933,270.7787431079389, 331.45238571846124, 436.84683496343285, 1591.3564416473862, -18.564644448187, 1473.7547383178146, -25.11284801334623, 1591.3564416473862, -18.564644448187,65.68544530736887, 874.1471602217813, 826.8944054183185, 47.252754803462835, 210.73691363310928,0.0, 0.0, 0.125, 0.9375, 5.0,32.5, 32.75, 45.1875, 56.1875, 63.875,1.625, 2.0, 4.4375, 6.625, 7.8125, 8.93684196472168,-2.4237060546875, 35.125
1, 285.0, 1157, 774, 1517, 1134, 0.7163238525390625,1.981288468935527, 3.410660370981786, 9.028516859497177, 10.581686030458659,-1.408258856372413e-06, 0.0006514502112349873, 0.0015400610852702812, 0.003697160463880209, 0.005344253305511302,4305.99169921875, 349.11721284477295, 311.875, 227.37501525878906, 1247, 909,321.8750305175781, 197.37501525878906, 1287, 789, 26.985868453979492, 216.81879975378138, 21.99898688946743, 230.02103636014135, 32.939623162262286, 208.0451386400501,21.66867629620892, 224.5264633264657, 29.530713203019335, 231.3055490211084, 42.45104632253551, 256.76475130325076,146.27333209692483, 346.4551008465266, 450.69317528798973, 1697.3216631966466, -2.3148127880923304, 1514.1642954966928, -19.65993834942346, 1697.126109758516, -1.536220989117723,105.23846271068743, 876.3354420928516, 839.2481371103324, 37.087304982519186, 204.49208641460731,0.0, 0.0, 0.0, 0.1875, 1.75,34.875, 31.0, 41.3125, 55.8125, 71.125,2.1875, 1.25, 2.9375, 6.75, 12.625, 4.968421459197998,-2.62030029296875, 27.0
1, 290.0, 1179, 784, 1539, 1144, 0.551470703125,2.880282656773925, 4.358816126666496, 8.42656192741124, 10.402433473465502,0.00033660882023013984, 0.0021990942887941856, 0.0036593029411960743, 0.003996582718025366, 0.0037127374315173256,2847.48388671875, 289.6561763883374, 317.375, 229.87501525878906, 1269, 919,327.3750305175781, 199.87501525878906, 1309, 799, 28.709922790527344, 219.67279429847122, 24.654484102806503, 233.29167516012157, 33.9584428871388, 209.8297093198934,18.416989694111443, 211.05269941494328, 28.717712660806754, 231.3495490997416, 39.5826090366197, 251.88100212215156,114.27594353614509, 304.36595220487493, 469.4167304150859, 1710.0384990934224, -4.778703700446827, 1604.6302543528507, -19.243321433843846, 1710.0384990934224, -4.778703700446827,105.1612393669251, 881.0960629110485, 847.1297524312947, 33.966310479753815, 200.9195013459279,0.0, 0.0, 0.0625, 1.0, 5.75,47.125, 39.375, 45.0625, 51.6875, 58.5625,2.5625, 1.1875, 3.5, 7.9375, 12.75, 4.936842441558838,-2.870635986328125, 23.875
1, 295.0, 1202, 805, 1562, 1165, 0.8750206298828125,1.8045415551727642, 3.3299435629346417, 8.053689820130822, 10.52279805434402,0.0010011662707302095, 0.0019678358908549855, 0.0029228225591577937, 0.0040494768806138386, 0.004183513966102055,2770.688720703125, 325.7120633867328, 323.1250305175781, 235.12501525878906, 1292, 940,333.1250305175781, 205.12501525878906, 1332, 820, 27.149246215820312, 217.18105932698052, 22.998457868252412, 231.54193080136298, 32.522823625860894, 207.07954259681256,17.625365350347458, 222.5971124708555, 27.077376397081444, 236.66220683996093, 37.987623246436996, 259.65894834139533,155.15350867799364, 282.5206227914592, 433.2461779776364, 1527.00854408213, -2.1795468539121514, 1190.3511049986628, -20.582532281989696, 1526.5644153371697, -1.381542772156976,101.51171871309022, 875.9100076556548, 837.2701457735177, 38.6398618821371, 201.27175888426316,0.5625, 0.0, 0.0, 3.25, 9.0,39.125, 38.0625, 44.75, 49.4375, 54.0,2.1875, 1.5, 3.6875, 8.8125, 16.75, 8.721052169799805,-2.52655029296875, 19.6875
1, 300.0, 1227, 814, 1587, 1174, 0.7810426635742188,2.447628527288326, 4.164074224652723, 8.82885414138902, 10.801668872497975,-9.162918406218523e-05, 0.0010261962995718932, 0.0029338194828847004, 0.004232792106399757, 0.004794452931955675,2920.495849609375, 375.3688622485394, 329.3750305175781, 237.37501525878906, 1317, 949,339.3750305175781, 207.37501525878906, 1357, 829, 28.284048080444336, 219.79954894908832, 23.956778275824764, 233.314165831273, 33.742370195512564, 210.24885477831694,18.016176661347995, 235.58814593259808, 24.617371541029314, 242.78249346839925, 38.890997784173024, 265.4409493606212,141.23400126642542, 260.9136238480428, 354.3809259776928, 1501.7669311175923, -2.1556026985844583, 1232.653868811909, -18.20504134129803, 1501.7669311175923, -2.1556026985844583,122.68164220484819, 874.3460040852967, 850.4228566982791, 23.923147387017593, 203.90590451150695,0.0, 0.0, 0.0, 0.625, 3.5625,29.375, 33.4375, 47.8125, 58.3125, 63.5625,0.875, 1.8125, 3.0625, 5.4375, 10.375, 6.457895278930664,-2.43145751953125, 34.8125
1, 305.0, 1241, 840, 1601, 1200, 0.8423597412109375,1.5982110670930707, 3.1880351683101606, 8.027607475444675, 10.414946532241302,0.0015786735941037478, -0.0001253203176884199, 0.00045811334890458964, 0.003776327731229685, 0.00430615928808038,3971.131591796875, 352.3216640711793, 332.8750305175781, 243.87501525878906, 1331, 975,342.8750305175781, 213.87501525878906, 1371, 855, 29.578569412231445, 220.3419889125924, 24.513579520014872, 232.13239005562366, 35.515742397552685, 212.2343282236149,17.787157833089886, 234.75433009910128, 32.03460285255691, 242.9386589135824, 42.7818152418082, 264.9151477379353,162.9443956140874, 268.83084699304067, 484.09984810846936, 1451.59150136825, -2.2834199159352693, 1288.4426732511884, -20.44990752013475, 1457.6320769209829, -1.4377340926040376,109.70821048543542, 878.3735330403384, 838.7692684777517, 39.60426456258676, 206.57924460145767,0.0, 0.0, 0.1875, 2.5625, 7.8125,45.375, 44.25, 55.875, 59.8125, 64.1875,1.3125, 2.75, 4.0, 6.8125, 10.6875, 4.936842441558838,-4.934661865234375, 78.6875
1, 310.0, 1269, 852, 1629, 1212, 0.9429872436523438,2.525276098425966, 3.9681563894776626, 8.632163314435164, 10.333365349094384,0.0011728016460074285, 0.0016627387730113697, 0.002037663839914785, 0.004885671343827198, 0.0054046232720020276,2859.460205078125, 367.84078104512565, 339.8750305175781, 246.87501525878906, 1359, 987,349.8750305175781, 216.87501525878906, 1399, 867, 28.928064346313477, 217.33260756428479, 23.439274902343787, 228.596885766642, 35.167688090829934, 209.85199041642215,14.335210038434141, 237.04591320715392, 27.5214592277531, 244.36227524228818, 39.431497305978304, 268.48351176791675,259.39287477288315, 273.9262061284593, 434.22412931714103, 1593.3446115356296, -4.198614220369268, 1058.2278918100124, -21.651750725352976, 1593.3446115356296, -4.198614220369268,107.9416190998747, 871.5074320693441, 807.0152408792021, 64.49219119014197, 197.39266565227862,0.1875, 0.0, 0.3125, 3.3125, 9.3125,65.375, 49.0, 55.75, 63.125, 62.9375,6.0, 4.4375, 5.5625, 9.75, 13.4375, 1.9894737005233765,-6.002685546875, 80.1875
1, 315.0, 1289, 876, 1649, 1236, 0.938727294921875,1.5757733596349135, 2.62975759509136, 6.880095883798786, 9.207249132141007,0.0015144657499013192, 0.002148161332474956, 0.002130634251079755, 0.0036146626056779495, 0.004076457321662019,3896.79345703125, 308.44441324264744, 344.8750305175781, 252.87501525878906, 1379, 1011,354.8750305175781, 222.87501525878906, 1419, 891, 31.262495040893555, 219.35043669040328, 25.186628705294698, 228.33775776207753, 37.85262003769884, 213.38410501252787,12.490291111718237, 212.5420085030862, 28.3648516288345, 233.68955824900965, 38.12106537075649, 259.3347192614948,165.9293955981361, 191.517024402501, 453.4938006875514, 1670.4285750572421, -1.8458467310278301, 1453.0053257522172, -23.862033162318866, 1680.7442435313988, -0.9664072608170179,105.53749196189034, 873.053839040206, 841.3999684544002, 31.65387058580575, 193.96524145056253,0.0, 0.25, 1.0625, 2.375, 3.6875,54.125, 47.625, 56.5, 61.0625, 62.125,3.1875, 2.5, 4.8125, 10.375, 16.1875, 7.305263519287109,-4.1795654296875, 48.3125
1, 320.0, 1314, 895, 1674, 1255, 0.9915657958984375,1.3481612329406198, 2.1569922460126687, 4.910694637913257, 8.084102425023449,0.0009068972428713096, 0.002469166777955252, 0.002768095027790878, 0.0037966519474684894, 0.0039082093688148235,2092.129150390625, 231.5591797306873, 351.1250305175781, 257.625, 1404, 1030,361.1250305175781, 227.62501525878906, 1444, 910, 28.982942581176758, 219.84528389577073, 23.771749853459415, 231.63994604942386, 35.034638501476266, 211.87305181499966,15.139405988191424, 223.2708969720989, 25.147200081929604, 223.7712902910724, 35.443447850099574, 257.57153324801266,201.30939348341803, 255.21316077047393, 367.78909352852196, 1637.7178383027308, -1.23532324418032, 1047.4639689225482, -45.296760120331975, 1637.7178383027308, -1.23532324418032,87.62074173297121, 866.0004646968811, 767.2724194689481, 98.72804522793297, 197.5177706458394,0.0, 0.0625, 0.25, 1.5, 4.25,55.4375, 48.8125, 54.125, 56.6875, 60.3125,3.375, 1.3125, 3.375, 10.125, 15.625, 9.589473724365234,-3.00323486328125, 18.3125
1, 325.0, 1350, 912, 1710, 1272, 0.5466354980468751,2.203415189586812, 2.9449586603837083, 3.474353337825741, 5.940076221434865,0.0007054838381736772, 0.0010225131012748534, 0.0017232031571802508, 0.0026743315615158276, 0.003955089186986243,1472.1783447265625, 156.18025944691448, 360.1250305175781, 261.875, 1440, 1047,370.1250305175781, 231.87501525878906, 1480, 927, 31.400115966796875, 222.6190237177129, 26.123628567137718, 233.2971308476047, 37.44316373499776, 215.1912944443057,17.51506773468988, 220.96073574950384, 26.627037987615545, 238.45010447786015, 39.07282659792481, 261.17204014822823,144.24710737062685, 302.24290136689774, 456.2640078124113, 1205.519775840024, -19.882352820737662, 1072.6985305946068, -44.49003347199665, 1205.519775840024, -19.882352820737662,32.02730468457301, 876.4117552935271, 781.08941704915, 95.32233824437708, 235.02059857707786,0.0, 0.0, 0.75, 2.4375, 5.5,29.0, 29.4375, 42.4375, 50.1875, 51.375,2.1875, 1.5, 2.4375, 5.5625, 8.6875, 3.736842632293701,-1.5604248046875, 1.5625
0, 330.0, 1358, 925, 1718, 1285, 0.7518356323242188,1.9329153641258017, 2.806853756069323, 4.151267510131002, 4.609291149110068,0.0008032691273183446, 0.0013333207342793685, 0.0018574434192441913, 0.0023427596807596273, 0.0032127554125145254,1774.200927734375, 137.11619614212398, 362.1250305175781, 265.125, 1448, 1060,372.1250305175781, 235.12501525878906, 1488, 940, 30.103084564208984, 219.3895873347258, 25.638178857638398, 231.8424607868904, 35.60302275567032, 210.45641296752,13.608492645710175, 226.5825551723146, 22.8413305660641, 233.12680530291397, 34.99964332894669, 262.40483465190215,153.35941385682275, 233.84516697893778, 342.76345109962466, 1297.6791864672807, -3.7997933562412194, 1114.2565426215415, -21.768474719500404, 1297.6791864672807, -3.7997933562412194,90.56605927068243, 876.203325092701, 835.7536469087399, 40.449678183961055, 221.36764588830349,0.0, 0.0, 0.0, 0.0, 0.875,36.3125, 35.5, 44.375, 54.1875, 56.9375,1.25, 1.125, 3.0, 4.5625, 5.375, 8.199999809265137,-1.78692626953125, 8.3125
0, 335.0, 1368, 961, 1728, 1321, 0.8940709838867188,-0.17830209244741127, 0.2700902426068205, 3.189247838174924, 4.5798608138109556,-0.00046000029626384274, -8.109912341296876e-05, -0.00016784948503755003, 0.001785020742308916, 0.0009487389386106315,1627.27099609375, 136.44911450576592, 364.6250305175781, 274.125, 1458, 1096,374.6250305175781, 244.12501525878906, 1498, 976, 28.907703399658203, 218.25277064926888, 23.97483266929862, 230.572020406206, 34.7709377229703, 209.79313622380522,13.609927790329918, 231.7229828624229, 25.930605928189923, 246.23914292431598, 37.32518109839647, 267.1489337852313,144.6443677652041, 220.60427496074269, 392.6728435091083, 1769.0059170851093, -1.8835355154056692, 1483.8435215941308, -16.57164934715965, 1769.0059170851093, -1.8835355154056692,104.27292222849364, 876.2041208011751, 838.3739036826902, 37.83021711848494, 188.18769195502088,0.0, 0.0, 0.0, 0.0625, 0.4375,39.6875, 35.25, 38.4375, 42.9375, 42.375,3.125, 1.5, 0.8125, 2.0, 2.875, 4.447368621826172,-1.312164306640625, 1.9375
0, 340.0, 1391, 982, 1751, 1342, 0.7482615356445312,0.10869934968068265, 0.4866379176778719, 2.874035269012093, 4.896735298200511,0.0003928119945214803, 9.830104757384106e-05, -0.00014266200985275647, 0.0015567843144958717, 0.0019918344802590583,1286.8619384765625, 105.87813143171917, 370.3750305175781, 279.375, 1481, 1117,380.3750305175781, 249.37501525878906, 1521, 997, 27.826763153076172, 217.69085098625195, 22.14919903926948, 229.01912027868255, 34.2136006571519, 210.38506169964836,18.450844807810547, 241.2950558520889, 29.183252435843507, 254.11969224527164, 39.64813055908075, 269.2283712176633,173.42016447365228, 306.53237205506457, 434.55385686544423, 1489.4395112248365, -14.391055554937488, 1132.9097447929428, -40.43963388665072, 1489.4395112248365, -14.391055554937488,36.903477115143104, 877.5192894074539, 790.7028961083663, 86.81639329908762, 194.99993168368172,0.0, 0.0, 0.0, 0.0, 0.0,27.625, 22.375, 21.4375, 21.875, 23.8125,0.0625, 0.5, 0.75, 1.4375, 2.125, 3.6473686695098877,-0.73406982421875, 0.0
0, 345.0, 1426, 989, 1786, 1349, 0.34421682739257814,0.8787001469558163, 1.4461511805257758, 3.3346715863549625, 5.166440164130181,-0.00012535070532237568, 0.0003594012573717009, 0.000984406155596389, 0.0023393482379401574, 0.0033382873829577876,1086.1273193359375, 103.92729647153068, 379.1250305175781, 281.125, 1516, 1124,389.1250305175781, 251.12501525878906, 1556, 1004, 27.785160064697266, 220.48822326272236, 22.418670838037567, 232.53828847837994, 33.96959506991848, 212.5689315809682,12.291071930676827, 220.8093514367397, 31.136133475214276, 242.69584568858846, 36.857415746756395, 263.4557275576003,101.54970969417958, 197.20082558845064, 478.4833062972379, 1664.102177327024, -23.01413580823299, 1558.4877744574328, -28.569208655478658, 1664.102177327024, -23.01413580823299,45.040107208475405, 879.7972920900772, 819.402518994006, 60.394773096071276, 193.10516857795494,0.0, 0.0, 0.0, 0.0, 0.0,14.875, 11.875, 13.5625, 17.75, 16.5,0.0, 0.0, 0.0, 0.75, 1.5625, 3.947368621826172,-1.120361328125, 0.75
0, 350.0, 1431, 1010, 1791, 1370, 0.3188245849609375,0.9916157971438951, 1.6822094264649785, 3.93553557653795, 4.453184451769339,1.4318180390091584e-05, -9.521247283146294e-05, 0.0008207639444913184, 0.0021800632046688408, 0.0023269328362289345,1248.7923583984375, 133.08400926211783, 380.3750305175781, 286.375, 1521, 1145,390.3750305175781, 256.375, 1561, 1025, 26.065946578979492, 216.27652371481742, 20.49664746771547, 228.75284112082883, 32.42305536157762, 208.42710572531143,13.048371485412105, 223.0755399014582, 25.78066527428812, 245.00128042027788, 38.51138894285935, 261.7382355096656,86.9464084613823, 201.28047049815137, 391.58509071263575, 1822.94504125905, -19.644261290613578, 1739.6550896335941, -33.18752824831998, 1822.94504125905, -19.644261290613578,37.89118757121723, 879.7421847827726, 808.2567411806091, 71.48544360216351, 191.2272111276944,0.0, 0.0, 0.0, 0.0, 0.0,10.75, 10.75, 13.4375, 16.6875, 16.125,0.0625, 0.125, 0.6875, 1.1875, 1.4375, 3.736842632293701,-1.29150390625, 12.5
0, 355.0, 1453, 1027, 1813, 1387, 0.33398663330078127,1.1564348597603384, 1.9330588583799544, 4.5259159156447275, 5.7386346249777125,5.434934866229923e-05, 0.00020623148918048174, 0.001364117021525999, 0.002158405386612685, 0.00218332098229439,1734.5799560546875, 147.08827981141482, 385.8750305175781, 290.625, 1543, 1162,395.8750305175781, 260.625, 1583, 1042, 24.79150390625, 215.96879637195164, 20.087644675618908, 231.00998928531192, 30.630441302072555, 206.16987962333212,16.80666574695281, 227.23130020006076, 26.00552167652789, 243.69648206237366, 39.08222140044768, 260.25997766759974,146.4883022346165, 253.49831016406253, 385.739496641417, 1829.1724677876562, -31.980943315839, 1686.770066442852, -38.06278831701853, 1829.1724677876562, -31.980943315839,37.135738894544865, 879.8789514978755, 800.2662469986047, 79.61270449927076, 188.02613466417793,0.0, 0.0, 0.0, 0.0, 0.0,6.8125, 6.75, 6.5625, 7.5, 9.4375,0.0, 0.1875, 0.4375, 0.5625, 0.5625, 3.457894802093506,-1.529541015625, 14.0
0, 360.0, 1468, 1042, 1828, 1402, 0.3624568786621094,0.9574938463198486, 1.6071375184471253, 3.7883953109127466, 4.705116202230566,-0.00041277424908912506, 0.0006821645493596406, 0.001297664530761722, 0.0016108878113152512, 0.002283033079287975,1662.767333984375, 134.14780063883273, 389.6250305175781, 294.375, 1558, 1177,399.6250305175781, 264.375, 1598, 1057, 25.013410568237305, 215.4336647108595, 20.243591636703012, 230.21152582977095, 30.887510731569826, 205.81012959727803,15.605624287285648, 227.348137416003, 25.745705107217187, 245.53918513817308, 39.009073898399706, 261.9374448069982,122.64579380264416, 211.941545382386, 341.7901403174375, 1716.0811272309568, -42.63569529508556, 1520.143657546609, -44.911440995296914, 1716.0811272309568, -42.63569529508556,42.71840201647925, 878.1678069923463, 789.4725354007433, 88.69527159160305, 188.2612427156166,0.0, 0.0, 0.0, 0.0, 0.0,7.3125, 3.8125, 4.6875, 6.5625, 10.25,2.875, 1.125, 0.3125, 0.0625, 0.3125, 3.526315689086914,-1.8492431640625, 21.0
0, 365.0, 1486, 1061, 1846, 1421, 0.6747904663085937,0.7500366858474445, 1.2667290885280817, 2.892297209976241, 2.164326830295613,4.130931374675128e-05, 0.0001580660697845815, 0.0008930600506209885, 0.0018880818221373374, 0.0015447965470985993,830.8722534179688, 81.62059277015142, 394.1250305175781, 299.125, 1576, 1196,404.1250305175781, 269.125, 1616, 1076, 25.779394149780273, 217.39972100306932, 21.09013342292902, 231.8206228398809, 31.57309851020418, 207.82373356175313,17.29113134951936, 224.82876749913044, 27.448398831518315, 244.1572329634044, 38.23929521248557, 261.2806264956531,147.01351293293789, 255.11526274606075, 398.5863815237359, 1743.1748343956333, -13.185827980371457, 1467.9158316741148, -30.064145555932306, 1743.1748343956333, -13.185827980371457,72.79075053194585, 874.2394127176348, 805.0250434306613, 69.21436928697347, 193.27385475271873,0.0, 0.0, 0.0, 0.0, 0.0,9.375, 7.5625, 11.1875, 12.25, 12.125,1.875, 0.8125, 0.875, 1.0, 0.75, 3.526315689086914,-1.738311767578125, 17.8125
0, 370.0, 1507, 1080, 1867, 1440, 0.895356689453125,0.8110514273610897, 1.0786007816600613, 1.949805990515742, 1.3743729805969631,-0.00029276007061980637, 0.0014930967219606828, 0.0018143202041801488, 0.0016395463080743867, 0.000896003365752449,1892.7734375, 95.48590368704208, 399.3750305175781, 303.875, 1597, 1215,409.3750305175781, 273.875, 1637, 1095, 26.93720054626465, 218.16336347303343, 22.14035235730863, 231.72150140985366, 32.76477435156897, 209.0485068047204,16.17072424346335, 209.1162588229746, 27.03298501351475, 235.5048039643456, 38.995212700077495, 260.0937991650933,89.37585308439411, 246.68512473702037, 446.90140679778597, 1733.0939273198007, -2.7226925283287104, 1585.5758054906448, -15.252637390179228, 1733.0939273198007, -2.7226925283287104,123.3693542084695, 876.1262805300521, 819.9499893538144, 56.17629117623767, 199.89599684975755,0.3125, 0.0, 0.0, 0.0, 0.0,8.625, 4.875, 8.5625, 13.125, 19.375,2.5, 0.1875, 0.375, 0.375, 0.5, 2.989473342895508,-3.37274169921875, 7.0
0, 375.0, 1525, 1098, 1885, 1458, 1.37309814453125,-0.06032031783252023, 0.1100585507391952, 1.63300669619086, 1.641529512445559,0.00040176069266181005, 0.0012608559403929575, 0.0016037195469743892, 0.0013348653481284598, 0.0005266654435871487,1723.255615234375, 97.56829076671094, 403.8750305175781, 308.375, 1615, 1233,413.8750305175781, 278.375, 1655, 1113, 26.38412094116211, 218.61324071290548, 22.120366021362397, 233.2868281036006, 31.865860704201303, 208.48558004630456,14.002251074899073, 242.18717418034092, 27.71891522939181, 261.10884723802724, 39.67839568922915, 281.5875065406187,217.30112111250378, 286.72666507266496, 501.65330402356767, 1583.6711499184541, -0.3931196999039415, 1059.752756210947, -6.382757659657175, 1583.6711499184541, -0.3931196999039415,158.30661121049755, 828.2729573891147, 817.7374173623024, 10.535540026812328, 208.41484294459386,0.0, 0.0, 0.0, 0.0, 0.0,17.0, 10.3125, 10.1875, 13.375, 20.25,4.5625, 0.5625, 0.25, 0.1875, 1.0, 2.8210530281066895,-1.810638427734375, 6.375
0, 380.0, 1538, 1116, 1898, 1476, 1.362809326171875,0.28594616491172925, 0.12835445227043238, 1.391364752158988, 1.064595276262844,0.000806417863805109, 0.0019079763965964955, 0.0016156459847229596, 0.0010913345611265868, 0.000483060610374082,661.5518798828125, 47.26683611295282, 407.1250305175781, 312.875, 1628, 1251,417.1250305175781, 282.875, 1668, 1131, 31.13972282409668, 219.33487751947402, 24.44246509042225, 226.35031318741923, 38.13699793593742, 214.84524188152224,14.551949964622592, 226.45649720099286, 27.375316454783476, 250.03732915949, 36.026323069371095, 276.2288952876635,204.67400045263133, 247.5820185870549, 394.01330239708454, 1305.3505722798436, -2.243192852643427, 617.833278911351, -51.49495057516187, 1305.3505722798436, -2.243192852643427,75.71027875133396, 820.8635083192767, 790.332186751639, 30.531321567637633, 221.37488864322208,0.125, 0.0, 0.0, 0.125, 0.6875,11.0625, 8.75, 11.75, 15.625, 20.75,1.5625, 0.125, 0.6875, 1.8125, 2.6875, 2.8947367668151855,-1.804931640625, 1.875
0, 385.0, 1581, 1138, 1941, 1498, 0.7770679321289062,0.42677459165686743, 0.4158043289196211, 1.086488326129038, 3.450614091155585,0.0010146254437745483, -0.0006611294423782965, -0.0004872723382732147, 0.00135592865270155, 0.00101778170524085,969.8394775390625, 43.378529306835404, 417.8750305175781, 318.375, 1671, 1273,427.8750305175781, 288.375, 1711, 1153, 30.63577651977539, 220.98944986477457, 24.160345549947266, 228.96500185974884, 37.49505703481633, 215.86005465170223,17.41034806649619, 230.18039829875386, 25.953728276445393, 244.91994652764137, 39.35002444351678, 268.5036198448332,205.94445144738808, 286.61113275611547, 393.1080466194708, 1407.002619289043, -30.054601743884092, 975.0880107541411, -59.95724708535344, 1407.002619289043, -30.054601743884092,34.69915363330627, 878.3233816672557, 748.5250351327593, 129.79834653449643, 194.5263711140273,0.0, 0.0, 0.0, 0.0, 0.75,8.3125, 6.875, 10.0, 12.0625, 19.4375,2.6875, 0.625, 0.9375, 2.25, 4.0, 1.7473688125610352,-1.165191650390625, 0.9375
0, 390.0, 1613, 1166, 1973, 1526, 0.5386166381835937,-1.2519512112176745, -1.7459544747404285, -1.636875804637093, -0.11698691765312105,-0.001036325921832031, 0.00030525152549671475, -0.0001159699795744018, 0.00020848652815402602, 3.0630648748228854e-05,355.23150634765625, 9.147705565089055, 425.8750305175781, 325.3750305175781, 1703, 1301,435.8750305175781, 295.375, 1743, 1181, 27.454484939575195, 217.9809701014374, 21.56839018796817, 228.94159566919075, 33.98237856631743, 211.04978789854576,9.364189072902562, 202.94804475713033, 25.20837947433858, 234.00866468703265, 38.1709091622635, 259.6301932449895,69.99096578424725, 161.32275113654225, 384.1114820497393, 1933.1627824326417, -4.399464314646317, 1876.4863982313166, -27.835247046364785, 1933.1627824326417, -4.399464314646317,75.52393367489167, 882.9363895926668, 819.5426678652217, 63.393721727445154, 174.94975602422755,0.0, 0.0, 0.0, 0.25, 0.25,8.8125, 5.9375, 8.3125, 13.375, 19.4375,5.5, 3.6875, 4.5625, 3.9375, 4.75, 1.3421056270599365,-1.505859375, 0.875
0, 395.0, 1666, 1185, 2026, 1545, 0.6910928344726562,-0.4474635138886515, -0.29497926821932197, 0.01643392973113805, 0.3175826930627227,-0.000427725007416484, -0.0005518411247953737, -7.384518372305138e-05, 0.0014400964990932152, -0.0005642212741599906,124.91082000732422, 13.652517332302226, 439.1250305175781, 330.1250305175781, 1756, 1320,449.1250305175781, 300.125, 1796, 1200, 24.17090606689453, 215.6277240455579, 19.51315238332598, 231.1839644882046, 30.003369974658654, 205.5829439457241,12.646202997508924, 210.4245952188689, 21.735022361399167, 233.13158643533296, 34.070141928287676, 261.8501276686487,64.38133747034817, 157.77255857633747, 298.8296952307377, 1803.0243108588738, -3.0586688416540304, 1683.735675861836, -15.84149481886392, 1805.4989676805728, -2.0325972836996584,73.56792933383278, 881.3622269709647, 828.5376879129115, 52.82453905805323, 177.01734492595824,0.0, 0.0, 0.0, 0.0, 0.0,1.3125, 1.625, 3.625, 2.875, 4.1875,0.5, 0.0, 0.0, 0.0, 0.0, 0.0,-1.311309814453125, 0.8125
0, 400.0, 1692, 1205, 2052, 1565, 0.7235018920898437,-0.7382507715784594, -0.7057674029922054, 0.20866155283758417, 0.6163999207410962,-0.0005461922931033314, -0.0006110702456135187, -0.0004081251709112621, 0.0011941705536969494, -0.00039916121821079284,161.2493438720703, 13.136060511240867, 445.6250305175781, 335.1250305175781, 1782, 1340,455.6250305175781, 305.125, 1822, 1220, 26.467973709106445, 220.97393167498032, 21.78986654812981, 234.99494862755202, 32.23055984836529, 211.54670722177286,12.867238267653416, 208.7997068757012, 21.74548561122666, 231.62405440248443, 32.26197939301033, 259.3725585094967,97.68676544447172, 180.85154830859312, 328.1278053819814, 1660.5384258284892, -4.977596632227013, 1523.436911830519, -17.514246155088124, 1672.4878131137432, -3.556712406826281,72.44128709171243, 882.0600491577424, 832.9757475950676, 49.084301562674796, 182.88752138349855,0.0, 0.0, 0.0, 0.0, 0.0,2.3125, 1.3125, 0.75, 0.5625, 0.4375,0.3125, 0.0, 0.0, 0.0, 0.0, 0.8315792083740234,-1.1844482421875, 0.1875
0, 405.0, 1711, 1241, 2071, 1601, 0.5197810668945313,-0.1472031088307267, -0.14488418764667585, 0.24225028959976044, 0.7946815055015031,-0.00043935064869856435, 2.8531261057196388e-06, -0.0003669282052590006, 0.0010733401900370155, -0.00046245382340430295,96.13150024414062, 7.988045512816474, 450.3750305175781, 344.1250305175781, 1801, 1376,460.3750305175781, 314.125, 1841, 1256, 26.555356979370117, 221.71806712467486, 21.68207946922513, 235.36303452616656, 32.446284686780416, 212.64799963962218,9.62214574817424, 200.5095442800307, 19.477765056259816, 231.5656836058375, 31.08508313097026, 259.9994332715204,67.95457814407087, 143.2806451810304, 299.649275847709, 1717.7156028201339, -6.849903393199848, 1633.9915200215644, -29.911062516400097, 1731.5487777226022, -0.8880665534685134,33.085661372744525, 880.4861869016804, 824.0299695521328, 56.456217349547615, 178.31914910736688,0.0, 0.0, 0.0, 0.0, 0.0,4.1875, 2.125, 2.9375, 3.125, 1.1875,0.1875, 0.0, 0.0, 0.0, 0.0, 0.0,-0.870758056640625, 0.0
0, 410.0, 1741, 1243, 2101, 1603, 0.2909110107421875,0.10241955958656035, 0.1974526769237127, 0.562563680667663, 0.04805864861933515,-0.0005759994533764257, -0.00039826522995099365, -0.00012986673762725332, 0.0012793599617225483, -0.0001979598198659005,82.66324615478516, 5.327064247577026, 457.8750305175781, 344.6250305175781, 1831, 1378,467.8750305175781, 314.625, 1871, 1258, 25.166872024536133, 219.992132962926, 20.732288906463246, 235.20846420375028, 30.812581226852004, 209.82039476457444,11.492213254658187, 203.14084733702146, 21.322596302677137, 227.23528903053605, 32.755931564910625, 256.3578496136364,65.01866406020517, 165.5367941128884, 306.0436895936031, 1747.4299810594932, -4.927259844496861, 1701.8480986121938, -25.010865387427135, 1747.4299810594932, -4.927259844496861,33.572592765618104, 882.4411608769478, 847.6252998709443, 34.8158610060035, 178.3632624117872,0.0, 0.0, 0.0, 0.0, 0.0,2.5, 1.9375, 0.75, 1.1875, 3.5,0.0, 0.0, 0.0, 0.0, 0.0, 1.215789556503296,-1.2486572265625, 0.5
0, 415.0, 1768, 1266, 2128, 1626, 0.6576674194335937,-0.6173703234796994, -0.7129541436221916, -0.2723203571944032, -0.8684572689552441,-0.0007532018582378442, -0.00047496927236863936, -0.00044257002114704845, 0.0007840198948906618, -3.1319568656726914e-05,43.657066345214844, 1.1931780235037523, 464.6250305175781, 350.3750305175781, 1858, 1401,474.6250305175781, 320.375, 1898, 1281, 24.216413497924805, 217.33910990437462, 19.872993322954308, 233.36045327841327, 29.84013097101639, 206.74746632970817,11.082118964324682, 207.3271727321598, 20.241946354676244, 229.62723493825285, 30.145643948988287, 262.0464956072866,77.44050019765297, 149.96728029223698, 276.80305104926987, 1824.2775361204092, -2.1220480398515216, 1710.3122730193907, -17.05079606234173, 1824.2775361204092, -2.1220480398515216,57.69113197410975, 880.6915298689877, 834.1235375069004, 46.56799236208724, 179.56517595216056,0.0, 0.0, 0.0, 0.0, 0.0,2.8125, 2.125, 1.8125, 0.9375, 0.625,0.0, 0.0, 0.0, 0.0, 0.0, 0.0,-0.870819091796875, 0.0
0, 420.0, 1926, 1333, 2286, 1693, 0.23066921997070314,0.08822345072840107, 0.18429128819494509, 0.4667947616238962, -0.1810596452304162,5.181502353934775e-06, 0.00010587294833385386, 0.00011358468507296493, 3.370110595824371e-05, -0.0005085352877142669,25.850051879882812, 2.2599658870076604, 504.1250305175781, 367.1250305175781, 2016, 1468,514.125, 337.1250305175781, 2056, 1348, 26.267776489257812, 220.42083661637102, 21.289308978215896, 234.04363845333845, 32.23751604082608, 211.47266941575555,10.528215916130712, 208.53063840353772, 20.18937287834475, 232.68483742210077, 29.45353085886241, 263.3433299646186,71.7640597127538, 144.330508922432, 276.3404676833218, 1652.4507169423482, -8.108019378562787, 1609.297203933778, -14.858023432722247, 1652.4507169423482, -8.108019378562787,24.45895126406424, 879.3806984948424, 844.2009221377181, 35.1797763571243, 197.303697669241,0.0, 0.0, 0.0, 0.0, 0.0,0.0, 0.0, 0.0625, 0.1875, 0.125,0.0, 0.0, 0.0, 0.0, 0.0, 0.38421034812927246,-0.77899169921875, 0.0
0, 425.0, 1996, 1371, 2356, 1731, 0.06613598632812501,0.5409510695027712, 0.7084706185356482, 1.5995706167886963, 0.42796363312780156,0.0001168527462499469, 0.00028859912511279616, 0.00048118516610543336, 0.0006405431737255186, -0.00034462456505934824,26.173463821411133, 4.0250796683211245, 521.625, 376.6250305175781, 2086, 1506,531.625, 346.6250305175781, 2126, 1386, 26.320362091064453, 220.14443252103894, 21.18086506962736, 233.4289365551377, 32.39435067325628, 211.50333650270863,9.694964295222013, 206.99392780255488, 20.483813914942157, 235.02535200536738, 29.113126230392666, 260.91802541299546,52.786287921783334, 130.00580910773664, 280.6413476044919, 1711.8522558735924, -11.33261281343366, 1668.4807348384822, -11.206963454154511, 1711.8522558735924, -11.33261281343366,36.16078264540723, 881.9017416097475, 850.4780272892539, 31.423714320493673, 180.43212780092915,0.0, 0.0, 0.0, 0.0, 0.0,0.0, 0.0, 0.0, 0.0, 0.0,0.0, 0.0, 0.0, 0.0, 0.0, 0.0,-0.427703857421875, 0.0
0, 430.0, 2026, 1374, 2386, 1734, 0.07750265502929687,0.15375951094407353, 0.2405936750241381, 0.9826862331322627, -0.043792307783442085,6.34485420212627e-05, 8.079921511921383e-05, -0.00016666401055999812, 0.000654506938109307, 0.00010644471812554457,17.834543228149414, 2.2971135424783906, 529.125, 377.3750305175781, 2116, 1509,539.125, 347.3750305175781, 2156, 1389, 25.70146942138672, 219.03232745999912, 20.770165104005944, 233.08072349073916, 31.658037818509495, 209.8685281381126,9.967165146001527, 206.47447825579707, 19.904503076379267, 232.7813616554514, 28.758692070613083, 261.2606686828983,59.88563929688771, 133.36643949599875, 263.69887748964584, 1641.5746441680672, -14.65677127875104, 1595.3350416703804, -15.821072323044428, 1641.5746441680672, -14.65677127875104,27.888948191456876, 881.9859883309379, 831.6610580782519, 50.32493025268593, 188.5736644872575,0.0, 0.0, 0.0, 0.0, 0.0,0.0, 0.0, 0.0, 0.0, 0.0,0.0, 0.0, 0.0, 0.0, 0.0, 0.0,-0.4609375, 0.0
0, 435.0, 2083, 1353, 2399, 1999, 0.011309720993041993,0.049464419595897195, 0.08733687374391592, 0.46978053175029355, 0.13180231750462554,5.95595998902354e-07, -5.0794150077990707e-05, -8.06407886125271e-05, 0.0002546781956993982, 0.000594655389198806,30.414270401000977, 1.2140956981474853, 543.375, 372.1250305175781, 2173, 1488,553.375, 342.1250305175781, 2213, 1368, 26.06644630432129, 219.1493832419948, 21.19126645677428, 233.07769995732053, 31.974199921606914, 209.96965750834272,9.299467726348729, 210.47134103354847, 19.709083455166994, 239.23912793078003, 29.68675472714504, 267.1126244996035,67.7993007601798, 128.99257892239433, 271.74187701677323, 1604.7740475391388, -18.076592931859512, 1555.6502097696996, -15.377695755220277, 1604.7740475391388, -18.076592931859512,6.689275975550982, 881.226007753746, 846.877158015276, 34.348849738469994, 195.89097340905343,0.0, 0.0, 0.0, 0.0, 0.0,0.0, 0.0, 0.0, 0.0, 0.0,0.0, 0.0, 0.0, 0.0, 0.0, 0.0,0.24914981424808502, 0.0
0, 440.0, 2031, 1367, 2391, 1727, 0.07937810516357421,0.38159853760516843, 0.7495837970642604, 0.9124104889691808, 0.058291454895515925,-3.553929940949274e-05, 4.044833638545242e-05, 0.0005841323731652892, -0.0002775642000085554, 0.00023662995965878508,13.764599800109863, 1.9202124157009886, 530.375, 375.6250305175781, 2121, 1502,540.375, 345.6250305175781, 2161, 1382, 25.927366256713867, 217.73676351785275, 20.795065199793598, 231.2629890759679, 32.00815331795122, 208.9965765983291,9.462792714407417, 214.51708064500048, 19.93285707454314, 237.4509844060707, 28.16502847950046, 265.6718097545677,33.01321521377419, 119.17029402070426, 238.48126799051118, 1639.84302393501, -16.69965631059043, 1596.2713789187765, -20.34753092873084, 1639.84302393501, -16.69965631059043,20.235248724914303, 880.2574211273385, 823.3099142735632, 56.94750685377528, 192.79883096913807,0.0, 0.0, 0.0, 0.0, 0.0,0.0, 0.0, 0.0, 0.0, 0.0,0.0, 0.0, 0.0, 0.0, 0.0, 0.0,-0.45196533203125, 0.0
0, 445.0, 2009, 1541, 2369, 1901, 0.277777587890625,0.11501416930361301, 0.13150161048717565, 0.4933489321866364, -0.23017908720765262,5.038325881969285e-05, 6.054556037383918e-05, 0.00018868255651284473, 0.0007064526265617133, -0.0001357513577917757,14.76000690460205, 1.3288671524892377, 524.875, 419.1250305175781, 2099, 1676,534.875, 389.1250305175781, 2139, 1556, 26.02340316772461, 218.33413186266208, 20.864876807417772, 231.75131503985014, 32.118406382099856, 209.66439738446718,7.861203757928251, 209.1481967875336, 24.1293457622268, 249.37209605508747, 28.91078562485294, 273.03989362456286,47.571594912859865, 113.73973652895066, 363.2354405171163, 1783.000790033724, -16.957217641401797, 1762.2035836474201, -27.244706860069588, 1781.2305611067889, -9.920544808430794,22.078096494007784, 879.9187168205715, 676.3478678546767, 203.5708489658948, 189.2167206251895,0.0, 0.0, 0.0, 0.0, 0.0,0.0, 0.0, 0.0, 0.0, 0.0,0.0, 0.0, 0.0, 0.0, 0.0, 0.0,0.3949248790740967, 0.0
0, 450.0, 2022, 1547, 2382, 1907, 0.27271969604492186,0.04252970485438709, 0.06560616730348556, 0.26086510184570216, -0.14099446448177333,1.0000572580679545e-05, 0.00012837524284634583, 2.7483804920507282e-05, 0.00037077550280969264, 4.136652996862722e-05,9.898795127868652, 0.9627548603962377, 528.125, 420.6250305175781, 2112, 1682,538.125, 390.6250305175781, 2152, 1562, 25.29022979736328, 216.92294647824576, 19.663503768661403, 229.69008157313468, 31.702334677424144, 209.04464047797245,10.885888757712372, 216.57228456625728, 24.56759024487848, 256.6569435973913, 28.38670892372065, 269.697195402293,34.102094507368, 160.3210123192857, 428.48847887437483, 1701.6830657703663, -14.845961070046606, 1679.433759622646, -34.78695593277384, 1705.173403909341, -7.978457432569833,4.804376713103614, 880.9702885375142, 662.4714019186356, 218.4988866188786, 188.92108555837441,0.0, 0.0, 0.0, 0.0, 0.0,0.0, 0.0, 0.0, 0.0, 0.0,0.0, 0.0, 0.0, 0.0, 0.0, 0.0,0.3309291899204254, 0.0
0, 455.0, 1937, 1517, 2297, 1877, 0.5484619750976563,0.14006053932564103, 0.22540016407408983, 0.44701434384158345, 0.09043523493863176,0.0001541747257010684, 0.0003324607821673453, 0.0001648724377173494, 0.00043002470513556543, -6.141182158245329e-05,15.150626182556152, 1.263401269991482, 506.8750305175781, 413.1250305175781, 2027, 1652,516.875, 383.1250305175781, 2067, 1532, 25.625316619873047, 216.1925260484046, 19.697654784236843, 227.93105554781891, 32.21515442226722, 209.04670924904934,13.490690790792417, 229.5663642923697, 20.493883971847595, 253.55969869560062, 31.472209719054455, 271.72363420923136,103.657292746479, 196.07850640590027, 302.1350451990744, 1749.0746584790197, -45.27437095751359, 1618.9935126538007, -73.20612103407747, 1762.531591396758, -36.96671608312389,0.2679675275786706, 882.483844981756, 676.7688492043251, 205.7149957774309, 181.67478275770114,0.0, 0.0, 0.0, 0.0, 0.0,0.0, 0.0, 0.0, 0.0, 0.0,0.0, 0.0, 0.0, 0.0, 0.0, 0.0,0.08654041588306427, 0.0
0, 460.0, 2010, 1390, 2370, 1750, 0.27199966430664063,0.13636391116539015, 0.2462628306861734, 0.5586067638627719, -0.1718093814572785,0.00011608965805862682, 0.00010769965731867615, 0.00018330036043721521, 0.00029748839523790593, -0.00012418008655458833,16.07714080810547, 1.9075441806308717, 525.125, 381.3750305175781, 2100, 1525,535.125, 351.3750305175781, 2140, 1405, 26.758697509765625, 218.32685088100683, 20.777179878860014, 229.33818433391838, 33.35962425283727, 211.4946930437057,11.498530024153155, 204.784853379676, 22.22827749829282, 231.72881584397408, 29.500305033086537, 261.33655208457714,56.30761741390256, 145.6569846703301, 291.10410015494097, 1597.6344839664234, -7.520537193039782, 1545.4954104568578, -16.71553670591522, 1597.6344839664234, -7.520537193039782,32.53353305917173, 881.6113217977123, 840.7241044309282, 40.88721736678417, 188.1050163538564,0.0, 0.0, 0.0, 0.0, 0.0,0.0, 0.0, 0.0, 0.0, 0.0,0.0, 0.0, 0.0, 0.0, 0.0, 0.0,-0.4534912109375, 0.0
0, 465.0, 2019, 1394, 2379, 1754, 0.4140330810546875,0.05550822154677007, 0.09177052025435843, 0.26543843005027157, -0.4611309357368736,0.00011510246299735627, -5.342730751721092e-05, 7.403429735433064e-05, 0.00023066518813948277, -0.00010464983528777339,12.437941551208496, 0.9339332542840294, 527.375, 382.3750305175781, 2109, 1529,537.375, 352.3750305175781, 2149, 1409, 26.1162109375, 219.53207874119062, 21.07926724562948, 233.13377459699177, 32.129075744332525, 210.6563967967714,10.29247038410026, 212.11896024627396, 19.425524295755103, 238.1504640789717, 27.840891476931926, 266.3782425600437,40.23340883052736, 146.81077205332213, 284.19019159952217, 1602.4947578236884, -5.037243637523543, 1532.9935930999939, -24.06705995356353, 1602.4947578236884, -5.037243637523543,27.412554446989237, 880.8374082654293, 841.3190220074667, 39.51838625796256, 188.63995660174376,0.0, 0.0, 0.0, 0.0, 0.0,0.0, 0.0, 0.0, 0.0, 0.0,0.0, 0.0, 0.0, 0.0, 0.0, 0.0,-0.4794921875, 0.0
0, 470.0, 1936, 1356, 2296, 1716, 0.11918278503417969,0.3552923223374819, 0.5845469387987396, 0.9327840375853702, -0.2762614879626199,3.6275397382041777e-05, 0.00039126432998756397, 0.0004759232396128254, 0.00022782128031849423, -8.646742900353387e-05,15.320393562316895, 1.4051747008138, 506.6250305175781, 372.8750305175781, 2026, 1491,516.625, 342.8750305175781, 2066, 1371, 27.231496810913086, 220.0110116057919, 21.729156674163402, 232.03736900132503, 33.517944657075056, 212.24788814989085,10.699412534241706, 208.10144297647247, 20.465851514239624, 234.90341946830432, 29.63427439868566, 266.471420000701,56.52503815307696, 152.9432558334547, 289.932943668729, 1643.345401859005, -11.079173807247289, 1594.8717022632638, -13.360703608178591, 1643.345401859005, -11.079173807247289,12.290652851057084, 881.2209350163616, 842.8257296342923, 38.39520538206932, 185.8069473315409,0.0, 0.0, 0.0, 0.0, 0.0,0.0, 0.0, 0.0, 0.0, 0.0,0.0, 0.0, 0.0, 0.0, 0.0, 0.0,-0.6717529296875, 0.0
0, 475.0, 1965, 1377, 2325, 1737, 0.14528755187988282,0.7339425462315556, 0.9868099998107936, 1.1088382663816445, -0.07840151839482132,-9.067053003832371e-05, 0.00041819627741688235, 0.0006547599899442957, 0.00017501446194728487, -8.347071747095924e-05,21.038766860961914, 1.908663936356164, 513.875, 378.1250305175781, 2055, 1512,523.875, 348.1250305175781, 2095, 1392, 24.727563858032227, 218.4222003218202, 19.310617723223636, 232.05511807541382, 31.024262682139323, 209.9859644465569,9.68585798739824, 198.22276962515377, 19.878087636440668, 228.77318808443448, 27.704968027605418, 262.5963941373643,53.10952795193452, 124.3916783285771, 278.1117793210261, 1645.0647542355887, -9.86761094045955, 1595.9569686556345, -12.296543258146125, 1645.0647542355887, -9.86761094045955,14.641972995617577, 881.3933028939234, 851.3107996806159, 30.08250321330752, 186.72979816061041,0.0, 0.0, 0.0, 0.0, 0.0,0.0, 0.0, 0.0, 0.0, 0.0,0.0, 0.0, 0.0, 0.0, 0.0, 0.0,-0.452239990234375, 0.0
0, 480.0, 1993, 1368, 2353, 1728, 0.05661525344848633,0.7261058396648151, 1.0410524780862034, 1.215445741462754, 0.20800872479550891,0.00016779476688498108, 0.00041133324600423294, 0.0005569360899892216, 0.00033192468082518186, -5.403089389091065e-05,15.583433151245117, 2.2328930843912533, 520.875, 375.8750305175781, 2083, 1503,530.875, 345.8750305175781, 2123, 1383, 24.871129989624023, 219.07688761414428, 19.69154761035821, 233.15561182216527, 31.014339592282838, 210.19216233215133,9.828850398407544, 212.14507888966008, 21.94253832909128, 234.91636950697065, 30.09848974928853, 266.5726160834439,51.190965125190104, 132.51492759392855, 293.13819216396917, 1644.2947525827137, -13.121367393884304, 1599.933155802621, -12.50716331005981, 1644.2947525827137, -13.121367393884304,23.24425627009092, 880.6299181868791, 846.4533420730244, 34.17657611385471, 187.04719026110786,0.0, 0.0, 0.0, 0.0, 0.0,0.0, 0.0, 0.0, 0.0, 0.0,0.0, 0.0, 0.0, 0.0, 0.0, 0.0,-0.45343017578125, 0.0
