CS_MOD: UH_Thresh: 150.0, u_rad: 5.0, track_on: 100.0 min
Mode, Time, x1, y1, x2, y2, zs_surface, w500m, w1km, w3km, w5km,zvort_suf, zvort500m, zvort1km, zvort3km, zvort5km,UH_Max, UH_Area, UH_X, UH_Y, UHi, UHj,SX, SY, SXi, SYj, meanWnd, meanWnd_dir, rm, rm_dir, lm, lm_dir,shear1km, shear1km_dir, shear3km, shear3km_dir, shear6km, shear6km_dir,srh500m, srh1km, srh3km, sbcape, sbcin, mlcape, mlcin, mucape, mucin,3CAPE, LCL, LFC, LFC-LCL, EL,wA500m, wA1km, wA3km, wA5km, wA8km,zA500m, zA1km, zA3km, zA5km, zA8km,wzA500m, wzA1km, wzA3km, wzA5km, wzA8km, meso_depth, CP_Min, CP_area
bool, min, idx, idx, idx, idx, km,ms^-1, ms^-1, ms^-1, ms^-1,s^-1, s^-1, s^-1, s^-1, s^-1,m^2s^-2, m^2s^-2, km, km, idx, idx,km, km, idx, idx, ms^-1, deg, ms^-1, deg, ms^-1, deg,ms^-1, deg, ms^-1, deg, ms^-1, deg,m^2s^-2, m^2s^-2, m^2s^-2, Jkg^-1, Jkg^-1, Jkg^-1, Jkg^-1, Jkg^-1, Jkg^-1,Jkg^-1, hPa, hPa, hPa, hPa,km^2, km^2, km^2, km^2, km^2,km^2, km^2, km^2, km^2, km^2,km^2, km^2, km^2, km^2, km^2, km, K, km^2
0, 5.0, 172, 523, 532, 883, 0.02408470344543457,2.0622630957514048, 3.516835820376873, 4.608751367330552, 2.611229139603674,9.211378323215058e-07, -3.282078075642403e-05, 2.8218081344135725e-05, 0.00014723591834126638, 7.085979540548239e-05,6.745291233062744, 3.3312559317654795, 65.625, 164.62501525878906, 262, 658,75.625, 134.625, 302, 538, 19.507055282592773, 255.47966487129122, 16.0792061516608, 277.1904314747856, 24.79938703227273, 241.60220256927715,12.1869461770603, 247.59504475759022, 38.51498667045091, 277.4598046591265, 41.67694728674784, 284.852186699723,177.38979005809483, 268.3862236741883, 615.4727571767414, 1792.642954991586, -6.703819297573172, 1270.6206883894813, -25.602140896647636, 1792.642954991586, -6.703819297573172,92.25302205798661, 903.9624811913848, 872.155014151911, 31.80746703947375, 192.19911245242452,0.0, 0.0, 0.0, 0.0, 0.0,0.0, 0.0, 0.0, 0.0, 0.0,0.0, 0.0, 0.0, 0.0, 0.0, 0.0,-0.01578798145055771, 0.0
0, 10.0, 176, 510, 536, 870, 0.024255439758300783,2.1892451498657466, 3.7565059082210066, 5.144374043010175, 2.058899197205901,9.72602875577877e-06, -1.5855662038575247e-05, 0.0002664284674483497, 0.0008845777792157603, 0.00024566183143178935,20.85805892944336, 10.399143267944455, 66.625, 161.37501525878906, 266, 645,76.625, 131.375, 306, 525, 18.073802947998047, 241.9277772560422, 13.19248869614114, 263.1774139609265, 24.32658815459016, 230.59251426853692,11.001649450780778, 241.77654320743977, 41.56891399359686, 281.7650231571473, 41.11934785446436, 288.4360415987421,161.87809831848145, 227.86266129341317, 746.3225224214566, 1584.3955175076867, -13.60933669925175, 1038.5739588083547, -24.806903186974775, 1584.3955175076867, -13.60933669925175,88.4188563310688, 901.8887014630687, 862.8986654517112, 38.990036011357574, 200.05477260910882,0.0, 0.0, 0.0, 0.0, 0.0,0.0625, 6.5625, 13.4375, 13.875, 12.3125,0.0, 0.0, 0.875, 2.4375, 3.4375, 0.0,-0.1448306441307068, 0.0
0, 15.0, 264, 554, 624, 914, 0.02851613235473633,0.6113558103935793, 1.0277949087932938, 2.784365412266925, 4.488207348331342,-0.0005279625324590143, -0.0004724153025313171, -0.0005831579051329072, -0.0001554669296803013, 0.00030649177786870043,39.868770599365234, 12.290093758650027, 88.62500762939453, 172.37501525878906, 354, 689,98.62500762939453, 142.375, 394, 569, 19.539844512939453, 240.00802964640505, 13.866215547015189, 257.14564976463123, 26.150318761711805, 231.0188703191627,11.879754458324905, 252.06368236169274, 21.25414845355155, 274.38602828732405, 25.077336533958945, 287.26809291104826,59.58644660170174, 97.83491908060319, 159.07906328232662, 1638.9399377548696, -21.856855984730853, 1131.1694308072158, -67.54297812162432, 1638.9399377548696, -21.856855984730853,19.037589788102405, 903.8385846221006, 777.8735035754373, 125.96508104666327, 194.8608399301818,0.0, 0.0, 0.375, 0.625, 0.8125,4.625, 20.6875, 35.4375, 46.6875, 47.3125,0.0625, 2.0625, 5.375, 7.125, 6.5625, 0.0,-0.01782383769750595, 0.0
0, 20.0, 281, 488, 641, 848, 0.02946604537963867,0.44904046793293667, 0.6070966256177053, 1.9243059996029472, 1.50398717045784,-0.0009957512723428863, -0.0011925786547874395, -0.001362282593861437, 9.84880985924974e-05, 3.2973196209695742e-06,56.92988967895508, 10.90276403489319, 92.87500762939453, 155.875, 371, 623,102.87500762939453, 125.87500762939453, 411, 503, 19.502431869506836, 258.488089993115, 16.22761130438672, 280.35144160786786, 24.695230166812884, 244.32364654442003,11.939897744066025, 251.45643756334357, 20.380129355572926, 274.63068566339393, 25.132469972231753, 287.0028630051983,103.52115292463593, 176.3967891546038, 282.132419125498, 1665.5889646058324, -16.225954140374565, 1150.1603328387191, -53.00179286738034, 1665.5889646058324, -16.225954140374565,39.623568427840894, 903.8101187548523, 805.594062126903, 98.21605662794923, 192.26538180259567,0.0, 0.0, 0.0, 0.0, 0.0,1.3125, 7.9375, 16.25, 22.5, 21.0,0.0, 0.0, 0.0625, 0.0625, 0.1875, 0.32105231285095215,-0.26733535528182983, 0.0
0, 25.0, 208, 507, 568, 867, 0.025688362121582032,0.7756323997688014, 1.128912377891829, 0.5091066298913207, -3.2918206365033984,0.0015329477184332064, 0.0017182265987412393, 0.0008859752008083888, 0.00013824095399627367, 8.933203596484419e-05,540.9577026367188, 8.78570466956808, 74.625, 160.625, 298, 642,84.62500762939453, 130.625, 338, 522, 19.3004207611084, 256.0048654373302, 16.12068408908929, 278.2074544438186, 24.446595419198488, 241.57557482236035,34.13132648372825, 247.16160095286122, 43.242053556751316, 279.57626171686, 37.20966102399763, 285.35460175469086,671.9886903876979, 1033.787918856764, 1620.1435845965864, 792.3944865165872, -51.22113743480747, 321.3347978818441, -3.241389055048858, 792.3944865165872, -51.22113743480747,47.87097013425623, 873.73819759033, 628.9362492650536, 244.80194832527638, 195.88343553782272,0.0, 0.0, 0.8125, 1.0, 5.75,29.4375, 61.6875, 86.625, 96.4375, 94.5,1.1875, 5.875, 11.875, 15.5625, 17.5625, 3.6263158321380615,-0.231109619140625, 0.0
0, 30.0, 237, 518, 597, 878, 0.027098093032836914,-0.09889959910186008, 0.042352592824026945, -0.6590213589859195, -2.6033819095540096,-0.00015189117230647752, -0.0008765496320756938, -0.0002526431471051183, 2.834773444817529e-05, -6.152650923695547e-05,971.1355590820312, 15.410735619262407, 81.87500762939453, 163.37501525878906, 327, 653,91.87500762939453, 133.375, 367, 533, 21.802793502807617, 243.50051027470766, 16.21933407151616, 258.80298712880847, 28.287044007585187, 234.79681574119562,9.158580147727045, 244.98479234362148, 19.384816696611953, 285.8449273748277, 23.767673708678803, 285.76974065244417,86.05514699755467, 106.05279705272287, 336.54085214741303, 2269.6339120552207, -5.1278139902307265, 1880.2786067593836, -14.43168139093741, 2269.6339120552207, -5.1278139902307265,90.812527096842, 902.5408273605672, 892.5387200861976, 10.002107274369564, 181.7703415385351,0.0, 0.0, 0.25, 3.375, 13.0,38.125, 63.75, 86.375, 94.9375, 107.25,0.5, 5.125, 9.875, 12.375, 16.4375, 2.1157894134521484,-0.8217867612838745, 0.0
0, 35.0, 261, 636, 621, 996, 0.02835321617126465,0.8887820554408244, 1.3730785618373194, 1.9256711784168146, 3.08813420725055,-0.00020738776080406752, 0.00032104056658681656, 0.00014658673604571958, -0.00011669170269669849, -0.0007499988693439264,939.310546875, 40.150781135415414, 87.87500762939453, 192.87501525878906, 351, 771,97.87500762939453, 162.87501525878906, 391, 651, 18.238454818725586, 246.4505782602629, 13.419112585812247, 267.6172954106315, 24.448105896865826, 235.01933305967518,13.452922852907234, 252.86061517367148, 28.020868570555717, 279.5939655671887, 29.805765488509294, 297.9755755672021,189.89175720485102, 264.3279927444594, 537.7409719006477, 1471.4926845235052, -179.0885105069782, 1595.1709432521184, -72.9422628362622, 1851.9311018863045, -1.1928740024885474,0, 868.7225373041138, 633.1056609284681, 235.6168763756457, 198.95705974903981,0.0, 0.0, 0.25, 1.3125, 2.75,43.125, 67.5, 95.4375, 113.5, 124.4375,0.0625, 1.6875, 3.6875, 7.8125, 13.5625, 2.247368335723877,-1.207183837890625, 4.6875
0, 40.0, 286, 640, 646, 1000, 0.029754348754882812,0.21076454815454781, 0.2919508117879741, 0.7804576917178929, 0.8676404041179923,-0.00015569669061619607, -0.00038347502073520444, -8.043021603043599e-05, 0.0002793447973499497, -0.00024525768301316477,1497.74560546875, 33.1890775022142, 94.12500762939453, 193.87501525878906, 376, 775,104.12500762939453, 163.87501525878906, 416, 655, 22.52745246887207, 238.24482997254458, 15.839280365135886, 248.55295905367865, 29.607252922502216, 232.75147498321525,20.439514946576818, 237.82710926328494, 23.354311460296774, 283.6270966494329, 24.853296899048686, 286.3207866543025,67.77726381856561, 193.52019024418726, 596.295415839549, 1579.211828918506, -129.57119358170206, 1216.5365624145986, -154.66795929697028, 1579.211828918506, -129.57119358170206,12.900925668833535, 904.4651893892739, 630.3501267446443, 274.1150626446296, 192.911726959813,0.0, 0.0, 0.125, 0.8125, 1.875,28.625, 52.4375, 82.8125, 103.25, 122.0625,0.0, 1.3125, 2.625, 6.1875, 10.1875, 5.484210968017578,-1.23187255859375, 1.625
0, 45.0, 307, 527, 667, 887, 0.031011951446533202,-0.1365490426623728, -0.2915510249917861, 0.35293119129026307, -1.3889634429966098,-0.0002440104948732369, -0.000261782440134084, -0.00020849644624831853, 0.0008199533589436215, 8.016877202862816e-05,823.8590087890625, 31.76520008000755, 99.37500762939453, 165.62501525878906, 397, 662,109.37500762939453, 135.625, 437, 542, 23.07509422302246, 248.11654336109905, 17.715178079566606, 263.02520195755085, 29.38694282443556, 239.19429658608703,8.312393968207608, 237.80055348779194, 24.65351598287281, 283.4080251619939, 27.46977266317226, 293.03585981604385,108.93311115169546, 128.17715353722002, 353.589782668733, 1404.2878869469325, -9.2284099874137, 937.0617012173831, -7.827639263056877, 1404.2878869469325, -9.2284099874137,89.53031280024533, 901.5241078759203, 881.9956434147464, 19.52846446117394, 205.46659679164017,0.0, 0.0, 0.0, 0.0, 0.0,19.125, 27.1875, 46.0, 59.1875, 65.125,0.0, 0.3125, 1.1875, 2.0625, 1.6875, 3.5315792560577393,-1.240875244140625, 0.625
0, 50.0, 308, 659, 668, 1019, 0.031073787689208984,0.28721267574466763, 0.5385935016610892, 0.3123802270076703, -0.5347185417287983,6.820917702043516e-05, -0.0006259615572434996, -0.0010040214011951321, -0.0001471825458816056, -0.00017062607588286483,995.9072875976562, 16.147619342791312, 99.62500762939453, 198.62501525878906, 398, 794,109.62500762939453, 168.62501525878906, 438, 674, 20.637907028198242, 249.39690330215296, 15.09105774596791, 265.8422309239798, 27.140494899861658, 240.34010845857676,13.557453459202781, 257.57964751274665, 28.92411288392132, 255.4769327956232, 25.023439717292007, 285.8554185453928,30.862244514373018, 61.74476094591156, 321.8546372543565, 1424.155024681405, -11.28905367029413, 1276.205917260049, -17.16592919480661, 1424.155024681405, -11.28905367029413,69.56869703128848, 912.4795327415188, 868.0667992132184, 44.412733528300464, 191.1816444341148,0.0, 0.0, 0.0, 0.0, 0.0,34.375, 42.375, 62.0, 83.3125, 92.3125,0.0, 0.0, 0.625, 1.5, 1.4375, 2.8368425369262695,-2.2052001953125, 116.8125
0, 55.0, 292, 667, 652, 1027, 0.03010585403442383,0.7323370929330123, 1.1345521192962769, 0.6675268685724586, -0.3631648469273932,-0.0006829851192787828, -0.00100178166772821, -0.0012700135460659112, -0.00040970394258692976, 3.7125184780961716e-06,563.1271362304688, 19.57190696136765, 95.62500762939453, 200.62501525878906, 382, 802,105.62500762939453, 170.62501525878906, 422, 682, 19.74393653869629, 254.45830570356418, 15.352645572169292, 274.5700936475544, 25.621131070350568, 242.56775852950952,9.007915953816399, 233.84463086392563, 14.448008974081704, 317.4588131180686, 19.608858238245286, 317.1825183057632,87.9055014436374, 128.12318454576592, 315.55162971877223, 988.2737052720609, -107.37887284188835, 691.0921305722923, -110.30814022506792, 988.2737052720609, -107.37887284188835,5.448151768554339, 875.3532778848536, 737.1964353718901, 138.15684251296352, 191.85915070998806,0.0, 0.0, 0.0, 0.0, 0.0,34.6875, 34.875, 46.25, 55.0625, 57.375,0.0, 0.25, 0.3125, 0.3125, 0.4375, 4.147368431091309,-2.188629150390625, 55.8125
0, 60.0, 408, 579, 768, 939, 0.038312023162841796,0.33900485044461676, 0.6985499271904702, 2.6444977348786782, 2.2990929323248563,5.590372987171577e-05, 0.00029187600505792944, 0.0004136405207509597, 0.001248283402760535, 0.0008039290306533076,692.738525390625, 41.50630073300942, 124.62500762939453, 178.62501525878906, 498, 714,134.625, 148.625, 538, 594, 21.612281799316406, 256.79535055073245, 15.878215139063137, 271.7903080721769, 28.188007617802867, 248.41497535832517,14.309041481400813, 249.38762790526008, 27.085058251514283, 289.9648701614227, 30.48689422451662, 287.8580300100406,165.66429523066657, 261.717593487031, 565.0656787517555, 1315.5473173922176, -44.13384589211738, 748.6132687165973, -75.33078789951895, 1315.5473173922176, -44.13384589211738,29.417933827218288, 900.9476546478434, 815.6424101981213, 85.30524444972207, 187.08994045281457,0.0, 0.0, 0.0, 0.0, 0.0,5.25, 9.125, 20.75, 30.625, 39.8125,0.0, 0.0, 0.125, 0.5625, 0.875, 1.7473688125610352,-3.037017822265625, 656.9375
0, 65.0, 418, 536, 778, 896, 0.03916939544677735,0.8438528730813414, 1.4313100110751111, 3.1119416264793838, 2.060819845888764,-5.498167067514714e-06, 0.0004663771147852458, 0.000393776543965032, 0.0023222530966393153, 0.0013835354164450564,852.6316528320312, 72.60595986320611, 127.12500762939453, 167.87501525878906, 508, 671,137.125, 137.875, 548, 551, 22.331710815429688, 245.3761621830632, 17.109191584702916, 261.20477438932255, 28.586469653721107, 235.98063502941454,14.733522838677445, 260.4128373012246, 22.061402292277904, 286.42944130361906, 30.989721752902486, 294.81847088752545,128.06575596026812, 211.55841076978564, 328.20216980070074, 1284.300420536186, -63.07154960649129, 758.6303240799559, -116.97291313608498, 1284.300420536186, -63.07154960649129,1.7235119905323555, 899.7014473662252, 724.0287917736958, 175.6726555925294, 195.6787710342179,0.0, 0.0, 0.0, 0.0, 0.0,3.75, 7.5625, 13.1875, 20.125, 28.75,0.0, 0.0, 0.0, 0.0, 0.0, 3.6473686695098877,-2.8377685546875, 388.75
0, 70.0, 417, 548, 777, 908, 0.03908240127563477,0.6465650280984119, 1.115609666374512, 1.6472556240682024, 0.7790632279653801,-0.00014989363159997993, -0.00018663252106307482, -0.00023334667280778377, 0.0009124846160034394, 0.0003104963238189384,1430.6732177734375, 59.26707949280542, 126.87500762939453, 170.87501525878906, 507, 683,136.875, 140.875, 547, 563, 21.472742080688477, 249.2273643465749, 16.273421281351624, 265.85315967239535, 27.745865882282637, 239.56661118334623,16.057043563952828, 261.10707138884305, 21.30611677260943, 283.25868990598076, 29.452454080930046, 293.1109235950223,124.07176238008218, 239.08324363915085, 340.1400513418951, 1378.395767620813, -86.93735688368616, 829.1581849679513, -133.61745120196125, 1378.395767620813, -86.93735688368616,2.57131637345185, 897.7771034259858, 727.4474456105061, 170.32965781547978, 198.19760619976313,0.0, 0.0, 0.0, 0.0, 0.0,2.875, 5.25, 11.25, 18.625, 25.3125,0.0, 0.0, 0.0, 0.0, 0.3125, 2.24210524559021,-3.877655029296875, 503.125
0, 75.0, 450, 542, 810, 902, 0.04211117553710938,1.3211094344872982, 2.1967113038769455, 3.7118042772216726, 2.8798657379066577,-3.108189304441566e-05, 0.0003614544124150143, 0.000626811509714571, 0.0018308096108739847, 0.0008505609195765373,1810.400146484375, 127.7934146302316, 135.125, 169.37501525878906, 540, 677,145.125, 139.375, 580, 557, 21.560123443603516, 249.76634823435893, 16.5992519497472, 266.8657956736022, 27.688313011093697, 239.61360287561408,15.25474256685203, 255.60756699368886, 23.101495602813788, 281.80793040551333, 31.243008752316015, 291.0973701673242,149.0670813724915, 244.27736216940298, 380.28567692930716, 1289.5634835020164, -52.145264081878615, 828.7798284002016, -85.77338455829437, 1289.5634835020164, -52.145264081878615,16.292288037473217, 898.4433796462013, 766.7012866972209, 131.74209294898037, 196.6389360269481,0.0, 0.0, 0.0, 0.0, 0.0,0.75, 3.125, 8.1875, 11.9375, 16.5,0.0, 0.0, 0.0, 0.375, 0.5, 2.8210530281066895,-3.8756103515625, 519.625
0, 80.0, 465, 545, 825, 905, 0.043603061676025394,1.2215547050745228, 2.1177102818037383, 4.555783140248968, 4.413310216079116,-9.390571355083921e-05, -0.0001767746757786881, 0.000736002400376492, 0.0015552311685030418, 0.0013113796614766214,2415.619873046875, 142.23303795586435, 138.875, 170.12501525878906, 555, 680,148.875, 140.125, 595, 560, 21.511314392089844, 249.16940336127817, 16.71698549299011, 266.66337624106575, 27.541163661702015, 238.65620868060637,15.174654667225596, 253.75855282309638, 23.19099945002695, 280.2408391231023, 31.377197338443597, 289.65673300720675,143.44049205104756, 239.88734732363832, 378.6123142957914, 1287.8051877661173, -46.356887333400906, 880.4840174211962, -79.44893466249131, 1287.8051877661173, -46.356887333400906,19.089729416959436, 897.7237660668153, 767.853746450704, 129.87001961611134, 194.1541612301245,0.0, 0.0, 0.0, 0.0, 0.0,3.125, 4.75, 8.3125, 11.1875, 14.1875,0.0, 0.0, 0.25, 0.75, 1.0625, 2.8368425369262695,-4.43280029296875, 562.25
1, 85.0, 500, 541, 860, 901, 0.04740085601806641,1.701469017044001, 2.990566367440625, 7.0217747019871615, 8.295656872952824,-0.00019735516013042798, 0.00027096917361632225, 0.001024238605637038, 0.0025741799002207697, 0.0020532295361090293,2086.132568359375, 221.47866553555474, 147.625, 169.12501525878906, 590, 676,157.625, 139.125, 630, 556, 21.59083366394043, 248.86036462209177, 16.955744996333188, 266.58757378132515, 27.51964491962511, 238.0474231136107,15.134814649288186, 254.93846800221607, 21.17724123078851, 278.96961797515786, 30.27541203767647, 287.1391116187617,126.3333838564962, 233.43548298427424, 332.91025587975264, 1393.146691989701, -44.00241069208479, 1024.8615853954673, -87.5474193619614, 1393.146691989701, -44.00241069208479,13.621431034927545, 897.4699121415395, 748.9475922333202, 148.5223199082193, 192.60637667002737,0.0, 0.0, 0.0, 0.0, 0.0,2.4375, 3.9375, 7.3125, 10.125, 13.75,0.0, 0.0625, 0.5, 1.5625, 2.3125, 8.484210968017578,-4.507080078125, 496.0
1, 90.0, 518, 539, 878, 899, 0.04954550170898438,1.8097179136483466, 3.120472996365279, 7.355818753798959, 9.759916197734418,-0.0004098058945834282, 0.0010040071848698062, 0.0018746234198624733, 0.0032503979889452247, 0.003121661592678038,2792.896728515625, 320.9217137342228, 152.125, 168.62501525878906, 608, 674,162.12501525878906, 138.625, 648, 554, 21.34688949584961, 248.34326466040844, 16.901935193367056, 266.6426150212674, 27.169908252909774, 237.0796915050571,14.649776622328234, 252.6371177236503, 21.839222283597113, 278.9302624251602, 30.640292217358972, 285.7412314428486,127.4749465058247, 224.88286067181124, 337.23706752282396, 1392.008501836588, -31.48309356300378, 1020.5100681310631, -67.79678403364436, 1392.008501836588, -31.48309356300378,15.90829209512368, 897.3540704732301, 755.9965104813786, 141.35755999185153, 190.92564170515536,0.0, 0.0, 0.0, 0.125, 1.8125,4.375, 5.0, 7.875, 12.25, 15.8125,0.0, 0.3125, 0.375, 0.8125, 2.5, 6.436842441558838,-3.9031982421875, 466.5625
1, 95.0, 531, 539, 891, 899, 0.0511839714050293,2.010114515419118, 3.333445511969039, 7.3541316337278095, 9.831963374081534,-0.00014276499382219753, 0.0007161692378667794, 0.0017036479453099674, 0.003035619996367132, 0.003436561368269224,3319.53759765625, 334.38937134452937, 155.375, 168.62501525878906, 621, 674,165.37501525878906, 138.625, 661, 554, 21.279882431030273, 248.04367890303334, 16.997727112123645, 266.67539555702683, 27.004518445494956, 236.44263066993008,14.839825400762555, 252.52030782846475, 21.916092494565437, 278.81327494505626, 30.999890350874754, 285.6074416973863,128.28656787837136, 228.26575907990096, 336.89193681915305, 1375.4802781679612, -25.835619232649805, 1020.832773532109, -58.757791817592384, 1375.4802781679612, -25.835619232649805,21.88257277722728, 897.0817196609567, 770.7653826463343, 126.31633701462238, 193.31995524657458,0.0, 0.0, 0.0, 0.0, 1.625,5.6875, 10.3125, 13.3125, 19.125, 22.375,0.0, 0.375, 0.8125, 1.9375, 4.5625, 5.726316452026367,-3.9741432666778564, 494.5625
1, 100.0, 559, 534, 919, 894, 0.0549932975769043,1.7952208782336676, 2.9981001271359875, 5.998019811734557, 8.576486595488383,-0.00014075777651555653, 0.00149943122188688, 0.002396038790889179, 0.0033375335495747995, 0.0037448353562467675,3439.07080078125, 315.0072045219455, 162.37501525878906, 167.37501525878906, 649, 669,172.37501525878906, 137.375, 689, 549, 21.407691955566406, 247.876298287233, 17.31176220710505, 266.659323873147, 27.007063888728045, 235.96510623707485,13.902346925913243, 254.6976628528381, 21.623984378148844, 280.6566473793943, 29.601275292704265, 284.91372670414484,127.70011699746476, 208.48656877760948, 305.47492568472694, 1313.6025101624787, -34.219299226926054, 969.2431661375504, -63.79192618934998, 1313.6025101624787, -34.219299226926054,29.07403505057274, 896.6161116373903, 791.1801369620047, 105.43597467538564, 198.25051364264965,0.0, 0.0, 0.0, 0.5625, 3.0,7.4375, 10.375, 14.4375, 17.25, 20.875,0.0, 0.3125, 0.9375, 3.0625, 5.625, 6.936842441558838,-3.955902099609375, 432.375
1, 105.0, 577, 537, 937, 897, 0.05766469573974609,1.3261137949518162, 2.404915783887845, 5.936494476147928, 9.003373981630428,0.00039742295921769256, 0.0009738439165130331, 0.0016760331520572435, 0.00224866837530044, 0.0030367258981630132,2106.861572265625, 276.21063316383993, 166.87501525878906, 168.12501525878906, 667, 672,176.87501525878906, 138.125, 707, 552, 20.607515335083008, 248.6268267939907, 16.998682733924802, 268.8586442140736, 25.940011878225686, 235.52878236120657,13.991165132272087, 254.12111292461898, 21.155331617967096, 279.33465060516005, 29.102383654653888, 281.66170971576173,117.06487307332293, 201.9305720057681, 291.05558758395387, 1416.8236611173386, -31.53471361538761, 1124.9198113394334, -60.150941845121324, 1416.8236611173386, -31.53471361538761,35.75145667728593, 896.0500119278684, 800.6632878101682, 95.38672411770017, 232.25873437954604,0.0, 0.0, 0.0, 0.6875, 3.625,5.75, 12.3125, 18.6875, 22.875, 23.125,0.0, 0.0, 1.375, 3.625, 5.625, 5.957895278930664,-3.8997802734375, 460.5625
1, 110.0, 588, 533, 948, 893, 0.05939135360717773,1.813532711676089, 3.1815920442016794, 6.774694564541568, 8.32513489366509,0.000320563849318205, 0.0007232345408374385, 0.0013300384647595821, 0.003918745574269451, 0.003268609667002238,3051.98388671875, 345.06984282698977, 169.62501525878906, 167.12501525878906, 678, 668,179.62501525878906, 137.125, 718, 548, 19.837757110595703, 250.99785866246893, 16.414865026636132, 272.30911082879743, 25.102297807919946, 237.24958938314458,13.72317218614974, 254.9379898889742, 20.84910562453219, 280.2915601078788, 29.162209133472338, 282.60068314172,111.19067978972724, 196.045362041217, 285.63021424007786, 1642.1733056818944, -30.754854221285882, 1330.4686327179966, -57.04184293194456, 1642.1733056818944, -30.754854221285882,40.160575146297916, 895.4891502421376, 801.8934621918353, 93.59568805030233, 210.0150132099236,0.0, 0.0, 0.0, 0.25, 4.3125,9.5625, 18.25, 23.75, 26.5, 29.875,0.0, 0.8125, 2.3125, 5.0625, 9.0, 3.947368621826172,-4.186553955078125, 411.6875
1, 115.0, 617, 531, 977, 891, 0.06432122039794921,1.7443387834174795, 2.948466212867061, 6.994962250570537, 9.896111908627207,0.00047284727062560703, 0.0012565188801363547, 0.0020759659971645306, 0.0034657235708834824, 0.005032215191756677,3201.41015625, 359.832769784119, 176.87501525878906, 166.62501525878906, 707, 666,186.87501525878906, 136.625, 747, 546, 20.757043838500977, 250.2777927994095, 16.861248578483004, 270.00287418017433, 26.26609935755371, 237.7648898815287,14.920837585903126, 254.56354525829573, 21.87158567809649, 277.56658783661055, 30.085696115664675, 282.8539602165224,117.72909274020606, 224.11675854636718, 317.476677799432, 1310.4516936042714, -24.544735661011543, 1008.4686819842966, -55.97921290532655, 1310.4516936042714, -24.544735661011543,33.28635693556281, 895.9999599998794, 793.7284298787508, 102.27153012112854, 206.17302882022202,0.0, 0.0, 0.0625, 1.5, 5.3125,11.375, 17.25, 22.875, 26.25, 29.75,0.0, 0.5, 1.6875, 3.6875, 8.4375, 6.436842441558838,-3.8272705078125, 348.3125
1, 120.0, 639, 529, 999, 889, 0.06846797943115235,1.7562440158828405, 3.0090322459372683, 7.057376392406878, 11.042443044069223,0.0006354108334738839, 0.0011873449130075642, 0.002160995404732944, 0.004200677899193579, 0.004684002937435708,2306.447021484375, 359.1042328872725, 182.37501525878906, 166.12501525878906, 729, 664,192.37501525878906, 136.125, 769, 544, 20.88228988647461, 249.64270815000336, 16.898793908737883, 269.1183142111031, 26.439948543155044, 237.3390652176692,14.485366406934455, 251.81066483407878, 22.15603336739566, 276.0189899140907, 30.145043910782462, 282.0552925364945,116.29362707201946, 211.87537253740837, 310.0816000468682, 1427.1438315935268, -16.83595368427655, 1117.0643769703365, -42.47569596941696, 1427.1438315935268, -16.83595368427655,42.00623861400094, 896.0508015301971, 806.8596898664357, 89.19111166376138, 202.6727566549676,0.0, 0.0, 0.125, 2.4375, 7.125,11.8125, 14.9375, 20.0625, 24.3125, 27.25,0.0, 0.375, 2.125, 3.875, 9.6875, 6.226316452026367,-4.517242431640625, 323.75
1, 125.0, 650, 526, 1010, 886, 0.07068803405761719,1.958369061102276, 3.291951083146268, 7.262457550863039, 10.052957085727249,0.000978893664420184, 0.0017676694101237444, 0.0026131261315128986, 0.00459573310632777, 0.0047483125954067874,3554.020751953125, 403.91748065382285, 185.12501525878906, 165.37501525878906, 740, 661,195.12501525878906, 135.375, 780, 541, 20.522428512573242, 248.7663538983557, 16.75294347656175, 268.9053214878055, 25.964958473822936, 235.9312601085386,14.886438422608286, 252.1213154979093, 22.587755668909875, 275.5056328960725, 30.037239940393718, 282.3394693871021,115.24823931997523, 217.72547366111837, 314.97346107630494, 1391.769143600887, -16.518451691510386, 1109.9969627254013, -42.25755148539153, 1391.769143600887, -16.518451691510386,44.567700483497774, 895.6415420097945, 806.590790938703, 89.05075107109155, 212.17169498805958,0.0, 0.0, 0.3125, 2.3125, 8.4375,16.4375, 21.625, 28.25, 29.6875, 30.8125,0.0, 2.5, 5.25, 6.8125, 11.9375, 6.200000286102295,-4.389434814453125, 275.0625
1, 130.0, 671, 526, 1031, 886, 0.07522549438476563,1.5456066085459326, 2.591206200149608, 6.461002680717504, 9.76070394883864,0.0010581722432470998, 0.0019270772491998395, 0.0022306210842634754, 0.004086863668410387, 0.004420867793534171,3571.65380859375, 382.7374604918564, 190.37501525878906, 165.37501525878906, 761, 661,200.37501525878906, 135.375, 801, 541, 20.925212860107422, 248.7759708047071, 17.08453427734917, 268.3928184105398, 26.3884027755988, 236.22199074835206,14.620947350149796, 251.48561613147788, 22.824136068857815, 274.2671010334958, 30.680273770555257, 282.18772990450105,115.61685897580338, 214.8093126159461, 316.56885042140175, 1273.1348256174913, -15.762044685638203, 1004.1628211328898, -39.63714089081797, 1273.1348256174913, -15.762044685638203,45.531821528242745, 895.3203759375505, 808.7528144734495, 86.567561464101, 222.23333804982934,0.0, 0.0, 0.4375, 3.125, 9.25,17.625, 23.875, 30.75, 28.75, 29.0625,0.0625, 2.0625, 3.75, 5.375, 10.5625, 6.131579399108887,-4.82598876953125, 262.875
1, 135.0, 690, 522, 1050, 882, 0.07970243835449219,1.7598884983429157, 2.7808427268406377, 6.74607644615462, 9.648897673673929,0.0016516911259355992, 0.0020622837372093273, 0.00225471870303636, 0.0040298490449015385, 0.004235698036244458,3761.81396484375, 357.267861054246, 195.12501525878906, 164.37501525878906, 780, 657,205.12501525878906, 134.375, 820, 537, 20.981075286865234, 248.83645895999672, 17.41914236203507, 268.717233873171, 26.258036123124818, 235.79871698025985,14.410537132437158, 250.62954754166515, 22.82748698381691, 273.8625489289559, 30.517446307284878, 281.4271746800418,111.51219642775385, 208.42581879576323, 306.5894737689823, 1465.0978065687848, -11.89102541413757, 1186.4711200372144, -33.17279336556798, 1465.0978065687848, -11.89102541413757,53.2110205618549, 895.0755809349049, 820.4291256355816, 74.64645529932329, 202.88560737660154,0.0, 0.0, 1.0625, 5.4375, 10.6875,15.4375, 16.4375, 23.375, 27.75, 30.4375,0.4375, 2.0, 4.125, 7.25, 12.75, 8.63157844543457,-4.10260009765625, 282.0625
1, 140.0, 704, 520, 1064, 880, 0.08325100708007813,1.682254348668939, 2.7826548014162107, 6.680796552305693, 8.750044379904866,0.0015223171681969917, 0.0007070707332991333, 0.0012489835792143821, 0.0044207273174401976, 0.004603735099329924,3779.05517578125, 372.17583509189575, 198.62501525878906, 163.87501525878906, 794, 655,208.62501525878906, 133.875, 834, 535, 20.405168533325195, 249.04854999410395, 17.247350045736002, 269.9409426461569, 25.45134007189767, 235.0638371313543,14.524056020275244, 250.2302137016512, 22.76078988690336, 273.4075627075847, 30.53314765087788, 279.736675539707,110.57692189870728, 211.15177303339203, 309.12034530993225, 1527.5728913544688, -9.774586020393066, 1271.6014865966424, -29.471848643853324, 1527.5728913544688, -9.774586020393066,58.70126649951207, 894.7084466428034, 828.4176999422385, 66.29074670056491, 209.63699510603496,0.0, 0.25, 3.375, 6.8125, 11.0625,18.1875, 25.6875, 34.1875, 35.5625, 34.5,0.5, 2.625, 5.0625, 9.5625, 13.8125, 9.699999809265137,-3.71734619140625, 273.5
1, 145.0, 732, 508, 1092, 868, 0.09106251525878907,2.5509778518913664, 3.7654296856520526, 5.60636966227903, 5.9727761264424775,0.001053495698110964, 0.001671716311223008, 0.002816109566287538, 0.004139601335015474, 0.003821874557947922,3186.021728515625, 254.34961527837933, 205.62501525878906, 160.87501525878906, 822, 643,215.62501525878906, 130.875, 862, 523, 20.417797088623047, 249.06481950470692, 17.319134389145805, 269.9909721261116, 25.422834290721333, 234.98248783679824,13.644534825501413, 251.9687563926079, 21.862738935532807, 274.8014677134009, 29.6109880308341, 280.5869384687252,109.5536736068894, 195.64955017759027, 287.17244265678767, 1477.6070185172582, -13.007372076979953, 1197.3192191245525, -33.81354961806587, 1477.6070185172582, -13.007372076979953,55.221813187529, 894.9214393620925, 823.4575098369237, 71.46392952516885, 212.69344227138293,0.0, 0.0625, 3.1875, 8.1875, 12.9375,18.375, 24.875, 27.375, 28.3125, 28.5,0.0625, 1.5, 3.6875, 8.6875, 14.75, 8.93684196472168,-4.1763916015625, 206.0
1, 150.0, 751, 506, 1111, 866, 0.09697408294677734,2.1214013011573116, 3.304743692173509, 5.410009149035904, 6.149106524352683,-6.049125398249089e-05, 0.0010511137047745933, 0.002690400282315295, 0.0036816227162661634, 0.002888564406088108,2688.88720703125, 232.38285625076944, 210.37501525878906, 160.375, 841, 641,220.37501525878906, 130.375, 881, 521, 20.516407012939453, 249.35637295961808, 17.266834017347094, 270.04537327997355, 25.616446034076617, 235.5796063597728,13.57749533085719, 252.15587625510958, 21.735709655862834, 274.75515903082817, 29.56005322339978, 280.50184797204514,105.79332203175558, 193.14501731724712, 285.75511912554157, 1399.6587130998973, -11.770702175620748, 1137.4115262834127, -32.72486931388557, 1399.6587130998973, -11.770702175620748,54.329829591123634, 894.9688425060302, 825.179290640512, 69.7895518655182, 220.44297624383069,0.0, 0.125, 1.625, 3.75, 6.9375,18.25, 24.625, 27.4375, 25.5625, 25.4375,0.4375, 2.0625, 4.125, 6.5, 9.0, 7.48421049118042,-4.018524169921875, 196.375
1, 155.0, 770, 505, 1130, 865, 0.10344827270507813,1.5628997346101463, 2.615068188736332, 4.962902896106243, 5.447003534547621,-0.0007925505329352946, -9.141622504330371e-05, 0.0014590632029899098, 0.0032229782580100157, 0.0026585480163589634,3005.583251953125, 210.56674858105373, 215.12501525878906, 160.125, 860, 640,225.12501525878906, 130.125, 900, 520, 20.217130661010742, 250.19204660456916, 17.213124345603603, 271.42009609927777, 25.172864043803898, 235.8571040460036,13.722862740406619, 249.35511620481083, 22.222679243513635, 272.9463063725554, 30.154536768066215, 277.8521443854304,100.37276063144179, 194.0899392562592, 292.4976167990159, 1514.6824935016264, -4.9230652708313745, 1279.7696733105415, -22.367797056894236, 1514.6824935016264, -4.9230652708313745,69.02403399967316, 895.1141679279555, 854.6992679682747, 40.414899959680724, 214.32087703629574,0.0, 0.0625, 1.4375, 4.0625, 8.75,15.125, 20.5, 25.875, 28.9375, 30.25,0.5625, 1.625, 3.125, 5.25, 8.8125, 8.484210968017578,-3.731689453125, 190.125
1, 160.0, 797, 513, 1157, 873, 0.11375313568115235,1.9943263266890427, 3.1401141850685246, 6.047968562571333, 8.628061430824456,0.0011095176702423262, 0.0017874272676476723, 0.002813419764502214, 0.004422980265526347, 0.004669636597471936,3145.435791015625, 294.4241756273582, 221.87501525878906, 162.12501525878906, 887, 648,231.87501525878906, 132.125, 927, 528, 19.856121063232422, 250.05698644392132, 17.12995276304367, 271.8953187546466, 24.649458011001737, 235.07526987049087,13.489536030874739, 251.21729898012308, 21.81167834472311, 273.1681918979324, 29.628341393169045, 279.0370456026442,104.15310768398992, 193.68079817760434, 288.38627881787113, 1489.4663236400695, -8.589218743912742, 1250.1305722362085, -27.446539070274508, 1489.4663236400695, -8.589218743912742,65.50813281537033, 894.2132531590468, 836.0743585936514, 58.13889456539539, 219.6700136865384,0.0, 0.0625, 0.3125, 0.625, 1.875,13.6875, 20.5625, 23.8125, 29.25, 30.9375,0.5, 1.5, 3.125, 5.8125, 9.0, 7.700000286102295,-4.70697021484375, 251.3125
1, 165.0, 819, 516, 1179, 876, 0.12325338745117188,1.5773464871112088, 2.291612868895171, 4.055779803985496, 5.802869456530314,0.001382671386525801, 0.0013204884914557625, 0.0020247196714876735, 0.0035503745573646464, 0.004459600822851826,2490.168701171875, 221.31095837132202, 227.37501525878906, 162.87501525878906, 909, 651,237.37501525878906, 132.875, 949, 531, 20.71332550048828, 248.67795759011742, 17.566141771572877, 269.23660085687237, 25.729640253783778, 234.80629729186262,13.064101681784933, 252.9910308056837, 21.226458587684846, 273.9134748194075, 29.322458459393744, 281.0506946529907,101.23085442357976, 181.16342346432893, 264.691889321128, 1412.6908349160822, -12.010945789726266, 1141.5417345819496, -31.869507426489353, 1412.6908349160822, -12.010945789726266,60.595212840747706, 894.211987764258, 827.1878752092395, 67.02411255501852, 225.65818917986007,0.0, 0.125, 1.625, 3.0625, 4.125,22.0625, 29.0625, 30.8125, 33.0625, 32.0,0.6875, 3.25, 4.625, 6.3125, 8.1875, 8.721052169799805,-4.328216552734375, 262.5
1, 170.0, 839, 523, 1199, 883, 0.13288389587402344,1.1304776985227365, 1.7414128495389014, 4.3940126247680755, 7.384718743604608,0.0015418598557380397, 0.0011466539302546152, 0.001285756202439643, 0.0028020846492461276, 0.0035298031600041217,2980.589599609375, 239.15282150453172, 232.37501525878906, 164.62501525878906, 929, 658,242.37501525878906, 134.625, 969, 538, 20.239669799804688, 249.8915182810886, 17.02189587323103, 270.92177825446265, 25.33857876294676, 235.94152860323766,13.304561648437645, 250.97695828360867, 21.825038285163576, 272.86953504628445, 29.574744225315325, 281.7795304789444,101.17065145994643, 188.498490688904, 285.45713482203314, 1615.0240770063413, -7.383661872628395, 1341.1372700161282, -25.537580561301585, 1615.0240770063413, -7.383661872628395,70.07889818775449, 894.6695862514176, 844.4837646371263, 50.185821614291285, 202.87886574822318,0.0, 0.0, 0.1875, 1.5, 3.0,15.375, 21.8125, 27.5625, 28.5625, 29.8125,0.1875, 2.3125, 3.1875, 5.0, 9.0, 8.22631549835205,-4.127960205078125, 299.8125
1, 175.0, 855, 525, 1215, 885, 0.14135940551757814,0.9093181139964145, 1.6821370229678005, 5.094155236815568, 7.985222945641725,0.0011784014784839768, 0.0008824417461983103, 0.0011616852051770366, 0.002533823095620277, 0.0035093269117442106,1870.975830078125, 226.65979041863312, 236.37501525878906, 165.12501525878906, 945, 660,246.37501525878906, 135.125, 985, 540, 20.87466812133789, 248.9522853079418, 17.29145325352382, 268.9230899540454, 26.17267998832104, 235.91145390452516,13.580795149231674, 252.57508594560827, 21.895547842527282, 273.0830194389824, 30.055072390069952, 283.4974869797427,103.2163779446791, 192.6860098706992, 289.5022006591179, 1351.903938768238, -7.8974579552272814, 1083.7410939594981, -27.5976739464143, 1351.903938768238, -7.8974579552272814,61.44128970354477, 894.4906075140734, 837.2693680348106, 57.22123947926286, 216.69154345886633,0.0, 0.0, 0.0625, 0.6875, 1.5,15.5625, 23.875, 30.125, 29.3125, 25.3125,0.0, 1.0, 2.5, 3.375, 5.1875, 6.226316452026367,-3.020294189453125, 337.9375
1, 180.0, 870, 525, 1230, 885, 0.15,1.0591318564815446, 1.9891750577132916, 5.861620622049086, 8.433592772681731,0.0011178571808534343, 0.0005035055713301517, 0.001009208386899445, 0.002878773023828672, 0.0032410947037260483,3198.51123046875, 254.27214245680076, 240.12501525878906, 165.12501525878906, 960, 660,250.12501525878906, 135.125, 1000, 540, 20.825712203979492, 249.5825888249289, 17.45142157983889, 269.8182082993353, 25.98785118806462, 236.15199313111106,13.405263750243929, 251.68404678724508, 21.687073217883164, 272.90148667122173, 29.711542995625283, 282.1539204681095,99.0641702815095, 186.90688326503144, 281.5352616111419, 1468.6431028615655, -5.838948256214798, 1216.1554773002267, -23.620015515405562, 1468.6431028615655, -5.838948256214798,69.78837970529497, 894.2007211044595, 850.125114753724, 44.075606350735484, 219.96787548968067,0.0, 0.0, 0.0, 0.25, 0.5625,13.0625, 20.8125, 30.25, 31.0, 28.75,0.0, 0.8125, 1.3125, 1.5625, 3.125, 3.736842632293701,-3.1690673828125, 376.5
1, 185.0, 880, 523, 1240, 883, 0.1561686553955078,1.2487489811342676, 2.279176120585762, 6.429223483917303, 7.902131537091918,0.0005241275083199071, 0.0009115502411259512, 0.0011464005060770432, 0.0027474939810440443, 0.0024155733970178516,2866.39501953125, 244.62790638779458, 242.62501525878906, 164.62501525878906, 970, 658,252.62501525878906, 134.625, 1010, 538, 20.66606903076172, 249.48621485574003, 17.43057721443119, 270.0219562644487, 25.74583113788564, 235.7474915593782,13.303284285120611, 251.82779494851718, 21.37340589880885, 273.2335021667761, 29.812192069299474, 281.61332465568137,98.29987762718376, 184.95852941140717, 279.0128781049962, 1454.641450895844, -5.231339681537862, 1207.043342960286, -21.77399471763666, 1454.641450895844, -5.231339681537862,70.41399001264953, 893.7938763743697, 855.687677530629, 38.106198843740685, 217.91500312793085,0.0, 0.0, 0.0, 0.0, 0.875,12.1875, 17.8125, 25.75, 30.5625, 32.8125,0.0625, 0.375, 0.6875, 0.9375, 2.25, 4.8263163566589355,-3.2755126953125, 400.5625
1, 190.0, 908, 522, 1268, 882, 0.17539347839355468,0.8262738305010134, 1.4417005578102546, 6.170788263179131, 9.410404686714754,0.0006311711291965593, 0.0011225683760176252, 0.001107855383711467, 0.003092543016345248, 0.0032193143779795717,2973.46435546875, 288.9511039226862, 249.62501525878906, 164.37501525878906, 998, 657,259.625, 134.375, 1038, 537, 20.99417495727539, 249.56134693661016, 17.595907038403514, 269.5942600117778, 26.160940070742733, 236.2403305033794,13.366556217789643, 251.204922677347, 21.707693148499498, 271.76833096715995, 29.79929791611976, 281.84124806828464,97.9227125870612, 189.27346986820262, 287.5100381888263, 1293.7258577137477, -3.5789107897335555, 1055.0731149597304, -20.561944929340253, 1293.7258577137477, -3.5789107897335555,73.15922424220516, 893.7438546364895, 861.6062301336829, 32.1376245028066, 221.56458980681379,0.0, 0.0, 0.0, 0.25, 4.4375,11.375, 15.8125, 20.625, 22.125, 31.875,0.0, 0.375, 0.875, 1.6875, 8.0625, 7.131579399108887,-3.72393798828125, 406.9375
1, 195.0, 927, 525, 1287, 885, 0.19029615783691406,0.8981274812709308, 1.8775229873531494, 6.245389698562215, 8.670499253198505,0.00014869880563395555, 0.0007725859187667083, 0.0013934505346287552, 0.003102461419997554, 0.002717557173392606,2802.86962890625, 284.95480755722036, 254.37501525878906, 165.12501525878906, 1017, 660,264.375, 135.125, 1057, 540, 21.330123901367188, 249.22728238430486, 17.871105760008273, 268.85204473533895, 26.515504936520603, 236.14415399916624,13.363962296511104, 249.568491314482, 21.869394097255334, 270.5737582020814, 30.08906352348352, 280.52601318132866,98.63538158280636, 187.36918064580388, 283.0128657472458, 1410.3354271901828, -2.487888300362338, 1173.6282122231705, -17.49568376991222, 1410.3354271901828, -2.487888300362338,85.98082379600709, 893.6555076162058, 873.4785650555662, 20.176942560639645, 220.19878926712798,0.0, 0.0, 0.125, 0.5, 1.9375,12.375, 17.0625, 24.0625, 29.4375, 33.9375,0.0, 0.875, 2.1875, 5.375, 9.3125, 7.221052646636963,-3.348907470703125, 386.375
1, 200.0, 940, 514, 1300, 874, 0.20147750854492188,2.012578039195942, 3.282495100928353, 6.33995038040448, 7.347507224229631,-0.00012853013626767053, 0.0008176290365804562, 0.0017760238104983733, 0.002986597793964735, 0.0034466298334700695,1899.4217529296875, 252.31844258167163, 257.625, 162.37501525878906, 1030, 649,267.625, 132.375, 1070, 529, 20.913225173950195, 248.71220415861586, 17.77591744850121, 269.06267035543135, 25.908353942723846, 234.90815852387598,13.358844610932405, 249.56148354039357, 21.59486539181189, 271.0947923527267, 30.078036434401653, 279.9094520049516,98.67362373797926, 185.47225579534768, 279.9597833539652, 1408.790273438338, -2.1931746099654696, 1164.7410948458391, -15.660072922204009, 1408.790273438338, -2.1931746099654696,87.57575682578535, 893.4284217898089, 877.7527262844236, 15.675695505385306, 208.96586300548287,0.0, 0.0, 0.0, 0.875, 2.875,16.1875, 19.75, 24.9375, 24.875, 25.125,0.0, 0.5625, 2.3125, 4.3125, 7.0625, 8.221052169799805,-2.993194580078125, 264.75
1, 205.0, 957, 510, 1317, 870, 0.21744013977050783,2.244235967639834, 3.6864442401845015, 7.1102236263226954, 7.499170578017366,-0.0003416379141430072, 0.00057900058120822, 0.0015735976690302777, 0.002698863311984498, 0.0029908800691271155,1982.80078125, 252.18999598256568, 261.875, 161.37501525878906, 1047, 645,271.875, 131.375, 1087, 525, 20.96466636657715, 249.0681526370219, 17.77152189974133, 269.31753776859705, 25.994373971342753, 235.38088640105676,13.231801098556828, 249.5660597671375, 21.247344463101385, 271.06841416215207, 29.897686926781248, 279.7845278450321,99.47222196361287, 183.3277124711245, 274.56023512881893, 1438.289919904043, -2.3058685696904284, 1193.6182240780558, -15.206527668347698, 1438.289919904043, -2.3058685696904284,90.29911988965152, 893.4009877349188, 877.2577557944412, 16.143231940477563, 219.15976150065356,0.0, 0.0, 0.1875, 1.1875, 3.0,15.3125, 18.375, 23.5, 26.0, 24.125,0.0, 1.1875, 2.8125, 4.8125, 7.5, 3.268421173095703,-3.628662109375, 227.5
1, 210.0, 983, 518, 1343, 878, 0.24516014099121095,1.2634276412785406, 2.148318953279522, 5.775092343006985, 8.876632307653782,0.00037035871733650085, 0.0009646747543274614, 0.0013296527502870959, 0.0021774701998765523, 0.0023725067405166557,3489.247314453125, 244.3253555774291, 268.375, 163.37501525878906, 1073, 653,278.375, 133.375, 1113, 533, 20.92544174194336, 249.2495897821341, 17.83289177115539, 269.62276694336856, 25.888919454234507, 235.37471784183438,12.272700353971999, 254.49385000800493, 19.54488327561281, 273.6226726853051, 28.319227789241925, 282.0333539688804,100.97213838396178, 165.8226367423046, 241.3913787278887, 1351.4976712184534, -7.4187620291944505, 1053.7090251051163, -25.09461125190721, 1351.4976712184534, -7.4187620291944505,73.62134733079297, 893.3665668284757, 846.2324388042005, 47.13412802427524, 238.77653875644765,0.0, 0.0, 0.0, 1.0625, 2.4375,16.0625, 19.9375, 22.4375, 23.6875, 23.1875,0.0, 0.375, 1.8125, 3.4375, 5.125, 5.436842441558838,-4.3634033203125, 275.5
1, 215.0, 1002, 517, 1362, 877, 0.26827871704101564,0.9491211355244741, 1.6179932523454774, 3.705774213379482, 8.276232640361412,0.0008782728140124621, 0.0017878186296411513, 0.0019001806373444197, 0.0017987650493716954, 0.0020849003686134893,4689.220703125, 209.64625389233396, 273.125, 163.12501525878906, 1092, 652,283.125, 133.125, 1132, 532, 21.536298751831055, 249.74417744031308, 18.09934809125043, 269.1827641945994, 26.693404799510372, 236.7030099898761,12.322601106911215, 254.95129509747736, 19.39461947822269, 273.80159632080273, 28.133684121914175, 282.3715576158228,100.22499133926539, 165.6554501952776, 238.3210882501814, 1342.50929041336, -5.610896986740235, 1042.7310787464705, -23.59649062412547, 1342.50929041336, -5.610896986740235,76.57171006200812, 893.4821815888924, 852.018797728037, 41.4633838608554, 216.6637780966737,0.0, 0.0, 0.625, 1.4375, 2.375,18.125, 20.0, 20.4375, 23.3125, 22.75,0.0, 1.0, 2.375, 3.5, 4.625, 5.210526466369629,-4.853363037109375, 258.6875
1, 220.0, 1019, 520, 1379, 880, 0.29125930786132814,0.019950172503013164, 0.3725685170444195, 3.474025395053905, 7.109265872091055,0.0005138357513851588, 0.0013228444372066404, 0.001610937939597079, 0.0017594812885533878, 0.0013174933751906792,1889.6884765625, 189.01190570903861, 277.375, 163.87501525878906, 1109, 655,287.375, 133.875, 1149, 535, 21.691144943237305, 250.2993625368084, 18.30841142333662, 269.6365261514379, 26.80137365937166, 237.22607280061865,12.445240406023938, 253.38973626829403, 19.53639805272323, 272.6888628823593, 28.38613416973978, 280.031275258988,97.62387489430681, 165.89495405311703, 238.28115822420006, 1357.8205477477732, -2.8502625013278586, 1068.7403356896768, -26.909070191271237, 1357.8205477477732, -2.8502625013278586,91.2510973140592, 893.5043048280646, 209.7971998102049, 683.7071050178597, 197.24202702152766,0.0, 0.0, 0.125, 0.75, 3.0625,13.25, 14.875, 18.9375, 22.5625, 25.0,0.25, 1.6875, 3.1875, 3.8125, 6.5625, 2.6894733905792236,-4.47491455078125, 288.5625
1, 225.0, 1034, 514, 1394, 874, 0.3134927673339844,0.9867833386303392, 1.8553187039005572, 4.497076606377959, 6.378805169824044,0.000808991326662749, 0.00045189409471845464, 0.0013561725383897283, 0.0023758902905836976, 0.0019424741172497306,1707.2655029296875, 203.7765788236603, 281.125, 162.37501525878906, 1124, 649,291.125, 132.375, 1164, 529, 21.44039535522461, 251.09912304710352, 18.435659287114515, 271.0027810206618, 26.306037631103038, 237.29607296182746,12.276589592972568, 254.09155186589118, 19.18007928628127, 273.2586509233001, 27.734911116948403, 279.4950097864936,95.43415844406097, 162.39875846781183, 230.8542448459497, 1397.8863202692087, -2.4411600855198587, 1099.9680830742466, -26.34439055647874, 1397.8863202692087, -2.4411600855198587,97.22852390261625, 893.1454008907983, 869.9712711591156, 23.174129731682683, 221.85535771667546,0.0, 0.0, 0.1875, 2.5, 5.5,15.5, 21.0625, 30.25, 36.8125, 38.25,0.0625, 0.875, 2.75, 6.875, 11.0, 7.6315789222717285,-3.844024658203125, 264.0625
1, 230.0, 1053, 515, 1413, 875, 0.3444751892089844,0.9007624604052399, 1.767036052098556, 4.350036482319702, 7.4535676156659605,0.0009568099695633234, 0.0008387613972809049, 0.001646162524028796, 0.003247652539482715, 0.0031749529111493755,3472.345703125, 268.403099961273, 285.875, 162.62501525878906, 1143, 650,295.875, 132.625, 1183, 530, 21.603723526000977, 251.73765011185134, 18.402444756294653, 271.322689168431, 26.594958538876778, 238.32596564155466,12.232526014517772, 255.9787331335657, 18.598195435402626, 274.200861858925, 27.355770667108235, 282.00387487242267,94.8844954906803, 161.89849384372667, 226.59104233764245, 1402.1902311900153, -1.9541177983162332, 1079.092018554909, -27.951588350150537, 1402.1902311900153, -1.9541177983162332,90.5264708152846, 892.8972313518855, 869.6832756584615, 23.21395569342394, 210.5685730212993,0.0, 0.0, 0.5625, 2.1875, 5.25,19.8125, 25.6875, 32.125, 35.5, 40.0625,0.0625, 1.3125, 3.125, 6.1875, 10.8125, 8.80526351928711,-3.899932861328125, 233.9375
1, 235.0, 1074, 512, 1434, 872, 0.382574951171875,1.2922036223066968, 2.0071482149364597, 3.648143403156427, 6.383788933425675,0.0011448459725488646, 0.001975793801557302, 0.0017367660205809443, 0.002656709585276075, 0.0030497337724398224,3160.89599609375, 206.79806621756097, 291.125, 161.87501525878906, 1164, 647,301.125, 131.875, 1204, 527, 22.312772750854492, 251.71625795937086, 18.720883923145223, 270.2543520617842, 27.527224586324138, 239.22896651582752,12.253738658409889, 258.89564738088967, 18.178558216926845, 275.5703011271342, 27.0725105186265, 285.3228277146719,95.99418869403297, 162.3831172538725, 222.63272325148353, 1246.31631326924, -1.465524134639121, 927.1480665774698, -29.739169275355405, 1246.31631326924, -1.465524134639121,80.05918626639637, 892.5207942272707, 872.4863078471967, 20.034486380073986, 226.78868010083048,0.0, 0.0, 1.125, 2.6875, 5.1875,17.875, 21.1875, 27.8125, 31.0, 32.8125,0.375, 1.625, 2.875, 4.625, 7.6875, 3.6263158321380615,-3.631317138671875, 223.1875
0, 240.0, 1096, 500, 1456, 860, 0.42688824462890623,1.668579071087225, 2.54646478851646, 3.23723472765676, 3.0292268572523606,0.0013106691893537462, 0.0022031605886584766, 0.002921064489838727, 0.0029567308292780584, 0.0018054654915289348,1171.9222412109375, 114.8764427309448, 296.625, 158.875, 1186, 635,306.625, 128.875, 1226, 515, 22.502843856811523, 252.73894218379687, 18.958978289572354, 271.15358094026135, 27.673328894853235, 240.24025910119983,12.04406638299204, 259.5597330135117, 17.992561120868338, 276.26480842231945, 26.100602657218943, 285.61561060363374,93.5339222446052, 157.62222904922052, 217.30736645131006, 1322.6927744008465, -0.7885366519578441, 988.0195633865785, -25.93682436352563, 1322.6927744008465, -0.7885366519578441,92.64389835110568, 892.102230061837, 882.8102477261303, 9.29198233570662, 222.9267445137683,0.0, 0.25, 2.1875, 5.3125, 8.0625,14.0, 19.25, 25.8125, 29.4375, 30.3125,0.8125, 2.375, 4.4375, 6.375, 10.4375, 4.052631855010986,-3.865753173828125, 151.875
1, 245.0, 1110, 517, 1470, 877, 0.4573170471191406,0.23627555006823972, 0.8006618803751189, 3.2836737710889428, 4.353705061558866,0.0013031519186790773, 0.0005745341668171023, 0.0008408112581309979, 0.0018921521625344438, 0.0017359752822744667,2833.56787109375, 173.90121422055535, 300.125, 163.12501525878906, 1200, 652,310.125, 133.125, 1240, 532, 22.418291091918945, 253.61950383197325, 19.09211898709015, 272.31892567626255, 27.443588463555667, 240.73189243215583,12.24773789643659, 257.5558374733, 18.031232373353873, 273.6036027971424, 26.52033503643535, 281.8245414255748,93.06420651646496, 159.2806253600141, 216.47697408044561, 1342.0176691971792, -0.39070916401785233, 1026.3867068382917, -22.051505020284974, 1342.0176691971792, -0.39070916401785233,110.44392528117115, 891.6367346653382, 886.9487762492141, 4.687958416124047, 225.46569924487594,0.0, 0.1875, 0.6875, 2.25, 5.0625,18.8125, 25.75, 30.5625, 30.5, 32.6875,0.75, 2.1875, 4.5625, 7.5, 10.1875, 7.326315879821777,-3.674774169921875, 158.8125
0, 250.0, 1132, 515, 1492, 875, 0.5080956726074218,0.49030133520253005, 1.063949418743141, 3.121202281655278, 4.481150871849386,0.0016132840662476155, 0.0008450085616777869, 0.0008708220794096632, 0.001971022858260767, 0.0017280138886235363,2712.313720703125, 138.75691748153884, 305.625, 162.62501525878906, 1222, 650,315.625, 132.625, 1262, 530, 22.55164337158203, 253.41436593044108, 19.218052634363843, 271.9859505789833, 27.573893974913858, 240.5892499362812,11.995314006945437, 258.17622355561224, 17.268839425421007, 273.59884898548006, 25.798181122682532, 283.54643211533505,91.94448453796461, 153.69688142995767, 205.44511429449238, 1303.3150630114758, -0.2876431606147254, 976.8356435542763, -21.352264602352044, 1303.3150630114758, -0.2876431606147254,110.74327813388778, 891.2332051985265, 886.3611750627939, 4.872030135732643, 233.02857708508677,0.0, 0.0, 0.125, 1.375, 5.0625,14.625, 20.4375, 27.1875, 31.0, 32.0625,0.3125, 2.125, 3.75, 5.25, 8.0625, 5.210526466369629,-3.077362060546875, 116.375
0, 255.0, 1047, 523, 1407, 883, 0.3343400573730469,1.3962587873800656, 2.195470803390491, 3.046679192874434, 3.339755312672642,0.00035069846699343544, 0.001056261111762069, 0.0017795993011884548, 0.0011326992767089906, 0.000546121177506862,1589.2774658203125, 110.34182255873787, 284.375, 164.62501525878906, 1137, 658,294.375, 134.625, 1177, 538, 23.13339614868164, 253.9899869529331, 19.68597003963706, 271.9466172927138, 28.200543729004647, 241.56196099996777,12.499696398494407, 261.46844303745013, 19.56268532256843, 278.77396037619366, 28.0642153202242, 292.4410869431191,101.71939493862902, 170.93631859960874, 231.46466819502376, 1322.1331274205925, -2.5900517546408084, 1022.9809228411508, -29.16485078762307, 1322.1331274205925, -2.5900517546408084,85.23073268636446, 890.4861417895278, 855.6545538643655, 34.83158792516224, 206.19889852484113,0.0, 0.0, 0.0, 0.0, 0.0,12.875, 14.9375, 20.9375, 27.9375, 30.75,0.0, 0.125, 0.6875, 1.375, 2.625, 4.173684120178223,-4.1282958984375, 461.5625
0, 260.0, 1185, 505, 1545, 865, 0.6352567749023438,1.0340096653488582, 1.465976630157092, 2.3782013058336453, 3.224985473228153,0.00038446728265853383, 0.0009817891022231605, 0.0017429266420617752, 0.0023035082544771517, 0.0024502661753956546,1808.5460205078125, 98.93523130574906, 318.875, 160.125, 1275, 640,328.8750305175781, 130.125, 1315, 520, 22.11846923828125, 255.35207693759537, 18.138305247762883, 273.61296034693027, 27.603538241444976, 243.46997445777015,11.52330493425913, 263.26119010966, 15.638163414657027, 277.4025540135035, 21.03098394086895, 290.4670120088237,87.08902061346434, 150.39998181392684, 203.30070758892407, 1242.8317086903266, -0.6420755625145352, 757.8643041221715, -22.869321343124298, 1242.8317086903266, -0.6420755625145352,101.50690024172796, 892.2619498051998, 882.3543292845151, 9.907620520684759, 198.76838353033412,0.0, 0.0, 0.0, 0.3125, 2.25,13.8125, 15.75, 20.5, 21.25, 21.9375,0.1875, 0.75, 1.3125, 1.625, 4.625, 8.13157844543457,-2.223358154296875, 42.625
0, 265.0, 1197, 520, 1557, 880, 0.6618280029296875,0.5494509480241686, 0.8158916061883794, 2.3968216394772757, 3.0851433158991863,0.0010587083318682744, 0.0012113440882694703, 0.0018709950979973655, 0.000752675628682482, 0.0010852008940310043,2627.2294921875, 101.88516732572373, 321.8750305175781, 163.87501525878906, 1287, 655,331.8750305175781, 133.875, 1327, 535, 23.871746063232422, 255.82445282059345, 19.77331412063868, 272.44725263857174, 29.34683189015182, 244.71124526006315,11.364911173605037, 266.24986232440415, 14.400627201490257, 279.9017748723245, 20.820398552102187, 294.38116119572624,91.56050144076431, 148.72398853138083, 188.05020521100388, 1230.7849049368904, -0.688872826116331, 711.3730570421528, -28.100849171157726, 1230.7849049368904, -0.688872826116331,81.45204682126966, 891.98442461399, 881.79300808768, 10.191416526309922, 200.21996843690826,0.0, 0.0, 0.0625, 0.4375, 2.625,10.4375, 12.4375, 18.75, 23.9375, 27.625,0.125, 0.75, 1.9375, 4.625, 8.125, 4.447368621826172,-2.189178466796875, 46.1875
0, 270.0, 1230, 515, 1590, 875, 0.7211538696289063,0.2754901148553472, 0.4661568403616549, 2.1278931744524745, 4.761256664518733,0.0003908267362214701, 0.0004984126470958472, 0.0012681849151192635, 0.0014116931518390176, 0.0015247998473068946,1863.5220947265625, 103.25808232966268, 330.1250305175781, 162.62501525878906, 1320, 650,340.1250305175781, 132.625, 1360, 530, 24.549482345581055, 256.1220988042443, 19.793447735077336, 271.23909476279545, 30.43145582452636, 246.35605234261638,11.123066737010383, 265.35042203336184, 14.25750459305036, 281.432365623811, 18.341043392457237, 301.3716002640458,78.39230719556795, 147.46439785347093, 193.1328733843226, 1221.1766350551254, -0.6265887145733365, 664.1483060018353, -27.72672687144504, 1221.1766350551254, -0.6265887145733365,73.76204568715332, 890.786355025064, 876.3403994244032, 14.445955600660795, 190.24104786939057,0.0, 0.0, 0.0, 0.0, 0.6875,8.625, 9.25, 12.625, 14.4375, 16.9375,0.0, 0.1875, 1.1875, 1.25, 3.6875, 7.93684196472168,-1.743133544921875, 30.6875
0, 275.0, 1259, 520, 1619, 880, 0.747738037109375,-0.03217694455350283, -0.11270995953236707, 0.7295100604509934, 3.653412543311715,-0.00016912692873006564, 0.0007475048637252257, 0.0010954734357738972, 0.00033632304910042877, 0.0016863869840926782,1345.398193359375, 65.41729842717928, 337.3750305175781, 163.87501525878906, 1349, 655,347.3750305175781, 133.875, 1389, 535, 25.469579696655273, 256.7269257156272, 19.770070064495478, 269.19903810368794, 31.922456493772682, 249.04058552635186,11.252211336718354, 266.8083942135928, 14.709907423662674, 280.51710661465097, 17.28563697246838, 301.737957950747,79.18399957899933, 135.77169547572203, 179.5801440825013, 1176.3467651951762, -0.25341254026890775, 562.3344727227455, -24.911409171457553, 1176.3467651951762, -0.25341254026890775,85.26274190123273, 887.186205187614, 880.0841641749171, 7.102041012696873, 192.80869664979375,0.0, 0.0, 0.0, 0.0, 0.0625,7.0625, 6.8125, 8.25, 11.5625, 13.625,0.0, 0.0, 0.3125, 1.5625, 3.5, 7.147368431091309,-1.63653564453125, 22.4375
0, 280.0, 1281, 524, 1641, 884, 0.747738037109375,-0.2188874089566525, -0.3717568656115327, -0.10609821576857939, 1.4497554355626925,-6.609746440176422e-05, 0.0009819523540727459, 0.0011845437494389442, 0.00025866539489470596, 0.0019119723381140828,733.3106689453125, 42.37027251622286, 342.8750305175781, 164.87501525878906, 1371, 659,352.8750305175781, 134.875, 1411, 539, 25.390562057495117, 257.60062985387697, 19.98395578165572, 270.8515405213402, 31.662324906878798, 249.28237658875304,10.407921637258042, 265.6418662052463, 14.126704172951756, 279.4583726517856, 15.900459147290162, 300.0365168473618,65.89247053725097, 126.73498241511973, 171.97284765424607, 1138.5910863669717, -0.4649081536553899, 639.7834043962375, -20.202159933934112, 1138.5910863669717, -0.4649081536553899,91.3003195240872, 887.2303992183048, 877.4813317255428, 9.749067492762038, 202.5136007735304,0.0, 0.0, 0.0, 0.75, 2.0625,4.5, 6.5, 10.5, 11.6875, 14.9375,0.0, 0.0, 1.25, 2.8125, 3.75, 3.1578948497772217,-1.54132080078125, 14.75
0, 285.0, 1215, 525, 1575, 885, 0.69726904296875,0.38972526867059054, 0.5906795684073586, 1.2193849149392917, 2.244256318977568,-5.790212175725174e-05, 0.00045629611413460224, 0.0005278393273715665, 0.001324201049401381, 0.0004747550948650314,993.4483032226562, 52.0638840768206, 326.3750305175781, 165.12501525878906, 1305, 660,336.3750305175781, 135.125, 1345, 540, 25.486745834350586, 257.8364489651608, 20.218594316451764, 271.34137654988865, 31.66791500144669, 249.26178687344523,11.039886303540074, 269.776821747637, 14.491401008861244, 277.7701547946336, 21.039241625624896, 295.69550815809015,88.13524852615785, 134.40824389866285, 162.29867113567292, 1170.0182788742222, -0.437464228504273, 642.7491443301993, -30.309097711616086, 1170.0182788742222, -0.437464228504273,97.83939322003009, 889.7555295424762, 879.4762676395152, 10.279261902961025, 199.06126065115888,0.0, 0.0, 0.0, 0.125, 0.375,10.75, 14.0625, 18.5, 22.9375, 27.5625,0.0, 0.4375, 1.3125, 2.375, 3.75, 3.984210729598999,-2.7523193359375, 183.9375
0, 290.0, 1313, 538, 1673, 898, 0.716863037109375,0.20342605719924906, 0.1101976312964689, 0.03644858118146658, 0.10222938053659164,9.122750396045376e-05, 0.001078238819127364, 0.0010524351280491828, 0.000403502666872555, -0.00014563132857460913,874.7383422851562, 16.17238552157189, 350.8750305175781, 168.37501525878906, 1403, 673,360.8750305175781, 138.375, 1443, 553, 25.139402389526367, 259.0779587902157, 20.82494144663066, 274.4864904417269, 30.705063421893684, 248.69630997623463,8.65088460728446, 270.93969241705406, 12.32983257224973, 279.8514910196549, 13.191480138560538, 301.5322736340812,76.09826078297687, 109.74275659886963, 152.58574306176055, 1164.4602651636376, -2.5894809277057393, 622.358599014131, -18.82671858644867, 1164.4602651636376, -2.5894809277057393,96.00850958978845, 886.189845721115, 857.4252050006978, 28.76464072041722, 193.5620639067468,0.0, 0.0, 0.0, 0.0, 0.4375,3.3125, 3.8125, 8.0, 9.75, 11.6875,0.0, 0.0625, 0.5625, 1.5625, 2.625, 3.268421173095703,-1.564422607421875, 14.25
0, 295.0, 1250, 524, 1610, 884, 0.7425742797851562,0.3656154505570885, 0.4863717790017836, 1.6156127992062828, 1.1270695494348184,1.635640673725902e-05, 0.0009194461843935642, 0.0007479112654709751, 0.0015677079605939072, 0.00046131682445832206,606.0536499023438, 38.12726413671606, 335.1250305175781, 164.87501525878906, 1340, 659,345.1250305175781, 134.875, 1380, 539, 25.474510192871094, 258.87303945473695, 20.658239482861347, 273.2701458505215, 31.363011723590663, 249.44694911740697,10.786382089625306, 273.37335712022127, 14.423268822824376, 282.414232637757, 20.757530091104865, 303.08981631203255,99.00903745453623, 140.31580438487168, 173.81276396404616, 1109.5074039092033, -0.44723108371921233, 580.1719875543843, -36.30483806377946, 1109.5074039092033, -0.44723108371921233,73.25665660498852, 887.8146631091752, 876.7330211994691, 11.081641909706036, 212.20811881330724,0.0, 0.0, 0.0625, 1.0625, 1.8125,8.4375, 10.75, 15.0625, 19.25, 19.625,0.0, 0.3125, 3.0, 5.9375, 6.625, 1.278947353363037,-3.136962890625, 169.3125
0, 300.0, 1273, 533, 1633, 893, 0.749831298828125,-0.05177091289369857, -0.14822438792674802, 1.2560253361752256, 0.6131953430711292,-4.690062007682627e-05, 0.0007399061349531167, 0.0006349200150788192, 0.0006779481035437129, 0.00010289047669402862,933.3110961914062, 32.068890335854924, 340.8750305175781, 167.12501525878906, 1363, 668,350.8750305175781, 137.125, 1403, 548, 25.550922393798828, 259.40298017205987, 19.90088343156497, 271.9603179941613, 31.97114632141717, 251.6250572125587,9.852770055544633, 275.9164277935138, 13.469457137745044, 285.43664598700104, 20.496567690669227, 308.0391489695422,87.43499943508087, 130.5161478642973, 165.4908839747951, 1010.6396555626657, -0.674320667142186, 475.9421269201702, -49.20469028257258, 1010.6396555626657, -0.674320667142186,49.5241663269143, 886.3642750980933, 812.0281261483727, 74.33614894972061, 214.99716885284403,0.0, 0.0, 0.0, 0.375, 1.3125,6.1875, 9.125, 11.9375, 14.625, 17.125,0.0, 0.1875, 1.75, 3.125, 3.6875, 2.8368425369262695,-3.96649169921875, 162.1875
0, 305.0, 1276, 534, 1636, 894, 0.7493255615234375,0.7775171981810127, 1.1208380010764813, 1.4087406670558267, -0.0427823502215324,0.0004379054402920701, 0.0014723671208798804, 0.0016397844878565592, 0.00037107190591086694, -5.59851119845689e-05,430.3094482421875, 26.479597273829146, 341.6250305175781, 167.37501525878906, 1366, 669,351.6250305175781, 137.375, 1406, 549, 26.336395263671875, 259.6169836591347, 19.889349080485108, 269.2217909064801, 33.22837857927183, 253.8852106852003,8.25062538518283, 285.4451837234635, 13.408893842617926, 293.6470661241116, 19.018473500672542, 316.83788062062274,54.7627439533394, 92.45987103415257, 136.29400076362353, 1033.473424310042, -1.846634977201745, 450.29353408648444, -37.85969125699516, 1033.473424310042, -1.846634977201745,62.31577455157775, 883.5274475888655, 861.4873429684034, 22.040104620462103, 209.0511520253711,0.0, 0.0, 0.0, 0.0625, 1.625,6.25, 7.375, 11.625, 14.875, 18.25,0.0, 0.125, 1.1875, 3.6875, 5.625, 4.815789699554443,-2.846832275390625, 173.1875
0, 310.0, 1290, 527, 1650, 887, 0.7425742797851562,1.027575690196245, 1.3346519236284071, 1.3801504784799183, 0.38981963533558883,0.0008160535367017018, 0.0017998952093512344, 0.001758362288878743, 0.0006927847985298285, 7.674406612267149e-05,899.8959350585938, 39.00650121779444, 345.1250305175781, 165.62501525878906, 1380, 662,355.1250305175781, 135.625, 1420, 542, 26.10274314880371, 260.317078049061, 19.997881895097542, 271.2592534084881, 32.79163241065176, 253.66961938887349,8.553000702590193, 282.1551225814034, 13.543959489349287, 291.94044773733555, 18.25971735783144, 314.51457811406453,50.20509082795302, 97.81592525310235, 142.65232018650727, 1059.8472187665434, -3.0737844501447875, 503.15710313544236, -34.20644730628425, 1059.8472187665434, -3.0737844501447875,68.30250329304356, 882.5735795893279, 857.836927928021, 24.736651661306837, 201.47638731164602,0.0, 0.0, 0.0, 0.1875, 0.6875,7.375, 8.9375, 12.8125, 12.8125, 14.5,0.0, 0.4375, 1.625, 2.8125, 4.0625, 1.9894737005233765,-2.3153152465820312, 145.8125
0, 315.0, 1319, 528, 1679, 888, 0.707530517578125,0.8085302160785068, 1.1497783471189906, 1.538431826707092, 1.4280234164372088,0.0007744684493158614, 0.0013848493137493278, 0.001327006728570268, 0.0007972241497810728, 9.72123038593505e-06,1025.9180908203125, 43.199081297770576, 352.3750305175781, 165.87501525878906, 1409, 663,362.3750305175781, 135.875, 1449, 543, 26.04556655883789, 260.2677504228752, 19.757347496732606, 270.60599442533106, 32.84646493795923, 254.07084228600064,6.591718187226626, 290.4638701218055, 10.70631198169863, 297.222738456505, 16.612229888302437, 317.61747841248797,44.96869233924548, 77.85668780620514, 110.25612903106457, 1062.6473230244922, -8.793884600823489, 510.79554845656554, -48.166016518959324, 1062.6473230244922, -8.793884600823489,45.14842455041887, 877.2884199596655, 798.048964422494, 79.23945553717147, 198.67430223631305,0.0, 0.0, 0.0, 0.0, 0.0,4.5625, 6.5, 10.0, 11.5625, 13.625,0.0, 0.0, 0.25, 1.0, 1.8125, 5.305263519287109,-2.359771728515625, 97.0625
0, 320.0, 1277, 545, 1637, 905, 0.7490823974609375,0.13906270398234485, 0.1686565491982037, 0.24720342386455738, 0.17942367066309087,-0.00018033151513691337, 0.00027751024244025756, 7.595500548745804e-05, 0.00030240712634395096, 0.0002763001617893224,604.8336791992188, 9.266512095948606, 341.8750305175781, 170.12501525878906, 1367, 680,351.8750305175781, 140.125, 1407, 560, 25.596410751342773, 260.47025187138775, 19.56079787319337, 271.88919034680805, 32.252561910013696, 253.57392119111555,9.863589700512929, 274.5725880743138, 15.061429036781371, 289.46932627675994, 18.218236324448448, 309.01081168086824,63.29506225608941, 122.53355841452274, 175.84393847388245, 1121.0739304853118, -1.2668013288720867, 609.8541955487134, -22.122916141607213, 1141.7773127603477, -0.3140963882280181,95.2276666797301, 885.5701934370445, 866.3779190618408, 19.192274375203738, 197.49666529428575,0.0, 0.0, 0.0, 0.0, 0.3125,5.9375, 7.1875, 13.375, 17.6875, 19.75,0.0, 0.0, 0.3125, 1.3125, 2.8125, 1.9210529327392578,-2.27996826171875, 209.75
0, 325.0, 1381, 549, 1741, 909, 0.573383544921875,-0.3468782632326475, -0.2649905134353321, 1.0214109092694708, 1.4855158996442333,0.00011947733208160116, 0.0005721197642537846, 0.0013394415523873702, 0.00039226002755981426, -0.0003074914677461038,428.75628662109375, 21.41451706815988, 367.8750305175781, 171.12501525878906, 1471, 684,377.8750305175781, 141.125, 1511, 564, 25.38884925842285, 261.021256892111, 19.495109387545455, 272.9883084722138, 31.962915207982608, 253.75571088953623,6.769391900346171, 286.12338052691075, 9.34324087058147, 294.5797011345202, 16.91717877916282, 315.40937387647125,41.48003588052336, 80.94692228345258, 104.26471301153143, 1113.5926856392846, -22.6753242068102, 622.5919877845317, -73.88399328678813, 1113.5926856392846, -22.6753242068102,21.295581284704372, 882.2029727510583, 761.0232855123071, 121.17968723875117, 195.138651359121,0.0, 0.0, 0.0, 0.125, 0.9375,4.9375, 6.875, 9.8125, 11.1875, 11.875,0.0, 0.0, 0.9375, 2.0625, 2.5625, 1.9894737005233765,-1.817718505859375, 20.875
0, 330.0, 1409, 548, 1769, 908, 0.5057231140136719,-0.618857457433478, -0.7126307376450859, 0.8327869675419061, 2.2477741959525157,0.00018416483466353383, 7.657727433524997e-05, 0.0004008886794372302, 0.0006170979365060702, 0.0005034180275259814,419.4200744628906, 27.723968824892015, 374.8750305175781, 170.87501525878906, 1499, 683,384.8750305175781, 140.875, 1539, 563, 24.672956466674805, 258.984644745775, 18.259465930471894, 269.49487152462586, 31.568994497603402, 252.92831095657974,6.923699226593854, 282.2014039432194, 9.612158587825254, 296.2641214064937, 17.175281783034052, 314.42894120225094,32.6309881835827, 80.33446500109551, 108.09797718858039, 1165.5471444376915, -21.3572318593911, 712.2243315589644, -73.86167556256069, 1165.5471444376915, -21.3572318593911,16.578462081486464, 885.3879490695394, 760.0280103224405, 125.35993874709891, 193.46512312669307,0.0, 0.0, 0.0, 0.25, 0.6875,4.6875, 7.8125, 11.4375, 14.125, 14.0,0.0, 0.0625, 0.75, 1.5, 2.0625, 1.7473688125610352,-1.4005126953125, 4.5
0, 335.0, 1434, 551, 1794, 911, 0.44845730590820315,-0.7253567594604102, -0.7838855177324149, 0.7007691741705638, 1.888663636642741,7.31212336961562e-05, -0.0002368045984485434, 0.00023772433677208938, 0.0007349775882539689, 0.0005455516540740742,756.4198608398438, 26.410412084089074, 381.1250305175781, 171.62501525878906, 1524, 686,391.1250305175781, 141.625, 1564, 566, 23.942625045776367, 258.64366804202956, 17.922648969567394, 271.04034513656427, 30.62314953727979, 251.42572584618495,8.604741700445175, 274.5878193961629, 11.270945644322525, 290.0398792988878, 18.174693937451522, 309.6371536881368,44.84651349158435, 100.24251384158327, 134.43448006329783, 1215.3317045313775, -19.18148769504394, 836.5034738123675, -65.70009299111585, 1215.3317045313775, -19.18148769504394,13.429710857920947, 883.9059537769905, 761.435806246462, 122.4701475305285, 196.64885822550312,0.0, 0.0, 0.0, 0.125, 0.625,4.3125, 6.0625, 8.9375, 10.375, 11.6875,0.0, 0.0, 0.625, 1.6875, 2.25, 2.8368425369262695,-1.137451171875, 1.0
0, 340.0, 1458, 554, 1818, 914, 0.3981737060546875,-0.651767657837554, -0.6133796850207728, 0.39823742680368013, 1.5174736292418676,-5.11487918140574e-05, -0.0003335953081534626, 0.000502736602868481, 0.0005876311854080996, 0.000402353555763284,401.603271484375, 15.419552413219934, 387.1250305175781, 172.37501525878906, 1548, 689,397.1250305175781, 142.375, 1588, 569, 23.558515548706055, 258.41223391219285, 17.9676520263925, 272.3688427130718, 29.99451306579955, 250.10515120397798,9.727236941528824, 269.59628618749525, 12.473020555618875, 285.5760774687177, 17.98475963511089, 306.0360867124093,50.66075857480954, 110.96183420457525, 150.29057007059828, 1152.9244111234675, -15.249826075571548, 919.2806537074247, -53.735697666290015, 1179.3412261393719, -13.84151432929857,9.897319409714664, 880.2601564580262, 766.1217580981555, 114.13839835987073, 198.24019608847456,0.0, 0.0, 0.0, 0.0, 0.0,4.6875, 4.25, 5.375, 7.125, 7.5625,0.0, 0.0, 0.5, 1.0625, 1.3125, 2.026315450668335,-0.898406982421875, 0.0
0, 345.0, 1485, 544, 1845, 904, 0.34792691040039064,-0.3736050158736907, -0.4932806093571708, 0.003886892308946699, 1.54525123140309,8.83420887046782e-05, -3.4162646952040634e-05, 0.0003546063358021456, 0.0012996342699943852, 0.0006627497825638784,404.8157653808594, 14.02562828871968, 393.8750305175781, 169.87501525878906, 1575, 679,403.8750305175781, 139.875, 1615, 559, 23.098724365234375, 257.92424421675213, 17.91952068167351, 273.24657483806766, 29.30005079757747, 248.62382169358182,7.757830927202076, 280.1970439501441, 11.478361976234227, 296.830835862308, 17.10631073447512, 311.6963191191122,20.204086111664687, 92.10455423048946, 136.42214066743864, 1268.3619753230957, -15.278492150353541, 998.291606351366, -48.78841562867237, 1268.3619753230957, -15.278492150353541,13.380689225564577, 882.0368374999762, 783.9159588288255, 98.12087867115065, 195.82324369941077,0.0, 0.0, 0.0, 0.0, 0.0,2.8125, 3.4375, 3.625, 4.5625, 5.75,0.0, 0.5625, 0.9375, 0.875, 0.4375, 5.1210527420043945,-0.60906982421875, 0.0
0, 350.0, 1509, 548, 1869, 908, 0.30889300537109377,-0.2899733708483109, -0.46741109538939773, -0.07224915046361274, 1.0783466530445731,7.054524065637224e-05, -0.00012349129886388255, 0.0002288152610799443, 0.0010440591613519246, 0.00023724917339677633,342.5450439453125, 9.311239893054598, 399.8750305175781, 170.87501525878906, 1599, 683,409.8750305175781, 140.875, 1639, 563, 22.4643497467041, 257.55033234082896, 17.391990482725998, 273.6169947499484, 28.623637225475626, 247.86952430996936,7.572250928550302, 272.0038632104987, 11.189252105525231, 291.584799787253, 16.232536743021715, 306.77239476531497,22.630449512927097, 86.16327034408435, 133.5159179834683, 1304.2108862015855, -18.86997675259068, 1063.4948377053618, -51.125565400455116, 1304.2108862015855, -18.86997675259068,11.179532528013818, 881.6470557646498, 777.1834876613018, 104.46356810334805, 195.78702841723225,0.0, 0.0, 0.0, 0.0, 0.0,2.375, 1.625, 2.1875, 2.25, 1.75,0.0, 0.0, 0.0, 0.0, 0.0, 2.236842632293701,-0.6531982421875, 0.0
0, 355.0, 1529, 557, 1889, 917, 0.28016177368164064,-0.21619825693807795, -0.29798075094440724, -0.10013262687847599, 0.7410080538742476,3.3363534345198785e-06, -0.00013894404053530707, 0.0004947076190626376, 0.0004521090737034683, -0.0004874525339914726,341.26434326171875, 4.512074766979041, 404.8750305175781, 173.12501525878906, 1619, 692,414.8750305175781, 143.125, 1659, 572, 22.054166793823242, 257.72931061783993, 17.181285890504018, 274.5711510219006, 28.10829020002836, 247.5284934694311,7.718498045448872, 266.8611779154986, 10.467411547148608, 288.6474222931756, 15.523393597247036, 304.6218823843798,31.599171963033374, 93.37697895976109, 138.0976555090441, 1326.054713618927, -26.010650928820073, 1070.7939664551732, -62.36438606208692, 1326.054713618927, -26.010650928820073,6.663088340569324, 882.8262828588437, 760.9323089207522, 121.89397393809145, 199.70056173694485,0.0, 0.0, 0.0, 0.0, 0.0,1.5625, 0.25, 0.5625, 0.125, 0.25,0.0, 0.0, 0.0, 0.0, 0.0, 1.3421056270599365,-0.69451904296875, 0.0
0, 360.0, 1571, 531, 1931, 891, 0.22970729064941406,-0.09690553002641536, -0.09989748182269975, -0.6700578936183228, 0.33100033337541385,9.900001497896938e-05, -4.596362698862322e-05, 1.2245181233652147e-05, 0.0007737693135689483, 0.0006170483486948796,42.40217590332031, 1.594100858848046, 415.3750305175781, 166.62501525878906, 1661, 666,425.3750305175781, 136.625, 1701, 546, 21.794261932373047, 257.5194872065372, 16.72811948158326, 274.1730227261823, 27.975878449246323, 247.6524679385944,6.412793921663337, 277.52154956922345, 9.558429599540238, 298.5154473795783, 15.408372264967197, 309.5501917196242,32.07968953438639, 74.14472687010786, 108.5435496317532, 1358.8957042171744, -61.346943572715965, 1022.5256381551369, -81.27380578546138, 1358.8957042171744, -61.346943572715965,4.3527417406844995, 881.0777552970741, 741.9146313586436, 139.16312393843043, 200.59618760744692,0.0, 0.0, 0.0, 0.0, 0.0,0.0, 0.3125, 0.375, 0.0625, 0.0,0.0, 0.0, 0.0, 0.0, 0.0, 0.46842145919799805,-0.714141845703125, 0.0