NC_RLTRN_ALL: UH_Thresh: 150.0, u_rad: 5.0, track_on: 240.0 min,,,,,,,,,,,,,,,,,,,,,,,,,,,,,,,,,,,,,,,,,,,,,,,,,,,,,,,,,,,,,,,,,,,
Mode, Time, x1, y1, x2, y2, zs_surface, w500m, w1km, w3km, w5km,zvort_suf, zvort500m, zvort1km, zvort3km, zvort5km,UH_Max, UH_Area, UH_X, UH_Y, UHi, UHj,SX, SY, SXi, SYj, meanWnd, meanWnd_dir, rm, rm_dir, lm, lm_dir,shear1km, shear1km_dir, shear3km, shear3km_dir, shear6km, shear6km_dir,srh500m, srh1km, srh3km, sbcape, sbcin, mlcape, mlcin, mucape, mucin,3CAPE, LCL, LFC, LFC-LCL, EL,wA500m, wA1km, wA3km, wA5km, wA8km,zA500m, zA1km, zA3km, zA5km, zA8km,wzA500m, wzA1km, wzA3km, wzA5km, wzA8km, meso_depth, CP_Min, CP_area
bool, min, idx, idx, idx, idx, km,ms^-1, ms^-1, ms^-1, ms^-1,s^-1, s^-1, s^-1, s^-1, s^-1,m^2s^-2, m^2s^-2, km, km, idx, idx,km, km, idx, idx, ms^-1, deg, ms^-1, deg, ms^-1, deg,ms^-1, deg, ms^-1, deg, ms^-1, deg,m^2s^-2, m^2s^-2, m^2s^-2, Jkg^-1, Jkg^-1, Jkg^-1, Jkg^-1, Jkg^-1, Jkg^-1,Jkg^-1, hPa, hPa, hPa, hPa,km^2, km^2, km^2, km^2, km^2,km^2, km^2, km^2, km^2, km^2,km^2, km^2, km^2, km^2, km^2, km, K, km^2
0,120,1601,957,1961,1317,0,0.308463849,0.342115421,0.288306231,-0.076330237,0.000240189,0.000355373,0.000335054,0.000164905,-7.22E-05,265.8414001,2.662767863,422.8750305,273.125,1691,1092,432.8750305,243.1250153,1731,972,14.05736637,240.2772757,12.89584958,272.2201702,18.47745067,218.6077045,8.650918353,223.1378449,15.60380676,255.2301444,23.87809241,257.7361681,58.46830897,109.3840067,185.74927,1049.844496,-5.879619563,913.6691131,-14.45471255,1049.844496,-5.879619563,75.60746709,890.7457412,865.18607,25.55967112,244.9786656,0,0,0,0,0,1.5625,1.125,1.75,1.375,1.5,0,0,0,0,0,1.49473691,-1.45803833,0.5625
0,125,1338,901,1698,1261,0.542167419,-0.075544153,-0.028409139,0.263341258,0.130876274,-8.06E-05,0.000197345,0.000168347,-4.55E-05,-0.000138325,327.2170715,6.124197361,357.1250305,259.125,1428,1036,367.1250305,229.1250153,1468,916,14.04088783,240.6415434,13.27498423,272.3555811,18.18152452,218.0711731,5.612828395,228.6516927,13.5870337,260.755904,21.07192048,264.724162,52.07530583,88.82272241,163.8846882,944.6710473,-3.51396186,695.9274941,-25.08624343,988.1290249,-0.488674944,121.7015325,884.9709312,868.67744,16.29349119,244.3930004,0,0,0,0,0,3.125,1.9375,2.3125,1.6875,2,0,0,0,0,0,2.026315451,-0.833618164,0
0,130,1614,974,1974,1334,0.021111967,0.103845871,0.157637388,0.244529789,0.30713382,-0.000223173,-9.63E-05,4.67E-05,-1.69E-05,6.94E-05,226.83284,4.970385625,426.1250305,277.375,1704,1109,436.1250305,247.3750153,1744,989,16.20861626,242.3183958,13.78306271,269.785644,21.1652002,224.8387658,8.645105106,221.0070854,16.37703385,252.0662369,24.28349015,258.8335473,48.42972116,107.997042,188.3204537,1032.490952,-3.64218394,908.1947942,-11.12190763,1032.490952,-3.64218394,94.79300024,891.4051048,873.7289665,17.67613823,244.6300372,0,0,0,0,0,1.875,2.3125,2.375,2.5625,1.875,0,0,0,0,0,1.215789557,-0.915649414,0
0,135,1634,978,1994,1338,0.011870984,-0.105582081,-0.185220734,-0.183158356,-0.08123814,-0.000219123,-3.20E-05,-0.000173858,3.12E-05,5.80E-05,206.2321014,3.140757649,431.1250305,278.375,1724,1113,441.1250305,248.3750153,1764,993,14.05373859,240.3722153,13.25850271,272.0781829,18.21338146,217.8783971,9.004356367,218.0352838,16.1463717,251.4932113,23.80307531,258.3910603,51.63204166,113.0398423,199.6112818,1040.619392,-3.887849988,914.5885691,-13.58802159,1040.619392,-3.887849988,83.77202261,891.4593454,869.0947156,22.36462974,242.3544443,0,0,0,0,0,1.75,1,1.625,2.125,1.875,0,0,0,0,0,1.278947353,-1.078643799,0.125
0,140,599,805,959,1165,0,-0.072749192,-0.031976935,0.69688357,2.424012056,1.27E-05,-0.000657293,-0.001004891,-0.000609479,-0.000442003,309.0549622,19.81925812,172.3750153,235.1250153,689,940,182.3750153,205.1250153,729,820,14.07472801,240.8365316,13.271807,272.4983424,18.23609195,218.378081,8.525319641,225.0465003,17.78761365,259.4773473,24.73265222,263.8666727,60.99978197,122.8784371,229.1744358,1039.628455,-7.77700531,862.2468373,-17.94946146,1039.628455,-7.77700531,57.43964841,892.523329,858.4570347,34.06629422,238.7745742,0,0,0,0,0.75,0.75,6.4375,18.3125,30,30.6875,0,0,0.75,2.375,5.1875,0,-0.389844596,0
0,145,537,883,897,1243,0,0.875464485,1.333596448,0.945266881,-1.355027164,0.000135103,-0.000142561,0.000424357,0.000197298,-1.43E-05,910.7984009,28.86375013,156.875,254.6250153,627,1018,166.8750153,224.6250153,667,898,13.75402069,237.1124939,11.72406821,270.144946,18.79873319,217.2376001,26.53534763,232.5298194,36.83639347,283.6641299,25.34269216,261.0450396,328.3678402,550.3034978,1048.157755,448.0042188,-280.3008107,138.4208181,-347.4318068,448.0042188,-280.3008107,0,892.419217,537.3007216,355.1184954,236.1373896,0,0.5625,2.375,19,36.125,21.4375,35.6875,56,76.5625,92.125,2.0625,7.5625,13.25,21.9375,27.8125,3.531579256,-1.720428467,108.5625
0,150,546,839,906,1199,0,0.877024027,1.05066576,-0.807280026,-3.440755848,-6.01E-05,0.001463143,0.000989922,5.81E-05,0.000363749,810.2660522,18.45326031,159.125,243.6250153,636,974,169.1250153,213.6250153,676,854,18.56492805,231.4537231,15.66521067,254.8546857,23.58843389,216.1605394,7.036034239,226.437318,24.02512957,279.8204956,29.32631009,272.5123162,103.1389259,133.8659612,347.0085059,1424.964366,-8.369382999,1278.678795,-17.23362365,1424.964366,-8.369382999,93.4511488,892.0797832,856.7993634,35.28041972,229.5069759,0,0.4375,2.8125,7.375,14.8125,20.8125,29.75,46.9375,60.25,81.4375,0.875,6,11.4375,19.1875,26.125,4.5,-2.4190979,214.5
0,155,520,931,880,1291,0,1.40523227,1.931557163,0.804420535,-0.462399836,-0.00159832,-0.000754031,-0.000192783,6.19E-06,-0.000284837,961.0686646,51.02211512,152.625,266.625,610,1066,162.6250153,236.6250153,650,946,15.94816494,222.9864196,10.14358218,244.5076293,22.76610734,213.5791967,25.54309918,254.8656445,25.44458748,283.9693301,29.98677247,270.0841702,301.6026197,419.9739253,562.6238462,127.9884021,-242.412876,66.36514957,-235.7864731,127.9884021,-242.412876,0,868.494511,598.5587064,269.9358047,327.011092,0,0,0.0625,2,7.9375,37.6875,55.9375,75.25,95.0625,112.5625,0.75,3.75,6.3125,9.5,13.25,3.757894754,-2.966322184,262.1875
0,160,532,935,892,1295,0,0.855039752,1.055285567,0.228642017,-1.349445549,-0.001865326,-0.000480563,0.000274918,2.13E-05,-0.000928965,588.7459717,27.28840086,155.625,267.625,622,1070,165.6250153,237.6250153,662,950,16.49347115,238.098582,12.44062177,263.5490876,22.40089491,224.2912953,21.83722887,247.540253,25.30205138,297.2610831,30.23444871,282.8142495,342.6788157,592.3594686,793.1887527,636.2446666,-21.20340256,410.8109489,-27.8125845,636.2446666,-21.20340256,36.93935168,902.1862687,844.0421548,58.14411387,260.2702337,0,0,0.1875,0.9375,1.8125,42.625,62.6875,87.875,105.625,117.3125,0.125,2.75,5.75,8.375,9.8125,4.052631855,-3.223937988,290.9375
0,165,635,841,995,1201,0,0.21747204,0.521315087,2.590377751,3.559727046,-0.000103356,-0.000642374,-0.000763908,0.00059114,0.001218745,382.0115967,36.1441759,181.3750153,244.1250153,725,976,191.3750153,214.1250153,765,856,18.19393158,230.4522945,11.13545252,240.6714351,25.50568659,226.0099139,10.18278339,237.4952167,19.73653558,270.5857657,28.78836563,274.9923578,64.38561246,117.0756736,203.2798688,881.1426673,-43.92815686,611.3261707,-74.15855542,881.1426673,-43.92815686,15.27864039,892.223643,780.0098007,112.2138423,240.4911727,0,0,0,0,0,8.5625,8.9375,15.75,19.875,21.0625,0,0,1,2.375,2.1875,3.905262947,-3.264709473,406.1875
0,170,652,841,1012,1201,0,0.571632975,1.105613027,3.431595932,3.787385761,-2.31E-05,-0.000259922,-0.000114267,0.000213156,0.001548304,448.8597412,52.46521776,185.6250153,244.1250153,742,976,195.6250153,214.1250153,782,856,16.65611267,232.5946516,11.45618711,255.1576708,23.1540047,221.6507648,9.993793338,238.622075,20.33072407,272.7811251,28.28062079,279.7178925,78.48338898,147.3035711,276.8456713,800.1142532,-41.76452656,535.1162747,-76.82782838,800.1142532,-41.76452656,7.62472756,892.1658526,775.2282804,116.9375723,241.1330147,0,0,0,0,0,3.0625,7.375,13.75,17.375,18.6875,0,0,0,0,0.375,1.410526037,-3.5987854,497.125
0,175,676,833,1036,1193,0,1.022337966,1.633207991,3.735033375,2.938705873,6.95E-05,0.00045742,0.00084965,0.001613357,0.001527459,678.1450806,67.9438943,191.6250153,242.1250153,766,968,201.6250153,212.1250153,806,848,17.06522369,234.1275236,11.75550259,255.6816023,23.59558956,223.5811543,9.64384079,237.4365454,20.32503451,271.7471027,27.82602494,280.1362826,70.86146523,137.7032657,270.956722,786.2939503,-31.93668319,544.0596125,-57.51706029,786.2939503,-31.93668319,15.40801515,892.1252919,780.7404522,111.3848397,241.3194619,0,0,0,0,0,2.25,6.4375,9.6875,9.8125,9.4375,0,0,0,0.0625,0,3.64736867,-3.795288086,450.625
0,180,688,839,1048,1199,0,1.064650021,1.697154616,3.889465195,2.531965975,-5.64E-05,0.000506185,0.000842291,0.00167193,0.001421215,871.9188843,77.51352554,194.6250153,243.6250153,778,974,204.6250153,213.6250153,818,854,16.79133987,235.2744627,11.83105974,258.2968519,23.16083404,223.7504919,9.912524714,239.4424353,21.23867929,274.0194247,27.65980643,282.133307,74.97399566,147.5992677,298.0888381,840.4897613,-34.01572649,593.8424004,-60.71313787,840.4897613,-34.01572649,13.05094914,892.0544359,778.6373985,113.4170374,239.4100115,0,0,0,0,0.125,3.1875,7.625,9.75,13.875,13.375,0,0,0.125,0.1875,0.25,4.226316452,-4.727539063,485.6875
0,185,699,844,1059,1204,0,1.148064972,1.851101794,4.651153961,3.181106783,-0.000144402,0.000531881,0.000701138,0.00123193,0.001180606,988.1671753,82.96982163,197.3750153,244.8750153,789,979,207.3750153,214.8750153,829,859,16.64608574,236.3119001,11.88777904,260.0947144,22.92084186,224.2390953,10.08242182,239.5158052,21.76643703,274.2517058,27.25580077,280.5145931,74.32896756,149.5981085,305.0788072,913.8951493,-29.50690401,679.1656872,-53.47113756,913.8951493,-29.50690401,19.20048773,891.986065,785.001192,106.984873,239.5453241,0,0,0,0,0,2.9375,6.375,9.5625,12.375,12.5,0,0,0,0,0,1.663157701,-5.319885254,515.5
0,190,723,844,1083,1204,0.001152776,1.502434434,2.372461887,6.026976064,4.669732358,4.15E-05,0.000547758,0.001103866,0.002879291,0.001851296,897.4263916,120.0438641,203.3750153,244.8750153,813,979,213.3750153,214.8750153,853,859,16.44168091,236.6660727,12.05894053,261.6281048,22.53307875,223.6132348,9.962105041,237.376549,21.58174667,271.5016257,27.23019204,277.0129054,70.24994622,145.7456461,297.3853039,952.8693002,-18.87967227,747.0477048,-39.11000833,952.8693002,-18.87967227,26.96603431,891.8543889,797.3568118,94.4975771,241.1055531,0,0,0,0,0,0.1875,0.5,1.6875,3.625,6.875,0,0,0,0,0,1.49473691,-5.514556885,447.625
0,195,738,853,1098,1213,0.004607157,1.310886924,2.131185804,6.196245665,6.366560998,1.97E-05,0.000505291,0.001018469,0.002456658,0.002414587,1067.040283,133.6148568,207.1250153,247.1250153,828,988,217.1250153,217.1250153,868,868,16.22059441,235.9787781,12.18190503,261.9598689,22.14309184,222.0329442,10.1602746,237.5633137,22.05593503,271.4077243,27.47006289,274.7522084,72.645639,149.513154,305.8135968,918.6601748,-17.66672828,718.8555209,-37.00453858,918.6601748,-17.66672828,30.47333411,891.614417,801.0180358,90.59638112,244.4299418,0,0,0,0,0,0.375,0.5,1.9375,4.6875,6.25,0,0,0,0,0,5.326316357,-5.156616211,498.75
0,200,750,856,1110,1216,0.009161332,1.140765793,2.039521863,7.009977804,6.643802863,0.000216578,0.000573619,0.000845408,0.002658231,0.003063123,793.5003052,129.7548963,210.1250153,247.8750153,840,991,220.1250153,217.8750153,880,871,16.48832893,235.7084392,12.57073086,261.3748892,22.32054492,221.5894814,10.33369928,238.4491346,22.26031541,271.8759884,27.75215128,274.091292,73.14104153,151.9602963,304.2378666,888.6212751,-16.82715298,690.8005858,-35.829733,888.6212751,-16.82715298,33.80231963,891.4443555,803.8325571,87.6117984,244.7812498,0,0,0,0,0,0.5,0.8125,2.4375,4.125,5.375,0,0,0,0,0.125,5.984210014,-4.849731445,531.5
0,205,718,831,1078,1191,0,0.541423956,0.914123349,1.73530993,1.529581079,-6.09E-05,-8.81E-05,0.000157265,0.001011679,0.000241563,720.0216675,41.02381932,202.1250153,241.6250153,808,966,212.1250153,211.6250153,848,846,16.55247879,235.6117101,12.66431967,261.2039144,22.3625596,221.4518416,9.892684514,240.8746167,20.36254886,275.590778,25.83799518,276.406931,65.96285014,136.3306724,255.402014,935.180777,-19.8324507,725.7951632,-38.98284817,935.180777,-19.8324507,35.03975217,891.6880906,803.8481342,87.83995638,243.2247687,0,0,0,0,0,1.9375,3.9375,4.625,7.875,9.4375,0,0,0,0,0.0625,2.242105246,-5.206329346,594.125
0,210,768,838,1128,1198,0.032290859,1.772448373,3.113449628,6.53175623,5.386339514,0.000115547,0.000442354,0.001111746,0.003493271,0.00283292,1138.428101,142.7352954,214.6250153,243.3750153,858,973,224.6250153,213.3750153,898,853,16.03378487,238.1888907,12.26430745,264.9230568,21.82318186,223.5450303,10.09828814,237.7876991,21.31523443,271.1691731,27.12173769,273.8028121,69.94381963,148.2148403,297.0802984,887.0204178,-11.58756389,697.072386,-28.53155513,887.0204178,-11.58756389,40.80173334,891.0698865,818.0419896,73.02789685,245.0811283,0,0,0,0,0,3.125,3.1875,4.375,5.875,9.625,0,0,0.25,0.6875,1.5,2.836842537,-5.748596191,460.875
0,215,775,840,1135,1200,0.041758923,1.219870985,2.207807206,5.966737486,6.720059655,5.33E-05,0.000379143,0.000382555,0.00249505,0.002228714,835.6689453,127.9370955,216.3750153,243.8750153,865,975,226.3750153,213.8750153,905,855,16.32942772,236.10347,12.55112255,262.259136,22.09682639,221.6032708,10.332621,239.0718429,21.55227807,271.7092635,27.57269855,274.3983226,70.55229604,148.4434754,288.4771843,873.8446348,-11.0225397,681.6355724,-27.85262236,873.8446348,-11.0225397,43.37362332,890.8460805,824.3503261,66.49575433,244.813577,0,0,0,0,1.3125,4,4.9375,6.75,9.25,12.0625,0,0.375,0.9375,1.8125,2.1875,3.62105298,-6.152832031,505.4375
1,220,811,849,1171,1209,0.065842468,2.178301928,3.584372841,7.426112975,7.348438692,0.001098501,0.001429173,0.002550015,0.00440319,0.002640168,1344.309326,213.0795164,225.3750153,246.1250153,901,984,235.3750153,216.1250153,941,864,16.56451797,235.9609103,12.60240162,261.4227764,22.41530824,221.9736924,11.12509987,237.920997,22.98953754,268.0478003,29.64035355,273.6794452,79.54482769,165.6697904,321.3650787,836.1631075,-8.963594326,638.1478043,-23.51471235,836.1631075,-8.963594326,48.83095808,890.5092396,844.3693015,46.13993813,244.6611213,0,0,0,0.875,2.8125,5.625,5.375,6.1875,9.9375,13.375,0.375,1.25,2,2.3125,2.4375,3.64736867,-5.735717773,437.3125
1,225,827,848,1187,1208,0.068437233,2.434208499,3.977207298,7.739279498,8.139328537,0.00143375,0.002366104,0.003409149,0.00477657,0.002795467,2008.074585,279.9164789,229.3750153,245.8750153,917,983,239.3750153,215.8750153,957,863,16.8134594,234.0019165,12.57563346,258.5721509,22.79776808,220.7421028,11.17784391,236.8832181,23.06761665,267.1673207,29.87475948,274.4748481,72.09730155,161.8483221,315.2564318,813.1287863,-7.288636236,629.0136589,-21.38150037,813.1287863,-7.288636236,51.18086236,890.4972388,848.6377714,41.8594674,244.4892455,0,0,0,0.25,2.75,7,7.8125,9.8125,12.8125,14.5,0.125,0.9375,1.8125,1.9375,2.25,5.226316452,-5.538360596,418.4375
1,230,840,845,1200,1205,0.085254715,2.326212895,3.794986601,7.384510131,7.65316689,0.001627852,0.002582425,0.003194075,0.004205658,0.003889279,1518.744385,247.994543,232.6250153,245.1250153,930,980,242.6250153,215.1250153,970,860,16.86321449,233.9355134,12.64654874,258.4569272,22.83201225,220.6451982,11.34120348,237.3173039,23.42849328,267.241237,30.25792658,275.1408598,77.16237923,165.0969158,321.5852607,800.2091812,-6.616083695,614.4476072,-20.7449469,800.2091812,-6.616083695,51.6956941,890.1025881,851.4712145,38.6313736,244.9315251,0,0,0,0.5,4.6875,7.875,12.5625,16.8125,19.625,22.6875,0,0.5625,1.8125,4.3125,6.25,8.226315498,-4.975921631,406.1875
0,235,826,855,1186,1215,0.09602729,-0.221903528,0.029063387,3.309076401,3.637112225,0.000683218,0.000498929,-0.000212344,0.00046983,0.001432674,1939.324707,79.63106222,235.6250153,247.6250153,916,990,239.1250153,217.6250153,956,870,16.81066895,234.0426927,12.67365414,258.7909054,22.73929752,220.5499303,11.39468246,241.1777815,23.79133789,271.2509715,29.83790933,278.4900704,70.64407732,163.7828723,327.5192649,808.941721,-6.128698469,619.0228823,-20.19058096,808.941721,-6.128698469,52.79846634,890.3157643,855.2691282,35.04663606,245.0261223,0,0,0,0.5625,3.5,12.0625,17.375,23.8125,27.1875,27.6875,0.125,0.875,1.5,3.125,4.6875,4.5,-5.369319439,641.5
1,240,864,841,1224,1201,0.14486113,2.152068401,3.348403845,4.894175027,4.143097524,0.002115804,0.002763182,0.003040053,0.00295391,0.001790157,1957.006714,212.4128717,238.6250153,244.1250153,954,976,248.6250153,214.1250153,994,856,16.94689369,236.1961147,12.84672296,260.7701254,22.84416924,222.6711453,11.48998317,236.6614555,23.66712446,265.8221695,30.31417613,273.653108,73.10939235,164.7335068,325.6287919,825.2596366,-2.982900136,651.432083,-14.64518744,825.2596366,-2.982900136,69.84709452,889.3545637,868.1806115,21.17395217,246.3679472,0,0,0.4375,2.4375,6.4375,17.8125,23.5625,29.5,32.375,34.3125,1.1875,4.1875,6.75,9.3125,10.8125,4.742105007,-5.58493042,407.125
1,245,884,847,1244,1207,0.187817322,2.278064566,3.764278454,6.335990037,4.872320426,0.00174092,0.002975442,0.003698614,0.003606597,0.002004652,2176.235352,222.5520354,243.6250153,245.6250153,974,982,253.6250153,215.6250153,1014,862,16.59061813,235.4869089,13.01936775,261.4188447,22.2147075,220.6368502,12.00822781,234.3025267,24.29795853,263.0266004,30.85404743,271.3573038,90.30190422,181.0867117,347.0746494,815.1244497,-2.985444884,627.513644,-13.44563809,815.1244497,-2.985444884,83.38539025,888.3732544,870.0811874,18.29206701,250.4626573,0,0,0.25,3.6875,7.5625,20.375,26,32.1875,38.4375,40.8125,0.1875,3.5625,5.625,9.75,14,3.3157897,-5.669616699,403.1875
1,250,894,859,1254,1219,0.303632202,1.584336918,2.994179597,8.40928657,7.16939533,0.002052,0.002884993,0.003360746,0.004171556,0.001565702,2169.866211,217.5446992,246.1250153,248.6250153,984,994,256.125,218.6250153,1024,874,16.66979408,235.7414837,13.41701259,261.8575892,22.09633035,220.2386011,12.37955904,234.8416063,24.79214479,262.2174143,31.07694059,269.4213104,94.36696795,183.3977434,345.610911,858.3072159,-1.626700909,628.0211396,-11.33910677,858.3072159,-1.626700909,116.1445035,888.5507817,878.2214507,10.32933101,251.6253856,0,0.0625,3.125,6.5,9,19.1875,23.6875,32.9375,40.3125,44.875,1,4.125,6.6875,8.75,10.75,5.457895279,-6.275238037,490.9375
1,255,906,859,1266,1219,0.41722464,1.676400137,2.836983607,7.602884733,6.352659433,0.001946381,0.002911015,0.003201584,0.002784472,0.002053281,1573.091675,195.7485333,249.1250153,248.6250153,996,994,259.125,218.6250153,1036,874,16.97643852,236.6295176,14.01820306,262.4446576,22.18983811,220.6613702,10.96052354,235.8540998,24.05976654,263.0477057,30.31424452,268.9257119,57.34266076,144.7710717,302.3448132,879.4333933,-1.116619591,698.1276541,-11.43641569,880.3104514,-1.116360362,136.7176535,887.0600911,871.5627183,15.49737284,252.6433733,0,0,4.25,7.625,10.4375,23.5625,31.375,38.3125,42.75,50.4375,1.1875,6.375,10.375,12.5625,15.8125,3.299999952,-6.899169922,511.1875
0,260,937,851,1297,1211,0.1684496,2.402260073,3.880662389,5.599346431,3.768665803,0.003727877,0.003607372,0.004385853,0.004004436,0.002519238,1837.857178,144.4439878,252.1250153,246.6250153,1027,986,266.875,216.6250153,1067,866,16.9781208,238.4227701,14.48995578,264.4926031,21.88730894,221.5086459,11.74801489,237.9679068,23.81640694,259.3526553,30.99103834,265.6754707,106.6057873,167.1209883,301.7449349,882.3857988,-6.680337198,683.5849839,-12.0043356,882.3857988,-6.680337198,109.7986948,886.10386,865.1549724,20.94888768,254.0045565,0,0.3125,1.4375,4.9375,8.75,27.625,29.375,33.75,38.875,43.3125,1.875,5,6.875,9.1875,13,5.436842442,-5.70904541,344.8125
0,265,933,865,1293,1225,0.233786194,0.070017927,0.684635121,5.721266388,5.6205643,0.003600688,0.003223922,0.002228381,0.001670692,0.001512971,1709.018677,133.412664,255.8750153,250.1250153,1023,1000,265.875,220.1250153,1063,880,16.29889297,235.9937089,13.63809774,263.1959085,21.3964989,219.0533963,11.64260776,237.4790701,24.63311902,259.5424117,31.25475045,266.0444649,92.33225905,157.6252909,309.4399843,875.5241405,-2.998987394,731.8047957,-10.2926135,875.5241405,-2.998987394,127.1620634,886.1908226,875.1428604,11.04796221,251.6928038,0,0,0.125,2.1875,6.125,31.3125,36.5,44.9375,51.9375,55,0.5,3.4375,5.375,8.3125,12.4375,4.642105579,-5.381774902,464.875
1,270,958,872,1318,1232,0.279996582,0.10677868,0.801392591,5.849408076,7.837857681,0.002461739,0.002652541,0.002581829,0.002661745,0.001489113,1928.571777,183.7468039,262.125,251.8750153,1048,1007,272.125,221.8750153,1088,887,16.49121666,236.8748306,13.85598783,263.7350717,21.55068438,219.9872832,10.63170047,237.8336526,23.90765857,259.6939599,31.13289504,268.2774313,72.12568798,139.87433,295.3239122,839.4842898,-6.487700156,645.4291303,-8.182924869,839.4842898,-6.487700156,130.7734432,882.6582739,863.1200142,19.5382597,252.7070529,0.0625,0.1875,1.125,2.125,4.8125,27.8125,37.8125,45.75,48.5625,50.9375,1.3125,4.0625,6.8125,10.3125,12.3125,7.984210491,-4.074981689,352
1,275,986,852,1346,1212,0.509137634,1.87400908,2.984790635,5.522736017,5.662978814,0.001392808,0.001709893,0.002202506,0.002320529,0.001158432,1307.271851,152.945166,269.125,246.8750153,1076,987,279.125,216.8750153,1116,867,16.77450943,235.8602197,13.63878362,261.891236,22.11903899,220.1600529,13.06130984,241.8458696,22.5588098,263.0706961,30.42658348,267.3033917,128.7921901,183.9792832,273.1079697,770.8016635,-15.76513217,360.6365269,-45.17518136,770.8016635,-15.76513217,86.47917097,872.6905648,808.1099908,64.58057397,261.3046009,0,0,0.375,1.6875,3.125,24.0625,30.75,37.875,45.5,50.0625,0.5625,2.8125,4.5625,6.5,11,2.689473391,-4.007873535,201.6875
1,280,996,851,1356,1211,0.636912354,2.033290008,3.136354507,5.775202881,6.167958834,0.001836696,0.001146952,0.001268437,0.002574151,0.002692298,1511.009277,192.7374885,271.625,246.6250153,1086,986,281.625,216.6250153,1126,866,17.79328156,238.2119358,14.38080529,262.3110459,23.21409331,223.5600234,13.22092811,234.9547552,22.31344639,260.6835997,29.82701895,265.7723775,132.2979635,197.9844667,294.8775997,834.472987,-4.886030683,385.3820235,-28.65645899,834.472987,-4.886030683,111.7011136,881.1161311,851.7666165,29.34951451,254.2703578,0,0,0.375,1.3125,3,30.5,38.4375,46.375,49.875,52,0.5,2.5625,5.25,6.4375,7.6875,4.294736862,-3.337219238,139.6875
1,285,1009,858,1369,1218,0.604374084,1.862074696,3.204939685,7.16079673,7.112124094,0.002190706,0.001700883,0.001708882,0.003194601,0.002599468,1344.128906,200.4887197,274.875,248.3750153,1099,993,284.875,218.3750153,1139,873,18.08354378,239.3242048,14.72203176,263.0361222,23.44762132,224.6992944,9.78657828,244.4513546,22.84808466,265.349056,30.62436669,272.2520313,100.5097934,156.3149166,291.8073289,745.096297,-2.286894568,599.608918,-15.45592012,745.096297,-2.286894568,118.5183045,872.0625822,856.1265938,15.93598846,263.5406969,0,0,0.125,1.1875,2.4375,38.5,42.375,50.1875,53.6875,53.375,1,2.6875,4.5,6.75,9.1875,3.978947401,-4.037445068,71.5625
1,290,1025,859,1385,1219,0.57312085,2.103844195,3.469530794,7.71973463,7.460080354,0.001308786,0.002248847,0.00241897,0.003771359,0.002765188,1956.966187,209.4569851,278.875,248.6250153,1115,994,288.875,218.6250153,1155,874,17.32667351,238.3928265,13.99706584,263.3140949,22.73783979,223.3589193,11.46663856,241.2756991,22.7402647,266.8141452,29.83314961,274.3783648,125.5381299,177.8307417,293.3288126,729.4166113,-8.479415316,388.9920371,-25.89913267,729.4166113,-8.479415316,111.334519,871.2069096,829.845096,41.36181361,258.062345,0,0,0,0.6875,2.3125,30.8125,32.8125,43.875,47.875,49.4375,0.9375,2.375,4,6,6.625,5.700000286,-4.064849854,100.0625
1,295,1041,863,1401,1223,0.906970886,1.767103313,3.392411192,8.073500847,8.273841628,0.000821126,0.001521356,0.001917481,0.003370264,0.002587724,1274.435913,204.9861426,282.875,249.6250153,1131,998,292.875,219.6250153,1171,878,17.63458252,237.9960608,13.70017393,261.7017027,23.38294832,224.3716746,10.46982849,260.0374228,21.06367868,269.5949475,27.57976078,280.5927031,108.2930922,142.0693203,234.0921199,653.5141775,-1.440701896,140.6291881,-18.43555007,653.5141775,-1.440701896,124.0787685,860.5941569,847.1036802,13.49047662,260.9216364,0,0,0,0,1.3125,32.5,37.3125,43.625,44.5,46.3125,0.25,0.875,1.5625,2.25,4.25,5.210526466,-4.311218262,128.375
1,300,1052,859,1412,1219,1.028776123,2.333098632,3.742006781,7.895891373,6.77076966,0.001758708,0.001471451,0.001641377,0.003572031,0.002674347,1353.857056,214.137122,285.625,248.6250153,1142,994,295.625,218.6250153,1182,874,19.85863495,240.907429,14.70130907,259.2454319,26.17445937,230.7290911,11.9990658,250.6038387,20.35596981,267.7681724,26.29072361,278.2755888,97.18143315,149.3913412,224.1830209,670.5002346,-0.290066013,168.7462635,-19.56777348,670.5002346,-0.290066013,136.1677952,853.451493,846.8615025,6.589990461,261.3987167,0.1875,0,0.3125,1.3125,3.0625,40.75,44,52.5625,52.75,48.375,2.125,3.8125,4.375,6.125,6.5625,4.742105007,-5.428436279,161.0625
1,305,1076,864,1436,1224,0.565662109,2.049607658,3.616675132,9.271579117,8.513129714,0.001462815,0.001036103,0.001544351,0.004752174,0.00355684,1672.909912,272.3412964,291.625,249.8750153,1166,999,301.625,219.8750153,1206,879,19.71097565,243.2971072,15.38893413,263.5670112,25.54850028,231.2522593,10.03333564,243.0104032,19.88119794,270.3248251,27.13590032,278.2086393,82.37491919,140.5284011,230.483982,658.6590367,-11.38183034,391.4637739,-33.24556181,658.6590367,-11.38183034,62.05462511,859.8237151,804.0272776,55.79643755,266.5492003,0,0,0.0625,1.0625,2.8125,42.875,41.1875,43.4375,44.5625,44.75,0.5625,2.0625,3.875,5.1875,6.1875,4.447368622,-6.57421875,137.4375
1,310,1093,860,1453,1220,0.692349121,1.733478163,3.376206049,8.126156487,7.627408371,0.002287624,0.000311537,0.001386154,0.004726351,0.004001841,1464.776489,245.2636436,295.875,248.8750153,1183,995,305.875,218.8750153,1223,875,17.72257996,240.3082438,13.63007116,263.6385653,23.55633286,227.0612029,10.08224388,242.1234895,21.24271005,268.0303834,28.39568049,276.6368078,83.32043849,128.2856269,255.2541322,961.1480958,-5.573266624,475.4619332,-16.59971921,961.1480958,-5.573266624,150.3394167,882.5233101,857.2565734,25.26673674,247.0690559,0,0,0.1875,0.0625,0.625,46.125,37.25,36.8125,38.25,39.5,0.0625,1.6875,3.625,6.5625,8.0625,4.226316452,-6.012451172,146.1875
1,315,1104,859,1464,1219,0.60146936,1.673066595,3.13937106,7.233953353,6.822233014,0.000438908,0.001180132,0.001557746,0.004100065,0.003338619,1698.588379,248.6759905,298.625,248.6250153,1194,994,308.625,218.6250153,1234,874,17.74452972,238.9730101,13.71846115,262.3727638,23.53806617,225.5897598,9.418387817,243.625011,20.83981381,268.2427476,28.17265692,276.6374909,69.65099418,116.7956353,235.1452033,986.3767667,-4.243302998,561.0143128,-17.56954659,986.3767667,-4.243302998,130.6191893,887.9429495,854.60824,33.33470943,243.3578859,0,0,0.1875,0.5625,1.25,39.125,37.1875,43.0625,43.5,40.25,0.5625,1,3.3125,6,8.375,2.989473343,-5.894042969,178.0625
1,320,1122,859,1482,1219,0.340641296,1.879635672,3.245389032,6.672687617,5.639262139,0.000480709,0.001794807,0.002142768,0.003780637,0.001884488,1214.275513,176.2757067,303.125,248.6250153,1212,994,313.125,218.6250153,1252,874,17.0943203,239.4002794,13.26132225,264.1235372,22.82693502,225.3381161,7.698964308,245.976085,18.7060101,266.9414053,25.89305175,275.7029161,34.07055894,73.16675008,187.3316087,827.6214029,-19.15872114,550.5376335,-23.37234836,827.6214029,-19.15872114,75.84661799,883.7476595,829.4316317,54.31602777,251.0973412,0,0,0.25,0.5,1.25,39.4375,38.9375,42.625,41.4375,38.875,2.3125,2.8125,3.6875,5,6.375,7.131579399,-5.457458496,182.625
0,325,1138,858,1498,1218,0.362963776,1.607636968,2.696353032,4.981182044,4.379726133,0.001819969,0.002357467,0.002476177,0.002846483,0.00195128,1886.455811,139.8552903,307.125,248.3750153,1228,993,317.125,218.3750153,1268,873,16.1922245,241.1191785,13.20269075,268.3283706,21.50732819,224.8180278,6.03867201,259.2081559,18.55070064,266.7155583,25.57454343,275.5822403,22.76537368,58.23102877,186.0093557,732.8557219,-11.98917188,631.0765525,-22.2264304,732.8557219,-11.98917188,91.04932191,873.4061811,827.4021935,46.00398762,266.6594527,0,0,0,0,0.3125,36.125,31,35.25,39.25,46,0.375,1,2.75,2.8125,5.3125,7.200000286,-4.895568848,173.625
0,330,1162,872,1522,1232,0.769808655,1.186650141,2.108042165,4.985183412,5.301129929,0.001376595,0.001400727,0.002089771,0.003405727,0.002510798,2361.823975,141.2368578,313.125,251.8750153,1252,1007,323.1250305,221.8750153,1292,887,16.3846817,240.2804176,13.32485221,267.0761611,21.72242892,224.2269611,7.313092398,242.6422014,19.27970668,264.2455297,26.40837645,270.8351632,61.92182252,95.05222846,230.1541224,660.7510647,-0.746868995,456.876013,-14.96845064,660.7510647,-0.746868995,120.2433713,862.1594821,852.4005868,9.758895262,279.1773477,0,0,0.4375,1.75,3,39.4375,40.125,45.4375,47.8125,45.75,0.4375,2.125,4.1875,6.9375,9.1875,2.49473691,-4.213134766,125
0,335,1167,862,1527,1222,0.448985382,1.488606598,2.594653953,4.016167983,1.248271085,0.001860186,0.00182861,0.002037337,0.003206088,0.000502239,1279.365845,94.28478491,314.375,249.3750153,1257,997,324.3750305,219.3750153,1297,877,17.81954956,241.6734893,15.24626533,266.35201,22.69634601,225.3850332,8.655064737,255.2457172,20.51411181,264.3781583,27.60259161,273.1165557,79.55109193,102.6719732,211.2446607,700.9189282,-11.52458681,485.1896077,-23.1568716,700.9189282,-11.52458681,101.9664123,862.1143928,832.7207353,29.3936575,274.7888268,0,0,0,0.125,1.125,41.8125,41.6875,44.25,42.6875,39.375,0.625,1.9375,2.8125,3.625,5.375,4.294736862,-4.402313232,128.3125
0,340,1178,860,1538,1220,0.812070007,1.435134403,2.375635102,2.944204914,0.884313312,0.00174621,0.0019432,0.001921264,0.002612301,0.000318474,1368.339233,91.71609603,317.125,248.8750153,1268,995,327.1250305,218.8750153,1308,875,16.50092125,241.0229275,13.9584119,267.9069329,21.49938424,223.9505102,11.88511608,263.8813576,22.12199969,271.4437467,28.52779802,276.3914538,106.2398414,138.938,239.758021,632.0189185,-7.621175972,257.0827032,-22.63944902,632.0189185,-7.621175972,105.9422788,856.3749704,806.9502656,49.42470477,279.2643631,0,0,0,0.0625,0.25,32.5,32.6875,35,38.5625,37.6875,0,0.375,0.9375,1.8125,3.5,3.526315689,-4.082550049,121.625
0,345,1192,861,1552,1221,0.893149536,1.322631957,2.235819896,2.974115457,1.064916191,0.001710346,0.001559391,0.00187296,0.002295739,0.000226994,992.8947144,75.05263159,320.625,249.1250153,1282,996,330.6250305,219.1250153,1322,876,18.13016701,242.5733121,14.70745924,266.1549272,23.528632,228.0916806,10.43617297,254.4938227,19.49567323,268.1130696,25.17715439,272.4993388,91.5792723,119.4033068,198.1092606,731.4336587,-1.642329346,293.559679,-17.06311458,731.4336587,-1.642329346,137.012083,864.601434,849.4789797,15.12245432,263.0277711,0,0,0,0,0.4375,33.75,33.1875,32.8125,34.1875,35.125,0,0.9375,1.5,2.25,3.375,4.231579304,-3.044250488,71.125
0,350,1211,882,1571,1242,0.699703247,1.062045179,1.769859051,4.529754335,3.803814084,0.000947169,0.000993394,0.001703482,0.003017147,0.001036456,1395.400635,101.4574864,325.3750305,254.3750153,1301,1017,335.3750305,224.3750153,1341,897,18.59992027,243.9206216,15.4022019,267.0424258,23.81567261,229.2086155,9.144987019,246.7250289,20.08530783,266.2998866,27.10374868,270.3686886,61.75454849,107.9962141,192.9720287,819.0754315,-4.308256212,484.2980721,-19.63686536,819.0754315,-4.308256212,132.2581184,858.0662797,833.2541197,24.81216002,263.6457812,0,0,0.1875,0.6875,1.375,29.6875,26.25,27.5,28.9375,31.25,0.625,1,1.125,2.125,3.0625,2.368421078,-2.667449951,74.375
0,355,1219,885,1579,1245,0.384837067,0.986532321,1.802047322,3.323939176,1.694529452,0.001426487,0.001570138,0.002325131,0.002285692,0.001119511,978.0710449,62.96004489,327.3750305,255.1250153,1309,1020,337.3750305,225.1250153,1349,900,17.04565239,243.7199369,14.71327361,269.7318323,21.84326381,226.5380951,8.16401871,264.6101115,20.4419155,272.7554162,28.65546628,274.2948726,20.0552732,71.37568509,170.1414684,810.6557586,-15.40557999,647.6384848,-19.14829046,810.6557586,-15.40557999,103.3351203,860.3563648,827.897594,32.45877089,268.2106928,0,0,0.0625,0.4375,1,24.75,22.25,23.4375,20.5625,24.8125,0.8125,1.1875,1.625,2.4375,3.1875,3.763157845,-3.299865723,79.8125
0,360,1250,883,1610,1243,0.711267029,1.422419045,2.221308165,3.624080974,1.807128285,0.000526873,0.001147386,0.001991919,0.002678722,0.000941462,994.5082397,85.55577659,335.1250305,254.6250153,1340,1018,345.1250305,224.6250153,1380,898,15.45807457,240.4329494,12.98282908,269.3734589,20.53899428,222.6220165,8.093817759,264.6547536,17.5401525,267.8397664,24.89380418,271.5407627,68.19183424,81.44965028,143.9659927,730.8428254,-27.12918852,240.0977664,-29.25508458,730.8428254,-27.12918852,104.5524548,859.0128322,801.4953495,57.51748265,267.6493923,0,0,0,0.0625,0.3125,17.9375,15.75,16.875,17.9375,18.6875,0.375,0.375,0.5625,1.0625,2.4375,1.815789223,-2.316772461,101.5625
0,365,1253,881,1613,1241,0.735569824,1.047390008,1.79538396,2.958145384,1.526469149,0.001113938,0.000911513,0.001225104,0.002004012,0.000716565,1744.302124,97.31017218,335.8750305,254.1250153,1343,1016,345.8750305,224.1250153,1383,896,17.20928192,245.3402354,14.95743632,271.1049103,21.93385328,228.0975153,8.909956186,266.8820646,17.64418285,268.7921817,24.63505841,271.167971,81.62821142,91.64684283,159.1941396,730.0823253,-29.56470406,213.2725548,-32.42661994,730.0823253,-29.56470406,95.60111312,862.1258322,795.882448,66.24338416,266.2114704,0,0,0,0,0.0625,18.375,14.8125,10.6875,12.125,18,0.125,0.25,0.25,0.25,0.5625,2.989473343,-2.886962891,104.5625
0,370,1275,885,1635,1245,0.746663391,0.419459366,1.333130272,3.096406175,2.368746152,0.000335768,0.001033508,0.001547571,0.001648643,0.001010282,1140.931274,77.20659501,341.3750305,255.1250153,1365,1020,351.3750305,225.1250153,1405,900,17.10578346,246.8550484,15.14289672,272.8464927,21.64274468,228.9991795,5.319373928,251.748715,17.71346711,260.2772854,25.28064947,267.5079422,53.13303458,69.70148858,179.1666165,791.9653332,-8.156431134,431.5391923,-19.91418676,791.9653332,-8.156431134,153.9549056,863.3134232,832.9933678,30.32005538,268.23304,0,0,0,0,0.125,14.625,13.375,12,13.4375,14.6875,0.5,0.5625,0.8125,1.0625,1.25,4.726316452,-2.74432373,59.375
0,375,1305,888,1665,1248,0.76769873,0.369567104,0.875685202,3.414241509,3.748979264,0.000224288,0.000579203,0.000956844,0.002157614,0.001903597,1392.116089,82.54418289,348.8750305,255.8750153,1395,1023,358.8750305,225.8750153,1435,903,17.00457191,244.7183467,15.21098052,270.8891131,21.434481,226.4788554,7.652892237,260.1147542,18.32180949,261.0964709,24.49170324,270.9356489,38.57531612,77.93028525,162.5986041,722.2139338,-9.236516973,330.9660567,-21.85353944,722.2139338,-9.236516973,138.6103481,865.1432634,819.2331159,45.91014755,268.5582786,0,0,0,0,0.0625,12.5625,9.375,10.6875,11.625,12.8125,0,0.1875,0.375,0.4375,0.875,5.984210014,-3.372375488,40.5625
0,380,1308,885,1668,1245,0.666606995,0.462321233,0.963468162,2.838157115,2.455266881,-8.66E-05,0.001251155,0.001306621,0.001674719,0.001016813,791.8983154,70.64283792,349.6250305,255.1250153,1398,1020,359.6250305,225.1250153,1438,900,17.4732914,244.3231792,15.45629555,269.7154693,22.0053347,226.7938751,8.395671046,237.3843491,18.80118827,255.8052873,25.51533141,266.1692661,59.117129,105.9863891,195.8538288,715.2912791,-1.74802772,424.0037145,-21.46180647,715.2912791,-1.74802772,133.4070725,869.3755459,853.8185271,15.55701881,269.6552008,0,0,0,0,0,13,10.5625,10.6875,13.5,14.5625,0,0.3125,0.4375,0.875,1.375,3.626315832,-3.936950684,52.5625
0,385,1326,891,1686,1251,0.710543274,0.467367427,0.88593073,2.842932089,2.580689684,-5.06E-05,0.000467001,0.000874258,0.001343505,0.000793396,734.0338745,55.0442867,354.1250305,256.625,1416,1026,364.1250305,226.6250153,1456,906,17.46798515,244.6523944,15.54367956,270.0658966,21.93524559,226.9482962,8.267710434,242.4052485,17.47394961,260.2421099,22.85653888,271.5001231,38.00902041,98.87623802,185.3384618,819.6500508,-1.105018986,446.8054665,-19.62106722,819.6500508,-1.105018986,147.3000886,882.5728001,871.1129716,11.45982847,251.6088016,0,0,0,0,0,19.1875,13.5625,13.4375,13.5625,13.25,0,0.9375,1.3125,1.0625,1.0625,4.121052742,-3.266021729,48.6875
0,390,1285,884,1645,1244,0.938676819,0.273601397,0.424880299,0.407474087,0.125114942,0.000264321,5.31E-05,-0.000115382,8.54E-05,-4.73E-05,710.6491699,9.081595443,357.0000305,254.8750153,1375,1019,353.8750305,224.8750153,1415,899,17.87804413,244.3393258,15.37537338,268.9613539,22.70125069,227.9489595,8.012211489,245.5946873,17.90939905,258.1055311,24.23400926,263.3784098,65.12361267,78.87180626,148.851186,779.5401576,-4.484461625,387.6230922,-11.5756053,779.5401576,-4.484461625,178.9563729,858.7343086,825.6286705,33.10563813,269.6727475,0,0,0,0,0.25,20.4375,13.5625,11.625,13.6875,18.0625,0.125,0.5625,1.375,2.1875,3,1.710526109,-2.935821533,62.375
0,395,1302,890,1662,1250,0.797462219,0.054268163,0.152572133,0.226716258,0.249895205,0.000285294,0.000539574,5.23E-05,2.47E-05,-0.000109928,1061.405762,11.42930364,359.8750305,256.375,1392,1025,358.1250305,226.3750153,1432,905,17.12481499,245.7975985,16.27694753,271.5883609,20.83457533,225.9262352,7.471886782,248.1053555,18.15109591,263.2441966,23.442163,268.1409778,46.70089814,83.80948099,166.3507834,751.6825929,-3.612125076,392.8877454,-16.08610174,754.5232202,-2.733332192,154.9359834,868.551017,829.0847357,39.46628139,263.2793031,0,0,0,0,0,15.25,9.25,11.3125,11.6875,15.75,0,0.1875,0.25,0.5,1.75,2.989473343,-2.978014708,48.6875
0,400,1372,901,1732,1261,0.438601776,0.228625406,0.49936126,2.81509917,2.164154203,0.000329077,0.000596392,0.000573403,0.000748819,0.000576117,592.0640869,53.15674745,365.6250305,259.125,1462,1036,375.6250305,229.1250153,1502,916,17.19775581,245.9543104,16.09910972,271.717616,21.09133191,226.5778329,7.468562941,227.2395101,16.71228259,251.4514105,22.77055569,265.1727961,67.87428842,104.0869543,189.8997872,1003.498545,-8.877234006,553.5981924,-27.97498439,1003.498545,-8.877234006,123.6519354,890.8841137,835.0457023,55.83841144,237.6222068,0,0,0,0.0625,0.5625,16,13.1875,14,14.75,16.6875,0.125,0.75,1.625,2.125,2.625,3.3157897,-2.444610596,42
0,405,1396,901,1756,1261,0.43398877,-0.071864556,0.268587119,3.254338721,3.089155265,0.000700576,0.001088545,0.000266119,0.00165385,0.0015156,518.210022,51.23250642,371.6250305,259.125,1486,1036,381.6250305,229.1250153,1526,916,16.12133217,244.2917604,14.51116493,272.0011112,20.53584272,225.109662,6.424247423,237.0581802,15.33010659,261.903007,21.18454321,273.4145705,53.32206376,83.44897104,160.0149452,1023.063011,-10.84855845,579.2758688,-30.07178311,1023.063011,-10.84855845,117.0691327,890.0240876,827.8063975,62.21769005,235.0466232,0,0,0.0625,0.5,0.75,13.125,12.6875,13.25,19.125,21,0.0625,0.6875,2.25,3.875,4.375,3.868421078,-2.54574585,28.3125
0,410,1414,904,1774,1264,0.369594574,0.039902614,0.456139148,3.361832331,3.235361597,0.00068982,0.000266476,0.000654408,0.001745678,0.001351612,859.8560181,49.32287161,376.1250305,259.875,1504,1039,386.1250305,229.8750153,1544,919,16.20142555,243.7803158,14.04765481,271.3294567,20.97941427,225.7396161,5.822980435,253.9724334,14.91547062,266.5608545,23.05405869,274.7233987,35.83691274,56.01755078,133.8166193,1099.15446,-9.582938791,724.7913297,-26.41172955,1099.15446,-9.582938791,114.1301697,886.1783376,844.5486311,41.62970653,236.5710245,0,0,0,0,0.125,18.625,15,15.75,17.125,18.6875,0,1,2.4375,3.6875,4,4.642105579,-2.028991699,7.625
0,415,1427,899,1787,1259,0.482455597,0.229172988,0.544362284,2.516944052,2.729527614,0.001202669,0.000301975,0.000394757,0.001255151,0.001465501,640.3820801,41.78109828,379.3750305,258.625,1517,1034,389.3750305,228.6250153,1557,914,15.41019726,244.248498,13.32385297,273.3663371,20.24656293,225.5718828,6.842529862,259.5027146,13.0869645,265.1212282,22.85912406,275.2759336,53.64222021,74.50948504,125.2682084,1044.119581,-24.71429627,478.279712,-44.51222239,1044.119581,-24.71429627,90.57411657,884.0931765,809.0410762,75.05210028,240.7833261,0,0,0,0,0.0625,19.1875,17.1875,17.75,18.6875,18.5625,0.0625,1.4375,2.25,4.4375,5.0625,2.131579161,-1.316162109,0.5
0,420,1447,902,1807,1262,0.488818604,0.540062504,0.996304255,2.319716775,1.876111973,0.000773239,0.000500004,0.000863855,0.001753301,0.001369943,768.8540649,32.70948761,384.3750305,259.375,1537,1037,394.3750305,229.3750153,1577,917,15.97454453,244.4130509,12.85587424,271.9479125,21.39155587,228.2825869,4.290211539,259.020394,10.59488077,271.5074177,19.16601363,279.9786828,27.70031278,44.60566253,84.49385219,941.7625172,-39.23215222,372.0706823,-64.36994899,941.7625172,-39.23215222,62.37615976,877.4407634,782.0265266,95.41423677,243.6486735,0,0,0,0,0,15.75,14.375,18.25,17.3125,20.9375,0,0.5,1.25,1.25,1.5625,5.457895279,-1.559051514,0.8125
0,425,1466,915,1826,1275,0.359402954,0.318547677,0.717325485,2.316517626,2.353957058,0.000667571,0.001416308,0.000960451,0.001397137,0.001384394,728.7498779,44.68380697,389.1250305,262.625,1556,1050,399.1250305,232.6250153,1596,930,16.02575684,245.4323473,12.60795036,272.5955186,21.61456366,229.9884169,3.613816125,283.7945046,9.007296205,281.43436,19.47233572,281.204852,19.89477406,31.89829216,64.16743315,994.7476351,-45.13594251,497.0534664,-62.86852872,994.7476351,-45.13594251,65.60867803,878.5914406,787.6802254,90.91121522,250.6117643,0,0,0,0,0,12.0625,12.6875,17.0625,17.9375,19.1875,0,0,0,0.0625,0.1875,1.663157701,-0.758972168,0
0,430,1484,915,1844,1275,0.34232132,0.560953548,0.962546644,2.584460392,2.319635106,0.000599035,0.00069294,0.000718106,0.001393335,0.001278854,629.2095947,54.81929832,393.6250305,262.625,1574,1050,403.6250305,232.6250153,1614,930,15.32410526,245.0322212,12.53212237,274.123745,20.61800895,227.8430325,3.812887177,286.5718507,10.17907195,282.9881461,20.15411219,277.9325904,29.86077333,38.10099306,71.94390672,991.4149703,-61.04487177,493.491432,-69.45697585,991.4149703,-61.04487177,54.43002598,878.7352904,772.0608477,106.6744427,252.8461868,0,0,0,0,0,11.5625,12,14.75,15.75,13.8125,0,0,0,0,0.0625,1.815789223,-0.906158447,0
0,435,1497,926,1857,1286,0.373230408,0.167865318,0.424328355,2.706350601,3.127494265,0.00031797,0.000522034,0.000772844,0.001198117,0.001137757,1119.876831,56.27607932,396.8750305,265.375,1587,1061,406.8750305,235.3750153,1627,941,15.35591984,244.7789441,12.8003732,273.9077457,20.50021987,227.0843752,4.329386478,268.677776,11.25469231,278.5747921,21.47815217,272.5610427,37.37739079,54.19784968,90.9687457,957.3460836,-53.19533562,481.8145115,-68.63640458,957.3460836,-53.19533562,58.46668187,879.7443092,775.7998504,103.9444588,256.8058125,0,0,0,0,0,14.5,10.8125,12.0625,16.1875,16.5625,0,0,0,0.3125,0.625,4.642105579,-1.104797363,0.5
0,440,1508,930,1868,1290,0.398876953,0.113343731,0.411893694,2.09957167,2.349799046,0.000380306,0.000100587,0.000279596,0.000334937,0.00042763,1157.894653,48.19838721,399.6250305,266.375,1598,1065,409.6250305,236.3750153,1638,945,15.5051527,245.4443548,13.61263656,274.3718527,20.19939729,226.4197875,5.299066439,262.7122615,11.93602081,270.4458697,22.83023937,268.3642703,49.06565443,62.58967225,109.9237945,1002.220662,-32.49065496,565.1569471,-42.17643213,1002.220662,-32.49065496,86.31993017,880.6095536,807.3413134,73.2682402,255.1729263,0,0,0,0,0,11.8125,7.8125,8.625,11.125,12.5625,0,0,0.125,0.25,0.5625,3.726315975,-1.411376953,3.625
0,445,1535,931,1895,1291,0.392442688,0.219507123,0.60831594,2.367438456,2.743370777,0.000244483,0.000208389,0.000596255,0.001241249,0.00118812,670.3899536,53.26291032,406.3750305,266.625,1625,1066,416.3750305,236.6250153,1665,946,15.22245502,244.5651455,13.59088444,274.0495691,19.77964,224.7985686,8.411591528,230.8620512,15.63439614,253.094959,24.20390482,260.3630042,71.14767006,111.9518352,180.4063778,933.6399652,-8.575404779,541.7505584,-32.74144027,933.6399652,-8.575404779,94.14929273,887.6472605,825.4676679,62.17959263,250.0256853,0,0,0,0,0,11.25,9.3125,9.8125,8,9.5,0,0,0,0,0,2.98421073,-2.321533203,12.125
0,450,1549,926,1909,1286,0.044086998,0.135591055,0.450909093,1.709427089,1.676986411,0.000475373,-0.000176355,0.000571798,0.00072385,0.000648648,631.0870361,40.22455289,409.8750305,265.375,1639,1061,419.8750305,235.3750153,1679,941,15.60459614,243.5555616,14.54042347,272.0887154,19.69981979,222.9112261,7.073720333,216.4378664,15.63837641,254.0097535,23.52129341,259.7119233,28.25475268,98.30338097,187.2787166,969.8437889,-4.426668929,840.6025313,-16.84293674,969.8437889,-4.426668929,72.41081393,890.0375559,860.9655056,29.07205034,249.6767947,0,0,0,0,0,14.75,9.4375,8.75,7.5,7.4375,0,0,0,0.125,0.125,1.578947306,-1.860290527,15.375
0,455,1574,924,1934,1284,0.029875976,0.33853317,0.781610424,2.063714214,1.593273723,0.000608719,0.000713509,0.000697452,0.001227386,0.000679708,613.5026855,47.51137994,416.1250305,264.875,1664,1059,426.1250305,234.8750153,1704,939,14.81829166,244.1262785,14.55262859,273.6977218,18.43595814,221.1993817,6.963210175,209.6808696,17.77351509,250.344674,25.01982549,257.2306248,34.77188175,92.93171226,229.6676724,1013.077782,-2.916930704,921.9452694,-7.545815776,1013.077782,-2.916930704,98.10680955,891.1883482,882.7481055,8.440242701,244.2080909,0,0,0,0,0,13.625,8.25,7.5,7,5.875,0,0,0,0,0.0625,5.226316452,-1.808959961,12.375
0,460,1598,947,1958,1307,0.014211022,0.023012429,0.243643882,2.046161284,2.022159383,0.000355982,0.000525614,0.000167824,0.000180266,0.000918052,665.6790771,30.5087465,422.1250305,270.625,1688,1082,432.1250305,240.6250153,1728,962,14.63197327,243.2345427,14.21191578,273.331924,18.40409603,220.451454,6.135007853,219.0475178,13.16644681,259.1372448,22.62378849,261.0912527,45.72192908,82.59085484,142.3131968,1069.8525,-25.96074627,798.6247611,-40.55214832,1069.8525,-25.96074627,62.52625958,890.9181725,812.5871761,78.33099644,237.306816,0,0,0,0,0,8.4375,5.75,8.1875,8.3125,5.8125,0,0,0,0,0,2.368421078,-2.166107178,13
0,465,1596,929,1956,1289,0,0.06489445,0.375921742,1.45163981,0.854556581,0.000490431,0.000436432,0.000233731,0.000632622,0.000183468,954.1259155,25.29677765,423.6250305,266.125,1686,1064,431.6250305,236.1250153,1726,944,14.64341259,244.029645,13.31704317,274.6810353,19.07918839,223.1845008,7.321797005,209.9212786,15.88590945,255.8721549,23.60058954,261.293358,25.7480316,96.72709514,203.3108699,1027.927712,-6.621849128,899.9788643,-15.81504789,1027.927712,-6.621849128,89.95001904,890.727259,861.2708158,29.45644319,241.7443298,0,0,0,0,0,10.1875,4,4.5625,3.0625,2.9375,0,0,0,0,0,3.268421173,-1.618225098,17.6875
0,470,1611,938,1971,1298,0,0.052002403,0.230517998,1.31499418,0.728290449,-6.83E-06,0.00028747,0.000206174,0.000388976,5.45E-05,466.7648926,19.19757281,425.3750305,268.375,1701,1073,435.3750305,238.3750153,1741,953,14.42822933,242.8006071,13.76205426,273.543022,18.42426324,220.3537331,6.608566943,209.0554155,14.83355811,261.7562809,22.52883042,263.9083369,32.6959811,80.14803957,162.9091832,1080.695717,-21.30396321,856.8508406,-28.46939086,1080.695717,-21.30396321,74.85541229,890.8578981,835.9194735,54.93842466,239.7050359,0,0,0,0,0,7,2.0625,1.9375,3,4.25,0,0,0,0,0,3.526315689,-1.8125,16.5